comment_text,original_line,clean_text,sentiment,confidence,text_length,topic,emotions,anger,anger_linguistic,anger_sentence_count,fear,fear_linguistic,fear_sentence_count,disgust,disgust_linguistic,disgust_sentence_count,sadness,sadness_linguistic,sadness_sentence_count,joy,joy_linguistic,joy_sentence_count,none of them,none of them_linguistic,none of them_sentence_count,dominant_emotion,smart_topic_labels,detected_country,analysis_source,export_timestamp
 text: Wir haben die Kommentarfunktion für weitere Kommentare deaktiviert. Auf unserem Kanal findet ihr unsere tagesaktuellen Beiträge. Schaut dort gerne vorbei und diskutiert weiter mit!,1,text kommentarfunktion weitere kommentare deaktiviert kanal findet tagesaktuellen beiträge schaut gerne vorbei diskutiert,negative,0.971831202507019,187,1,"{'anger': 0.17771346867084503, 'fear': 0.00014627317432314157, 'disgust': 0.0011931912740692496, 'sadness': 0.024112917482852936, 'joy': 0.0748324990272522, 'none of them': 0.6609915494918823}",0.17771346867084503,0.0,0,0.00014627317432314157,0.0,0,0.0011931912740692496,0.0,0,0.024112917482852936,0.0,0,0.0748324990272522,0.0,0,0.6609915494918823,0.0,0,none of them,Reden & Text,Deutschland,2021-06-29_Xlh1RJcjwD8_Corona_ Verpasste Chancen der Bildungspolitik _ Markus Lanz.csv,2025-05-30T08:49:03.543484
 text: Wo ist die kritische Haltung von Herr Welzer geblieben?,2,text kritische haltung herr welzer geblieben,neutral,0.9811469316482544,62,-1,"{'anger': 0.8450424671173096, 'fear': 0.00022923726646695286, 'disgust': 0.01663382723927498, 'sadness': 0.03708408400416374, 'joy': 0.0076090628281235695, 'none of them': 0.09363843500614166, 'joy_linguistic': 0.5, 'joy_sentence_count': 1, 'fear_linguistic': 0.5, 'fear_sentence_count': 1}",0.8450424671173096,0.0,0,0.00022923726646695286,0.5,1,0.01663382723927498,0.0,0,0.03708408400416374,0.0,0,0.0076090628281235695,0.5,1,0.09363843500614166,0.0,0,anger,Sonstige Themen,Deutschland,2021-06-29_Xlh1RJcjwD8_Corona_ Verpasste Chancen der Bildungspolitik _ Markus Lanz.csv,2025-05-30T08:49:03.543484
" text: \Working class\- warum kann man das nicht übersetzen? = \arbeitend\ (Tätigkeit), nicht \Arbeiter\ (Status) - richtig!",3,text working class warum übersetzen arbeitend tätigkeit arbeiter status richtig,negative,0.9884780049324036,124,15,"{'anger': 0.6575046181678772, 'fear': 0.0001280289434362203, 'disgust': 0.0037025464698672295, 'sadness': 0.03148762881755829, 'joy': 0.015562696382403374, 'none of them': 0.34909653663635254}",0.6575046181678772,0.0,0,0.0001280289434362203,0.0,0,0.0037025464698672295,0.0,0,0.03148762881755829,0.0,0,0.015562696382403374,0.0,0,0.34909653663635254,0.0,0,anger,Wurden & Lebe,Deutschland,2021-06-29_Xlh1RJcjwD8_Corona_ Verpasste Chancen der Bildungspolitik _ Markus Lanz.csv,2025-05-30T08:49:03.543484
" text: Feier ich, das der Soziologe immer am Gähnen ist...xDD",4,text feier soziologe immer gähnen istxdd,negative,0.7518302798271179,61,-1,"{'anger': 0.19656170904636383, 'fear': 4.2187464714515954e-05, 'disgust': 0.004065567161887884, 'sadness': 0.045495182275772095, 'joy': 0.2971321940422058, 'none of them': 0.38404473662376404, 'joy_linguistic': 1.0, 'joy_sentence_count': 1}",0.19656170904636383,0.0,0,4.2187464714515954e-05,0.0,0,0.004065567161887884,0.0,0,0.045495182275772095,0.0,0,0.2971321940422058,1.0,1,0.38404473662376404,0.0,0,joy,Sonstige Themen,Deutschland,2021-06-29_Xlh1RJcjwD8_Corona_ Verpasste Chancen der Bildungspolitik _ Markus Lanz.csv,2025-05-30T08:49:03.543484
 text: Sollten im Herbst die Schulen wieder betroffen sein.. fällt mir ehrlich gesagt nichts mehr ein..,5,text sollten herbst schulen betroffen fällt ehrlich gesagt mehr,negative,0.9924577474594116,103,0,"{'anger': 0.5923374891281128, 'fear': 6.841269350843504e-05, 'disgust': 0.006386326625943184, 'sadness': 0.14909222722053528, 'joy': 0.02019856497645378, 'none of them': 0.2368619441986084}",0.5923374891281128,0.0,0,6.841269350843504e-05,0.0,0,0.006386326625943184,0.0,0,0.14909222722053528,0.0,0,0.02019856497645378,0.0,0,0.2368619441986084,0.0,0,anger,Schule & Kinder,Deutschland,2021-06-29_Xlh1RJcjwD8_Corona_ Verpasste Chancen der Bildungspolitik _ Markus Lanz.csv,2025-05-30T08:49:03.543484
 text: Bin gegen die Digitalisierung der Schulen. Digitale Medien sind nichts für Kindergehirne,6,text digitalisierung schulen digitale medien kindergehirne,neutral,0.9931665062904358,95,0,"{'anger': 0.0495583675801754, 'fear': 0.00036511701182462275, 'disgust': 0.002226854907348752, 'sadness': 0.014354587532579899, 'joy': 0.039218969643116, 'none of them': 0.921775221824646}",0.0495583675801754,0.0,0,0.00036511701182462275,0.0,0,0.002226854907348752,0.0,0,0.014354587532579899,0.0,0,0.039218969643116,0.0,0,0.921775221824646,0.0,0,none of them,Schule & Kinder,Deutschland,2021-06-29_Xlh1RJcjwD8_Corona_ Verpasste Chancen der Bildungspolitik _ Markus Lanz.csv,2025-05-30T08:49:03.543484
" text: Das ist Alles politisch gewollt, es sind keine Zufälle oder höhere Mächte im Spiel.",7,text politisch gewollt zufälle höhere mächte spiel,neutral,0.9997952580451965,90,1,"{'anger': 0.7005873918533325, 'fear': 8.313819125760347e-05, 'disgust': 0.005634094588458538, 'sadness': 0.03625484183430672, 'joy': 0.01753142476081848, 'none of them': 0.24710442125797272}",0.7005873918533325,0.0,0,8.313819125760347e-05,0.0,0,0.005634094588458538,0.0,0,0.03625484183430672,0.0,0,0.01753142476081848,0.0,0,0.24710442125797272,0.0,0,anger,Reden & Text,Deutschland,2021-06-29_Xlh1RJcjwD8_Corona_ Verpasste Chancen der Bildungspolitik _ Markus Lanz.csv,2025-05-30T08:49:03.543484
 text: Die  Schulbildung in privaten Schulen ist schon im Gange. Die Staatlichen Schulen bekommen immer weniger Förderliche Unterrichtsstunden für sozial schwache Schüler.,8,text schulbildung privaten schulen schon gange staatlichen schulen bekommen immer weniger förderliche unterrichtsstunden sozial schwache schüler,neutral,0.9948030114173889,171,0,"{'anger': 0.7477710843086243, 'fear': 0.00013598057557828724, 'disgust': 0.007496157195419073, 'sadness': 0.13580481708049774, 'joy': 0.011173847131431103, 'none of them': 0.11462973803281784}",0.7477710843086243,0.0,0,0.00013598057557828724,0.0,0,0.007496157195419073,0.0,0,0.13580481708049774,0.0,0,0.011173847131431103,0.0,0,0.11462973803281784,0.0,0,anger,Schule & Kinder,Deutschland,2021-06-29_Xlh1RJcjwD8_Corona_ Verpasste Chancen der Bildungspolitik _ Markus Lanz.csv,2025-05-30T08:49:03.543484
" text: Die Armut wird wachsen, es wird so gewollt von den Gebildeten reichen, Politikern, Investoren und großen Unternehmen. Deshalb diese Untersuchungen der Studierenden, Berufe auszubildenden und Schüler.",9,text armut wachsen gewollt gebildeten reichen politikern investoren großen unternehmen deshalb untersuchungen studierenden berufe auszubildenden schüler,neutral,0.9999270439147949,206,0,"{'anger': 0.8294052481651306, 'fear': 0.00027360633248463273, 'disgust': 0.032235801219940186, 'sadness': 0.06891937553882599, 'joy': 0.005959074012935162, 'none of them': 0.05296245589852333}",0.8294052481651306,0.0,0,0.00027360633248463273,0.0,0,0.032235801219940186,0.0,0,0.06891937553882599,0.0,0,0.005959074012935162,0.0,0,0.05296245589852333,0.0,0,anger,Schule & Kinder,Deutschland,2021-06-29_Xlh1RJcjwD8_Corona_ Verpasste Chancen der Bildungspolitik _ Markus Lanz.csv,2025-05-30T08:49:03.543484
" text: Warum werden immer nur Lehrer*innen als Schulpersonal genannt. Es braucht mehr Schulsozialarbeiter*innen, Psycholog*innen und mehrere Menschen, die unter einem gemeinsamen Konzept arbeiten. Sonst lassen wir noch mehr Lehrer*innen ausbrennen...",10,text warum immer lehrerinnen schulpersonal genannt braucht mehr schulsozialarbeiterinnen psychologinnen mehrere menschen gemeinsamen konzept arbeiten lassen mehr lehrerinnen ausbrennen,negative,0.9741155505180359,250,0,"{'anger': 0.8543702960014343, 'fear': 0.00046421526349149644, 'disgust': 0.005346168298274279, 'sadness': 0.024174759164452553, 'joy': 0.005006068851798773, 'none of them': 0.11224272102117538, 'sadness_linguistic': 0.3333333333333333, 'sadness_sentence_count': 1, 'disgust_linguistic': 0.3333333333333333, 'disgust_sentence_count': 1, 'anger_linguistic': 0.3333333333333333, 'anger_sentence_count': 1}",0.8543702960014343,0.3333333333333333,1,0.00046421526349149644,0.0,0,0.005346168298274279,0.3333333333333333,1,0.024174759164452553,0.3333333333333333,1,0.005006068851798773,0.0,0,0.11224272102117538,0.0,0,anger,Schule & Kinder,Deutschland,2021-06-29_Xlh1RJcjwD8_Corona_ Verpasste Chancen der Bildungspolitik _ Markus Lanz.csv,2025-05-30T08:49:03.543484
 text: Edeka Spot richtig geil,11,text edeka spot richtig geil,positive,0.9674106240272522,30,4,"{'anger': 0.037341855466365814, 'fear': 0.00016766808403190225, 'disgust': 0.004005557391792536, 'sadness': 0.005612372420728207, 'joy': 0.9191679358482361, 'none of them': 0.056693416088819504, 'joy_linguistic': 1.0, 'joy_sentence_count': 1}",0.037341855466365814,0.0,0,0.00016766808403190225,0.0,0,0.004005557391792536,0.0,0,0.005612372420728207,0.0,0,0.9191679358482361,1.0,1,0.056693416088819504,0.0,0,joy,Falsch & Text,Deutschland,2021-06-29_Xlh1RJcjwD8_Corona_ Verpasste Chancen der Bildungspolitik _ Markus Lanz.csv,2025-05-30T08:49:03.543484
" text: Hauptsache viele sind pro CDU/CSU die als Hauptakteure mit dafür gesorgt haben, dass wir dieses ganze Chaos hatten und viele Probleme hatten und haben werden.\n\nSollte die Union bei der nächsten Wahl wirklich das Rennen machen, bewegen wir uns in Deutschland nur weiter in die Vergangenheit.",12,text hauptsache viele pro cducsu hauptakteure dafür gesorgt ganze chaos viele probleme werdennnsollte union nächsten wahl wirklich rennen bewegen deutschland vergangenheit,neutral,0.9523086547851562,299,8,"{'anger': 0.9356012940406799, 'fear': 0.0021624290384352207, 'disgust': 0.012845008634030819, 'sadness': 0.02440573461353779, 'joy': 0.004512838087975979, 'none of them': 0.027767609804868698}",0.9356012940406799,0.0,0,0.0021624290384352207,0.0,0,0.012845008634030819,0.0,0,0.02440573461353779,0.0,0,0.004512838087975979,0.0,0,0.027767609804868698,0.0,0,anger,Deutschland & Leuten,Deutschland,2021-06-29_Xlh1RJcjwD8_Corona_ Verpasste Chancen der Bildungspolitik _ Markus Lanz.csv,2025-05-30T08:49:03.543484
" text: Ich finde es ja so langsam echt dreist...es ist immer die fehlende Bildungspolitik....keine spricht über das Versagen der Eltern....wo sind die Verlierer der Pandemie....ja das sind zufällig Kinder von Eltern, die schon selber so schulfern sind. Warum wird wagt es keiner mal dieses Versagen der Eltern anzusprechen???",13,text finde langsam echt dreistes immer fehlende bildungspolitikkeine spricht versagen elternwo verlierer pandemieja zufällig kinder eltern schon selber schulfern warum wagt mal versagen eltern anzusprechen,negative,0.9969887137413025,325,0,"{'anger': 0.9479308724403381, 'fear': 0.0038261371664702892, 'disgust': 0.022081587463617325, 'sadness': 0.021203981712460518, 'joy': 0.0053873262368142605, 'none of them': 0.018410181626677513}",0.9479308724403381,0.0,0,0.0038261371664702892,0.0,0,0.022081587463617325,0.0,0,0.021203981712460518,0.0,0,0.0053873262368142605,0.0,0,0.018410181626677513,0.0,0,anger,Schule & Kinder,Deutschland,2021-06-29_Xlh1RJcjwD8_Corona_ Verpasste Chancen der Bildungspolitik _ Markus Lanz.csv,2025-05-30T08:49:03.543484
 text: Ja..die armen Kinder...hat sich irgendjemand über die Kriegskinder Gedanken gemacht???? Das sind alles auch normale Menschen geworden. Die haben über Jahre keine Schule gehabt und haben es auch geschafft.,14,text jadie armen kinderhat irgendjemand kriegskinder gedanken gemacht normale menschen geworden jahre schule gehabt geschafft,negative,0.9864300489425659,211,0,"{'anger': 0.3461267054080963, 'fear': 0.00020087063603568822, 'disgust': 0.049123819917440414, 'sadness': 0.5609127283096313, 'joy': 0.010053269565105438, 'none of them': 0.05042154714465141, 'none of them_linguistic': 1.0, 'none of them_sentence_count': 1}",0.3461267054080963,0.0,0,0.00020087063603568822,0.0,0,0.049123819917440414,0.0,0,0.5609127283096313,0.0,0,0.010053269565105438,0.0,0,0.05042154714465141,1.0,1,none of them,Schule & Kinder,Deutschland,2021-06-29_Xlh1RJcjwD8_Corona_ Verpasste Chancen der Bildungspolitik _ Markus Lanz.csv,2025-05-30T08:49:03.543484
" text: Ein sehr guter Talk. Zusammenfassend werden in vielen Bereichen vorhandene Erkenntnisse ignoriert und offensichtlich aus monetären Gründen nicht umgesetzt. Wie hier in einem Kommentar steht: es wird zu viel auf Theoretiker gehört. Ich arbeite seit mehr als 12 Jahren erfolgreich digital in meiner Grundschule. Gefragt, welche Endgeräte angeschafft werden sollen entscheiden die, die in der Kommune gerade  die Funktionsstelle haben, egal, ob sie qualifiziert sind oder nicht.",15,text guter talk zusammenfassend vielen bereichen vorhandene erkenntnisse ignoriert offensichtlich monetären gründen umgesetzt kommentar steht theoretiker gehört arbeite seit mehr jahren erfolgreich digital grundschule gefragt endgeräte angeschafft sollen entscheiden kommune gerade funktionsstelle egal qualifiziert,negative,0.9793128967285156,482,0,"{'anger': 0.8597875237464905, 'fear': 0.00041263483581133187, 'disgust': 0.0042138551361858845, 'sadness': 0.02302570454776287, 'joy': 0.00682130828499794, 'none of them': 0.13617052137851715, 'joy_linguistic': 1.0, 'joy_sentence_count': 1}",0.8597875237464905,0.0,0,0.00041263483581133187,0.0,0,0.0042138551361858845,0.0,0,0.02302570454776287,0.0,0,0.00682130828499794,1.0,1,0.13617052137851715,0.0,0,anger,Schule & Kinder,Deutschland,2021-06-29_Xlh1RJcjwD8_Corona_ Verpasste Chancen der Bildungspolitik _ Markus Lanz.csv,2025-05-30T08:49:03.543484
" text: Ich wusste gar nicht, dass Mickey Rourke so gut deutsch spricht (im Übrigen ein hervorragender Talkgast)",16,text wusste gar mickey rourke gut deutsch spricht übrigen hervorragender talkgast,neutral,0.7774520516395569,111,1,"{'anger': 0.2677023410797119, 'fear': 7.875890878494829e-05, 'disgust': 0.002232687547802925, 'sadness': 0.010316388681530952, 'joy': 0.1599288284778595, 'none of them': 0.45660459995269775, 'joy_linguistic': 1.0, 'joy_sentence_count': 1}",0.2677023410797119,0.0,0,7.875890878494829e-05,0.0,0,0.002232687547802925,0.0,0,0.010316388681530952,0.0,0,0.1599288284778595,1.0,1,0.45660459995269775,0.0,0,joy,Reden & Text,Deutschland,2021-06-29_Xlh1RJcjwD8_Corona_ Verpasste Chancen der Bildungspolitik _ Markus Lanz.csv,2025-05-30T08:49:03.543484
 text: \Willst du dafür verantwortlich sein,17,text willst dafür verantwortlich,neutral,0.9951506853103638,43,-1,"{'anger': 0.704219400882721, 'fear': 0.0003123893984593451, 'disgust': 0.00927985180169344, 'sadness': 0.014060942456126213, 'joy': 0.004484968259930611, 'none of them': 0.27270272374153137}",0.704219400882721,0.0,0,0.0003123893984593451,0.0,0,0.00927985180169344,0.0,0,0.014060942456126213,0.0,0,0.004484968259930611,0.0,0,0.27270272374153137,0.0,0,anger,Sonstige Themen,Deutschland,2021-06-29_Xlh1RJcjwD8_Corona_ Verpasste Chancen der Bildungspolitik _ Markus Lanz.csv,2025-05-30T08:49:03.543484
" text: 4:45: Oh mein Gott! Hat Herr Welzer es tatsächlich gewagt, in einem Punkt Männer als nicht privilegierte Sexisten darzustellen, sondern tatsächliche als Benachteiligte der Gesellschaft??? Alice Schwarzer wo bist duuuu!!!",18,text gott herr welzer tatsächlich gewagt punkt männer privilegierte sexisten darzustellen tatsächliche benachteiligte gesellschaft alice schwarzer duuuu,negative,0.9932689070701599,227,-1,"{'anger': 0.9383813738822937, 'fear': 0.002045951783657074, 'disgust': 0.032931432127952576, 'sadness': 0.016514338552951813, 'joy': 0.006068401038646698, 'none of them': 0.019636893644928932, 'none of them_linguistic': 1.0, 'none of them_sentence_count': 1}",0.9383813738822937,0.0,0,0.002045951783657074,0.0,0,0.032931432127952576,0.0,0,0.016514338552951813,0.0,0,0.006068401038646698,0.0,0,0.019636893644928932,1.0,1,anger,Sonstige Themen,Deutschland,2021-06-29_Xlh1RJcjwD8_Corona_ Verpasste Chancen der Bildungspolitik _ Markus Lanz.csv,2025-05-30T08:49:03.543484
" text: Bildung ist Ländersache?! Auch so ein Thema was man abschaffen sollte, quer durch alle Bundesländer und politischen Parteien lief es nicht gut. Man muss in diesem Zusammenhang aber auch erwähnen, dass gerade die Union im Bund Familien und Kinder während und nach der Pandemie (bzw jetzt im \Sommerloch\) nicht wirklich im Blick hat. Die Grünen setzen sich massiv dafür im Wahlkampf ein, doch viele Eltern scheinen auch hier blind zu sein und trotz der Verfehlungen weiter auf dem alten \gemütlichen\ Pfad zu bleiben.... Kinder und Familien sind unsere Zukunft und brauchen einen höheren Stellenwert. Dazu gehört nicht nur Bildung und Digitalisierung sondern auch effektiver Klimaschutz.",19,text bildung ländersache thema abschaffen quer bundesländer politischen parteien lief gut zusammenhang erwähnen gerade union bund familien kinder pandemie bzw sommerloch wirklich blick grünen setzen massiv dafür wahlkampf viele eltern scheinen blind trotz verfehlungen alten gemütlichen pfad bleiben kinder familien zukunft brauchen höheren stellenwert gehört bildung digitalisierung effektiver klimaschutz,negative,0.7654913663864136,693,0,"{'anger': 0.9217869639396667, 'fear': 0.001025641686283052, 'disgust': 0.011972165666520596, 'sadness': 0.02081114985048771, 'joy': 0.00615197466686368, 'none of them': 0.03691740706562996, 'joy_linguistic': 0.5, 'joy_sentence_count': 1, 'anger_linguistic': 0.5, 'anger_sentence_count': 1}",0.9217869639396667,0.5,1,0.001025641686283052,0.0,0,0.011972165666520596,0.0,0,0.02081114985048771,0.0,0,0.00615197466686368,0.5,1,0.03691740706562996,0.0,0,anger,Schule & Kinder,Deutschland,2021-06-29_Xlh1RJcjwD8_Corona_ Verpasste Chancen der Bildungspolitik _ Markus Lanz.csv,2025-05-30T08:49:03.543484
 text: Haha das gleiche höre ich schon seid über 30 Jahren und dieses Volk merkt noch nicht einmal das man rein gar nichts Verbessern möchte. Immer weiter mit den Lobbisten Parteien.,20,text haha gleiche höre schon seid jahren volk merkt rein gar verbessern möchte immer lobbisten parteien,negative,0.9900658130645752,182,1,"{'anger': 0.9461345672607422, 'fear': 0.002836776664480567, 'disgust': 0.02858571894466877, 'sadness': 0.015317066572606564, 'joy': 0.005893168970942497, 'none of them': 0.018776729702949524}",0.9461345672607422,0.0,0,0.002836776664480567,0.0,0,0.02858571894466877,0.0,0,0.015317066572606564,0.0,0,0.005893168970942497,0.0,0,0.018776729702949524,0.0,0,anger,Reden & Text,Deutschland,2021-06-29_Xlh1RJcjwD8_Corona_ Verpasste Chancen der Bildungspolitik _ Markus Lanz.csv,2025-05-30T08:49:03.543484
 text: Erst regen sich alle auf und dann wählen sie CDU,21,text erst regen wählen cdu,neutral,0.9855861067771912,55,9,"{'anger': 0.07028917223215103, 'fear': 0.00022858772717881948, 'disgust': 0.0024615617003291845, 'sadness': 0.016880344599485397, 'joy': 0.036138907074928284, 'none of them': 0.8778769969940186}",0.07028917223215103,0.0,0,0.00022858772717881948,0.0,0,0.0024615617003291845,0.0,0,0.016880344599485397,0.0,0,0.036138907074928284,0.0,0,0.8778769969940186,0.0,0,none of them,Wählen & Cdu,Deutschland,2021-06-29_Xlh1RJcjwD8_Corona_ Verpasste Chancen der Bildungspolitik _ Markus Lanz.csv,2025-05-30T08:49:03.543484
" text: CDU, SPD, FDP und AfD darf nicht mehr gewählt werden wenn man die Spaltung der Gesellschaft verhindern will",22,text cdu spd fdp afd darf mehr gewählt spaltung gesellschaft verhindern,neutral,0.9907149076461792,114,9,"{'anger': 0.5344040393829346, 'fear': 0.00016803460312075913, 'disgust': 0.0030416185036301613, 'sadness': 0.025829117745161057, 'joy': 0.00934598222374916, 'none of them': 0.46843183040618896}",0.5344040393829346,0.0,0,0.00016803460312075913,0.0,0,0.0030416185036301613,0.0,0,0.025829117745161057,0.0,0,0.00934598222374916,0.0,0,0.46843183040618896,0.0,0,anger,Wählen & Cdu,Deutschland,2021-06-29_Xlh1RJcjwD8_Corona_ Verpasste Chancen der Bildungspolitik _ Markus Lanz.csv,2025-05-30T08:49:03.543484
 text: Hübsch 💋,23,text hübsch,negative,0.9296208024024963,15,3,"{'anger': 0.03851373493671417, 'fear': 6.874871178297326e-05, 'disgust': 0.013357334770262241, 'sadness': 0.003640358103439212, 'joy': 0.7444136142730713, 'none of them': 0.061391737312078476}",0.03851373493671417,0.0,0,6.874871178297326e-05,0.0,0,0.013357334770262241,0.0,0,0.003640358103439212,0.0,0,0.7444136142730713,0.0,0,0.061391737312078476,0.0,0,joy,Text & Pur,Deutschland,2021-06-29_Xlh1RJcjwD8_Corona_ Verpasste Chancen der Bildungspolitik _ Markus Lanz.csv,2025-05-30T08:49:03.543484
" text: Kinder sind dem Staat scheiß egal!  Kneipen, Stadien offen, Schulen zu.",24,text kinder staat scheiß egal kneipen stadien offen schulen,negative,0.995834469795227,78,0,"{'anger': 0.928956151008606, 'fear': 0.0009688229765743017, 'disgust': 0.01905210316181183, 'sadness': 0.02676909603178501, 'joy': 0.006202767603099346, 'none of them': 0.030369957908988}",0.928956151008606,0.0,0,0.0009688229765743017,0.0,0,0.01905210316181183,0.0,0,0.02676909603178501,0.0,0,0.006202767603099346,0.0,0,0.030369957908988,0.0,0,anger,Schule & Kinder,Deutschland,2021-06-29_Xlh1RJcjwD8_Corona_ Verpasste Chancen der Bildungspolitik _ Markus Lanz.csv,2025-05-30T08:49:03.543484
 text: Nee Herr Lanz falsch es gibt auch viele verhaltensauffällige Mädchen,25,text nee herr lanz falsch gibt viele verhaltensauffällige mädchen,neutral,0.9972419738769531,75,-1,"{'anger': 0.8915784955024719, 'fear': 0.0007109009893611073, 'disgust': 0.04774196073412895, 'sadness': 0.03234434127807617, 'joy': 0.004965916741639376, 'none of them': 0.039148811250925064}",0.8915784955024719,0.0,0,0.0007109009893611073,0.0,0,0.04774196073412895,0.0,0,0.03234434127807617,0.0,0,0.004965916741639376,0.0,0,0.039148811250925064,0.0,0,anger,Sonstige Themen,Deutschland,2021-06-29_Xlh1RJcjwD8_Corona_ Verpasste Chancen der Bildungspolitik _ Markus Lanz.csv,2025-05-30T08:49:03.543484
 text: Die Reichen Schülergruppen von Privatschulen oder gut situierten Elternhäusern kommen besser weg als die ärmeren Schichten,26,text reichen schülergruppen privatschulen gut situierten elternhäusern kommen besser ärmeren schichten,neutral,0.9998338222503662,129,0,"{'anger': 0.732842206954956, 'fear': 6.91083914716728e-05, 'disgust': 0.006460930220782757, 'sadness': 0.044288475066423416, 'joy': 0.040159597992897034, 'none of them': 0.13027045130729675, 'joy_linguistic': 1.0, 'joy_sentence_count': 1}",0.732842206954956,0.0,0,6.91083914716728e-05,0.0,0,0.006460930220782757,0.0,0,0.044288475066423416,0.0,0,0.040159597992897034,1.0,1,0.13027045130729675,0.0,0,anger,Schule & Kinder,Deutschland,2021-06-29_Xlh1RJcjwD8_Corona_ Verpasste Chancen der Bildungspolitik _ Markus Lanz.csv,2025-05-30T08:49:03.543484
 text: Konservatives Deutschland in a nutshell,27,text konservatives deutschland nutshell,neutral,0.9819151163101196,46,-1,"{'anger': 0.049234744161367416, 'fear': 0.0004839145694859326, 'disgust': 0.0032021014485508204, 'sadness': 0.007709438446909189, 'joy': 0.02741442807018757, 'none of them': 0.9250389337539673, 'joy_linguistic': 1.0, 'joy_sentence_count': 1}",0.049234744161367416,0.0,0,0.0004839145694859326,0.0,0,0.0032021014485508204,0.0,0,0.007709438446909189,0.0,0,0.02741442807018757,1.0,1,0.9250389337539673,0.0,0,none of them,Sonstige Themen,Deutschland,2021-06-29_Xlh1RJcjwD8_Corona_ Verpasste Chancen der Bildungspolitik _ Markus Lanz.csv,2025-05-30T08:49:03.543484
" text: Man kann ja von Kenfm / Jebsen halten was man mag, aber dem Kanal muss / kann man für Interviews mit Gerald Hüther, Margret Rasfeld und Michael Hüter etc. nur danken.",28,text kenfm jebsen halten mag kanal interviews gerald hüther margret rasfeld michael hüter etc danken,neutral,0.8855201005935669,173,1,"{'anger': 0.02922436036169529, 'fear': 0.00043927470687776804, 'disgust': 0.0011767458636313677, 'sadness': 0.005759874824434519, 'joy': 0.2672472596168518, 'none of them': 0.6582277417182922}",0.02922436036169529,0.0,0,0.00043927470687776804,0.0,0,0.0011767458636313677,0.0,0,0.005759874824434519,0.0,0,0.2672472596168518,0.0,0,0.6582277417182922,0.0,0,none of them,Reden & Text,Deutschland,2021-06-29_Xlh1RJcjwD8_Corona_ Verpasste Chancen der Bildungspolitik _ Markus Lanz.csv,2025-05-30T08:49:03.543484
" text: Ein Wunder, dass es überhaupt schnelles Internet mit 20 Mbit gibt laaach",29,text wunder überhaupt schnelles internet mbit gibt laaach,neutral,0.7474847435951233,79,-1,"{'anger': 0.6054015755653381, 'fear': 0.00013966190454084426, 'disgust': 0.0027020073030143976, 'sadness': 0.012020498514175415, 'joy': 0.09426258504390717, 'none of them': 0.2851059138774872}",0.6054015755653381,0.0,0,0.00013966190454084426,0.0,0,0.0027020073030143976,0.0,0,0.012020498514175415,0.0,0,0.09426258504390717,0.0,0,0.2851059138774872,0.0,0,anger,Sonstige Themen,Deutschland,2021-06-29_Xlh1RJcjwD8_Corona_ Verpasste Chancen der Bildungspolitik _ Markus Lanz.csv,2025-05-30T08:49:03.543484
" text: Bildung ist bei uns schon seit Jahrzehnten nicht mehr gefragt ,lediglich Ausbildung! Daher hat mich auch der Spruch der SPD geärgert:\Bildung darf nicht vom Portemonnaie der Eltern abhängen!\\nDie Vermittlung von Bildung hat immer schon davon profitiert! Gemeint aber war wohl,daß eine gute Ausbildung für alle möglichst kostenfrei möglich sein sollte!",30,text bildung schon seit jahrzehnten mehr gefragt lediglich ausbildung daher spruch spd geärgertbildung darf portemonnaie eltern abhängenndie vermittlung bildung immer schon davon profitiert gemeint wohldaß gute ausbildung möglichst kostenfrei möglich,negative,0.9756500720977783,359,-1,"{'anger': 0.9376725554466248, 'fear': 0.001591807114891708, 'disgust': 0.00932820700109005, 'sadness': 0.012702754698693752, 'joy': 0.006535112392157316, 'none of them': 0.04580087587237358, 'joy_linguistic': 0.25, 'joy_sentence_count': 1, 'disgust_linguistic': 0.25, 'disgust_sentence_count': 1, 'anger_linguistic': 0.5, 'anger_sentence_count': 1}",0.9376725554466248,0.5,1,0.001591807114891708,0.0,0,0.00932820700109005,0.25,1,0.012702754698693752,0.0,0,0.006535112392157316,0.25,1,0.04580087587237358,0.0,0,anger,Sonstige Themen,Deutschland,2021-06-29_Xlh1RJcjwD8_Corona_ Verpasste Chancen der Bildungspolitik _ Markus Lanz.csv,2025-05-30T08:49:03.543484
" text: Könnt ihr vielleicht als noch in die Beschreibung packen, von wo bis wo der Ausschnitt ist? Dann weiß man, bis wohin man spulen muss, wenn man sich entscheidet, den ganzen Beitrag zu sehen :)",31,text könnt vielleicht beschreibung packen ausschnitt weiß wohin spulen entscheidet ganzen beitrag sehen,negative,0.7375646829605103,198,4,"{'anger': 0.8788811564445496, 'fear': 0.00045041023986414075, 'disgust': 0.00879394356161356, 'sadness': 0.014415108598768711, 'joy': 0.006632900796830654, 'none of them': 0.09632106125354767}",0.8788811564445496,0.0,0,0.00045041023986414075,0.0,0,0.00879394356161356,0.0,0,0.014415108598768711,0.0,0,0.006632900796830654,0.0,0,0.09632106125354767,0.0,0,anger,Falsch & Text,Deutschland,2021-06-29_Xlh1RJcjwD8_Corona_ Verpasste Chancen der Bildungspolitik _ Markus Lanz.csv,2025-05-30T08:49:03.543484
" text: Schön nichts tun, damit die Kinder ab Herbst wieder die Schuldigen sind. Nur weil unsere Möchtegernhighsociety unbedingt ihre Sandalen wegtragen muss",32,text schön tun kinder herbst schuldigen möchtegernhighsociety unbedingt sandalen wegtragen,neutral,0.9386800527572632,156,0,"{'anger': 0.918294370174408, 'fear': 0.0007834328571334481, 'disgust': 0.0368620939552784, 'sadness': 0.025254735723137856, 'joy': 0.006055584643036127, 'none of them': 0.027649570256471634, 'joy_linguistic': 1.0, 'joy_sentence_count': 1}",0.918294370174408,0.0,0,0.0007834328571334481,0.0,0,0.0368620939552784,0.0,0,0.025254735723137856,0.0,0,0.006055584643036127,1.0,1,0.027649570256471634,0.0,0,anger,Schule & Kinder,Deutschland,2021-06-29_Xlh1RJcjwD8_Corona_ Verpasste Chancen der Bildungspolitik _ Markus Lanz.csv,2025-05-30T08:49:03.543484
" text: Die EM zeigt doch jetzt, dass die Menschheit überhaupt nichts dazu lernt",33,text zeigt menschheit überhaupt lernt,neutral,0.999113142490387,79,-1,"{'anger': 0.10164149105548859, 'fear': 4.789017475559376e-05, 'disgust': 0.0026017159689217806, 'sadness': 0.05049903318285942, 'joy': 0.2762940227985382, 'none of them': 0.4875858426094055}",0.10164149105548859,0.0,0,4.789017475559376e-05,0.0,0,0.0026017159689217806,0.0,0,0.05049903318285942,0.0,0,0.2762940227985382,0.0,0,0.4875858426094055,0.0,0,none of them,Sonstige Themen,Deutschland,2021-06-29_Xlh1RJcjwD8_Corona_ Verpasste Chancen der Bildungspolitik _ Markus Lanz.csv,2025-05-30T08:49:03.543484
" text: Meiner Meinung nach wurde viel zu sehr der Fokus auf die Kinder gerichtet die kaum bis überhaupt nicht betroffen sind. Jegliche Bildung verwehrt, alle Möglichkeiten gestrichen , Spiel und Spaß untersagt. Ich muss ehrlich sagen, ich denke es ist einiges verkehrt gelaufen. Und ich denke auch, wir werden nie wieder zum normalen Leben wie es vor der Pandemie war zurückkehren. Wer die Maßnahmen bestehen lässt im Sommer, zu Zeiten wo die Inzidenz richtung 0 läuft und am besten ist wird keine Lockerungen veranlassen wenn die kälteren Tage zurückkehren und die Inzidenz steigt. Wenn die Inzidenz überhaupt noch entscheidend ist, wenn wir die Null erreicht haben, schließlich hat man dann nichts mehr in der Hand um Maßnahmen zu rechtfertigen. Die Moral bleibt einfach ne frage des Geldes.",34,text meinung wurde fokus kinder gerichtet kaum überhaupt betroffen jegliche bildung verwehrt möglichkeiten gestrichen spiel spaß untersagt ehrlich sagen denke verkehrt gelaufen denke nie normalen leben pandemie zurückkehren wer maßnahmen bestehen lässt sommer zeiten inzidenz richtung läuft besten lockerungen veranlassen kälteren tage zurückkehren inzidenz steigt inzidenz überhaupt entscheidend null erreicht schließlich mehr hand maßnahmen rechtfertigen moral bleibt einfach frage geldes,negative,0.9905911087989807,793,0,"{'anger': 0.9476755857467651, 'fear': 0.0037384522147476673, 'disgust': 0.013572952710092068, 'sadness': 0.01624566689133644, 'joy': 0.005497983656823635, 'none of them': 0.024135425686836243, 'none of them_linguistic': 0.2916666666666667, 'none of them_sentence_count': 1, 'sadness_linguistic': 0.20833333333333334, 'sadness_sentence_count': 1}",0.9476755857467651,0.0,0,0.0037384522147476673,0.0,0,0.013572952710092068,0.0,0,0.01624566689133644,0.20833333333333334,1,0.005497983656823635,0.0,0,0.024135425686836243,0.2916666666666667,1,anger,Schule & Kinder,Deutschland,2021-06-29_Xlh1RJcjwD8_Corona_ Verpasste Chancen der Bildungspolitik _ Markus Lanz.csv,2025-05-30T08:49:03.543484
" text: Alle in der Runde legen nach 1.5 Jahren des totalen Irrsinns immer noch die Grundnaivität an den Tag, dass es um die Gesundheit und nicht um Kontrolle geht. Erschreckend diese Lemminge.",35,text runde legen jahren totalen irrsinns immer grundnaivität tag gesundheit kontrolle geht erschreckend lemminge,negative,0.7794499397277832,192,11,"{'anger': 0.9509526491165161, 'fear': 0.008042301051318645, 'disgust': 0.020559977740049362, 'sadness': 0.018814194947481155, 'joy': 0.004688077140599489, 'none of them': 0.016722146421670914, 'fear_linguistic': 1.0, 'fear_sentence_count': 1}",0.9509526491165161,0.0,0,0.008042301051318645,1.0,1,0.020559977740049362,0.0,0,0.018814194947481155,0.0,0,0.004688077140599489,0.0,0,0.016722146421670914,0.0,0,anger,Virus & Angst,Deutschland,2021-06-29_Xlh1RJcjwD8_Corona_ Verpasste Chancen der Bildungspolitik _ Markus Lanz.csv,2025-05-30T08:49:03.543484
 text: Und wie werdet ihr wählen im September ❓,36,text werdet wählen september,negative,0.6506837010383606,47,9,"{'anger': 0.023938309401273727, 'fear': 0.0016522461082786322, 'disgust': 0.0032794398721307516, 'sadness': 0.009274447336792946, 'joy': 0.018796537071466446, 'none of them': 0.951521098613739}",0.023938309401273727,0.0,0,0.0016522461082786322,0.0,0,0.0032794398721307516,0.0,0,0.009274447336792946,0.0,0,0.018796537071466446,0.0,0,0.951521098613739,0.0,0,none of them,Wählen & Cdu,Deutschland,2021-06-29_Xlh1RJcjwD8_Corona_ Verpasste Chancen der Bildungspolitik _ Markus Lanz.csv,2025-05-30T08:49:03.543484
" text: Wir hatten nen Autogipfel, für die Lufthansa gabs Millionen, aber kein Kindergipfel oder Schulgipfel. Komplettversagen von CDU/SPD.",37,text nen autogipfel lufthansa gabs millionen kindergipfel schulgipfel komplettversagen cduspd,neutral,0.9921503067016602,138,0,"{'anger': 0.8266808390617371, 'fear': 0.0005451581673696637, 'disgust': 0.07075618952512741, 'sadness': 0.04008442163467407, 'joy': 0.004751157481223345, 'none of them': 0.036669131368398666}",0.8266808390617371,0.0,0,0.0005451581673696637,0.0,0,0.07075618952512741,0.0,0,0.04008442163467407,0.0,0,0.004751157481223345,0.0,0,0.036669131368398666,0.0,0,anger,Schule & Kinder,Deutschland,2021-06-29_Xlh1RJcjwD8_Corona_ Verpasste Chancen der Bildungspolitik _ Markus Lanz.csv,2025-05-30T08:49:03.543484
" text: 17:06 Die deutsche YouTube-Bloggerin Sedameansstrong, die seit vielen Jahren in Südkorea lebt, hat es in einem Video auf den Punkt gebracht: In Deutschland haben wir für alles Ausreden, in Korea nicht. \n\nUnd diese Mentalität beginnt schon in der Schule, wo Schülern unter dem  Vorwand \moderner Pädagogik\ jede Menge Ausreden an die Hand gegeben werden, warum es in Ordnung ist, die Aufgabe nicht erledigt zu haben oder auch gelegentlich mal den Unterricht zu stören oder zu spät zu kommen.\n\nDisziplin: Fehlanzeige, Verantwortung übernehmen: Fehlanzeige. Es ist eine Verweichlichung bei den Kindern zu beobachten, die schleichend ist und Deutschland langfristig ins Abseits drängt.\n\nUnd ich mache den Kindern keinen Vorwurf, eher der \Kuschelpädagogik'",38,text deutsche youtubebloggerin sedameansstrong seit vielen jahren südkorea lebt video punkt gebracht deutschland ausreden korea nnund mentalität beginnt schon schule schülern vorwand moderner pädagogik menge ausreden hand gegeben warum ordnung aufgabe erledigt gelegentlich mal unterricht stören spät kommennndisziplin fehlanzeige verantwortung übernehmen fehlanzeige verweichlichung kindern beobachten schleichend deutschland langfristig abseits drängtnnund mache kindern vorwurf eher kuschelpädagogik,negative,0.9783929586410522,765,0,"{'anger': 0.9455199837684631, 'fear': 0.003990867640823126, 'disgust': 0.015971895307302475, 'sadness': 0.015279197134077549, 'joy': 0.00511329248547554, 'none of them': 0.0240382831543684}",0.9455199837684631,0.0,0,0.003990867640823126,0.0,0,0.015971895307302475,0.0,0,0.015279197134077549,0.0,0,0.00511329248547554,0.0,0,0.0240382831543684,0.0,0,anger,Schule & Kinder,Deutschland,2021-06-29_Xlh1RJcjwD8_Corona_ Verpasste Chancen der Bildungspolitik _ Markus Lanz.csv,2025-05-30T08:49:03.543484
 text: Lanz redet wenig dazwischen 😮😮😮😀😂👍,39,text lanz redet wenig dazwischen,neutral,0.9930030703544617,41,3,"{'anger': 0.8967185020446777, 'fear': 0.0004429865803103894, 'disgust': 0.007594141643494368, 'sadness': 0.02142517641186714, 'joy': 0.0076561192981898785, 'none of them': 0.07576772570610046}",0.8967185020446777,0.0,0,0.0004429865803103894,0.0,0,0.007594141643494368,0.0,0,0.02142517641186714,0.0,0,0.0076561192981898785,0.0,0,0.07576772570610046,0.0,0,anger,Text & Pur,Deutschland,2021-06-29_Xlh1RJcjwD8_Corona_ Verpasste Chancen der Bildungspolitik _ Markus Lanz.csv,2025-05-30T08:49:03.543484
" text: Ich war nie gegen die corona Maßnahmen. Es muss aber ab Herbst alternativen geben. Für Studierende und schüler*innen. Nur online bedeutet eine Ausbildung zweiter Klasse, weil  Kommunikation und Interaktion weitesgehend ausbleiben. Das ist keine Dauerlösung.",40,text nie corona maßnahmen herbst alternativen geben studierende schülerinnen online bedeutet ausbildung zweiter klasse kommunikation interaktion weitesgehend ausbleiben dauerlösung,negative,0.496371865272522,264,-1,"{'anger': 0.7526007890701294, 'fear': 0.00014032481703907251, 'disgust': 0.0029120647814124823, 'sadness': 0.058878254145383835, 'joy': 0.015883442014455795, 'none of them': 0.17888367176055908, 'none of them_linguistic': 0.5, 'none of them_sentence_count': 1}",0.7526007890701294,0.0,0,0.00014032481703907251,0.0,0,0.0029120647814124823,0.0,0,0.058878254145383835,0.0,0,0.015883442014455795,0.0,0,0.17888367176055908,0.5,1,anger,Sonstige Themen,Deutschland,2021-06-29_Xlh1RJcjwD8_Corona_ Verpasste Chancen der Bildungspolitik _ Markus Lanz.csv,2025-05-30T08:49:03.543484
" text: Zum Teil liegt es leider auch an den Eltern, die ihren Kindern nichts mehr zutrauen und ihnen jegliche Verantwortung abnehmen, alles kontrollieren wollen und dann, wenn es nicht klappt, die Schuld auf andere schieben.",41,text teil liegt leider eltern kindern mehr zutrauen jegliche verantwortung abnehmen kontrollieren klappt schuld schieben,negative,0.9621478319168091,224,0,"{'anger': 0.7577255368232727, 'fear': 0.0005303692305460572, 'disgust': 0.011121531017124653, 'sadness': 0.17904694378376007, 'joy': 0.005417367443442345, 'none of them': 0.0856635719537735, 'sadness_linguistic': 1.0, 'sadness_sentence_count': 1}",0.7577255368232727,0.0,0,0.0005303692305460572,0.0,0,0.011121531017124653,0.0,0,0.17904694378376007,1.0,1,0.005417367443442345,0.0,0,0.0856635719537735,0.0,0,sadness,Schule & Kinder,Deutschland,2021-06-29_Xlh1RJcjwD8_Corona_ Verpasste Chancen der Bildungspolitik _ Markus Lanz.csv,2025-05-30T08:49:03.543484
" text:  @Kynnefjall-hv3bf  Ja, es liegt sehr an den Eltern. Die Kinder dürfen alles, müssen nichts...",42,text kynnefjallhvbf liegt eltern kinder dürfen müssen,negative,0.936911404132843,101,0,"{'anger': 0.0894864946603775, 'fear': 0.0001157165679614991, 'disgust': 0.0028884410858154297, 'sadness': 0.024938516318798065, 'joy': 0.03623904660344124, 'none of them': 0.8502334952354431}",0.0894864946603775,0.0,0,0.0001157165679614991,0.0,0,0.0028884410858154297,0.0,0,0.024938516318798065,0.0,0,0.03623904660344124,0.0,0,0.8502334952354431,0.0,0,none of them,Schule & Kinder,Deutschland,2021-06-29_Xlh1RJcjwD8_Corona_ Verpasste Chancen der Bildungspolitik _ Markus Lanz.csv,2025-05-30T08:49:03.543484
" text: Gleichzeitig hat Südkorea höchste Suizidrate unter Jugendlichen, sind aber wahrscheinlich nur die „Weichen“ die aussortiert werden ;)",43,text gleichzeitig südkorea höchste suizidrate jugendlichen wahrscheinlich weichen aussortiert,neutral,0.999962568283081,140,0,"{'anger': 0.5327214002609253, 'fear': 0.00024828832829371095, 'disgust': 0.1590270847082138, 'sadness': 0.14067669212818146, 'joy': 0.010886055417358875, 'none of them': 0.12118679285049438}",0.5327214002609253,0.0,0,0.00024828832829371095,0.0,0,0.1590270847082138,0.0,0,0.14067669212818146,0.0,0,0.010886055417358875,0.0,0,0.12118679285049438,0.0,0,anger,Schule & Kinder,Deutschland,2021-06-29_Xlh1RJcjwD8_Corona_ Verpasste Chancen der Bildungspolitik _ Markus Lanz.csv,2025-05-30T08:49:03.543484
" text:  @zemsis9817  Gegenbeispiele sind ja nicht dazu da, komplett übernommen  zu werden, sondern sollen zur Änderung anregen für die Findung eines Mittelwegs.\n\nMittlerweile ist Deutschland auf der sehr laxen Seite. Bisschen mehr Korea für uns und mehr Deutschland für Korea tut beiden Ländern gut.",44,text zemsis gegenbeispiele komplett übernommen sollen änderung anregen findung mittelwegsnnmittlerweile deutschland laxen seite bisschen mehr korea mehr deutschland korea tut beiden ländern gut,neutral,0.9229759573936462,301,8,"{'anger': 0.8540385365486145, 'fear': 0.00020699185552075505, 'disgust': 0.005435077473521233, 'sadness': 0.020309215411543846, 'joy': 0.03123832494020462, 'none of them': 0.09653248637914658, 'joy_linguistic': 1.2, 'joy_sentence_count': 1}",0.8540385365486145,0.0,0,0.00020699185552075505,0.0,0,0.005435077473521233,0.0,0,0.020309215411543846,0.0,0,0.03123832494020462,1.2,1,0.09653248637914658,0.0,0,anger,Deutschland & Leuten,Deutschland,2021-06-29_Xlh1RJcjwD8_Corona_ Verpasste Chancen der Bildungspolitik _ Markus Lanz.csv,2025-05-30T08:49:03.543484
" text: Computerspiele vor allem mit Zeichen Tabletts dazu können auch zum Schreibunterricht genutzt werden.\nAllerdings gehören Spiele, bei denen man überhaupt nicht lesen muss, verboten. Ich habe mich immer gewundert, warum ein Siebenjähriger nicht lesen konnte - bis ich gemerkt habe, dass er ein Lego-Spiel spielt, das mit Zeichensprache funktionierte.",45,text computerspiele zeichen tabletts schreibunterricht genutzt werdennallerdings gehören spiele denen überhaupt lesen verboten immer gewundert warum siebenjähriger lesen konnte gemerkt legospiel spielt zeichensprache funktionierte,negative,0.981991708278656,355,0,"{'anger': 0.9081894159317017, 'fear': 0.0005765229579992592, 'disgust': 0.006596154998987913, 'sadness': 0.0192593801766634, 'joy': 0.007512927055358887, 'none of them': 0.07523085176944733}",0.9081894159317017,0.0,0,0.0005765229579992592,0.0,0,0.006596154998987913,0.0,0,0.0192593801766634,0.0,0,0.007512927055358887,0.0,0,0.07523085176944733,0.0,0,anger,Schule & Kinder,Deutschland,2021-06-29_Xlh1RJcjwD8_Corona_ Verpasste Chancen der Bildungspolitik _ Markus Lanz.csv,2025-05-30T08:49:03.543484
" text: Bei 4:31 hätte die Antwort unisono heißen müssen ! Die weiblichen Personen sind die Guten Menschen.  Ich behaupte: in unserer Gesellschaft werden die männlichen Kinder vom System nicht mehr gefördert, im Gegenteil!   Das ätzende Lächeln, der Dame in Grün, hat sie bloß gestellt  !",46,text hätte antwort unisono heißen müssen weiblichen personen guten menschen behaupte unserer gesellschaft männlichen kinder system mehr gefördert gegenteil ätzende lächeln dame grün bloß gestellt,negative,0.715726375579834,287,-1,"{'anger': 0.9144505858421326, 'fear': 0.0015095062553882599, 'disgust': 0.056675199419260025, 'sadness': 0.023139048367738724, 'joy': 0.0047079031355679035, 'none of them': 0.016516143456101418, 'joy_linguistic': 1.0, 'joy_sentence_count': 1}",0.9144505858421326,0.0,0,0.0015095062553882599,0.0,0,0.056675199419260025,0.0,0,0.023139048367738724,0.0,0,0.0047079031355679035,1.0,1,0.016516143456101418,0.0,0,anger,Sonstige Themen,Deutschland,2021-06-29_Xlh1RJcjwD8_Corona_ Verpasste Chancen der Bildungspolitik _ Markus Lanz.csv,2025-05-30T08:49:03.543484
" text: 03:48  Genau, Bildung ist nicht wichtig für eine funktionierende Wirtschaft. Und Wirtschaft ist auch unwichtig. Wir leben ja nur davon.",47,text genau bildung wichtig funktionierende wirtschaft wirtschaft unwichtig leben davon,negative,0.9677090048789978,142,-1,"{'anger': 0.7762235403060913, 'fear': 0.0003076304274145514, 'disgust': 0.003752351738512516, 'sadness': 0.022655770182609558, 'joy': 0.005666655953973532, 'none of them': 0.2162291407585144, 'none of them_linguistic': 1.0, 'none of them_sentence_count': 1}",0.7762235403060913,0.0,0,0.0003076304274145514,0.0,0,0.003752351738512516,0.0,0,0.022655770182609558,0.0,0,0.005666655953973532,0.0,0,0.2162291407585144,1.0,1,none of them,Sonstige Themen,Deutschland,2021-06-29_Xlh1RJcjwD8_Corona_ Verpasste Chancen der Bildungspolitik _ Markus Lanz.csv,2025-05-30T08:49:03.543484
 text: Ich dachte die Zeitrechnung BC heißt before Christus - dabei heißt B.C. . - Before Corona - somit endete die Epoche 2018:-),48,text dachte zeitrechnung heißt before christus dabei heißt before corona somit endete epoche,neutral,0.9991512298583984,130,-1,"{'anger': 0.12747865915298462, 'fear': 0.0001044275049935095, 'disgust': 0.0023690995294600725, 'sadness': 0.02779950201511383, 'joy': 0.06140591576695442, 'none of them': 0.7797141075134277}",0.12747865915298462,0.0,0,0.0001044275049935095,0.0,0,0.0023690995294600725,0.0,0,0.02779950201511383,0.0,0,0.06140591576695442,0.0,0,0.7797141075134277,0.0,0,none of them,Sonstige Themen,Deutschland,2021-06-29_Xlh1RJcjwD8_Corona_ Verpasste Chancen der Bildungspolitik _ Markus Lanz.csv,2025-05-30T08:49:03.543484
 text: Die politik hat auch vor Corona nichts für die Schulkinder oder Schulen gemacht ...... ! Tische Stühle Toilette von 1965 !  Lehrer sind mehr als die Hälfte Quereinsteiger-kein pädagogische Bildung wollen angeblich Kinder motivieren.!? Demokratie und gleichberechtigung für Kinder gibt und gab es nicht . Die Frage ist warum ist es so vernachlässigt und   Chancen auf Bildung ungerecht verteilt worden ! ??,49,text politik corona schulkinder schulen gemacht tische stühle toilette lehrer mehr hälfte quereinsteigerkein pädagogische bildung angeblich kinder motivieren demokratie gleichberechtigung kinder gibt gab frage warum vernachlässigt chancen bildung ungerecht verteilt worden,negative,0.9963724613189697,412,0,"{'anger': 0.9441717267036438, 'fear': 0.0018448971677571535, 'disgust': 0.016829442232847214, 'sadness': 0.018694818019866943, 'joy': 0.006252009887248278, 'none of them': 0.028314925730228424, 'anger_linguistic': 0.5, 'anger_sentence_count': 1, 'none of them_linguistic': 0.5, 'none of them_sentence_count': 1}",0.9441717267036438,0.5,1,0.0018448971677571535,0.0,0,0.016829442232847214,0.0,0,0.018694818019866943,0.0,0,0.006252009887248278,0.0,0,0.028314925730228424,0.5,1,anger,Schule & Kinder,Deutschland,2021-06-29_Xlh1RJcjwD8_Corona_ Verpasste Chancen der Bildungspolitik _ Markus Lanz.csv,2025-05-30T08:49:03.543484
" text: Es zeichnet einfach unser generelles Problem, das sich jetzt insbesondere in der Bildungspolitik dramatisch auswirkt. Wir planen und führen, im besten Fall, nach gegenwärtigem Bedarf aus, ohne den Blick in die Zukunft zu richten. Simpelstes Beispiel: Autobahnausbau. Es wird ein aktueller Bedarf ermittelt. Dann wird ein Planungsverfahren eröffnet und wenn es dann tatsächlich zur Ausführung kommt, hat sich das Aufkommen zwischenzeitlich so eintwickelt, dass dieses Projekt dann zur Eröffnung den Bedarf nicht mehr deckt.\n\nUnd so ist unsere generelle Haltung, eben auch in der Bildungspolitik. Wir planen und verwalten uns schwindelig, und kommen nicht voran. Das Abschlussstatement trifft den Nagel auf den Kopf. Die Bedenkenträger haben so eine große Macht. Stattdessen sollte das Credo lauten: weniger labern, mehr machen. 💪",50,text zeichnet einfach generelles problem insbesondere bildungspolitik dramatisch auswirkt planen führen besten fall gegenwärtigem bedarf blick zukunft richten simpelstes beispiel autobahnausbau aktueller bedarf ermittelt planungsverfahren eröffnet tatsächlich ausführung kommt aufkommen zwischenzeitlich eintwickelt projekt eröffnung bedarf mehr decktnnund generelle haltung eben bildungspolitik planen verwalten schwindelig kommen voran abschlussstatement trifft nagel kopf bedenkenträger große macht stattdessen credo lauten weniger labern mehr,neutral,0.9871092438697815,837,0,"{'anger': 0.9232073426246643, 'fear': 0.0009892384987324476, 'disgust': 0.02018534205853939, 'sadness': 0.020970212295651436, 'joy': 0.006820743437856436, 'none of them': 0.058783259242773056, 'none of them_linguistic': 1.0, 'none of them_sentence_count': 1}",0.9232073426246643,0.0,0,0.0009892384987324476,0.0,0,0.02018534205853939,0.0,0,0.020970212295651436,0.0,0,0.006820743437856436,0.0,0,0.058783259242773056,1.0,1,anger,Schule & Kinder,Deutschland,2021-06-29_Xlh1RJcjwD8_Corona_ Verpasste Chancen der Bildungspolitik _ Markus Lanz.csv,2025-05-30T08:49:03.543484
 text: Verarsche pur. 🤮,51,text verarsche pur,negative,0.9968626499176025,23,3,"{'anger': 0.7578136920928955, 'fear': 0.0004665433370973915, 'disgust': 0.11341514438390732, 'sadness': 0.11852610111236572, 'joy': 0.006226763594895601, 'none of them': 0.04777213931083679}",0.7578136920928955,0.0,0,0.0004665433370973915,0.0,0,0.11341514438390732,0.0,0,0.11852610111236572,0.0,0,0.006226763594895601,0.0,0,0.04777213931083679,0.0,0,anger,Text & Pur,Deutschland,2021-06-29_Xlh1RJcjwD8_Corona_ Verpasste Chancen der Bildungspolitik _ Markus Lanz.csv,2025-05-30T08:49:03.543484
 text: Der Beste Satz die Schüler haben durch Corona keine Defizite also ich bin in Ausbildung und das war richtig schlimm aber da Merkt man das sie alle keine Ahnung haben und sowas nennt sich Bewertung!,52,text beste satz schüler corona defizite ausbildung richtig schlimm merkt ahnung sowas nennt bewertung,negative,0.9899724721908569,204,0,"{'anger': 0.9478100538253784, 'fear': 0.0025570224970579147, 'disgust': 0.02190251462161541, 'sadness': 0.015923725441098213, 'joy': 0.0057284049689769745, 'none of them': 0.02575938031077385, 'sadness_linguistic': 0.5, 'sadness_sentence_count': 1, 'disgust_linguistic': 0.5, 'disgust_sentence_count': 1}",0.9478100538253784,0.0,0,0.0025570224970579147,0.0,0,0.02190251462161541,0.5,1,0.015923725441098213,0.5,1,0.0057284049689769745,0.0,0,0.02575938031077385,0.0,0,anger,Schule & Kinder,Deutschland,2021-06-29_Xlh1RJcjwD8_Corona_ Verpasste Chancen der Bildungspolitik _ Markus Lanz.csv,2025-05-30T08:49:03.543484
 text: von verbrechern regiert ^^ LAUTERBACH LÄSST TIEF IN DIE \DELTA\-PLÄNE BLICKEN WTF - Hört ihr was der da sagt ??!!!\n\Das Virus muss kämpfen,53,text verbrechern regiert lauterbach lässt tief deltapläne blicken wtf hört sagt ndas virus kämpfen,negative,0.9509137272834778,146,11,"{'anger': 0.92657470703125, 'fear': 0.0019214783096686006, 'disgust': 0.0335199199616909, 'sadness': 0.021210599690675735, 'joy': 0.004208252299576998, 'none of them': 0.019086817279458046}",0.92657470703125,0.0,0,0.0019214783096686006,0.0,0,0.0335199199616909,0.0,0,0.021210599690675735,0.0,0,0.004208252299576998,0.0,0,0.019086817279458046,0.0,0,anger,Virus & Angst,Deutschland,2021-06-29_Xlh1RJcjwD8_Corona_ Verpasste Chancen der Bildungspolitik _ Markus Lanz.csv,2025-05-30T08:49:03.543484
" text: Zwei Beispiele was Schulen bewirken. Versuchen sie mal Kindern zu erzählen, deine Stunde ist 10 mal weniger Wert als die Stunde von deinem Spielkameraden. Nach dem Abitur wird das problemlos akzeptiert. Oder sie geben einem Kind eine Maske und fragen ob das gesund ist. Erwachsene glauben das obwohl Studien eindeutig was anderes sagen. Babys lernen aus eigenem Antrieb Laufen und Sprechen. Nach 10 Jahren Schule schaffen 25% nicht den Hauptschulabschluss und können nicht mehr gerecht Teilen. Und Lehrer haben immer noch nicht kapiert das still Sitzung lernen nicht funktionieren kann und schlecht Noten ein Beweis für Ihr Versagen ist, die Kinder nicht für Ihre Themen zu begeistern.\nWer nicht für sein Thema brennt, kann natürlich auch keinen Schüler begeistern.",54,text zwei beispiele schulen bewirken versuchen mal kindern erzählen stunde mal weniger wert stunde spielkameraden abitur problemlos akzeptiert geben kind maske fragen gesund erwachsene glauben obwohl studien eindeutig sagen babys lernen eigenem antrieb laufen sprechen jahren schule schaffen hauptschulabschluss mehr gerecht teilen lehrer immer kapiert still sitzung lernen funktionieren schlecht noten beweis versagen kinder themen begeisternnwer thema brennt natürlich schüler begeistern,neutral,0.8296188712120056,773,0,"{'anger': 0.9204513430595398, 'fear': 0.0013041947968304157, 'disgust': 0.009133289568126202, 'sadness': 0.023104213178157806, 'joy': 0.004759525880217552, 'none of them': 0.039846792817115784, 'none of them_linguistic': 1.0, 'none of them_sentence_count': 1}",0.9204513430595398,0.0,0,0.0013041947968304157,0.0,0,0.009133289568126202,0.0,0,0.023104213178157806,0.0,0,0.004759525880217552,0.0,0,0.039846792817115784,1.0,1,anger,Schule & Kinder,Deutschland,2021-06-29_Xlh1RJcjwD8_Corona_ Verpasste Chancen der Bildungspolitik _ Markus Lanz.csv,2025-05-30T08:49:03.543484
" text: Natürlich gibt es noch die untere Arbeiterklasse, geht mal auf den Bau. Ey in welcher Welt lebt ihr. Da wird geschuftet für nix.",55,text natürlich gibt untere arbeiterklasse geht mal bau welt lebt geschuftet nix,negative,0.9970139265060425,135,15,"{'anger': 0.9219666719436646, 'fear': 0.0006838659173808992, 'disgust': 0.019247999414801598, 'sadness': 0.021215852349996567, 'joy': 0.007437610533088446, 'none of them': 0.035375598818063736, 'joy_linguistic': 1.0, 'joy_sentence_count': 1}",0.9219666719436646,0.0,0,0.0006838659173808992,0.0,0,0.019247999414801598,0.0,0,0.021215852349996567,0.0,0,0.007437610533088446,1.0,1,0.035375598818063736,0.0,0,anger,Wurden & Lebe,Deutschland,2021-06-29_Xlh1RJcjwD8_Corona_ Verpasste Chancen der Bildungspolitik _ Markus Lanz.csv,2025-05-30T08:49:03.543484
" text: Übel übel übel. Hier ist es sehr sehr dunkel und man sieht, wo die Interessen der Politiker tatsächlich liegen, wie Medien nie die gesellschaftlich relevanten Themen aufgreifen und unsere Gesellschaft, die sich wohl nur für sich selbst interessiert. Digital ist ein Scheiß und ändert nichts am grundsätzlich schlechtem System. Fortschritt wäre schon, Lehrer nicht zu verbeamten und Choleriker zu feuern, statt sie ernsthaft auf andere Menschen loszulassen!!! Ich bin Gärtnerin und hätte kein Problem ein paar Gymnasiasten aus dem Bio-Unterricht zu entführen, ihnen unsere Pflanzen beizubringen und sie was tun zu lassen.",56,text übel übel übel dunkel sieht interessen politiker tatsächlich liegen medien nie gesellschaftlich relevanten themen aufgreifen gesellschaft wohl interessiert digital scheiß ändert grundsätzlich schlechtem system fortschritt wäre schon lehrer verbeamten choleriker feuern statt ernsthaft menschen loszulassen gärtnerin hätte problem paar gymnasiasten biounterricht entführen pflanzen beizubringen tun lassen,negative,0.9992983341217041,627,0,"{'anger': 0.9487231373786926, 'fear': 0.004521923139691353, 'disgust': 0.01784507744014263, 'sadness': 0.014632724225521088, 'joy': 0.005590224172919989, 'none of them': 0.02138608507812023, 'sadness_linguistic': 0.5, 'sadness_sentence_count': 1}",0.9487231373786926,0.0,0,0.004521923139691353,0.0,0,0.01784507744014263,0.0,0,0.014632724225521088,0.5,1,0.005590224172919989,0.0,0,0.02138608507812023,0.0,0,anger,Schule & Kinder,Deutschland,2021-06-29_Xlh1RJcjwD8_Corona_ Verpasste Chancen der Bildungspolitik _ Markus Lanz.csv,2025-05-30T08:49:03.543484
" text: Ändert mal diese völlig bescheuerte Regelung die SchülerInnen nicht gewährt ihre eignen Abiturprüfungen einzusehen und zurückzuerhalten wenn man nicht besteht, wie absurd ist das denn bitte!",57,text ändert mal völlig bescheuerte regelung schülerinnen gewährt eignen abiturprüfungen einzusehen zurückzuerhalten besteht absurd bitte,negative,0.9978533387184143,197,0,"{'anger': 0.9460735321044922, 'fear': 0.002923558233305812, 'disgust': 0.012696446850895882, 'sadness': 0.011592093855142593, 'joy': 0.008165913634002209, 'none of them': 0.02724110148847103, 'disgust_linguistic': 0.6, 'disgust_sentence_count': 1, 'anger_linguistic': 0.6, 'anger_sentence_count': 1}",0.9460735321044922,0.6,1,0.002923558233305812,0.0,0,0.012696446850895882,0.6,1,0.011592093855142593,0.0,0,0.008165913634002209,0.0,0,0.02724110148847103,0.0,0,anger,Schule & Kinder,Deutschland,2021-06-29_Xlh1RJcjwD8_Corona_ Verpasste Chancen der Bildungspolitik _ Markus Lanz.csv,2025-05-30T08:49:03.543484
" text: Zur Digitalisierung - falls Lehrkräfte, Schulleiter etc. es zur Kenntnis nehmen sollten ...\n\nEs ist nicht gerade hilfreich, \nSchulbedarfslisten \nonline \nzu versenden und in Fachgeschäften von Eltern oder Schülern permanent ein Smartphone entgegengestreckt zu bekommen, um die gesamte Einkaufsliste gemeinsam \abzuarbeiten\.\n\nManchmal ist das Printmedium schlichtweg die praktikablere Variante.\n\nAlso, liebe Schüler / Eltern:\nDruckt Euch die Listen bitte \ngut leserlich aus 🙂",58,text digitalisierung falls lehrkräfte schulleiter etc kenntnis nehmen sollten nnes gerade hilfreich nschulbedarfslisten nonline nzu versenden fachgeschäften eltern schülern permanent smartphone entgegengestreckt bekommen gesamte einkaufsliste gemeinsam abzuarbeitennnmanchmal printmedium schlichtweg praktikablere variantennalso liebe schüler elternndruckt listen bitte ngut leserlich,negative,0.9959834814071655,492,14,"{'anger': 0.9282013773918152, 'fear': 0.0013966703554615378, 'disgust': 0.008236885070800781, 'sadness': 0.015011433511972427, 'joy': 0.00762482825666666, 'none of them': 0.038438133895397186, 'joy_linguistic': 0.4, 'joy_sentence_count': 1, 'sadness_linguistic': 0.2, 'sadness_sentence_count': 1, 'disgust_linguistic': 0.2, 'disgust_sentence_count': 1, 'anger_linguistic': 0.2, 'anger_sentence_count': 1}",0.9282013773918152,0.2,1,0.0013966703554615378,0.0,0,0.008236885070800781,0.2,1,0.015011433511972427,0.2,1,0.00762482825666666,0.4,1,0.038438133895397186,0.0,0,anger,Schüler & Studenten,Deutschland,2021-06-29_Xlh1RJcjwD8_Corona_ Verpasste Chancen der Bildungspolitik _ Markus Lanz.csv,2025-05-30T08:49:03.543484
" text: Vor allem was da an Potential wahrscheinlich vernichtet wird.. wenn viele im Bildungssystem gar nicht weiter kommen weil sie sozial nicht so gute Ausgangssituationen haben.. was da an Ressourcen verschwendet wird..unglaublich...  Wenn nur eine Gesellschaftsschicht sich besonders reproduziert, sind wir doch total einseitig aufgestellt.. man kann nur den Kopf schütteln..",59,text potential wahrscheinlich vernichtet viele bildungssystem gar kommen sozial gute ausgangssituationen ressourcen verschwendet wirdunglaublich gesellschaftsschicht besonders reproduziert total einseitig aufgestellt kopf schütteln,negative,0.9983265995979309,378,-1,"{'anger': 0.9376968741416931, 'fear': 0.0046751657500863075, 'disgust': 0.026370394974946976, 'sadness': 0.01440857257694006, 'joy': 0.0045760031789541245, 'none of them': 0.01750986836850643, 'joy_linguistic': 1.2, 'joy_sentence_count': 1}",0.9376968741416931,0.0,0,0.0046751657500863075,0.0,0,0.026370394974946976,0.0,0,0.01440857257694006,0.0,0,0.0045760031789541245,1.2,1,0.01750986836850643,0.0,0,anger,Sonstige Themen,Deutschland,2021-06-29_Xlh1RJcjwD8_Corona_ Verpasste Chancen der Bildungspolitik _ Markus Lanz.csv,2025-05-30T08:49:03.543484
 text: Wie immer wieder nix gemacht. Eltern sind meistens mit sich selber beschäftigt.,60,text immer nix gemacht eltern meistens selber beschäftigt,negative,0.9955718517303467,86,-1,"{'anger': 0.863440990447998, 'fear': 0.0004398538148961961, 'disgust': 0.04036399722099304, 'sadness': 0.05138619616627693, 'joy': 0.006054898723959923, 'none of them': 0.053718335926532745}",0.863440990447998,0.0,0,0.0004398538148961961,0.0,0,0.04036399722099304,0.0,0,0.05138619616627693,0.0,0,0.006054898723959923,0.0,0,0.053718335926532745,0.0,0,anger,Sonstige Themen,Deutschland,2021-06-29_Xlh1RJcjwD8_Corona_ Verpasste Chancen der Bildungspolitik _ Markus Lanz.csv,2025-05-30T08:49:03.543484
" text: Ich kann diese Wort Corona nicht mehr hööööööören,capito aber auch test, Impfung, karentina, Maske 😷, nicht mehr hören.",61,text wort corona mehr hööööööörencapito test impfung karentina maske mehr hören,neutral,0.9963281750679016,126,5,"{'anger': 0.7900550961494446, 'fear': 0.0001193634161609225, 'disgust': 0.006768574472516775, 'sadness': 0.026479706168174744, 'joy': 0.022165564820170403, 'none of them': 0.15166465938091278}",0.7900550961494446,0.0,0,0.0001193634161609225,0.0,0,0.006768574472516775,0.0,0,0.026479706168174744,0.0,0,0.022165564820170403,0.0,0,0.15166465938091278,0.0,0,anger,Maske & Masken,Deutschland,2021-06-29_Xlh1RJcjwD8_Corona_ Verpasste Chancen der Bildungspolitik _ Markus Lanz.csv,2025-05-30T08:49:03.543484
" text: Die Durchlässigkeit ist nach wie vor mangelhaft. Der Wechsel von Beruf und Karriere, zumindest für Berufserfahrene und flexible, junge Menschen, ist häufig zu komplex. Ebenso die Bürokratie. Einfach unwirtschaftlich und oft dem Eigennutz mehr dienlich als der zweckdienenden Verwendungsabsicht.",62,text durchlässigkeit mangelhaft wechsel beruf karriere zumindest berufserfahrene flexible junge menschen häufig komplex ebenso bürokratie einfach unwirtschaftlich oft eigennutz mehr dienlich zweckdienenden verwendungsabsicht,negative,0.9928792119026184,301,10,"{'anger': 0.9054583311080933, 'fear': 0.0010610921308398247, 'disgust': 0.006819832604378462, 'sadness': 0.02233150601387024, 'joy': 0.004952328745275736, 'none of them': 0.06598328799009323}",0.9054583311080933,0.0,0,0.0010610921308398247,0.0,0,0.006819832604378462,0.0,0,0.02233150601387024,0.0,0,0.004952328745275736,0.0,0,0.06598328799009323,0.0,0,anger,Probleme & Jobs,Deutschland,2021-06-29_Xlh1RJcjwD8_Corona_ Verpasste Chancen der Bildungspolitik _ Markus Lanz.csv,2025-05-30T08:49:03.543484
" text: Frei Tag 🙂 \nWäre schön, wenn in Schulen nicht nach Lehrplan unterrichtet, sondern nach Begabung gefördert werden würde und wenn man in Schulen lernen würde, was man zum Leben wirklich braucht. \n\nVieles, was als Allgemeinbildung einen so hohen Stellenwert und ein so hohes Ansehen genießt, ist \nim Prinzip sinnloses Wissen.\n\nPolitik und ihre \Lösungen\ für die Probleme dieser Welt oder ihre  Zielvorgaben scheinen manchmal weltfremd, lebensfremd - Theorie ohne Praxis. \nUnd nicht selten liegt's an der Bürokratie. \nOder am System, das besagter Grafik dient und den amerikanisch-deutschen Verhältnissen.",63,text frei tag nwäre schön schulen lehrplan unterrichtet begabung gefördert schulen lernen leben wirklich braucht nnvieles allgemeinbildung hohen stellenwert hohes ansehen genießt nim prinzip sinnloses wissennnpolitik lösungen probleme welt zielvorgaben scheinen manchmal weltfremd lebensfremd theorie praxis nund selten liegts bürokratie noder system besagter grafik dient amerikanischdeutschen verhältnissen,negative,0.9867296814918518,617,0,"{'anger': 0.8905004858970642, 'fear': 0.0003639323404058814, 'disgust': 0.005573763512074947, 'sadness': 0.02747020684182644, 'joy': 0.010425183922052383, 'none of them': 0.08178762346506119, 'joy_linguistic': 0.25, 'joy_sentence_count': 1, 'sadness_linguistic': 0.25, 'sadness_sentence_count': 1, 'disgust_linguistic': 0.25, 'disgust_sentence_count': 1, 'anger_linguistic': 0.25, 'anger_sentence_count': 1}",0.8905004858970642,0.25,1,0.0003639323404058814,0.0,0,0.005573763512074947,0.25,1,0.02747020684182644,0.25,1,0.010425183922052383,0.25,1,0.08178762346506119,0.0,0,anger,Schule & Kinder,Deutschland,2021-06-29_Xlh1RJcjwD8_Corona_ Verpasste Chancen der Bildungspolitik _ Markus Lanz.csv,2025-05-30T08:49:03.543484
 text: Gähnt Welzer zu Beginn seiner jeweiligen Antworten? Ist das ein subtiler Hinweis auf die Qualität der Fragen des Moderators?,64,text gähnt welzer beginn jeweiligen antworten subtiler hinweis qualität fragen moderators,neutral,0.9661210775375366,131,-1,"{'anger': 0.8489282131195068, 'fear': 0.00020306845544837415, 'disgust': 0.009023127146065235, 'sadness': 0.026326503604650497, 'joy': 0.009141008369624615, 'none of them': 0.11424356698989868, 'none of them_linguistic': 1.0, 'none of them_sentence_count': 1}",0.8489282131195068,0.0,0,0.00020306845544837415,0.0,0,0.009023127146065235,0.0,0,0.026326503604650497,0.0,0,0.009141008369624615,0.0,0,0.11424356698989868,1.0,1,anger,Sonstige Themen,Deutschland,2021-06-29_Xlh1RJcjwD8_Corona_ Verpasste Chancen der Bildungspolitik _ Markus Lanz.csv,2025-05-30T08:49:03.543484
 text: Kannst du das konkretisieren?,65,text kannst konkretisieren,neutral,0.9903808236122131,36,3,"{'anger': 0.06108095496892929, 'fear': 0.0013434182619675994, 'disgust': 0.0014051300240680575, 'sadness': 0.007089671213179827, 'joy': 0.016583679243922234, 'none of them': 0.9182580709457397}",0.06108095496892929,0.0,0,0.0013434182619675994,0.0,0,0.0014051300240680575,0.0,0,0.007089671213179827,0.0,0,0.016583679243922234,0.0,0,0.9182580709457397,0.0,0,none of them,Text & Pur,Deutschland,2021-06-29_Xlh1RJcjwD8_Corona_ Verpasste Chancen der Bildungspolitik _ Markus Lanz.csv,2025-05-30T08:49:03.543484
 text: Unser Schulsystem ist genau da wo es sein soll. Aus dummen Schülern werden dumme Erwachsene. Die lassen sich dann alles erzählen.,66,text schulsystem genau dummen schülern dumme erwachsene lassen erzählen,positive,0.667579710483551,136,0,"{'anger': 0.8793240189552307, 'fear': 0.0018920546863228083, 'disgust': 0.08195953071117401, 'sadness': 0.056328076869249344, 'joy': 0.004453892353922129, 'none of them': 0.017730817198753357, 'anger_linguistic': 0.5, 'anger_sentence_count': 1, 'none of them_linguistic': 0.5, 'none of them_sentence_count': 1}",0.8793240189552307,0.5,1,0.0018920546863228083,0.0,0,0.08195953071117401,0.0,0,0.056328076869249344,0.0,0,0.004453892353922129,0.0,0,0.017730817198753357,0.5,1,anger,Schule & Kinder,Deutschland,2021-06-29_Xlh1RJcjwD8_Corona_ Verpasste Chancen der Bildungspolitik _ Markus Lanz.csv,2025-05-30T08:49:03.543484
 text:  @dieterkubath3196  schlies doch nicht von dir auf andere 😉,67,text dieterkubath schlies,neutral,0.9913597702980042,66,-1,"{'anger': 0.799789547920227, 'fear': 0.00016499416960868984, 'disgust': 0.01167424488812685, 'sadness': 0.021827584132552147, 'joy': 0.008557938039302826, 'none of them': 0.12894664704799652}",0.799789547920227,0.0,0,0.00016499416960868984,0.0,0,0.01167424488812685,0.0,0,0.021827584132552147,0.0,0,0.008557938039302826,0.0,0,0.12894664704799652,0.0,0,anger,Sonstige Themen,Deutschland,2021-06-29_Xlh1RJcjwD8_Corona_ Verpasste Chancen der Bildungspolitik _ Markus Lanz.csv,2025-05-30T08:49:03.543484
" text:  @pyromanemane8036  lesen Sie mal die Psychologie der Massen, das 125 Jahre alte Buch gibt es auf YouTube als Hörbuch.",68,text pyromanemane lesen mal psychologie massen jahre alte buch gibt youtube hörbuch,neutral,0.9893502593040466,125,2,"{'anger': 0.5669750571250916, 'fear': 8.098423859337345e-05, 'disgust': 0.0042863148264586926, 'sadness': 0.0428011417388916, 'joy': 0.016821855679154396, 'none of them': 0.39009273052215576}",0.5669750571250916,0.0,0,8.098423859337345e-05,0.0,0,0.0042863148264586926,0.0,0,0.0428011417388916,0.0,0,0.016821855679154396,0.0,0,0.39009273052215576,0.0,0,anger,Pyromanemane & Psyche,Deutschland,2021-06-29_Xlh1RJcjwD8_Corona_ Verpasste Chancen der Bildungspolitik _ Markus Lanz.csv,2025-05-30T08:49:03.543484
 text: Man kann sich die Wirklichkeit nunmal nicht aussuchen. Aber weniger Youtube wäre ein Anfang. Du hast nun mal freiwillig ein Video zum Thema ausgewählt 😬,69,text wirklichkeit nunmal aussuchen weniger youtube wäre anfang hast mal freiwillig video thema ausgewählt,negative,0.9743009209632874,159,9,"{'anger': 0.8771782517433167, 'fear': 0.0005022495752200484, 'disgust': 0.007527950219810009, 'sadness': 0.013623161241412163, 'joy': 0.006216005422174931, 'none of them': 0.09125236421823502}",0.8771782517433167,0.0,0,0.0005022495752200484,0.0,0,0.007527950219810009,0.0,0,0.013623161241412163,0.0,0,0.006216005422174931,0.0,0,0.09125236421823502,0.0,0,anger,Wählen & Cdu,Deutschland,2021-06-29_Xlh1RJcjwD8_Corona_ Verpasste Chancen der Bildungspolitik _ Markus Lanz.csv,2025-05-30T08:49:03.543484
 text: Wird doch jetzt schon nach begabung gelehrt. Die guten Schüler werden vom Lehrer noch mehr gepusht und der Rest der nicht mitkommt kann schauen wo er bleibt.,70,text schon begabung gelehrt guten schüler lehrer mehr gepusht rest mitkommt schauen bleibt,neutral,0.9714173078536987,164,-1,"{'anger': 0.7848215699195862, 'fear': 0.00010976723569910973, 'disgust': 0.006226524244993925, 'sadness': 0.03730896860361099, 'joy': 0.020114215090870857, 'none of them': 0.16444925963878632, 'joy_linguistic': 1.0, 'joy_sentence_count': 1}",0.7848215699195862,0.0,0,0.00010976723569910973,0.0,0,0.006226524244993925,0.0,0,0.03730896860361099,0.0,0,0.020114215090870857,1.0,1,0.16444925963878632,0.0,0,anger,Sonstige Themen,Deutschland,2021-06-29_Xlh1RJcjwD8_Corona_ Verpasste Chancen der Bildungspolitik _ Markus Lanz.csv,2025-05-30T08:49:03.543484
" text:  @pyromanemane8036  \nSo hatte ich mir das aber nicht vorgestellt.\nSondern eher so, dass man herausfindet, welche \nInteressen & Talente \neinem Menschen mit in die Wiege gelegt wurden und dass man ihn dann darin bestärkt, darauf aufbauend auch einen beruflichen Werdegang einschlagen zu können.\n\nHeißt im Klartext:\nWer lesen und schreiben sowie die Grundrechenarten in der Grundschule erlernt hat, der wird \nin weiterführenden Schulen nach 2 Orientierungsjahren individuell gefördert.\n\nTechnisch Begabte technisch.\nSprachlich Begabte sprachlich.\nKünstlerisch kreativ Veranlagte Handwerklich oder sonstwie im Rahmen von Berufszweigen, die mit Gestaltung und Ausdruck / Unterhaltung, Schauspiel etc. \nzu tun haben.\n\nDas Lebenspraxis bezogene Unterrichten muß den Hauptteil der schulischen Ausbildung ausmachen!\n\nKochen + Ernährungslehre + Gesundheitsberatung.\nHandwerk + Ökologie + Ökonomie.\nReligion + Soziologie + Seelsorge.\n\nAlles das fängt mit den Kinderschuhen an.\nNicht erst im Berufsschulalter oder während des Studiums.\n\nUnd es nützt absolut gar nichts, einem Kind etwas \eintrichtern\ zu wollen, was laut Lehrplan auf dem Lernziel-Plan steht, wofür es zu dem Zeitpunkt aber keine aufnahmefähige Gehirnzelle \n\parat\ hat.\nDie Synopse dafür kann im Laufe der Zeit noch heranwachsen, mit ihr auch das Verständnis und somit sowohl Bereitschaft, als auch Fähigkeit, es erlernen und behalten zu können.\n\nAber wenn der Zeitpunkt nicht gemäß Lehrplan \vorhanden\ ist, \nist er schlichtweg nicht da!\n\nDann tut man sowohl dem Kind, als auch den Lehrkräften einen größeren und bei weitem sinnvolleren Gefallen, wenn Bildungssysteme so vielseitig aufgebaut werden, dass Kinder individuell gefördert werden können ...",71,text pyromanemane nso vorgestelltnsondern eher herausfindet ninteressen talente neinem menschen wiege gelegt wurden darin bestärkt darauf aufbauend beruflichen werdegang einschlagen könnennnheißt klartextnwer lesen schreiben sowie grundrechenarten grundschule erlernt nin weiterführenden schulen orientierungsjahren individuell gefördertnntechnisch begabte technischnsprachlich begabte sprachlichnkünstlerisch kreativ veranlagte handwerklich sonstwie rahmen berufszweigen gestaltung ausdruck unterhaltung schauspiel etc nzu tun habennndas lebenspraxis bezogene unterrichten muß hauptteil schulischen ausbildung ausmachennnkochen ernährungslehre gesundheitsberatungnhandwerk ökologie ökonomienreligion soziologie seelsorgennalles fängt kinderschuhen annnicht erst berufsschulalter studiumsnnund nützt absolut gar kind eintrichtern laut lehrplan lernzielplan steht wofür zeitpunkt aufnahmefähige gehirnzelle nparat hatndie synopse dafür laufe zeit heranwachsen verständnis somit sowohl bereitschaft fähigkeit erlernen behalten könnennnaber zeitpunkt gemäß lehrplan vorhanden nist schlichtweg danndann tut sowohl kind lehrkräften größeren weitem sinnvolleren gefallen bildungssysteme vielseitig aufgebaut kinder individuell gefördert,negative,0.9840620756149292,1746,2,"{'anger': 0.7514534592628479, 'fear': 0.00020047246653120965, 'disgust': 0.0035068062134087086, 'sadness': 0.031833626329898834, 'joy': 0.05756005272269249, 'none of them': 0.7923216223716736, 'sadness_linguistic': 0.39999999999999997, 'sadness_sentence_count': 1, 'fear_linguistic': 0.39999999999999997, 'fear_sentence_count': 1, 'none of them_linguistic': 0.39999999999999997, 'none of them_sentence_count': 1}",0.7514534592628479,0.0,0,0.00020047246653120965,0.39999999999999997,1,0.0035068062134087086,0.0,0,0.031833626329898834,0.39999999999999997,1,0.05756005272269249,0.0,0,0.7923216223716736,0.39999999999999997,1,none of them,Pyromanemane & Psyche,Deutschland,2021-06-29_Xlh1RJcjwD8_Corona_ Verpasste Chancen der Bildungspolitik _ Markus Lanz.csv,2025-05-30T08:49:03.543484
 text:  @liebeistliebe3965  ich hab deinen Gedankengang schon zu Beginn erfast. An der Kombination der einzelnen Sachen wirds aber denke ich etwas schwierig. Wollte mit meinem kommi eigentlich nur sagen wies aktuell in den Schulen und Berufsschulen aussieht,72,text liebeistliebe gedankengang schon beginn erfast kombination einzelnen sachen wirds denke schwierig kommi eigentlich sagen wies aktuell schulen berufsschulen aussieht,neutral,0.9220453500747681,257,0,"{'anger': 0.7523210644721985, 'fear': 0.00011713505227817222, 'disgust': 0.009137221612036228, 'sadness': 0.138710618019104, 'joy': 0.019617440178990364, 'none of them': 0.09385794401168823, 'joy_linguistic': 0.3333333333333333, 'joy_sentence_count': 1, 'fear_linguistic': 0.3333333333333333, 'fear_sentence_count': 1, 'none of them_linguistic': 0.3333333333333333, 'none of them_sentence_count': 1}",0.7523210644721985,0.0,0,0.00011713505227817222,0.3333333333333333,1,0.009137221612036228,0.0,0,0.138710618019104,0.0,0,0.019617440178990364,0.3333333333333333,1,0.09385794401168823,0.3333333333333333,1,anger,Schule & Kinder,Deutschland,2021-06-29_Xlh1RJcjwD8_Corona_ Verpasste Chancen der Bildungspolitik _ Markus Lanz.csv,2025-05-30T08:49:03.543484
" text:  @pyromanemane8036  \nJa, das weiß ich. Auch ich habe Dich und Deinen Gedankengang verstanden. \nEigentlich habe ich die komplette Reform des Bildungssystemes \n\im Kopf\.\nDann würde es auch nirgends hapern. \nEs würde sogar eine Aufwertung eines jeden Berufes mit sich bringen.\n\nBeruf kommt von Berufung!\nSeit Jahrzehnten wählten Menschen Berufe u.a. auch nach dem Aspekt \n\Verdienstmöglichkeit\, \n\Aufstiegschancen\,\n\Ansehen\.\n\nVöllig falscher Ansatz!\n\nEs hat dazu geführt, dass besagte Statistik aussieht, wie sie aussieht.\n\nNehmen wir die U-Bahn-Reinigungskraft:\n\nWie dankbar können wir alle ihr sein, dass sie diesen überaus wichtigen und wertvollen Job macht ?!\n\nWie verwahrlost, unästhetisch und möglicherweise auch geruchsbelästigend würden Passanten solche Orte vorfinden, gäbe es keine Reinigungskräfte?\n\nWie wäre es, wenn Reinigungskräfte auch über die Substanzen genauestens informiert sind, die sie zur Reinigung einsetzen.\nWenn sie Kenntnisse über ökologisch vertretbare Mittel haben, wenn sie in die Kette von Angebot und Nachfrage involviert werden, und auch Beratungen von Privatpersonen durchführen dürften etc. pp ?",73,text pyromanemane nja weiß gedankengang verstanden neigentlich komplette reform bildungssystemes nim kopfndann nirgends hapern nes sogar aufwertung berufes bringennnberuf kommt berufungnseit jahrzehnten wählten menschen berufe aspekt nverdienstmöglichkeit naufstiegschancennansehennnvöllig falscher ansatznnes geführt besagte statistik aussieht aussiehtnnnehmen ubahnreinigungskraftnnwie dankbar überaus wichtigen wertvollen job macht nnwie verwahrlost unästhetisch möglicherweise geruchsbelästigend passanten orte vorfinden gäbe reinigungskräftennwie wäre reinigungskräfte substanzen genauestens informiert reinigung einsetzennwenn kenntnisse ökologisch vertretbare mittel kette angebot nachfrage involviert beratungen privatpersonen durchführen dürften etc,negative,0.9155258536338806,1162,-1,"{'anger': 0.9387518763542175, 'fear': 0.0015306597342714667, 'disgust': 0.01814098283648491, 'sadness': 0.028872055932879448, 'joy': 0.006468357518315315, 'none of them': 0.06353789567947388, 'joy_linguistic': 0.25, 'joy_sentence_count': 1, 'none of them_linguistic': 0.75, 'none of them_sentence_count': 1}",0.9387518763542175,0.0,0,0.0015306597342714667,0.0,0,0.01814098283648491,0.0,0,0.028872055932879448,0.0,0,0.006468357518315315,0.25,1,0.06353789567947388,0.75,1,anger,Sonstige Themen,Deutschland,2021-06-29_Xlh1RJcjwD8_Corona_ Verpasste Chancen der Bildungspolitik _ Markus Lanz.csv,2025-05-30T08:49:03.543484
 text:  @liebeistliebe3965  jop da bin ich ganz bei dir. Auch sollten wichtige Jobs wie zb der des U-Bahn reinigers wesentlich besser bezahlt werden. Hab meinen Kaufmann im Einzelhandel gemacht und die Krise hat dafür gesorgt das ich keinen bock mehr auf meinen job hab und jetzt die Branche gewechselt habe.,74,text liebeistliebe jop ganz sollten wichtige jobs ubahn reinigers wesentlich besser bezahlt kaufmann einzelhandel gemacht krise dafür gesorgt bock mehr job branche gewechselt,negative,0.9513152241706848,308,10,"{'anger': 0.8947739601135254, 'fear': 0.0005651437095366418, 'disgust': 0.005359990056604147, 'sadness': 0.01763128489255905, 'joy': 0.008539225906133652, 'none of them': 0.07752124220132828, 'joy_linguistic': 1.0, 'joy_sentence_count': 1}",0.8947739601135254,0.0,0,0.0005651437095366418,0.0,0,0.005359990056604147,0.0,0,0.01763128489255905,0.0,0,0.008539225906133652,1.0,1,0.07752124220132828,0.0,0,anger,Probleme & Jobs,Deutschland,2021-06-29_Xlh1RJcjwD8_Corona_ Verpasste Chancen der Bildungspolitik _ Markus Lanz.csv,2025-05-30T08:49:03.543484
" text:  @pyromanemane8036  \nSo ist das mit Lebensläufen.\nSolange Bildungssysteme so offen sind, dass man Fachkenntnisse erlangen kann, ist ein Wechsel möglich.\n\nBin über Grafik zum Buchhandel gelangt und schließlich im Einzelhandel \gelandet\ ... \nweil Lebensläufe und \nzeitliche, wirtschaftliche oder \nauch gesellschaftliche Entwicklungen \nüber die Arbeitswelt in ihrer gesamten Komplexität und Auswirkung auf den Einzelnen \nund sein individuelles Schicksal mehr über Politik & Wirtschaft sowie Gesellschaft \naussagen, als über die jeweilige Person, die diesen Lebenslauf schreibt 😉",75,text pyromanemane nso lebensläufennsolange bildungssysteme offen fachkenntnisse erlangen wechsel möglichnnbin grafik buchhandel gelangt schließlich einzelhandel gelandet nweil lebensläufe nzeitliche wirtschaftliche nauch gesellschaftliche entwicklungen nüber arbeitswelt gesamten komplexität auswirkung einzelnen nund individuelles schicksal mehr politik wirtschaft sowie gesellschaft naussagen jeweilige person lebenslauf schreibt,neutral,0.9939973950386047,593,-1,"{'anger': 0.8403820395469666, 'fear': 0.00020685729396063834, 'disgust': 0.006563082803040743, 'sadness': 0.04242035746574402, 'joy': 0.010275219567120075, 'none of them': 0.0965414047241211}",0.8403820395469666,0.0,0,0.00020685729396063834,0.0,0,0.006563082803040743,0.0,0,0.04242035746574402,0.0,0,0.010275219567120075,0.0,0,0.0965414047241211,0.0,0,anger,Sonstige Themen,Deutschland,2021-06-29_Xlh1RJcjwD8_Corona_ Verpasste Chancen der Bildungspolitik _ Markus Lanz.csv,2025-05-30T08:49:03.543484
 text:  @pyromanemane8036  EMA,76,text pyromanemane ema,neutral,0.9999052286148071,30,2,"{'anger': 0.05013873428106308, 'fear': 0.00012614516890607774, 'disgust': 0.00443077739328146, 'sadness': 0.02084227092564106, 'joy': 0.05392187088727951, 'none of them': 0.8643205761909485}",0.05013873428106308,0.0,0,0.00012614516890607774,0.0,0,0.00443077739328146,0.0,0,0.02084227092564106,0.0,0,0.05392187088727951,0.0,0,0.8643205761909485,0.0,0,none of them,Pyromanemane & Psyche,Deutschland,2021-06-29_Xlh1RJcjwD8_Corona_ Verpasste Chancen der Bildungspolitik _ Markus Lanz.csv,2025-05-30T08:49:03.543484
 text:  @pyromanemane8036  Endra,77,text pyromanemane endra,neutral,0.9994438290596008,32,2,"{'anger': 0.02566412463784218, 'fear': 0.0010126623092219234, 'disgust': 0.003620192175731063, 'sadness': 0.008404727093875408, 'joy': 0.02603178657591343, 'none of them': 0.9454009532928467}",0.02566412463784218,0.0,0,0.0010126623092219234,0.0,0,0.003620192175731063,0.0,0,0.008404727093875408,0.0,0,0.02603178657591343,0.0,0,0.9454009532928467,0.0,0,none of them,Pyromanemane & Psyche,Deutschland,2021-06-29_Xlh1RJcjwD8_Corona_ Verpasste Chancen der Bildungspolitik _ Markus Lanz.csv,2025-05-30T08:49:03.543484
 text:  @pyromanemane8036  Vigilance,78,text pyromanemane vigilance,neutral,0.9934518337249756,36,2,"{'anger': 0.47011446952819824, 'fear': 0.0001758005382725969, 'disgust': 0.01001393049955368, 'sadness': 0.07391668111085892, 'joy': 0.007748956326395273, 'none of them': 0.47237393260002136}",0.47011446952819824,0.0,0,0.0001758005382725969,0.0,0,0.01001393049955368,0.0,0,0.07391668111085892,0.0,0,0.007748956326395273,0.0,0,0.47237393260002136,0.0,0,none of them,Pyromanemane & Psyche,Deutschland,2021-06-29_Xlh1RJcjwD8_Corona_ Verpasste Chancen der Bildungspolitik _ Markus Lanz.csv,2025-05-30T08:49:03.543484
 text: Vermutlich trägt Herr Welzer zu viel Maske.,79,text vermutlich trägt herr welzer maske,neutral,0.9999780654907227,50,5,"{'anger': 0.4332186281681061, 'fear': 9.020990546559915e-05, 'disgust': 0.007283966057002544, 'sadness': 0.03925641253590584, 'joy': 0.010759466327726841, 'none of them': 0.46927332878112793}",0.4332186281681061,0.0,0,9.020990546559915e-05,0.0,0,0.007283966057002544,0.0,0,0.03925641253590584,0.0,0,0.010759466327726841,0.0,0,0.46927332878112793,0.0,0,none of them,Maske & Masken,Deutschland,2021-06-29_Xlh1RJcjwD8_Corona_ Verpasste Chancen der Bildungspolitik _ Markus Lanz.csv,2025-05-30T08:49:03.543484
" text: Kritik an \Bildungspolitik\ welche es nicht gibt. Keine Lehrer, keine Mittel, keinen (Baer)Bock. Das Ergebnis aus Spitzenpolitiker, ein Bundestag mit über 700 Abgeordneten und 16 Jahren Merkel.",80,text kritik bildungspolitik gibt lehrer mittel baerbock ergebnis spitzenpolitiker bundestag abgeordneten jahren merkel,neutral,0.985066294670105,200,13,"{'anger': 0.5176867246627808, 'fear': 8.136105316225439e-05, 'disgust': 0.003472170326858759, 'sadness': 0.060692861676216125, 'joy': 0.014643964357674122, 'none of them': 0.36666667461395264, 'joy_linguistic': 1.0, 'joy_sentence_count': 1}",0.5176867246627808,0.0,0,8.136105316225439e-05,0.0,0,0.003472170326858759,0.0,0,0.060692861676216125,0.0,0,0.014643964357674122,1.0,1,0.36666667461395264,0.0,0,joy,Bildungspolitik & Jahren,Deutschland,2021-06-29_Xlh1RJcjwD8_Corona_ Verpasste Chancen der Bildungspolitik _ Markus Lanz.csv,2025-05-30T08:49:03.543484
 text: Vielleicht sollten wir digitale Kinder haben?\nDann könnte man auch mal auf Pause drücken.,81,text vielleicht sollten digitale kinder habenndann mal pause drücken,negative,0.6800186038017273,97,0,"{'anger': 0.6506955027580261, 'fear': 0.0001162325861514546, 'disgust': 0.002924471627920866, 'sadness': 0.03995790705084801, 'joy': 0.01536939013749361, 'none of them': 0.3668699562549591}",0.6506955027580261,0.0,0,0.0001162325861514546,0.0,0,0.002924471627920866,0.0,0,0.03995790705084801,0.0,0,0.01536939013749361,0.0,0,0.3668699562549591,0.0,0,anger,Schule & Kinder,Deutschland,2021-06-29_Xlh1RJcjwD8_Corona_ Verpasste Chancen der Bildungspolitik _ Markus Lanz.csv,2025-05-30T08:49:03.543484
 text: Bildungspolitik und die Grünen.....\nZwei Welten treffen aufeinander.....\nHat von den Opern überhaupt einer einen Schulabschluss?,82,text bildungspolitik grünennzwei welten treffen aufeinandernhat opern überhaupt schulabschluss,negative,0.9612850546836853,137,13,"{'anger': 0.8513627052307129, 'fear': 0.00022060908668208867, 'disgust': 0.006902550347149372, 'sadness': 0.021866168826818466, 'joy': 0.013934564776718616, 'none of them': 0.10146109014749527}",0.8513627052307129,0.0,0,0.00022060908668208867,0.0,0,0.006902550347149372,0.0,0,0.021866168826818466,0.0,0,0.013934564776718616,0.0,0,0.10146109014749527,0.0,0,anger,Bildungspolitik & Jahren,Deutschland,2021-06-29_Xlh1RJcjwD8_Corona_ Verpasste Chancen der Bildungspolitik _ Markus Lanz.csv,2025-05-30T08:49:03.543484
" text: Nun ist Lanz ja ein Garant für Inkompetenz, dann noch die Nieten die dort rum sitzen, perfekt!",83,text lanz garant inkompetenz nieten rum sitzen perfekt,positive,0.9016647934913635,101,4,"{'anger': 0.8878036141395569, 'fear': 0.000373494258383289, 'disgust': 0.011444640345871449, 'sadness': 0.025790812447667122, 'joy': 0.007520846091210842, 'none of them': 0.06011899933218956, 'joy_linguistic': 1.0, 'joy_sentence_count': 1}",0.8878036141395569,0.0,0,0.000373494258383289,0.0,0,0.011444640345871449,0.0,0,0.025790812447667122,0.0,0,0.007520846091210842,1.0,1,0.06011899933218956,0.0,0,anger,Falsch & Text,Deutschland,2021-06-29_Xlh1RJcjwD8_Corona_ Verpasste Chancen der Bildungspolitik _ Markus Lanz.csv,2025-05-30T08:49:03.543484
 text: Zuhause bleiben ist am sichersten.,84,text zuhause bleiben sichersten,neutral,0.9918787479400635,41,3,"{'anger': 0.11347503215074539, 'fear': 0.00026491261087358, 'disgust': 0.0019049911061301827, 'sadness': 0.012097189202904701, 'joy': 0.020662540569901466, 'none of them': 0.8242964744567871}",0.11347503215074539,0.0,0,0.00026491261087358,0.0,0,0.0019049911061301827,0.0,0,0.012097189202904701,0.0,0,0.020662540569901466,0.0,0,0.8242964744567871,0.0,0,none of them,Text & Pur,Deutschland,2021-06-29_Xlh1RJcjwD8_Corona_ Verpasste Chancen der Bildungspolitik _ Markus Lanz.csv,2025-05-30T08:49:03.543484
" text: Aus diesem Grunde jetzt nicht leichtsinning werden!!! Tragt Gasmasken!!!! Nur wenn wir alle Gasmasken in Gefahrenzonen tragen \n(ÖPNV,Shoppen, Supermarkt, Kneipe, Party,  Schule, Uni usw...) dann können wir sicher sein, dass der Virus in 3 Monaten erledigt ist und wir\n nicht zur Strafe dann wieder im Lockdown bis Mitte 2022 sitzen!!!!! Pappdeckel Masken sind unzureichend, da die Delta Covid21 Mutante in 25% aller Fälle über die Augenschleimhäute infiziert..... DARUM Nato oder DDR GASMASKE mit FP5 Filter!!!! Alternativ schlagen ABC Ausbilder der Feuerwehr auch geschlossene Motorrad Integralhelme vor mit FFP2 oder FFP3 Maske darunter, falls keine Gasmasken verfügbar sind!!!",85,text grunde leichtsinning tragt gasmasken gasmasken gefahrenzonen tragen nöpnvshoppen supermarkt kneipe party schule uni usw sicher virus monaten erledigt wirn strafe lockdown mitte sitzen pappdeckel masken unzureichend delta covid mutante fälle augenschleimhäute infiziert darum nato ddr gasmaske filter alternativ schlagen abc ausbilder feuerwehr geschlossene motorrad integralhelme ffp ffp maske darunter falls gasmasken verfügbar,negative,0.9865101277828217,688,5,"{'anger': 0.9434971809387207, 'fear': 0.00327589875087142, 'disgust': 0.02389506809413433, 'sadness': 0.013867215253412724, 'joy': 0.004644433036446571, 'none of them': 0.02405790612101555, 'joy_linguistic': 0.6666666666666666, 'joy_sentence_count': 1, 'fear_linguistic': 0.3333333333333333, 'fear_sentence_count': 1}",0.9434971809387207,0.0,0,0.00327589875087142,0.3333333333333333,1,0.02389506809413433,0.0,0,0.013867215253412724,0.0,0,0.004644433036446571,0.6666666666666666,1,0.02405790612101555,0.0,0,anger,Maske & Masken,Deutschland,2021-06-29_Xlh1RJcjwD8_Corona_ Verpasste Chancen der Bildungspolitik _ Markus Lanz.csv,2025-05-30T08:49:03.543484
 text: in finnland gibt es ein einmaliges bildungssystem.ich frage mich bloss von wem sie das übernommen haben.,86,text finnland gibt einmaliges bildungssystemich frage bloss wem übernommen,neutral,0.9611039757728577,111,0,"{'anger': 0.7486552000045776, 'fear': 0.00010400683095213026, 'disgust': 0.004397982731461525, 'sadness': 0.02577098459005356, 'joy': 0.02482614479959011, 'none of them': 0.194854274392128}",0.7486552000045776,0.0,0,0.00010400683095213026,0.0,0,0.004397982731461525,0.0,0,0.02577098459005356,0.0,0,0.02482614479959011,0.0,0,0.194854274392128,0.0,0,anger,Schule & Kinder,Deutschland,2021-06-29_Xlh1RJcjwD8_Corona_ Verpasste Chancen der Bildungspolitik _ Markus Lanz.csv,2025-05-30T08:49:03.543484
" text: Aus diesem Grunde jetzt nicht leichtsinning werden!!! Tragt Gasmasken!!!! Nur wenn wir alle Gasmasken in Gefahrenzonen tragen (ÖPNV,\nShoppen, Supermarkt, Kneipe, Party,  Schule, Uni usw...) dann können wir sicher sein, dass der Virus in 3 Monaten erledigt ist und wir nicht \nzur Strafe dann wieder im Lockdown bis Mitte 2022 sitzen!!!!! Pappdeckel Masken sind unzureichend, da die Delta Covid21 Mutante in 25% aller Fälle über die Augenschleimhäute infiziert..... DARUM Nato oder DDR GASMASKE mit FP5 Filter!!!! Alternativ schlagen ABC Ausbilder der Feuerwehr auch geschlossene Motorrad Integralhelme vor mit FFP2 oder FFP3 Maske darunter, falls keine Gasmasken verfügbar sind!!!",87,text grunde leichtsinning tragt gasmasken gasmasken gefahrenzonen tragen öpnvnshoppen supermarkt kneipe party schule uni usw sicher virus monaten erledigt nzur strafe lockdown mitte sitzen pappdeckel masken unzureichend delta covid mutante fälle augenschleimhäute infiziert darum nato ddr gasmaske filter alternativ schlagen abc ausbilder feuerwehr geschlossene motorrad integralhelme ffp ffp maske darunter falls gasmasken verfügbar,negative,0.9860633611679077,688,5,"{'anger': 0.9430254101753235, 'fear': 0.0030971120577305555, 'disgust': 0.025664791464805603, 'sadness': 0.014588555321097374, 'joy': 0.004565777722746134, 'none of them': 0.023380661383271217, 'joy_linguistic': 0.6666666666666666, 'joy_sentence_count': 1, 'fear_linguistic': 0.3333333333333333, 'fear_sentence_count': 1}",0.9430254101753235,0.0,0,0.0030971120577305555,0.3333333333333333,1,0.025664791464805603,0.0,0,0.014588555321097374,0.0,0,0.004565777722746134,0.6666666666666666,1,0.023380661383271217,0.0,0,anger,Maske & Masken,Deutschland,2021-06-29_Xlh1RJcjwD8_Corona_ Verpasste Chancen der Bildungspolitik _ Markus Lanz.csv,2025-05-30T08:49:03.543484
 text: Harald Welzer ist ein Heuchler genauso wie sein Freund R.D. Precht. Googelt mal \Heuchler\ falls ihr es nicht mehr wisst. Und dann schaut mal auf den Output dieser Heuchler vor 2020.,88,text harald welzer heuchler genauso freund precht googelt mal heuchler falls mehr wisst schaut mal output heuchler,negative,0.9907309412956238,189,6,"{'anger': 0.8107602000236511, 'fear': 0.00010613850463414565, 'disgust': 0.007568525616079569, 'sadness': 0.02340387925505638, 'joy': 0.049210332334041595, 'none of them': 0.10168815404176712, 'none of them_linguistic': 1.0, 'none of them_sentence_count': 1}",0.8107602000236511,0.0,0,0.00010613850463414565,0.0,0,0.007568525616079569,0.0,0,0.02340387925505638,0.0,0,0.049210332334041595,0.0,0,0.10168815404176712,1.0,1,anger,Saulalinsky & Vill,Deutschland,2021-06-29_Xlh1RJcjwD8_Corona_ Verpasste Chancen der Bildungspolitik _ Markus Lanz.csv,2025-05-30T08:49:03.543484
" text: Dinge die nicht für möglich gehalten wurden, ermöglicht wurden ... abstand, händeschütteln, lockdown hat doch alles prima funktioniert. Es lebe das klima",89,text dinge möglich gehalten wurden ermöglicht wurden abstand händeschütteln lockdown prima funktioniert lebe klima,negative,0.9037430286407471,160,15,"{'anger': 0.8327511548995972, 'fear': 0.0001369706296827644, 'disgust': 0.005633063148707151, 'sadness': 0.03061096742749214, 'joy': 0.022154944017529488, 'none of them': 0.1338091641664505, 'joy_linguistic': 1.0, 'joy_sentence_count': 1}",0.8327511548995972,0.0,0,0.0001369706296827644,0.0,0,0.005633063148707151,0.0,0,0.03061096742749214,0.0,0,0.022154944017529488,1.0,1,0.1338091641664505,0.0,0,anger,Wurden & Lebe,Deutschland,2021-06-29_Xlh1RJcjwD8_Corona_ Verpasste Chancen der Bildungspolitik _ Markus Lanz.csv,2025-05-30T08:49:03.543484
" text: Sie stellen die falschen Fragen, auf welchem Themengebiet hat diese Bundesregierung eigentlich nicht komplett versagt  ?  Guckt man sich die Hochstapler und falschen Doktoren, alleine aus der aktuellen Regierung an, zeigt das, die Probleme mit dem Bildungssystem bestehen wohl schon länger ... ;-)",90,text stellen falschen fragen themengebiet bundesregierung eigentlich komplett versagt guckt hochstapler falschen doktoren alleine aktuellen regierung zeigt probleme bildungssystem bestehen wohl schon länger,negative,0.9881846904754639,304,-1,"{'anger': 0.9468675255775452, 'fear': 0.0037595925386995077, 'disgust': 0.014096731320023537, 'sadness': 0.014247664250433445, 'joy': 0.005908578168600798, 'none of them': 0.024330411106348038, 'sadness_linguistic': 0.6, 'sadness_sentence_count': 1, 'none of them_linguistic': 0.6, 'none of them_sentence_count': 1}",0.9468675255775452,0.0,0,0.0037595925386995077,0.0,0,0.014096731320023537,0.0,0,0.014247664250433445,0.6,1,0.005908578168600798,0.0,0,0.024330411106348038,0.6,1,anger,Sonstige Themen,Deutschland,2021-06-29_Xlh1RJcjwD8_Corona_ Verpasste Chancen der Bildungspolitik _ Markus Lanz.csv,2025-05-30T08:49:03.543484
 text: Bla Bla Bla Bla jetzt mal ehrlich man kann den doch nicht mehr zuhören und das sogar vor der Pandemie immer drum rum... Zum Glück hat es wenigstens die Menschenheit ein bisschen geweckt was hier auf dieser Erde passiert und das seid Jahrhundert...........,91,text bla bla bla bla mal ehrlich mehr zuhören sogar pandemie immer drum rum glück wenigstens menschenheit bisschen geweckt erde passiert seid jahrhundert,negative,0.9907880425453186,262,-1,"{'anger': 0.5172127485275269, 'fear': 7.336033013416454e-05, 'disgust': 0.0035430893767625093, 'sadness': 0.0250057615339756, 'joy': 0.43968990445137024, 'none of them': 0.10374815762042999, 'joy_linguistic': 1.0, 'joy_sentence_count': 1}",0.5172127485275269,0.0,0,7.336033013416454e-05,0.0,0,0.0035430893767625093,0.0,0,0.0250057615339756,0.0,0,0.43968990445137024,1.0,1,0.10374815762042999,0.0,0,joy,Sonstige Themen,Deutschland,2021-06-29_Xlh1RJcjwD8_Corona_ Verpasste Chancen der Bildungspolitik _ Markus Lanz.csv,2025-05-30T08:49:03.543484
" text: Die Stiko und WHO geben keine Empfehlung für Jungendlich und Kinder und US-Pharmaaufsichtsbehörde erweitert Warnungen für mRNA-basierte Impfstoffe.\nViel Glück jedem Geiimpften, denn das wird er brauchen.",92,text stiko who geben empfehlung jungendlich kinder uspharmaaufsichtsbehörde erweitert warnungen mrnabasierte impfstoffenviel glück geiimpften brauchen,neutral,0.9946458339691162,211,0,"{'anger': 0.2929939031600952, 'fear': 3.975867366534658e-05, 'disgust': 0.0034722788259387016, 'sadness': 0.054574914276599884, 'joy': 0.2778487503528595, 'none of them': 0.3357297480106354, 'joy_linguistic': 1.0, 'joy_sentence_count': 1}",0.2929939031600952,0.0,0,3.975867366534658e-05,0.0,0,0.0034722788259387016,0.0,0,0.054574914276599884,0.0,0,0.2778487503528595,1.0,1,0.3357297480106354,0.0,0,joy,Schule & Kinder,Deutschland,2021-06-29_Xlh1RJcjwD8_Corona_ Verpasste Chancen der Bildungspolitik _ Markus Lanz.csv,2025-05-30T08:49:03.543484
" text: yu vill eet ze bugs!\nyu vill liv in ze pods!\nyu vill own nozing\n... and be happy!\\n\nKlaus S. - Ze great reset, time: 3 tahun lalu, author: @rz4745, channel: UCjV0ZGP63QfecaPdrTfjYgQ, votes: 3, replies: , photo: https://yt3.ggpht.com/iWxAET9XjWUSxiK7xTy1bD6IBvKL1Tyq02EEZZZcZNz5vfFBDnG2YmNsaEHxUf7W7aIP96qw9g=s88-c-k-c0x00ffffff-no-rj, heart: false, reply: false, time_parsed: 1651408778.102859}",93,text vill eet bugsnyu vill liv podsnyu vill own nozingn and happynnklaus great reset time tahun lalu author channel ucjvzgpqfecapdrtfjygq votes replies photo heart false reply false time_parsed,neutral,0.9550220370292664,406,6,"{'anger': 0.37325793504714966, 'fear': 3.919283699360676e-05, 'disgust': 0.003325958736240864, 'sadness': 0.04640166461467743, 'joy': 0.24142007529735565, 'none of them': 0.2948753833770752}",0.37325793504714966,0.0,0,3.919283699360676e-05,0.0,0,0.003325958736240864,0.0,0,0.04640166461467743,0.0,0,0.24142007529735565,0.0,0,0.2948753833770752,0.0,0,anger,Saulalinsky & Vill,Deutschland,2021-06-29_Xlh1RJcjwD8_Corona_ Verpasste Chancen der Bildungspolitik _ Markus Lanz.csv,2025-05-30T08:49:03.543484
" text: Ich würde gerne mal das Thema Schwarzarbeit,oder Lebensmittelchemie ,oder Qualität des Trinkwassers live sehen.\nOder Imunstärke der Bevölkerung.",94,text gerne mal thema schwarzarbeitoder lebensmittelchemie qualität trinkwassers live sehennoder imunstärke bevölkerung,neutral,0.7593669295310974,152,15,"{'anger': 0.07800529152154922, 'fear': 0.00029302341863512993, 'disgust': 0.0020433636382222176, 'sadness': 0.012515720911324024, 'joy': 0.025483442470431328, 'none of them': 0.8681687712669373}",0.07800529152154922,0.0,0,0.00029302341863512993,0.0,0,0.0020433636382222176,0.0,0,0.012515720911324024,0.0,0,0.025483442470431328,0.0,0,0.8681687712669373,0.0,0,none of them,Wurden & Lebe,Deutschland,2021-06-29_Xlh1RJcjwD8_Corona_ Verpasste Chancen der Bildungspolitik _ Markus Lanz.csv,2025-05-30T08:49:03.543484
 text: Angenommen Schäuble wird eingeladen.Da können sie einen Meister der beschwichtigung erleben.\nLetztendlich könnte Schäuble als Schlußwort sagen.Wissen sie Herr Lanz es gibt im Bundestag Imunität  ha ha ha ha.,95,text angenommen schäuble eingeladenda meister beschwichtigung erlebennletztendlich schäuble schlußwort sagenwissen herr lanz gibt bundestag imunität,neutral,0.9610358476638794,215,6,"{'anger': 0.8911179900169373, 'fear': 0.0002922670391853899, 'disgust': 0.013964821584522724, 'sadness': 0.02330075390636921, 'joy': 0.014763537794351578, 'none of them': 0.05479906126856804}",0.8911179900169373,0.0,0,0.0002922670391853899,0.0,0,0.013964821584522724,0.0,0,0.02330075390636921,0.0,0,0.014763537794351578,0.0,0,0.05479906126856804,0.0,0,anger,Saulalinsky & Vill,Deutschland,2021-06-29_Xlh1RJcjwD8_Corona_ Verpasste Chancen der Bildungspolitik _ Markus Lanz.csv,2025-05-30T08:49:03.543484
 text: Corona hat erst gezeigt wieviel im Argen liegt...,96,text corona erst gezeigt wieviel argen liegt,negative,0.9273040890693665,56,-1,"{'anger': 0.3825938105583191, 'fear': 8.827656711218879e-05, 'disgust': 0.021382154896855354, 'sadness': 0.274655282497406, 'joy': 0.014716598205268383, 'none of them': 0.31062212586402893}",0.3825938105583191,0.0,0,8.827656711218879e-05,0.0,0,0.021382154896855354,0.0,0,0.274655282497406,0.0,0,0.014716598205268383,0.0,0,0.31062212586402893,0.0,0,anger,Sonstige Themen,Deutschland,2021-06-29_Xlh1RJcjwD8_Corona_ Verpasste Chancen der Bildungspolitik _ Markus Lanz.csv,2025-05-30T08:49:03.543484
" text: Wie lange schon gesagt wird dass das Schulsystem schlecht ist, geändert wurde immer noch nichts.",97,text lange schon gesagt schulsystem schlecht geändert wurde immer,neutral,0.98589026927948,103,0,"{'anger': 0.8665507435798645, 'fear': 0.0003499378217384219, 'disgust': 0.005558566190302372, 'sadness': 0.03815051168203354, 'joy': 0.0077009075321257114, 'none of them': 0.12266213446855545}",0.8665507435798645,0.0,0,0.0003499378217384219,0.0,0,0.005558566190302372,0.0,0,0.03815051168203354,0.0,0,0.0077009075321257114,0.0,0,0.12266213446855545,0.0,0,anger,Schule & Kinder,Deutschland,2021-06-29_Xlh1RJcjwD8_Corona_ Verpasste Chancen der Bildungspolitik _ Markus Lanz.csv,2025-05-30T08:49:03.543484
 text: Zum Glück habe ich n eigenen Pool und Zugriff auf ein Privates Schwimmbad,98,text glück eigenen pool zugriff privates schwimmbad,neutral,0.9830650091171265,80,-1,"{'anger': 0.4099566340446472, 'fear': 3.455603291513398e-05, 'disgust': 0.0050168829038739204, 'sadness': 0.03647172451019287, 'joy': 0.35439950227737427, 'none of them': 0.15932627022266388, 'joy_linguistic': 1.0, 'joy_sentence_count': 1}",0.4099566340446472,0.0,0,3.455603291513398e-05,0.0,0,0.0050168829038739204,0.0,0,0.03647172451019287,0.0,0,0.35439950227737427,1.0,1,0.15932627022266388,0.0,0,joy,Sonstige Themen,Deutschland,2021-06-29_Xlh1RJcjwD8_Corona_ Verpasste Chancen der Bildungspolitik _ Markus Lanz.csv,2025-05-30T08:49:03.543484
" text: Nach extra3: Kinos öffnen nun langsam wieder, ab Herbst neuer Horrorfilm: Wir wissen, was ihr diesen Sommer wieder nicht getan haben werdet.",99,text extra kinos öffnen langsam herbst neuer horrorfilm wissen sommer getan werdet,negative,0.9944435954093933,147,-1,"{'anger': 0.2025655210018158, 'fear': 6.379177648341283e-05, 'disgust': 0.002943492727354169, 'sadness': 0.02711588144302368, 'joy': 0.32141217589378357, 'none of them': 0.44177138805389404}",0.2025655210018158,0.0,0,6.379177648341283e-05,0.0,0,0.002943492727354169,0.0,0,0.02711588144302368,0.0,0,0.32141217589378357,0.0,0,0.44177138805389404,0.0,0,none of them,Sonstige Themen,Deutschland,2021-06-29_Xlh1RJcjwD8_Corona_ Verpasste Chancen der Bildungspolitik _ Markus Lanz.csv,2025-05-30T08:49:03.543484
" text: Wenn die Bevölkerung gebildet wäre, würde kaum einer der aktuellen Politiker gewählt werden. Allerdings würde auch kaum jemand diese Sendung sehen.",100,text bevölkerung gebildet wäre kaum aktuellen politiker gewählt allerdings kaum jemand sendung sehen,neutral,0.8728951811790466,154,1,"{'anger': 0.8455126881599426, 'fear': 0.00032001378713175654, 'disgust': 0.005982377100735903, 'sadness': 0.08941872417926788, 'joy': 0.006751183420419693, 'none of them': 0.08988320827484131}",0.8455126881599426,0.0,0,0.00032001378713175654,0.0,0,0.005982377100735903,0.0,0,0.08941872417926788,0.0,0,0.006751183420419693,0.0,0,0.08988320827484131,0.0,0,anger,Reden & Text,Deutschland,2021-06-29_Xlh1RJcjwD8_Corona_ Verpasste Chancen der Bildungspolitik _ Markus Lanz.csv,2025-05-30T08:49:03.543484
 text:  @dieterkubath3196  und noch viel weniger die afd wählen 😉,101,text dieterkubath weniger afd wählen,neutral,0.9715666174888611,65,9,"{'anger': 0.04046100378036499, 'fear': 0.000524118251632899, 'disgust': 0.0030373267363756895, 'sadness': 0.009625379927456379, 'joy': 0.02235417626798153, 'none of them': 0.9304401874542236}",0.04046100378036499,0.0,0,0.000524118251632899,0.0,0,0.0030373267363756895,0.0,0,0.009625379927456379,0.0,0,0.02235417626798153,0.0,0,0.9304401874542236,0.0,0,none of them,Wählen & Cdu,Deutschland,2021-06-29_Xlh1RJcjwD8_Corona_ Verpasste Chancen der Bildungspolitik _ Markus Lanz.csv,2025-05-30T08:49:03.543484
 text:  @pyromanemane8036  keine der aktuellen Parteien könnte sich halten wenn die Menschen durch ein sinnvolles Schulsystem in die Eigenverantwortung kommen.,102,text pyromanemane aktuellen parteien halten menschen sinnvolles schulsystem eigenverantwortung kommen,neutral,0.9983910918235779,159,0,"{'anger': 0.6997870206832886, 'fear': 0.00012914890248794109, 'disgust': 0.0032978581730276346, 'sadness': 0.01884879358112812, 'joy': 0.024463431909680367, 'none of them': 0.27949729561805725}",0.6997870206832886,0.0,0,0.00012914890248794109,0.0,0,0.0032978581730276346,0.0,0,0.01884879358112812,0.0,0,0.024463431909680367,0.0,0,0.27949729561805725,0.0,0,anger,Schule & Kinder,Deutschland,2021-06-29_Xlh1RJcjwD8_Corona_ Verpasste Chancen der Bildungspolitik _ Markus Lanz.csv,2025-05-30T08:49:03.543484
 text: Ok cool,103,text cool,positive,0.9574996829032898,14,-1,,0.0,0.0,0,0.0,0.0,0,0.0,0.0,0,0.0,0.0,0,0.0,0.0,0,0.0,0.0,0,anger,Sonstige Themen,Deutschland,2021-06-29_Xlh1RJcjwD8_Corona_ Verpasste Chancen der Bildungspolitik _ Markus Lanz.csv,2025-05-30T08:49:03.543484
" text: Angst haben ist am gefährlichsten, direkt danach kommt eingeschränkt informiert sein.",104,text angst gefährlichsten direkt danach kommt eingeschränkt informiert,neutral,0.9939099550247192,92,-1,"{'anger': 0.38388848304748535, 'fear': 0.017315618693828583, 'disgust': 0.019456829875707626, 'sadness': 0.1188410297036171, 'joy': 0.0035486507695168257, 'none of them': 0.21605125069618225, 'fear_linguistic': 1.0, 'fear_sentence_count': 1}",0.38388848304748535,0.0,0,0.017315618693828583,1.0,1,0.019456829875707626,0.0,0,0.1188410297036171,0.0,0,0.0035486507695168257,0.0,0,0.21605125069618225,0.0,0,fear,Sonstige Themen,Deutschland,2021-06-29_Xlh1RJcjwD8_Corona_ Verpasste Chancen der Bildungspolitik _ Markus Lanz.csv,2025-05-30T08:49:03.543484
 text:  @dieterkubath3196  sieht man ja an dir und deinesgleichen 😂,105,text dieterkubath sieht deinesgleichen,neutral,0.9937618374824524,67,2,"{'anger': 0.25032100081443787, 'fear': 6.893916724948213e-05, 'disgust': 0.003961257636547089, 'sadness': 0.043582167476415634, 'joy': 0.021864259615540504, 'none of them': 0.6355835199356079}",0.25032100081443787,0.0,0,6.893916724948213e-05,0.0,0,0.003961257636547089,0.0,0,0.043582167476415634,0.0,0,0.021864259615540504,0.0,0,0.6355835199356079,0.0,0,none of them,Pyromanemane & Psyche,Deutschland,2021-06-29_Xlh1RJcjwD8_Corona_ Verpasste Chancen der Bildungspolitik _ Markus Lanz.csv,2025-05-30T08:49:03.543484
 text:  @pyromanemane8036  Sie sollten nicht auf Kommentare antworten die Sie nicht erfassen.,106,text pyromanemane sollten kommentare antworten erfassen,neutral,0.9999487400054932,93,4,"{'anger': 0.04502476379275322, 'fear': 0.0009510964155197144, 'disgust': 0.0032916131895035505, 'sadness': 0.007318322081118822, 'joy': 0.013731790706515312, 'none of them': 0.9356040358543396}",0.04502476379275322,0.0,0,0.0009510964155197144,0.0,0,0.0032916131895035505,0.0,0,0.007318322081118822,0.0,0,0.013731790706515312,0.0,0,0.9356040358543396,0.0,0,none of them,Falsch & Text,Deutschland,2021-06-29_Xlh1RJcjwD8_Corona_ Verpasste Chancen der Bildungspolitik _ Markus Lanz.csv,2025-05-30T08:49:03.543484
 text:  @dieterkubath3196  ich habe keine Angst. Sie vielleicht? Auf jeden Fall scheinen Sie falsch informiert zu sein.,107,text dieterkubath angst vielleicht fall scheinen falsch informiert,negative,0.9737911820411682,119,11,"{'anger': 0.3440408408641815, 'fear': 0.0019926936365664005, 'disgust': 0.0063718706369400024, 'sadness': 0.2383888214826584, 'joy': 0.004334100056439638, 'none of them': 0.40132734179496765, 'fear_linguistic': 1.0, 'fear_sentence_count': 1}",0.3440408408641815,0.0,0,0.0019926936365664005,1.0,1,0.0063718706369400024,0.0,0,0.2383888214826584,0.0,0,0.004334100056439638,0.0,0,0.40132734179496765,0.0,0,fear,Virus & Angst,Deutschland,2021-06-29_Xlh1RJcjwD8_Corona_ Verpasste Chancen der Bildungspolitik _ Markus Lanz.csv,2025-05-30T08:49:03.543484
 text:  @dieterkubath3196  Ach dicker Dieter keiner hat vor dir oder dem Virus panische Angst. Du scheinst mir sehr an der Realität vorbei zuleben.,108,text dieterkubath ach dicker dieter virus panische angst scheinst realität vorbei zuleben,neutral,0.9746228456497192,147,11,"{'anger': 0.7316198945045471, 'fear': 0.0012263976968824863, 'disgust': 0.08050519227981567, 'sadness': 0.11512414366006851, 'joy': 0.003631886327639222, 'none of them': 0.05912558734416962, 'fear_linguistic': 1.0, 'fear_sentence_count': 1}",0.7316198945045471,0.0,0,0.0012263976968824863,1.0,1,0.08050519227981567,0.0,0,0.11512414366006851,0.0,0,0.003631886327639222,0.0,0,0.05912558734416962,0.0,0,anger,Virus & Angst,Deutschland,2021-06-29_Xlh1RJcjwD8_Corona_ Verpasste Chancen der Bildungspolitik _ Markus Lanz.csv,2025-05-30T08:49:03.543484
" text:  @i.o.8610  warum wollen Sie den zu Hause bleiben wenn Sie keine Angst haben oder lauern Mutanten vor der Türe. Übrigens für den gut informierten Mainstream Nutzer. Schnelle Verbreitung, harmloser Virus, langsame Verbreitung gefährlicher Virus. Virus plus Angst sehr gefährlich. Hoffentlich erklärt das bald mal jemand dem Lauterbach. Was war der nochmal, Talkologe, Vermutologeoder Panikokologe. Irgendein Loge halt.",109,text warum hause bleiben angst lauern mutanten türe übrigens gut informierten mainstream nutzer schnelle verbreitung harmloser virus langsame verbreitung gefährlicher virus virus plus angst gefährlich hoffentlich erklärt bald mal jemand lauterbach nochmal talkologe vermutologeoder panikokologe irgendein loge halt,negative,0.9953129291534424,424,2,"{'anger': 0.9476897716522217, 'fear': 0.005532427690923214, 'disgust': 0.011049523018300533, 'sadness': 0.012654095888137817, 'joy': 0.004528124816715717, 'none of them': 0.029352186247706413, 'joy_linguistic': 0.2, 'joy_sentence_count': 1, 'fear_linguistic': 0.6, 'fear_sentence_count': 1, 'none of them_linguistic': 0.2, 'none of them_sentence_count': 1}",0.9476897716522217,0.0,0,0.005532427690923214,0.6,1,0.011049523018300533,0.0,0,0.012654095888137817,0.0,0,0.004528124816715717,0.2,1,0.029352186247706413,0.2,1,anger,Pyromanemane & Psyche,Deutschland,2021-06-29_Xlh1RJcjwD8_Corona_ Verpasste Chancen der Bildungspolitik _ Markus Lanz.csv,2025-05-30T08:49:03.543484
 text:  @pyromanemane8036  doppelt falsche Vermutung. Auf ihre Intuition sollten Sie sich nicht verlassen. Auf Ihre Gedanken besser auch nicht. Am Besten Sie warten auf Anweisungen der Bundesregierung.,110,text pyromanemane doppelt falsche vermutung intuition sollten verlassen gedanken besser besten warten anweisungen bundesregierung,negative,0.9907634854316711,201,0,"{'anger': 0.9248731732368469, 'fear': 0.0009312331094406545, 'disgust': 0.012775867246091366, 'sadness': 0.019139615818858147, 'joy': 0.005119875073432922, 'none of them': 0.04652954265475273, 'sadness_linguistic': 1.0, 'sadness_sentence_count': 1}",0.9248731732368469,0.0,0,0.0009312331094406545,0.0,0,0.012775867246091366,0.0,0,0.019139615818858147,1.0,1,0.005119875073432922,0.0,0,0.04652954265475273,0.0,0,anger,Schule & Kinder,Deutschland,2021-06-29_Xlh1RJcjwD8_Corona_ Verpasste Chancen der Bildungspolitik _ Markus Lanz.csv,2025-05-30T08:49:03.543484
" text:  @dieterkubath3196  sagte der leerdenker der Kuh anüs Bewegung 😂 bei mir klappts mit dem Denken ausgezeichnet. Ich weiß das is für ein subjekt wie dich schwer zu verstehen ( was vermutlich  am querdenken bzw leerdenken liegt). Aber keine Sorge, wiederhole einfach ab dem Kindergarten nochmal alles und vielleicht klappts dann auch bei dir mit dem Denken 😉 achja die cdu/CSU kann mich übrigens an einer sehr unapetitlichen Stelle schlabbern.",111,text dieterkubath sagte leerdenker kuh anüs bewegung klappts denken ausgezeichnet weiß subjekt schwer verstehen vermutlich querdenken bzw leerdenken liegt sorge wiederhole einfach kindergarten nochmal vielleicht klappts denken achja cducsu übrigens unapetitlichen stelle schlabbern,negative,0.7717511653900146,447,2,"{'anger': 0.9346447587013245, 'fear': 0.0017243137117475271, 'disgust': 0.0208692979067564, 'sadness': 0.013240154832601547, 'joy': 0.005949895828962326, 'none of them': 0.026730377227067947, 'joy_linguistic': 0.3333333333333333, 'joy_sentence_count': 1, 'fear_linguistic': 0.3333333333333333, 'fear_sentence_count': 1, 'none of them_linguistic': 0.3333333333333333, 'none of them_sentence_count': 1}",0.9346447587013245,0.0,0,0.0017243137117475271,0.3333333333333333,1,0.0208692979067564,0.0,0,0.013240154832601547,0.0,0,0.005949895828962326,0.3333333333333333,1,0.026730377227067947,0.3333333333333333,1,anger,Pyromanemane & Psyche,Deutschland,2021-06-29_Xlh1RJcjwD8_Corona_ Verpasste Chancen der Bildungspolitik _ Markus Lanz.csv,2025-05-30T08:49:03.543484
" text:  @pyromanemane8036  wenn Sie sich mit Projektionen auskennen wissen ja was Sie gerade über Ihre Person preisgeben. Wenn nicht lassen Sie sich das Thema erklären. Eckhart Tolle könnte da recht hilfreich sein. Dann bekommen Sie vielleicht auch Ihr Ego unter Kontrolle. Nehmen Sie sich die Zeit, dass ist wirklich hilfreich. Eigentlich kann es nicht sein das Sie sich mit solchen Kommentaren wohl fühlen. Das können Sie gut selber testen. Ein Tag geben Sie konstruktive Kommentare ab und einen Tag destruktive. Da schauen Sie wie es Ihnen jeweils geht und wie Sie in der darauffolgenden Nacht schlafen.",112,text pyromanemane projektionen auskennen wissen gerade person preisgeben lassen thema erklären eckhart tolle recht hilfreich bekommen vielleicht ego kontrolle nehmen zeit wirklich hilfreich eigentlich kommentaren wohl fühlen gut selber testen tag geben konstruktive kommentare tag destruktive schauen jeweils geht darauffolgenden nacht schlafen,negative,0.8858700394630432,606,7,"{'anger': 0.8766916990280151, 'fear': 0.00032981610274873674, 'disgust': 0.006485565099865198, 'sadness': 0.022743908688426018, 'joy': 0.01061361376196146, 'none of them': 0.0810546875, 'joy_linguistic': 0.6666666666666666, 'joy_sentence_count': 1, 'none of them_linguistic': 0.3333333333333333, 'none of them_sentence_count': 1}",0.8766916990280151,0.0,0,0.00032981610274873674,0.0,0,0.006485565099865198,0.0,0,0.022743908688426018,0.0,0,0.01061361376196146,0.6666666666666666,1,0.0810546875,0.3333333333333333,1,anger,Intelligenz & Probleme,Deutschland,2021-06-29_Xlh1RJcjwD8_Corona_ Verpasste Chancen der Bildungspolitik _ Markus Lanz.csv,2025-05-30T08:49:03.543484
 text:  @dieterkubath3196  Ach dieterchen mein schlaf is ausgezeichnet auch mein morgen Stuhl hat immer die richtige Konsistenz. Du siehst du bist definitiv kein Mediziner und vom ergreifen eines erfolgreichen Gedankens meilenweit entfernt 😉 leerdenker müssten ja eigentlich schon mindestens 35% im Ausweis stehen haben 🤔 Schauste mal eben auf deinen Personalausweis? Bitte nicht irgendwelchen Käse eines angeblichen reichs und so. Wir wissen beide das sowas Schwachsinn is 😉,113,text dieterkubath ach dieterchen schlaf ausgezeichnet morgen stuhl immer richtige konsistenz siehst definitiv mediziner ergreifen erfolgreichen gedankens meilenweit entfernt leerdenker müssten eigentlich schon mindestens ausweis stehen schauste mal eben personalausweis bitte irgendwelchen käse angeblichen reichs wissen beide sowas schwachsinn,neutral,0.9214584231376648,475,2,"{'anger': 0.9477617740631104, 'fear': 0.0036754170432686806, 'disgust': 0.01874886080622673, 'sadness': 0.012795782648026943, 'joy': 0.006984160281717777, 'none of them': 0.021498870104551315, 'joy_linguistic': 0.6666666666666666, 'joy_sentence_count': 1, 'none of them_linguistic': 0.3333333333333333, 'none of them_sentence_count': 1}",0.9477617740631104,0.0,0,0.0036754170432686806,0.0,0,0.01874886080622673,0.0,0,0.012795782648026943,0.0,0,0.006984160281717777,0.6666666666666666,1,0.021498870104551315,0.3333333333333333,1,anger,Pyromanemane & Psyche,Deutschland,2021-06-29_Xlh1RJcjwD8_Corona_ Verpasste Chancen der Bildungspolitik _ Markus Lanz.csv,2025-05-30T08:49:03.543484
" text:  @pyromanemane8036  wenn Sie sagen, dass Sie sich mit Schwachsinn auskennen werde Sie wohl recht haben. Zum Thema Denken sollten Sie mal prüfen ob Sie Ihre Gedanken anhalten können, dann werden Sie bemerken, dass Sie keine Kontrolle darüber haben. \nIch habe übersehen, das es Menschen gibt die destruktives Verhalten genießen. Langfristig wird es sich aber ungünstig auswirken, Sie sollten das im Auge behalten. \nMit Ihren Vermutungen über mich liegen Sie wieder daneben. Ich passe nicht in Ihre Schublade. Wir leben aktuell in Zeiten von Vermutungen. Manchmal ist es günstig die Medien auszuschalten und die eigene Lebenswirklichkeit wahrzunehmen.",114,text pyromanemane sagen schwachsinn auskennen wohl recht thema denken sollten mal prüfen gedanken anhalten bemerken kontrolle darüber nich übersehen menschen gibt destruktives verhalten genießen langfristig ungünstig auswirken sollten auge behalten nmit vermutungen liegen daneben passe schublade leben aktuell zeiten vermutungen manchmal günstig medien auszuschalten eigene lebenswirklichkeit wahrzunehmen,negative,0.9385245144367218,657,7,"{'anger': 0.9330198764801025, 'fear': 0.002180358162149787, 'disgust': 0.015151462517678738, 'sadness': 0.011277690529823303, 'joy': 0.003928388934582472, 'none of them': 0.04053462669253349, 'joy_linguistic': 1.0, 'joy_sentence_count': 1}",0.9330198764801025,0.0,0,0.002180358162149787,0.0,0,0.015151462517678738,0.0,0,0.011277690529823303,0.0,0,0.003928388934582472,1.0,1,0.04053462669253349,0.0,0,anger,Intelligenz & Probleme,Deutschland,2021-06-29_Xlh1RJcjwD8_Corona_ Verpasste Chancen der Bildungspolitik _ Markus Lanz.csv,2025-05-30T08:49:03.543484
 text:  @dieterkubath3196    du sabbelst einen Schwachsinn. Ach meinste? Ich hab tatsächlich eine ganz friedliche einstellung nur bei deinem Gesabbel wird mir einfach danach dir meine meinung zusagen. Es wird sich in keinster weise negativ auswirken da du keine nennenswerte Person  Lebens bist 😂 aber netter versuch mein dickerchen 😉,115,text dieterkubath sabbelst schwachsinn ach meinste tatsächlich ganz friedliche einstellung gesabbel einfach danach meinung zusagen keinster weise negativ auswirken nennenswerte person lebens netter versuch dickerchen,negative,0.9157420992851257,334,4,"{'anger': 0.9470861554145813, 'fear': 0.005441674962639809, 'disgust': 0.03771002218127251, 'sadness': 0.010977516882121563, 'joy': 0.005719105247408152, 'none of them': 0.015615897253155708, 'none of them_linguistic': 1.0, 'none of them_sentence_count': 1}",0.9470861554145813,0.0,0,0.005441674962639809,0.0,0,0.03771002218127251,0.0,0,0.010977516882121563,0.0,0,0.005719105247408152,0.0,0,0.015615897253155708,1.0,1,anger,Falsch & Text,Deutschland,2021-06-29_Xlh1RJcjwD8_Corona_ Verpasste Chancen der Bildungspolitik _ Markus Lanz.csv,2025-05-30T08:49:03.543484
" text:  @dieterkubath3196  Ich denke davon verstehe ich mehr. Und was Sie dort schreiben, ist nicht richtig.",116,text dieterkubath denke davon verstehe mehr schreiben richtig,negative,0.9418575167655945,108,11,"{'anger': 0.3549451231956482, 'fear': 8.747329411562532e-05, 'disgust': 0.003754480741918087, 'sadness': 0.02278430573642254, 'joy': 0.01579011045396328, 'none of them': 0.6117714047431946}",0.3549451231956482,0.0,0,8.747329411562532e-05,0.0,0,0.003754480741918087,0.0,0,0.02278430573642254,0.0,0,0.01579011045396328,0.0,0,0.6117714047431946,0.0,0,none of them,Virus & Angst,Deutschland,2021-06-29_Xlh1RJcjwD8_Corona_ Verpasste Chancen der Bildungspolitik _ Markus Lanz.csv,2025-05-30T08:49:03.543484
" text:  @i.o.8610  sprechen Sie vom Virus, da bin ich aber neugierig. Ebola und Aids werden wie übertragen im Verhältnis zur Grippe. Interessant ist auch wann COVID-19 isoliert wurde. Dazu die neuesten Studien zur Immunität, wurde die letzten Tage von Bhakti bei Kaiser TV vorgestellt.",117,text sprechen virus neugierig ebola aids übertragen verhältnis grippe interessant wann covid isoliert wurde neuesten studien immunität wurde letzten tage bhakti kaiser vorgestellt,negative,0.608474612236023,285,2,"{'anger': 0.4751759469509125, 'fear': 7.223676948342472e-05, 'disgust': 0.0037213549949228764, 'sadness': 0.03382759168744087, 'joy': 0.07653806358575821, 'none of them': 0.4306039810180664, 'sadness_linguistic': 1.0, 'sadness_sentence_count': 1}",0.4751759469509125,0.0,0,7.223676948342472e-05,0.0,0,0.0037213549949228764,0.0,0,0.03382759168744087,1.0,1,0.07653806358575821,0.0,0,0.4306039810180664,0.0,0,sadness,Pyromanemane & Psyche,Deutschland,2021-06-29_Xlh1RJcjwD8_Corona_ Verpasste Chancen der Bildungspolitik _ Markus Lanz.csv,2025-05-30T08:49:03.543484
" text:  @pyromanemane8036  was ist den die Botschaft in Ihrem Kommentar. Unterschieden Sie überhaupt Meinung, Vermutung, Fakten und Geschichten. Irgend ein Thema mit Übergewicht haben Sie. Dazu würde ich Ihnen Galina Schatalova empfehlen. Eine Serie von drei Büchern und das umfassendste was ich bisher zum Thema Ernährungskonzept gesehen habe. Eine gute Ernährung wirkt auch positiv auf die Psyche.",118,text pyromanemane botschaft kommentar unterschieden überhaupt meinung vermutung fakten geschichten irgend thema übergewicht galina schatalova empfehlen serie drei büchern umfassendste bisher thema ernährungskonzept gesehen gute ernährung wirkt positiv psyche,positive,0.9507058262825012,399,2,"{'anger': 0.40312620997428894, 'fear': 5.567905827774666e-05, 'disgust': 0.0023665742482990026, 'sadness': 0.04408037289977074, 'joy': 0.06382658332586288, 'none of them': 0.43416374921798706, 'joy_linguistic': 1.0, 'joy_sentence_count': 1}",0.40312620997428894,0.0,0,5.567905827774666e-05,0.0,0,0.0023665742482990026,0.0,0,0.04408037289977074,0.0,0,0.06382658332586288,1.0,1,0.43416374921798706,0.0,0,joy,Pyromanemane & Psyche,Deutschland,2021-06-29_Xlh1RJcjwD8_Corona_ Verpasste Chancen der Bildungspolitik _ Markus Lanz.csv,2025-05-30T08:49:03.543484
 text:  @dieterkubath3196  Was labert du für einen Schwachsinn 😂😂😂 war das Dosenbier schlecht oder was? Im Gegensatz zu dir mein dickerchen ist meine psyche und mein Gewicht im optimalbereich 😉,119,text dieterkubath labert schwachsinn dosenbier schlecht gegensatz dickerchen psyche gewicht optimalbereich,neutral,0.9835473895072937,193,2,"{'anger': 0.9220097661018372, 'fear': 0.001303848926909268, 'disgust': 0.026241431012749672, 'sadness': 0.018563807010650635, 'joy': 0.0037743928842246532, 'none of them': 0.030900198966264725}",0.9220097661018372,0.0,0,0.001303848926909268,0.0,0,0.026241431012749672,0.0,0,0.018563807010650635,0.0,0,0.0037743928842246532,0.0,0,0.030900198966264725,0.0,0,anger,Pyromanemane & Psyche,Deutschland,2021-06-29_Xlh1RJcjwD8_Corona_ Verpasste Chancen der Bildungspolitik _ Markus Lanz.csv,2025-05-30T08:49:03.543484
" text:  @pyromanemane8036  Sie liegen schon wieder daneben. Schwachsinn und Übergewicht scheint Ihr Spezialgebiet zu sein. Immerhin etwas womit Sie sich auskennen. Ansonsten konnte ich nichts verwertbares entdecken. Wenn Ihre Kommentare das Produkt einer optimalen Psyche sind, werde ich gerne auf eine optimale Psyche nach Ihrer Definition verzichten. Gibt es noch weiter Projektionen die Sie loswerden möchten, dann nur zu, toben Sie sich aus.",120,text pyromanemane liegen schon daneben schwachsinn übergewicht scheint spezialgebiet immerhin womit auskennen ansonsten konnte verwertbares entdecken kommentare produkt optimalen psyche gerne optimale psyche definition verzichten gibt projektionen loswerden möchten toben,negative,0.9380737543106079,445,11,"{'anger': 0.9201553463935852, 'fear': 0.0007916895556263626, 'disgust': 0.00943755079060793, 'sadness': 0.020767947658896446, 'joy': 0.007348285522311926, 'none of them': 0.04544544965028763}",0.9201553463935852,0.0,0,0.0007916895556263626,0.0,0,0.00943755079060793,0.0,0,0.020767947658896446,0.0,0,0.007348285522311926,0.0,0,0.04544544965028763,0.0,0,anger,Virus & Angst,Deutschland,2021-06-29_Xlh1RJcjwD8_Corona_ Verpasste Chancen der Bildungspolitik _ Markus Lanz.csv,2025-05-30T08:49:03.543484
 text:  @dieterkubath3196  immer diese hobbyspychologen die von der Materie null Ahnung haben 😂 aber auch wenig verwunderlich das ein impfschwurbler andere gerne in die kranken Ecke drängt 😂 du bist so zum schießen 😂,121,text dieterkubath immer hobbyspychologen materie null ahnung wenig verwunderlich impfschwurbler gerne kranken ecke drängt schießen,neutral,0.9665815234184265,216,2,"{'anger': 0.8896262645721436, 'fear': 0.0015450984938070178, 'disgust': 0.13806162774562836, 'sadness': 0.01986193098127842, 'joy': 0.004231278318911791, 'none of them': 0.0174957737326622}",0.8896262645721436,0.0,0,0.0015450984938070178,0.0,0,0.13806162774562836,0.0,0,0.01986193098127842,0.0,0,0.004231278318911791,0.0,0,0.0174957737326622,0.0,0,anger,Pyromanemane & Psyche,Deutschland,2021-06-29_Xlh1RJcjwD8_Corona_ Verpasste Chancen der Bildungspolitik _ Markus Lanz.csv,2025-05-30T08:49:03.543484
 text:  @pyromanemane8036  interessant das Sie sich beklagen über etwas das sie selber tun.,122,text pyromanemane interessant beklagen selber tun,neutral,0.9952366352081299,91,-1,"{'anger': 0.8017998337745667, 'fear': 0.0005857853102497756, 'disgust': 0.12153764814138412, 'sadness': 0.07129625231027603, 'joy': 0.00547507219016552, 'none of them': 0.047894757241010666}",0.8017998337745667,0.0,0,0.0005857853102497756,0.0,0,0.12153764814138412,0.0,0,0.07129625231027603,0.0,0,0.00547507219016552,0.0,0,0.047894757241010666,0.0,0,anger,Sonstige Themen,Deutschland,2021-06-29_Xlh1RJcjwD8_Corona_ Verpasste Chancen der Bildungspolitik _ Markus Lanz.csv,2025-05-30T08:49:03.543484
 text:  @dieterkubath3196  na ich bin hier ja nicht der Realitätsverweigernde schwurbelkasper und leerdenker,123,text dieterkubath realitätsverweigernde schwurbelkasper leerdenker,negative,0.9555934071540833,108,0,"{'anger': 0.9360523223876953, 'fear': 0.0023152020294219255, 'disgust': 0.041911277920007706, 'sadness': 0.019644128158688545, 'joy': 0.0040666889399290085, 'none of them': 0.020555423572659492}",0.9360523223876953,0.0,0,0.0023152020294219255,0.0,0,0.041911277920007706,0.0,0,0.019644128158688545,0.0,0,0.0040666889399290085,0.0,0,0.020555423572659492,0.0,0,anger,Schule & Kinder,Deutschland,2021-06-29_Xlh1RJcjwD8_Corona_ Verpasste Chancen der Bildungspolitik _ Markus Lanz.csv,2025-05-30T08:49:03.543484
 text: Die STIKO macht das nur weil die Bundesregierung sonst die Verantwortung für die Folgeschäden hat. 3/4 der STIKO hat Verbindungen in die Pharmaindustrie.,124,text stiko macht bundesregierung verantwortung folgeschäden stiko verbindungen pharmaindustrie,neutral,0.9670569896697998,160,-1,"{'anger': 0.9103392958641052, 'fear': 0.0008053021156229079, 'disgust': 0.016179243102669716, 'sadness': 0.014348773285746574, 'joy': 0.004703577142208815, 'none of them': 0.056987836956977844}",0.9103392958641052,0.0,0,0.0008053021156229079,0.0,0,0.016179243102669716,0.0,0,0.014348773285746574,0.0,0,0.004703577142208815,0.0,0,0.056987836956977844,0.0,0,anger,Sonstige Themen,Deutschland,2021-06-29_Xlh1RJcjwD8_Corona_ Verpasste Chancen der Bildungspolitik _ Markus Lanz.csv,2025-05-30T08:49:03.543484
" text: Aber nicht in dieser Sendung, oder wollen Sie hören wie diese Themen bagatellisiert werden.",125,text sendung hören themen bagatellisiert,neutral,0.9984270334243774,98,0,"{'anger': 0.9458869695663452, 'fear': 0.003105676034465432, 'disgust': 0.021121850237250328, 'sadness': 0.015871645882725716, 'joy': 0.00416750879958272, 'none of them': 0.028679383918642998}",0.9458869695663452,0.0,0,0.003105676034465432,0.0,0,0.021121850237250328,0.0,0,0.015871645882725716,0.0,0,0.00416750879958272,0.0,0,0.028679383918642998,0.0,0,anger,Schule & Kinder,Deutschland,2021-06-29_Xlh1RJcjwD8_Corona_ Verpasste Chancen der Bildungspolitik _ Markus Lanz.csv,2025-05-30T08:49:03.543484
" text: Ich stimme den Analysen der Diskutanten zu. Das Problem an der Sache: Hier diskutieren AkademikerInnen aus dem Elfenbeinturm heraus. Es sitzt kein SchülervertreterIn oder LehrerIn in der Runde. Das, was hier vorgeschlagen wird, ist schlichtweg in vielen Bereichen utopisch und beantwortet die Frage, wie ein Bildungssystem unter idealen Voraussetzung aussehen könnte. Mit der Realität hat das wenig zu tun. Die Schulen sind, wenn man mal im Detail hinschaut, fast durchweg marode. Angefangen bei der Verwaltung, über die technische Ausstattung bis hin zum - mittlerweile- Nebenfeld der unterrichtlichen Tätigkeit. Ja, Nebenfeld! Ich bin als Lehrer schwerpunktmäßig mit der Einhaltung der gesetzlichen Vorgaben in den Bereichen Abitur, der Förderpläne, div. Gutachten meiner FörderschülerInnen, Arbeitsgruppen, Organisation und Verwaltung von Lernplattformen, Wartung von IPADS etc. beschäftigt. Dann, und nur dann, wenn all diese Hürden der täglichen Arbeit ubersprungen wurden, blicke ich auf den Unterricht. Viele KollegInnen sind nicht ohne Grund total ausgebrannt und desillusioniert. Man muss konstatieren, dass das System Schule einzig und allein von denjenigen aufrechterhalten wird, die sich auch nach dem Unterricht aufopfern und im Hintergrund den Betrieb gewährleisten. Ein Beispiel: Schule mit ca. 1200 Schülern, 200 Ipads, 4 Computerräume mit je 25 Computern. Das Wlan, alle Geräte die am Server hängen, die digitale Lernpülattform der Schule und der Schulserver werden von 2 Kollegen verwaltet. Nebenbei! Jeder mittelständische Betrieb leistet sich hier Spezialisten, die die Wartung der IT- gewährleisten. Die Schulen erhalten hier keine Unterstützung. Hier wird vorausgesetzt, dass dies alles nebenbei stattfindet.",126,text stimme analysen diskutanten problem sache diskutieren akademikerinnen elfenbeinturm heraus sitzt schülervertreterin lehrerin runde vorgeschlagen schlichtweg vielen bereichen utopisch beantwortet frage bildungssystem idealen voraussetzung aussehen realität wenig tun schulen mal detail hinschaut fast durchweg marode angefangen verwaltung technische ausstattung mittlerweile nebenfeld unterrichtlichen tätigkeit nebenfeld lehrer schwerpunktmäßig einhaltung gesetzlichen vorgaben bereichen abitur förderpläne div gutachten förderschülerinnen arbeitsgruppen organisation verwaltung lernplattformen wartung ipads etc beschäftigt all hürden täglichen arbeit ubersprungen wurden blicke unterricht viele kolleginnen grund total ausgebrannt desillusioniert konstatieren system schule einzig allein denjenigen aufrechterhalten unterricht aufopfern hintergrund betrieb gewährleisten beispiel schule schülern ipads computerräume computern wlan geräte server hängen digitale lernpülattform schule schulserver kollegen verwaltet nebenbei mittelständische betrieb leistet spezialisten wartung gewährleisten schulen erhalten unterstützung vorausgesetzt nebenbei stattfindet,negative,0.9954277724027634,1737,7,"{'anger': 0.9417852163314819, 'fear': 0.002723632613196969, 'disgust': 0.01798717863857746, 'sadness': 0.07252032309770584, 'joy': 0.01467660628259182, 'none of them': 0.30350461602211, 'joy_linguistic': 0.3, 'joy_sentence_count': 1, 'sadness_linguistic': 0.3, 'sadness_sentence_count': 1, 'anger_linguistic': 0.3, 'anger_sentence_count': 1, 'none of them_linguistic': 0.3, 'none of them_sentence_count': 1}",0.9417852163314819,0.3,1,0.002723632613196969,0.0,0,0.01798717863857746,0.0,0,0.07252032309770584,0.3,1,0.01467660628259182,0.3,1,0.30350461602211,0.3,1,anger,Intelligenz & Probleme,Deutschland,2021-06-29_Xlh1RJcjwD8_Corona_ Verpasste Chancen der Bildungspolitik _ Markus Lanz.csv,2025-05-30T08:49:03.543484
" text: Sehr emotional das Ende der Sendung. Julia Friedrichs kommt sehr empathisch herüber, was sie sehr sympathisch macht. Auch die anderen Gäste. Vielen Dank @ZDF\nAuch die Sendung mit Herrn Lanz gefällt mir allgemein sehr gut. Ich freue mich auf jede Sendung, hier wird auch wieder über etwas sehr wichtiges diskutiert.\nEs bleibt zu hoffen, dass in Deutschland in der Post-Merkel Ära hoffentlich Versäumnisse der CDU endlich überkommen werden können.",127,text emotional ende sendung julia friedrichs kommt empathisch herüber sympathisch macht gäste vielen dank zdfnauch sendung herrn lanz gefällt allgemein gut freue sendung wichtiges diskutiertnes bleibt hoffen deutschland postmerkel ära hoffentlich versäumnisse cdu endlich überkommen,positive,0.9782888889312744,454,9,"{'anger': 0.032116860151290894, 'fear': 0.0003615057794377208, 'disgust': 0.0019484523218125105, 'sadness': 0.005172867327928543, 'joy': 0.9414581060409546, 'none of them': 0.05085209012031555, 'joy_linguistic': 0.5, 'joy_sentence_count': 1, 'disgust_linguistic': 0.25, 'disgust_sentence_count': 1, 'anger_linguistic': 0.25, 'anger_sentence_count': 1}",0.032116860151290894,0.25,1,0.0003615057794377208,0.0,0,0.0019484523218125105,0.25,1,0.005172867327928543,0.0,0,0.9414581060409546,0.5,1,0.05085209012031555,0.0,0,joy,Wählen & Cdu,Deutschland,2021-06-29_Xlh1RJcjwD8_Corona_ Verpasste Chancen der Bildungspolitik _ Markus Lanz.csv,2025-05-30T08:49:03.543484
" text: Wieso war doch alles top, die CDU wird weiter gewählt, also alles richtig gemacht 😉",128,text wieso top cdu gewählt richtig gemacht,positive,0.9595280885696411,90,0,"{'anger': 0.03370101377367973, 'fear': 0.00033203684142790735, 'disgust': 0.0025296069215983152, 'sadness': 0.0035445408429950476, 'joy': 0.9113901257514954, 'none of them': 0.0770539715886116}",0.03370101377367973,0.0,0,0.00033203684142790735,0.0,0,0.0025296069215983152,0.0,0,0.0035445408429950476,0.0,0,0.9113901257514954,0.0,0,0.0770539715886116,0.0,0,joy,Schule & Kinder,Deutschland,2021-06-29_Xlh1RJcjwD8_Corona_ Verpasste Chancen der Bildungspolitik _ Markus Lanz.csv,2025-05-30T08:49:03.543484
" text: Oh ja guter Satz: Mut wird mindestens nicht belohnt, sondern eher sanktioniert. Als Angestellte/r und Schüler kann man davon auf jeden Fall ein Lied singen....",129,text guter satz mut mindestens belohnt eher sanktioniert angestellter schüler davon fall lied singen,negative,0.9858964085578918,166,5,"{'anger': 0.8437744975090027, 'fear': 0.00012409263581503183, 'disgust': 0.012257164344191551, 'sadness': 0.03230471909046173, 'joy': 0.03305891156196594, 'none of them': 0.08676398545503616, 'joy_linguistic': 1.0, 'joy_sentence_count': 1}",0.8437744975090027,0.0,0,0.00012409263581503183,0.0,0,0.012257164344191551,0.0,0,0.03230471909046173,0.0,0,0.03305891156196594,1.0,1,0.08676398545503616,0.0,0,anger,Maske & Masken,Deutschland,2021-06-29_Xlh1RJcjwD8_Corona_ Verpasste Chancen der Bildungspolitik _ Markus Lanz.csv,2025-05-30T08:49:03.543484
 text: Ich glaube die Leute Geschäfte lernen es nie... war Heute bei ein Discounter einkaufen und die Lüftung wurde ausgeschaltet ^^ es war so stickig mit Maske nur weil bei unsern Landkreis  Inzidenz 0 ist. Die Leute / Menschen werden es nie Lernen weil viele zu gierig sind die Sauberkeit wird auch nachlassen siehe Ikea Mc Doof fängt alles wieder an.,130,text glaube leute geschäfte lernen nie heute discounter einkaufen lüftung wurde ausgeschaltet stickig maske unsern landkreis inzidenz leute menschen nie lernen viele gierig sauberkeit nachlassen siehe ikea doof fängt,negative,0.9964373111724854,353,0,"{'anger': 0.9504769444465637, 'fear': 0.004622040316462517, 'disgust': 0.01810566708445549, 'sadness': 0.01859392784535885, 'joy': 0.0052531021647155285, 'none of them': 0.020317846909165382}",0.9504769444465637,0.0,0,0.004622040316462517,0.0,0,0.01810566708445549,0.0,0,0.01859392784535885,0.0,0,0.0052531021647155285,0.0,0,0.020317846909165382,0.0,0,anger,Schule & Kinder,Deutschland,2021-06-29_Xlh1RJcjwD8_Corona_ Verpasste Chancen der Bildungspolitik _ Markus Lanz.csv,2025-05-30T08:49:03.543484
" text: Wo sind denn die Lehrkräfte, Schüler und Politiker in dieser Runde? Wirkt auf mich so, als mache die Diskussion den gleichen strukturellen Fehler wie die Bildungspolitik - sie geht nicht auf die REALITÄT (!) an den Schulen ein und hört den eigentlich Beteiligten nicht zu! Schade!",131,text lehrkräfte schüler politiker runde wirkt mache diskussion gleichen strukturellen fehler bildungspolitik geht realität schulen hört eigentlich beteiligten schade,negative,0.9448986649513245,287,8,"{'anger': 0.9336978197097778, 'fear': 0.0019562505185604095, 'disgust': 0.013207381591200829, 'sadness': 0.02648644708096981, 'joy': 0.004745668265968561, 'none of them': 0.02979128807783127, 'sadness_linguistic': 0.5, 'sadness_sentence_count': 1, 'none of them_linguistic': 0.5, 'none of them_sentence_count': 1}",0.9336978197097778,0.0,0,0.0019562505185604095,0.0,0,0.013207381591200829,0.0,0,0.02648644708096981,0.5,1,0.004745668265968561,0.0,0,0.02979128807783127,0.5,1,anger,Deutschland & Leuten,Deutschland,2021-06-29_Xlh1RJcjwD8_Corona_ Verpasste Chancen der Bildungspolitik _ Markus Lanz.csv,2025-05-30T08:49:03.543484
" text: Solange Deutschland sein Geld und seine geistigen Ressourcen für die Rettung der Welt rauswirft, bleibt nicht viel übrig für die eigenen großen und kleinen Bürger.",132,text solange deutschland geld geistigen ressourcen rettung welt rauswirft bleibt übrig eigenen großen kleinen bürger,neutral,0.9999693632125854,170,13,"{'anger': 0.9036356806755066, 'fear': 0.0005025701830163598, 'disgust': 0.006812704727053642, 'sadness': 0.0221275445073843, 'joy': 0.007436382584273815, 'none of them': 0.06774289160966873}",0.9036356806755066,0.0,0,0.0005025701830163598,0.0,0,0.006812704727053642,0.0,0,0.0221275445073843,0.0,0,0.007436382584273815,0.0,0,0.06774289160966873,0.0,0,anger,Bildungspolitik & Jahren,Deutschland,2021-06-29_Xlh1RJcjwD8_Corona_ Verpasste Chancen der Bildungspolitik _ Markus Lanz.csv,2025-05-30T08:49:03.543484
 text: Was für eine Bildungspolitik 🤷‍♂️ \nDie hat seit Jahren so gut wie nicht stattgefunden 😡,133,text bildungspolitik ndie seit jahren gut stattgefunden,neutral,0.9928448796272278,95,1,"{'anger': 0.027899332344532013, 'fear': 0.0002776725450530648, 'disgust': 0.0015184503281489015, 'sadness': 0.0078084636479616165, 'joy': 0.8722766637802124, 'none of them': 0.11213687807321548, 'joy_linguistic': 1.0, 'joy_sentence_count': 1}",0.027899332344532013,0.0,0,0.0002776725450530648,0.0,0,0.0015184503281489015,0.0,0,0.0078084636479616165,0.0,0,0.8722766637802124,1.0,1,0.11213687807321548,0.0,0,joy,Reden & Text,Deutschland,2021-06-29_Xlh1RJcjwD8_Corona_ Verpasste Chancen der Bildungspolitik _ Markus Lanz.csv,2025-05-30T08:49:03.543484
" text: Ich fände es auch mal schön, genau Menschen von denen auch gesprochen wird in die Talkrunde einzuladen., statt ständig über sie zu reden!!",134,text fände mal schön genau menschen denen gesprochen talkrunde einzuladen statt ständig reden,negative,0.9535729289054871,145,10,"{'anger': 0.9335430860519409, 'fear': 0.001131642609834671, 'disgust': 0.009677032008767128, 'sadness': 0.019013958051800728, 'joy': 0.005781090352684259, 'none of them': 0.04706089198589325, 'joy_linguistic': 0.5, 'joy_sentence_count': 1, 'none of them_linguistic': 0.5, 'none of them_sentence_count': 1}",0.9335430860519409,0.0,0,0.001131642609834671,0.0,0,0.009677032008767128,0.0,0,0.019013958051800728,0.0,0,0.005781090352684259,0.5,1,0.04706089198589325,0.5,1,anger,Probleme & Jobs,Deutschland,2021-06-29_Xlh1RJcjwD8_Corona_ Verpasste Chancen der Bildungspolitik _ Markus Lanz.csv,2025-05-30T08:49:03.543484
" text: Der Teil wo beschrieben wird, wo der Mann U-Bahnen säubert, in der er beschreibt das die Gesellschaft \ unangenhemer wird \.\n\nPasst genau in meine Ansicht. Um mal ein paar Dinge zu nennen.\n\nSchere zwischen Arm & Reich wird immer größer\nsoziale Netzwerke sind mittlerweile ein Nest von Lügen, Hetzen und Fake News\nDie extrem schlechte Bildung der letzten Jahrzehnte fällt uns gigantisch auf die Füße\nDie ungezügelte Migration der letzten 20 Jahre insgesamt spaltet die Gesellschaft\nDie Jobs werden immer schlechter, und schlechter bezahlt\nDer Konsum von Alkohol , Drogen und co. hat zugenommen\nDie psychischen Probleme haben schon lange vor Corona stark zugenommen.\n\nDies und viele andere Probleme fallen uns so derartig auf die Füße das wir gigantische gesellschaftliche Probleme haben werden, die wir noch nie kannten. Dazu der Klimawandel, es kann sich nur ändern, wenn wir einen radikalen Cut machen und sehr sehr sehr viele Dinge ändern und umdenken. Alles Wichtige muss auf den Tisch und angepackt werden.\n\nDie erste Voraussetzung ist Ehrlichkeit und das die Union nicht mehr regieren darf. Das Thema ist sehr kompliziert und sehr unangenehm, aber es kann sich nur dann was ändern.",135,text teil beschrieben mann ubahnen säubert beschreibt gesellschaft unangenhemer nnpasst genau ansicht mal paar dinge nennennnschere arm reich immer größernsoziale netzwerke mittlerweile nest lügen hetzen fake newsndie extrem schlechte bildung letzten jahrzehnte fällt gigantisch füßendie ungezügelte migration letzten jahre insgesamt spaltet gesellschaftndie jobs immer schlechter schlechter bezahltnder konsum alkohol drogen zugenommenndie psychischen probleme schon lange corona stark zugenommennndies viele probleme fallen derartig füße gigantische gesellschaftliche probleme nie kannten klimawandel ändern radikalen cut viele dinge ändern umdenken wichtige tisch angepackt werdennndie erste voraussetzung ehrlichkeit union mehr regieren darf thema kompliziert unangenehm ändern,negative,0.9964665770530701,1207,1,"{'anger': 0.9482293725013733, 'fear': 0.004225885029882193, 'disgust': 0.017675358802080154, 'sadness': 0.02241085283458233, 'joy': 0.005149575881659985, 'none of them': 0.05417092144489288, 'fear_linguistic': 0.39999999999999997, 'fear_sentence_count': 1, 'sadness_linguistic': 0.19999999999999998, 'sadness_sentence_count': 1}",0.9482293725013733,0.0,0,0.004225885029882193,0.39999999999999997,1,0.017675358802080154,0.0,0,0.02241085283458233,0.19999999999999998,1,0.005149575881659985,0.0,0,0.05417092144489288,0.0,0,anger,Reden & Text,Deutschland,2021-06-29_Xlh1RJcjwD8_Corona_ Verpasste Chancen der Bildungspolitik _ Markus Lanz.csv,2025-05-30T08:49:03.543484
 text: Ab und an gibt es doch noch brauchbare Diskussionen im öffentlich rechtlichen Fernsehen. Somit sind die GEZ-Gebühren nicht vollends für die Katz. Danke Hr. Lanz!,136,text gibt brauchbare diskussionen öffentlich rechtlichen fernsehen somit gezgebühren vollends katz danke lanz,negative,0.49531862139701843,168,0,"{'anger': 0.9178385138511658, 'fear': 0.0005012920591980219, 'disgust': 0.012028672732412815, 'sadness': 0.015200221911072731, 'joy': 0.016820639371871948, 'none of them': 0.045451581478118896}",0.9178385138511658,0.0,0,0.0005012920591980219,0.0,0,0.012028672732412815,0.0,0,0.015200221911072731,0.0,0,0.016820639371871948,0.0,0,0.045451581478118896,0.0,0,anger,Schule & Kinder,Deutschland,2021-06-29_Xlh1RJcjwD8_Corona_ Verpasste Chancen der Bildungspolitik _ Markus Lanz.csv,2025-05-30T08:49:03.543484
" text: Kennst du den Ort, wo die Sonne nie lacht? \nWo man die Kinder zu Idioten macht?\nWo man verlernt Moral und \nTugend? \nDas ist die Schule, das Grab der Jugend!",137,text kennst ort sonne nie lacht nwo kinder idioten machtnwo verlernt moral ntugend ndas schule grab jugend,neutral,0.6024121642112732,167,-1,"{'anger': 0.9045412540435791, 'fear': 0.001169405528344214, 'disgust': 0.09852061420679092, 'sadness': 0.022563502192497253, 'joy': 0.005371518433094025, 'none of them': 0.016682708635926247, 'none of them_linguistic': 0.5, 'none of them_sentence_count': 1}",0.9045412540435791,0.0,0,0.001169405528344214,0.0,0,0.09852061420679092,0.0,0,0.022563502192497253,0.0,0,0.005371518433094025,0.0,0,0.016682708635926247,0.5,1,anger,Sonstige Themen,Deutschland,2021-06-29_Xlh1RJcjwD8_Corona_ Verpasste Chancen der Bildungspolitik _ Markus Lanz.csv,2025-05-30T08:49:03.543484
 text: Von was für einer \Pandemie\ reden diese Freaks hier?,138,text pandemie reden freaks,negative,0.9860388040542603,60,10,"{'anger': 0.9289083480834961, 'fear': 0.0010011165868490934, 'disgust': 0.02263321913778782, 'sadness': 0.01925053261220455, 'joy': 0.006237389519810677, 'none of them': 0.030793607234954834}",0.9289083480834961,0.0,0,0.0010011165868490934,0.0,0,0.02263321913778782,0.0,0,0.01925053261220455,0.0,0,0.006237389519810677,0.0,0,0.030793607234954834,0.0,0,anger,Probleme & Jobs,Deutschland,2021-06-29_Xlh1RJcjwD8_Corona_ Verpasste Chancen der Bildungspolitik _ Markus Lanz.csv,2025-05-30T08:49:03.543484
 text: Das größte Problem war deutschlandweit die Einführung der Leiharbeit und Einführung von Hartz4....nun konnte der Chef Löhne drücken und weil jeder Angst vor längerer Arbeitslosigkeit hatte wurden die billigen Arbeizsplätze auch besetzt....daran ändert sich nix und somit ändert sich auch nix an der Situation der Mittelschicht...,139,text größte problem deutschlandweit einführung leiharbeit einführung hartznun konnte chef löhne drücken angst längerer arbeitslosigkeit wurden billigen arbeizsplätze besetztdaran ändert nix somit ändert nix situation mittelschicht,negative,0.9928719401359558,336,-1,"{'anger': 0.9170931577682495, 'fear': 0.0012736916542053223, 'disgust': 0.006207775324583054, 'sadness': 0.03476342931389809, 'joy': 0.004195068497210741, 'none of them': 0.05268106237053871, 'fear_linguistic': 1.0, 'fear_sentence_count': 1}",0.9170931577682495,0.0,0,0.0012736916542053223,1.0,1,0.006207775324583054,0.0,0,0.03476342931389809,0.0,0,0.004195068497210741,0.0,0,0.05268106237053871,0.0,0,anger,Sonstige Themen,Deutschland,2021-06-29_Xlh1RJcjwD8_Corona_ Verpasste Chancen der Bildungspolitik _ Markus Lanz.csv,2025-05-30T08:49:03.543484
 text: 2005 hat bereits ein kluger Mann in Berlin sich überlegt welche Strategien für die Schulbildung von nöten sind. Ich fall vom Glauben ab.,140,text bereits kluger mann berlin überlegt strategien schulbildung nöten fall glauben,neutral,0.9972087740898132,143,12,"{'anger': 0.7691211104393005, 'fear': 9.967802179744467e-05, 'disgust': 0.01139796245843172, 'sadness': 0.034719690680503845, 'joy': 0.0156367477029562, 'none of them': 0.16389048099517822}",0.7691211104393005,0.0,0,9.967802179744467e-05,0.0,0,0.01139796245843172,0.0,0,0.034719690680503845,0.0,0,0.0156367477029562,0.0,0,0.16389048099517822,0.0,0,anger,Gute & Familie,Deutschland,2021-06-29_Xlh1RJcjwD8_Corona_ Verpasste Chancen der Bildungspolitik _ Markus Lanz.csv,2025-05-30T08:49:03.543484
" text: Also die reden da von Familien die in Armut leben, ja ja da habe ich einen Tipp. Arbeiten gehen soll helfen habe ich gehört.",141,text reden familien armut leben tipp arbeiten gehen helfen gehört,neutral,0.897024393081665,131,0,"{'anger': 0.43839606642723083, 'fear': 0.00011138765694340691, 'disgust': 0.01054600439965725, 'sadness': 0.3156869113445282, 'joy': 0.01227570977061987, 'none of them': 0.29426339268684387}",0.43839606642723083,0.0,0,0.00011138765694340691,0.0,0,0.01054600439965725,0.0,0,0.3156869113445282,0.0,0,0.01227570977061987,0.0,0,0.29426339268684387,0.0,0,anger,Schule & Kinder,Deutschland,2021-06-29_Xlh1RJcjwD8_Corona_ Verpasste Chancen der Bildungspolitik _ Markus Lanz.csv,2025-05-30T08:49:03.543484
" text: Schätze Prof. Welzer sehr.\nNur, wenn einem die Eltern nicht mitgeben, wie wichtig eine gute Bildung ist, dann nützt das tollste Bildungssystem nichts.\n\nFür mich war die Sonderschule vorgesehen. Meine Mutter (von 8 Jahren Volksschule zur Personalchefin) hat aber immer an mich geglaubt und mein Vater hat da wenigstens nicht widersprochen.\nHeute bin ich promoviert und wir führen kein Leben im Luxus, aber ein durchaus angenehmes Leben.\n\nEs kommt in meinen Augen letztlich immer auf einen selber an. Alles andere ist m.E. vielleicht auch ein Stück weit Ausrede oder Alibi. Wenn nicht bei uns,  wo denn dann?!\n\nKlar, die Pandemie bzw. was sich bzgl. digitalem Unterricht tut, ist für mich einfach nur peinlich für Deutschland. Nur finde Erfahrung ich die Bedeutung der Schule für das spätere Leben komplett überbewertet. Von dem, was es da zu „holen“ gab bzw. was „dargeboten“ wurde, konnte ich geschätzt keine 10% dessen lernen, was an der Uni gebraucht wurde. Letztlich war es mein Wille, learning by doing und meine lebenslange Neugier, die mich weiterbrachten.\n\nAnm.: Einem Land, in dem man Lehrer für so etwas Ähnliches hält wie Intellektuelle, ist meiner Meinung nach eh nicht zu helfen.\n\nIn den Kommentaren wird oft nach Politikern für eine solche interessante Talkrunde gerufen…sehr witzig. Dann wäre so eine Sendung doch nicht mehr interessant!\nZu viele Politiker sind für mich Empathie-u. Bildungsruinen (zum Teil mit Grusel-Lebensläufen), mittlerweile abgeschottet vom Rest der Menschen in einer Blase leben.",142,text schätze prof welzer sehrnnur eltern mitgeben wichtig gute bildung nützt tollste bildungssystem nichtsnnfür sonderschule vorgesehen mutter jahren volksschule personalchefin immer geglaubt vater wenigstens widersprochennheute promoviert führen leben luxus durchaus angenehmes lebennnes kommt augen letztlich immer selber vielleicht stück weit ausrede alibi dannnnklar pandemie bzw bzgl digitalem unterricht tut einfach peinlich deutschland finde erfahrung bedeutung schule spätere leben komplett überbewertet holen gab bzw dargeboten wurde konnte geschätzt lernen uni gebraucht wurde letztlich wille learning doing lebenslange neugier weiterbrachtennnanm land lehrer ähnliches hält intellektuelle meinung helfennnin kommentaren oft politikern interessante talkrunde gerufensehr witzig wäre sendung mehr interessantnzu viele politiker empathieu bildungsruinen teil grusellebensläufen mittlerweile abgeschottet rest menschen blase leben,negative,0.9582607448101044,1537,1,"{'anger': 0.9519296884536743, 'fear': 0.004774877801537514, 'disgust': 0.05627274513244629, 'sadness': 0.04597743973135948, 'joy': 0.0060292799025774, 'none of them': 0.02297079935669899, 'joy_linguistic': 0.8999999999999999, 'joy_sentence_count': 1, 'none of them_linguistic': 0.3, 'none of them_sentence_count': 1}",0.9519296884536743,0.0,0,0.004774877801537514,0.0,0,0.05627274513244629,0.0,0,0.04597743973135948,0.0,0,0.0060292799025774,0.8999999999999999,1,0.02297079935669899,0.3,1,anger,Reden & Text,Deutschland,2021-06-29_Xlh1RJcjwD8_Corona_ Verpasste Chancen der Bildungspolitik _ Markus Lanz.csv,2025-05-30T08:49:03.543484
 text: Diese Runde diskutiert......andere Menschen bringen was weiter,143,text runde diskutiertandere menschen bringen,negative,0.9669992327690125,69,-1,"{'anger': 0.0764806717634201, 'fear': 0.00022513774456456304, 'disgust': 0.002120934659615159, 'sadness': 0.013857781887054443, 'joy': 0.03497238829731941, 'none of them': 0.8840237259864807}",0.0764806717634201,0.0,0,0.00022513774456456304,0.0,0,0.002120934659615159,0.0,0,0.013857781887054443,0.0,0,0.03497238829731941,0.0,0,0.8840237259864807,0.0,0,none of them,Sonstige Themen,Deutschland,2021-06-29_Xlh1RJcjwD8_Corona_ Verpasste Chancen der Bildungspolitik _ Markus Lanz.csv,2025-05-30T08:49:03.543484
" text: Im Herbst fliegt uns dieses Nichtstun wieder um die Ohren, und alles geht von vorne los 👍",144,text herbst fliegt nichtstun ohren geht vorne los,negative,0.9661889672279358,96,8,"{'anger': 0.8899174928665161, 'fear': 0.00023758500174153596, 'disgust': 0.015078369528055191, 'sadness': 0.03949356824159622, 'joy': 0.014316460117697716, 'none of them': 0.048921313136816025}",0.8899174928665161,0.0,0,0.00023758500174153596,0.0,0,0.015078369528055191,0.0,0,0.03949356824159622,0.0,0,0.014316460117697716,0.0,0,0.048921313136816025,0.0,0,anger,Deutschland & Leuten,Deutschland,2021-06-29_Xlh1RJcjwD8_Corona_ Verpasste Chancen der Bildungspolitik _ Markus Lanz.csv,2025-05-30T08:49:03.543484
 text: Mut wird nicht belohnt in Deutschland trifft den Nagel auf den Kopf. Deutsche Bürokratie ist Innovationsverhindernd. Und das leider in allen Bereichen 🤮,145,text mut belohnt deutschland trifft nagel kopf deutsche bürokratie innovationsverhindernd leider bereichen,negative,0.9799546599388123,159,0,"{'anger': 0.911614179611206, 'fear': 0.00040730685577727854, 'disgust': 0.01604519598186016, 'sadness': 0.0367378294467926, 'joy': 0.012523745186626911, 'none of them': 0.03860064968466759, 'sadness_linguistic': 1.0, 'sadness_sentence_count': 1}",0.911614179611206,0.0,0,0.00040730685577727854,0.0,0,0.01604519598186016,0.0,0,0.0367378294467926,1.0,1,0.012523745186626911,0.0,0,0.03860064968466759,0.0,0,anger,Schule & Kinder,Deutschland,2021-06-29_Xlh1RJcjwD8_Corona_ Verpasste Chancen der Bildungspolitik _ Markus Lanz.csv,2025-05-30T08:49:03.543484
" text: In deinem ausführlichen Kommentar steckt viel drin, F K. Danke für die Denkanstöße, die du als Lehrer jedem hier in den Kommentaren mitgeben kannst. Du kritisierst, dass zu viel über ideale Voraussetzungen diskutiert wurde und man zu wenig die Wirklichkeit im Blick behält. Was sind deiner Meinung nach realistische Reformen, die zeitnah im Bildungssystem umgesetzt werden können und vielleicht auch müssen?",146,text ausführlichen kommentar steckt drin danke denkanstöße lehrer kommentaren mitgeben kannst kritisierst ideale voraussetzungen diskutiert wurde wenig wirklichkeit blick behält meinung realistische reformen zeitnah bildungssystem umgesetzt vielleicht müssen,positive,0.4641784429550171,414,-1,"{'anger': 0.8302983641624451, 'fear': 0.00036356024793349206, 'disgust': 0.002900033025071025, 'sadness': 0.04136183485388756, 'joy': 0.007447964046150446, 'none of them': 0.13219760358333588, 'none of them_linguistic': 1.0, 'none of them_sentence_count': 1}",0.8302983641624451,0.0,0,0.00036356024793349206,0.0,0,0.002900033025071025,0.0,0,0.04136183485388756,0.0,0,0.007447964046150446,0.0,0,0.13219760358333588,1.0,1,anger,Sonstige Themen,Deutschland,2021-06-29_Xlh1RJcjwD8_Corona_ Verpasste Chancen der Bildungspolitik _ Markus Lanz.csv,2025-05-30T08:49:03.543484
 text:  @ZDFheute  dazu hat Herr Precht ein nettes Buch geschrieben in dem er beschriebt das unsere Schulsystem von Friedrich dem II angelegt wurde um brave Soldaten hervorzubringen. Scheinbar hat er das aber gerade vergessen.,147,text zdfheute herr precht nettes buch geschrieben beschriebt schulsystem friedrich angelegt wurde brave soldaten hervorzubringen scheinbar gerade vergessen,neutral,0.9991538524627686,226,0,"{'anger': 0.8791518807411194, 'fear': 0.00019906579109374434, 'disgust': 0.011123470962047577, 'sadness': 0.023256424814462662, 'joy': 0.030157925561070442, 'none of them': 0.06322172284126282}",0.8791518807411194,0.0,0,0.00019906579109374434,0.0,0,0.011123470962047577,0.0,0,0.023256424814462662,0.0,0,0.030157925561070442,0.0,0,0.06322172284126282,0.0,0,anger,Schule & Kinder,Deutschland,2021-06-29_Xlh1RJcjwD8_Corona_ Verpasste Chancen der Bildungspolitik _ Markus Lanz.csv,2025-05-30T08:49:03.543484
" text: Hallo János und danke dir für das positive Feedback! Das hören wir gerne. Auch heute Abend senden wir wieder \Markus Lanz\ ab 23:15. \nJulia Friedrichs kritisiert eine gewisse \Gleichgültigkeit mit der man Familien sich selber überlassen hat\. Gehst du da mit, sind die Interessen und Herausforderungen von Familien, Eltern, Kindern in den letzten Monaten zu sehr auf der Strecke geblieben?",148,text hallo jános danke positive feedback hören gerne heute abend senden markus lanz njulia friedrichs kritisiert gewisse gleichgültigkeit familien selber überlassen gehst interessen herausforderungen familien eltern kindern letzten monaten strecke geblieben,negative,0.5001463294029236,397,0,"{'anger': 0.5296503305435181, 'fear': 5.493645221577026e-05, 'disgust': 0.0031265155412256718, 'sadness': 0.046925365924835205, 'joy': 0.12060846388339996, 'none of them': 0.18194833397865295, 'joy_linguistic': 1.0, 'joy_sentence_count': 1}",0.5296503305435181,0.0,0,5.493645221577026e-05,0.0,0,0.0031265155412256718,0.0,0,0.046925365924835205,0.0,0,0.12060846388339996,1.0,1,0.18194833397865295,0.0,0,joy,Schule & Kinder,Deutschland,2021-06-29_Xlh1RJcjwD8_Corona_ Verpasste Chancen der Bildungspolitik _ Markus Lanz.csv,2025-05-30T08:49:03.543484
" text:  @ZDFheute  Vielen Dank für die nette Antwort :) Ich habe selbe gerade erst mein Studium abgeschlossen, weshalb ich weder als Kind noch als Elternteil da mitreden könnte, da ich mich genau in dem Lebensabschnitt dazwischen befinde. Ich denke einfach, dass sie allgemein sehr wichtige Themen angesprochen hat, was Aufstiegs und Bildungschancen angehen. Deshalb hatte sich mein Kommentar darauf bezogen, dass sie am Ende Ihrer Sendung einen sehr emotional mitnimmt, wie hart arbeitende Menschen auf der Strecke bleiben. Ich halte es nicht für richtig ein \Feindbild der Reichen\ zu kreieren, jedoch muss man überlegen, wie man ökonomischen Aufstieg sowie Sicherheit auch wieder mehr Menschen in Deutschland ermöglichen kann. Da hat die Geschichte des Mannes, der kaum seine Familie durch einen harten Job ernähren kann, einen sehr berührt und zum nachdenken angeregt. \nDie Frage ist nun wie unsere Gesellschaft und Politik in Zukunft damit umgehen möchte. Dies in Verbindung zu Ihrer Frage: Ich denke Familien, die sowieso schon einen schwierigen Stand in Sachen Bildung hatten, werden so in noch stärkere Nöte kommen und somit noch weiter von der Gesellschaft abgehängt. Welche Auswirkung dies in Zukunft haben wird, werden wir in ein paar Jahren dann sehen. Deshalb und auch aus anderen Versäumnissen neben Klima und Digitalisierung bin ich der Meinung, dass wir einen Kontrast zu den letzten 16 Jahren CDU brauchen.",149,text zdfheute vielen dank nette antwort selbe gerade erst studium abgeschlossen weshalb weder kind elternteil mitreden genau lebensabschnitt dazwischen befinde denke einfach allgemein wichtige themen angesprochen aufstiegs bildungschancen angehen deshalb kommentar darauf bezogen ende sendung emotional mitnimmt hart arbeitende menschen strecke bleiben halte richtig feindbild reichen kreieren jedoch überlegen ökonomischen aufstieg sowie sicherheit mehr menschen deutschland ermöglichen geschichte mannes kaum familie harten job ernähren berührt nachdenken angeregt ndie frage gesellschaft politik zukunft umgehen möchte verbindung frage denke familien sowieso schon schwierigen stand sachen bildung stärkere nöte kommen somit gesellschaft abgehängt auswirkung zukunft paar jahren sehen deshalb versäumnissen neben klima digitalisierung meinung kontrast letzten jahren cdu brauchen,neutral,0.7875772714614868,1424,-1,"{'anger': 0.902641236782074, 'fear': 0.0007807802758179605, 'disgust': 0.005334924906492233, 'sadness': 0.05416056141257286, 'joy': 0.019158709794282913, 'none of them': 0.9019089341163635, 'fear_linguistic': 0.25, 'fear_sentence_count': 1, 'disgust_linguistic': 0.25, 'disgust_sentence_count': 1, 'anger_linguistic': 0.25, 'anger_sentence_count': 1, 'none of them_linguistic': 0.25, 'none of them_sentence_count': 1}",0.902641236782074,0.25,1,0.0007807802758179605,0.25,1,0.005334924906492233,0.25,1,0.05416056141257286,0.0,0,0.019158709794282913,0.0,0,0.9019089341163635,0.25,1,anger,Sonstige Themen,Deutschland,2021-06-29_Xlh1RJcjwD8_Corona_ Verpasste Chancen der Bildungspolitik _ Markus Lanz.csv,2025-05-30T08:49:03.543484
 text: Alarm! Sie verstossen gegen das Neutralitätsgebot! Beim nächsten Verstoss werden sie gekanzelt!,150,text alarm verstossen neutralitätsgebot beim nächsten verstoss gekanzelt,neutral,0.9522860646247864,102,0,"{'anger': 0.8121395707130432, 'fear': 0.0002467007143422961, 'disgust': 0.025419823825359344, 'sadness': 0.044796817004680634, 'joy': 0.010170252993702888, 'none of them': 0.1178777664899826, 'none of them_linguistic': 1.0, 'none of them_sentence_count': 1}",0.8121395707130432,0.0,0,0.0002467007143422961,0.0,0,0.025419823825359344,0.0,0,0.044796817004680634,0.0,0,0.010170252993702888,0.0,0,0.1178777664899826,1.0,1,anger,Schule & Kinder,Deutschland,2021-06-29_Xlh1RJcjwD8_Corona_ Verpasste Chancen der Bildungspolitik _ Markus Lanz.csv,2025-05-30T08:49:03.543484
" text: Halbes Jahr keine Schule war wirklich super, da man die impstoffe weiter verkauft wurde",151,text halbes jahr schule wirklich super impstoffe verkauft wurde,negative,0.9781151413917542,94,0,"{'anger': 0.870280921459198, 'fear': 0.000363830360583961, 'disgust': 0.04997627064585686, 'sadness': 0.04570308327674866, 'joy': 0.009299968369305134, 'none of them': 0.044559210538864136, 'joy_linguistic': 1.0, 'joy_sentence_count': 1}",0.870280921459198,0.0,0,0.000363830360583961,0.0,0,0.04997627064585686,0.0,0,0.04570308327674866,0.0,0,0.009299968369305134,1.0,1,0.044559210538864136,0.0,0,anger,Schule & Kinder,Deutschland,2021-06-29_Xlh1RJcjwD8_Corona_ Verpasste Chancen der Bildungspolitik _ Markus Lanz.csv,2025-05-30T08:49:03.543484
" text: Bestimmt ist auch beides möglich, Schewap Titus! Wo genau gibt es aus deiner Sicht Nachholbedarf im Bildungssystem, was muss sich ändern?",152,text bestimmt beides möglich schewap titus genau gibt sicht nachholbedarf bildungssystem ändern,positive,0.649094820022583,144,-1,"{'anger': 0.709364116191864, 'fear': 0.00012378052633721381, 'disgust': 0.00342311873100698, 'sadness': 0.028090575709939003, 'joy': 0.017636556178331375, 'none of them': 0.27338600158691406, 'none of them_linguistic': 1.0, 'none of them_sentence_count': 1}",0.709364116191864,0.0,0,0.00012378052633721381,0.0,0,0.00342311873100698,0.0,0,0.028090575709939003,0.0,0,0.017636556178331375,0.0,0,0.27338600158691406,1.0,1,none of them,Sonstige Themen,Deutschland,2021-06-29_Xlh1RJcjwD8_Corona_ Verpasste Chancen der Bildungspolitik _ Markus Lanz.csv,2025-05-30T08:49:03.543484
 text: @Vorname Nachname Das ist zweifellos überzeugend,153,text vorname nachname zweifellos überzeugend,neutral,0.9991483688354492,55,0,"{'anger': 0.03956228867173195, 'fear': 0.00015026191249489784, 'disgust': 0.0017255881102755666, 'sadness': 0.007574588526040316, 'joy': 0.6868721842765808, 'none of them': 0.2417280673980713}",0.03956228867173195,0.0,0,0.00015026191249489784,0.0,0,0.0017255881102755666,0.0,0,0.007574588526040316,0.0,0,0.6868721842765808,0.0,0,0.2417280673980713,0.0,0,joy,Schule & Kinder,Deutschland,2021-06-29_Xlh1RJcjwD8_Corona_ Verpasste Chancen der Bildungspolitik _ Markus Lanz.csv,2025-05-30T08:49:03.543484
" text:  @ZDFheute  Ich war 35 Jahre Lehrer am Gymnasium, kann also wohl mit Recht behaupten, etwas von der Materie zu verstehen. Genau aus diesem Verständnis kann ich sagen, dass es dafür kein Rezept gibt, das an dieser Stelle auch nur annähernd ausgeführt werden kann. Auf jeden Fall kostet es viel Geld. Die Lerninhalte müssten erheblich in Richtung Objektivität und Anspruch modifiziert werden und die Lehrerausbildung müsste deutlich anspruchsvoller sowie ideologiefrei werden. Dafür müsste allerdings schon an der Uni begonnen werden.",154,text zdfheute jahre lehrer gymnasium wohl recht behaupten materie verstehen genau verständnis sagen dafür rezept gibt stelle annähernd ausgeführt fall kostet geld lerninhalte müssten erheblich richtung objektivität anspruch modifiziert lehrerausbildung müsste deutlich anspruchsvoller sowie ideologiefrei dafür müsste allerdings schon uni begonnen,negative,0.992232084274292,539,1,"{'anger': 0.9289485812187195, 'fear': 0.0015329300658777356, 'disgust': 0.007683891337364912, 'sadness': 0.01338865328580141, 'joy': 0.005576449912041426, 'none of them': 0.05171842500567436, 'none of them_linguistic': 1.0, 'none of them_sentence_count': 1}",0.9289485812187195,0.0,0,0.0015329300658777356,0.0,0,0.007683891337364912,0.0,0,0.01338865328580141,0.0,0,0.005576449912041426,0.0,0,0.05171842500567436,1.0,1,anger,Reden & Text,Deutschland,2021-06-29_Xlh1RJcjwD8_Corona_ Verpasste Chancen der Bildungspolitik _ Markus Lanz.csv,2025-05-30T08:49:03.543484
" text: auch meine meinung, und dann auch noch wenn politiker anwesend sind, damit diese sich mal mit richtigen menschen auseinander setzen müssen, wäre sicher lustig (ironie off)",155,text meinung politiker anwesend mal richtigen menschen auseinander setzen müssen wäre sicher lustig ironie off,negative,0.8919053673744202,178,1,"{'anger': 0.9208831191062927, 'fear': 0.0008060728432610631, 'disgust': 0.01534582395106554, 'sadness': 0.021934622898697853, 'joy': 0.0055503458715975285, 'none of them': 0.045680589973926544}",0.9208831191062927,0.0,0,0.0008060728432610631,0.0,0,0.01534582395106554,0.0,0,0.021934622898697853,0.0,0,0.0055503458715975285,0.0,0,0.045680589973926544,0.0,0,anger,Reden & Text,Deutschland,2021-06-29_Xlh1RJcjwD8_Corona_ Verpasste Chancen der Bildungspolitik _ Markus Lanz.csv,2025-05-30T08:49:03.543484
" text: Hi Pawel und danke für den Input. Denkst du dabei zum Beispiel an eine Schülervertretung? Kennst du denn jemanden, der gerne seinen Standpunkt in einer Talkshow mit anderen Gästen diskutieren würde?",156,text pawel danke input denkst dabei beispiel schülervertretung kennst jemanden gerne standpunkt talkshow gästen diskutieren,neutral,0.9834451079368591,205,5,"{'anger': 0.10445934534072876, 'fear': 0.00015914178220555186, 'disgust': 0.001688928809016943, 'sadness': 0.008517659269273281, 'joy': 0.16882163286209106, 'none of them': 0.6651988625526428}",0.10445934534072876,0.0,0,0.00015914178220555186,0.0,0,0.001688928809016943,0.0,0,0.008517659269273281,0.0,0,0.16882163286209106,0.0,0,0.6651988625526428,0.0,0,none of them,Maske & Masken,Deutschland,2021-06-29_Xlh1RJcjwD8_Corona_ Verpasste Chancen der Bildungspolitik _ Markus Lanz.csv,2025-05-30T08:49:03.543484
" text:  @ZDFheute  Jugendliche sind aber nicht so unkritisch wie so eine Runde, denen ist es eventuell egal ob sie wieder eingeladen werden. Stellen Sie sich vor die sprechen die neue Studie zu den Masken an, die aufzeigt wie gefährlich das Masken tragen allgemein und besonders für die Kinder ist. Oder die zeigen anhand der Zahlen, dass die Maßnahmen in Schulen keinen Sinn gemacht haben. Diese Themen soll doch bestimmt keine Bühne bekommen.",157,text zdfheute jugendliche unkritisch runde denen eventuell egal eingeladen stellen sprechen neue studie masken aufzeigt gefährlich masken tragen allgemein besonders kinder zeigen anhand zahlen maßnahmen schulen sinn gemacht themen bestimmt bühne bekommen,neutral,0.7806570529937744,444,12,"{'anger': 0.9488290548324585, 'fear': 0.0043967426754534245, 'disgust': 0.01958736591041088, 'sadness': 0.01383819431066513, 'joy': 0.005800875835120678, 'none of them': 0.020997527986764908, 'fear_linguistic': 0.6, 'fear_sentence_count': 1, 'disgust_linguistic': 0.3, 'disgust_sentence_count': 1, 'anger_linguistic': 0.3, 'anger_sentence_count': 1}",0.9488290548324585,0.3,1,0.0043967426754534245,0.6,1,0.01958736591041088,0.3,1,0.01383819431066513,0.0,0,0.005800875835120678,0.0,0,0.020997527986764908,0.0,0,anger,Gute & Familie,Deutschland,2021-06-29_Xlh1RJcjwD8_Corona_ Verpasste Chancen der Bildungspolitik _ Markus Lanz.csv,2025-05-30T08:49:03.543484
 text:  @ZDFheute  ihr verdient genug zwangsgebüren und somit könnt ihr gefälligst selbst rausfinden ob da eine  jemand lust hat.,158,text zdfheute verdient genug zwangsgebüren somit könnt gefälligst rausfinden jemand lust,negative,0.866011381149292,129,-1,"{'anger': 0.9336032271385193, 'fear': 0.0010114324977621436, 'disgust': 0.019362561404705048, 'sadness': 0.014690514653921127, 'joy': 0.00918568391352892, 'none of them': 0.03557991236448288}",0.9336032271385193,0.0,0,0.0010114324977621436,0.0,0,0.019362561404705048,0.0,0,0.014690514653921127,0.0,0,0.00918568391352892,0.0,0,0.03557991236448288,0.0,0,anger,Sonstige Themen,Deutschland,2021-06-29_Xlh1RJcjwD8_Corona_ Verpasste Chancen der Bildungspolitik _ Markus Lanz.csv,2025-05-30T08:49:03.543484
 text:  @dieterkubath3196 oder sie machen einfach keins davon du schwurbelkasper,159,text dieterkubath einfach keins davon schwurbelkasper,neutral,0.9810536503791809,80,2,"{'anger': 0.898327112197876, 'fear': 0.0006602495559491217, 'disgust': 0.008996573276817799, 'sadness': 0.014307155273854733, 'joy': 0.0056812395341694355, 'none of them': 0.06488890200853348}",0.898327112197876,0.0,0,0.0006602495559491217,0.0,0,0.008996573276817799,0.0,0,0.014307155273854733,0.0,0,0.0056812395341694355,0.0,0,0.06488890200853348,0.0,0,anger,Pyromanemane & Psyche,Deutschland,2021-06-29_Xlh1RJcjwD8_Corona_ Verpasste Chancen der Bildungspolitik _ Markus Lanz.csv,2025-05-30T08:49:03.543484
" text:  @pyromanemane8036  haben Sie sich die Kommentar selber ausgedacht, sehr talentiert.",160,text pyromanemane kommentar selber ausgedacht talentiert,neutral,0.9941388368606567,91,-1,"{'anger': 0.5340287685394287, 'fear': 7.122694660210982e-05, 'disgust': 0.005212939810007811, 'sadness': 0.01282100286334753, 'joy': 0.03255469724535942, 'none of them': 0.4065045416355133}",0.5340287685394287,0.0,0,7.122694660210982e-05,0.0,0,0.005212939810007811,0.0,0,0.01282100286334753,0.0,0,0.03255469724535942,0.0,0,0.4065045416355133,0.0,0,anger,Sonstige Themen,Deutschland,2021-06-29_Xlh1RJcjwD8_Corona_ Verpasste Chancen der Bildungspolitik _ Markus Lanz.csv,2025-05-30T08:49:03.543484
 text:  @dieterkubath3196  ernsthaft?,161,text dieterkubath ernsthaft,neutral,0.987594723701477,37,1,"{'anger': 0.795696496963501, 'fear': 0.0006183655932545662, 'disgust': 0.15827403962612152, 'sadness': 0.043244943022727966, 'joy': 0.005520089995115995, 'none of them': 0.05242670699954033}",0.795696496963501,0.0,0,0.0006183655932545662,0.0,0,0.15827403962612152,0.0,0,0.043244943022727966,0.0,0,0.005520089995115995,0.0,0,0.05242670699954033,0.0,0,anger,Reden & Text,Deutschland,2021-06-29_Xlh1RJcjwD8_Corona_ Verpasste Chancen der Bildungspolitik _ Markus Lanz.csv,2025-05-30T08:49:03.543484
" text: 😀 Habt Ihr mitbekommen, was T-Online am 30.06. schrieb?\n\n\ARD plant Angriff auf ZDF\ \nMan plane Dienstags einen Talk, in dem zuvor Gäste befragt werden und anschließend diskutiert wird.\nDie Nachfrage bestünde - wie bei Markus Lanz zu sehen sei.",162,text habt mitbekommen tonline schriebnnard plant angriff zdf nman plane dienstags talk zuvor gäste befragt anschließend diskutiert wirdndie nachfrage bestünde markus lanz sehen sei,neutral,0.9964409470558167,255,3,"{'anger': 0.5787578821182251, 'fear': 0.00011746120435418561, 'disgust': 0.00643955497071147, 'sadness': 0.0540483295917511, 'joy': 0.011020023375749588, 'none of them': 0.3477325141429901}",0.5787578821182251,0.0,0,0.00011746120435418561,0.0,0,0.00643955497071147,0.0,0,0.0540483295917511,0.0,0,0.011020023375749588,0.0,0,0.3477325141429901,0.0,0,anger,Text & Pur,Deutschland,2021-06-29_Xlh1RJcjwD8_Corona_ Verpasste Chancen der Bildungspolitik _ Markus Lanz.csv,2025-05-30T08:49:03.543484
 text: 👍,163,text,neutral,0.9740037322044373,8,4,,0.0,0.0,0,0.0,0.0,0,0.0,0.0,0,0.0,0.0,0,0.0,0.0,0,0.0,0.0,0,anger,Falsch & Text,Deutschland,2021-06-29_Xlh1RJcjwD8_Corona_ Verpasste Chancen der Bildungspolitik _ Markus Lanz.csv,2025-05-30T08:49:03.543484
 text: Wunderschön ❤️,164,text wunderschön,neutral,0.46078944206237793,21,0,"{'anger': 0.008070552721619606, 'fear': 0.0007010547560639679, 'disgust': 0.0038353626150637865, 'sadness': 0.006397028919309378, 'joy': 0.9758462905883789, 'none of them': 0.01840115152299404, 'joy_linguistic': 1.0, 'joy_sentence_count': 1}",0.008070552721619606,0.0,0,0.0007010547560639679,0.0,0,0.0038353626150637865,0.0,0,0.006397028919309378,0.0,0,0.9758462905883789,1.0,1,0.01840115152299404,0.0,0,joy,Schule & Kinder,Deutschland,2021-06-29_Xlh1RJcjwD8_Corona_ Verpasste Chancen der Bildungspolitik _ Markus Lanz.csv,2025-05-30T08:49:03.543484
" text: Das war auf unserem Abschlusstshirt damals. Danke, sie haben so recht",165,text abschlusstshirt damals danke recht,neutral,0.9969735145568848,76,15,"{'anger': 0.10416482388973236, 'fear': 0.00018457008991390467, 'disgust': 0.00119253050070256, 'sadness': 0.005058315582573414, 'joy': 0.6435917019844055, 'none of them': 0.2364475280046463}",0.10416482388973236,0.0,0,0.00018457008991390467,0.0,0,0.00119253050070256,0.0,0,0.005058315582573414,0.0,0,0.6435917019844055,0.0,0,0.2364475280046463,0.0,0,joy,Wurden & Lebe,Deutschland,2021-06-29_Xlh1RJcjwD8_Corona_ Verpasste Chancen der Bildungspolitik _ Markus Lanz.csv,2025-05-30T08:49:03.543484
" text: Ist halt nicht das ganze Leben, Kindergarten. Wie sollte man ohne Schule, das Arbeitsleben überstehen.",166,text halt ganze leben kindergarten schule arbeitsleben überstehen,negative,0.9230263829231262,109,-1,"{'anger': 0.8340199589729309, 'fear': 0.0004035332822240889, 'disgust': 0.01847740262746811, 'sadness': 0.10409175604581833, 'joy': 0.006689820904284716, 'none of them': 0.05023239925503731}",0.8340199589729309,0.0,0,0.0004035332822240889,0.0,0,0.01847740262746811,0.0,0,0.10409175604581833,0.0,0,0.006689820904284716,0.0,0,0.05023239925503731,0.0,0,anger,Sonstige Themen,Deutschland,2021-06-29_Xlh1RJcjwD8_Corona_ Verpasste Chancen der Bildungspolitik _ Markus Lanz.csv,2025-05-30T08:49:03.543484
" text:  @thomann2814  was hätten wir für eine Arbeitswelt wenn Menschen sich frei entfalten könnten? Zufriedenere Menschen am Arbeitsplatz und in der Gesellschaft? Bitte, wo kommen wir nur hin 😅",167,text thomann hätten arbeitswelt menschen frei entfalten könnten zufriedenere menschen arbeitsplatz gesellschaft bitte kommen,neutral,0.9858631491661072,194,0,"{'anger': 0.7443275451660156, 'fear': 0.00021416242816485465, 'disgust': 0.002331380732357502, 'sadness': 0.014036281034350395, 'joy': 0.027380526065826416, 'none of them': 0.2572943866252899, 'joy_linguistic': 1.0, 'joy_sentence_count': 1}",0.7443275451660156,0.0,0,0.00021416242816485465,0.0,0,0.002331380732357502,0.0,0,0.014036281034350395,0.0,0,0.027380526065826416,1.0,1,0.2572943866252899,0.0,0,anger,Schule & Kinder,Deutschland,2021-06-29_Xlh1RJcjwD8_Corona_ Verpasste Chancen der Bildungspolitik _ Markus Lanz.csv,2025-05-30T08:49:03.543484
" text:  @mitchelmeiers7642  Träumen darf man ja, aber Arbeit bleibt immer 90% Schweiß und 10 % Inspiration",168,text mitchelmeiers träumen darf arbeit bleibt immer schweiß inspiration,neutral,0.9771173596382141,106,11,"{'anger': 0.6634496450424194, 'fear': 0.0002259995526401326, 'disgust': 0.04833071678876877, 'sadness': 0.2198648601770401, 'joy': 0.01124695222824812, 'none of them': 0.08221451938152313}",0.6634496450424194,0.0,0,0.0002259995526401326,0.0,0,0.04833071678876877,0.0,0,0.2198648601770401,0.0,0,0.01124695222824812,0.0,0,0.08221451938152313,0.0,0,anger,Virus & Angst,Deutschland,2021-06-29_Xlh1RJcjwD8_Corona_ Verpasste Chancen der Bildungspolitik _ Markus Lanz.csv,2025-05-30T08:49:03.543484
 text:  @mitchelmeiers7642  da wo Menschen auf Menschen treffen wird es immer Konflikte geben. Was wäre aus ihrer Sicht ein wichtiger Reformpunkt? Weniger Frontalunterricht?,169,text mitchelmeiers menschen menschen treffen immer konflikte geben wäre sicht wichtiger reformpunkt weniger frontalunterricht,neutral,0.9904504418373108,173,0,"{'anger': 0.8222832679748535, 'fear': 0.0002751704887486994, 'disgust': 0.005360676907002926, 'sadness': 0.030653903260827065, 'joy': 0.006020824424922466, 'none of them': 0.13868416845798492}",0.8222832679748535,0.0,0,0.0002751704887486994,0.0,0,0.005360676907002926,0.0,0,0.030653903260827065,0.0,0,0.006020824424922466,0.0,0,0.13868416845798492,0.0,0,anger,Schule & Kinder,Deutschland,2021-06-29_Xlh1RJcjwD8_Corona_ Verpasste Chancen der Bildungspolitik _ Markus Lanz.csv,2025-05-30T08:49:03.543484
" text: Ich finde noch schlimmer ist die fehlende Medienkompetenz, dass die Menschen das Geldsystem nicht verstehen, nicht wissen wie man sich gesund ernährt um das Immunsystem fit zu halten, die Gefahren der digitalen Konzerne nicht erkennen und sich spalten lassen",170,text finde schlimmer fehlende medienkompetenz menschen geldsystem verstehen wissen gesund ernährt immunsystem fit halten gefahren digitalen konzerne erkennen spalten lassen,negative,0.9854474663734436,265,0,"{'anger': 0.9299469590187073, 'fear': 0.001336880843155086, 'disgust': 0.01970956288278103, 'sadness': 0.01663247123360634, 'joy': 0.005022336263209581, 'none of them': 0.030247829854488373, 'sadness_linguistic': 0.3333333333333333, 'sadness_sentence_count': 1, 'fear_linguistic': 0.3333333333333333, 'fear_sentence_count': 1, 'disgust_linguistic': 0.3333333333333333, 'disgust_sentence_count': 1}",0.9299469590187073,0.0,0,0.001336880843155086,0.3333333333333333,1,0.01970956288278103,0.3333333333333333,1,0.01663247123360634,0.3333333333333333,1,0.005022336263209581,0.0,0,0.030247829854488373,0.0,0,anger,Schule & Kinder,Deutschland,2021-06-29_Xlh1RJcjwD8_Corona_ Verpasste Chancen der Bildungspolitik _ Markus Lanz.csv,2025-05-30T08:49:03.543484
" text: Einzelschicksale sind nicht repräsentativ. Das gegenwärtige, zweifelsohne ungleiche und ungerecht System wird gespeist aus Erzählungen von Einzelschicksalen.",171,text einzelschicksale repräsentativ gegenwärtige zweifelsohne ungleiche ungerecht system gespeist erzählungen einzelschicksalen,neutral,0.9999059438705444,164,-1,"{'anger': 0.8717501163482666, 'fear': 0.001923498697578907, 'disgust': 0.046963490545749664, 'sadness': 0.05600231885910034, 'joy': 0.003457724116742611, 'none of them': 0.03385064750909805, 'anger_linguistic': 0.5, 'anger_sentence_count': 1, 'none of them_linguistic': 0.5, 'none of them_sentence_count': 1}",0.8717501163482666,0.5,1,0.001923498697578907,0.0,0,0.046963490545749664,0.0,0,0.05600231885910034,0.0,0,0.003457724116742611,0.0,0,0.03385064750909805,0.5,1,anger,Sonstige Themen,Deutschland,2021-06-29_Xlh1RJcjwD8_Corona_ Verpasste Chancen der Bildungspolitik _ Markus Lanz.csv,2025-05-30T08:49:03.543484
" text:  @TheAsselmeier  aber leider summieren sich die Einzelschicksale zu 25% bei den Hauptschülern. Das von Friedrich II angelegte Schulsystem, das folgsame Soldaten hervorbringen sollte funktioniert immer noch, wenn es folgsame Bürger hervorbringen soll.",172,text theasselmeier leider summieren einzelschicksale hauptschülern friedrich angelegte schulsystem folgsame soldaten hervorbringen funktioniert immer folgsame bürger hervorbringen,neutral,0.9935325384140015,257,9,"{'anger': 0.899802565574646, 'fear': 0.0016789048677310348, 'disgust': 0.03169788792729378, 'sadness': 0.031481318175792694, 'joy': 0.0038816288579255342, 'none of them': 0.020460238680243492, 'sadness_linguistic': 1.0, 'sadness_sentence_count': 1}",0.899802565574646,0.0,0,0.0016789048677310348,0.0,0,0.03169788792729378,0.0,0,0.031481318175792694,1.0,1,0.0038816288579255342,0.0,0,0.020460238680243492,0.0,0,anger,Wählen & Cdu,Deutschland,2021-06-29_Xlh1RJcjwD8_Corona_ Verpasste Chancen der Bildungspolitik _ Markus Lanz.csv,2025-05-30T08:49:03.543484
" text: Ja, das Elternhaus hat eine große Bedeutung für die Bildung, da das Elternhaus den Grundstein legt für die Freude am Lernen, besonders in den ersten sechs Lebensjahren, wenn Eltern ihren Kindern zum Beispiel vorgelesen haben, schnitten diese Kinder in deutsch bei Pisa besser ab. Leider ist es ja so, dass die Klassen viel zu groß sind und sich nicht jeder Lehrer um alle kümmern kann. Da bräuchten wir ganz andere Schulen - aber das wird Geld kosten - und daran wird es wieder scheitern wie so vieles.",173,text elternhaus große bedeutung bildung elternhaus grundstein legt freude lernen besonders ersten sechs lebensjahren eltern kindern beispiel vorgelesen schnitten kinder deutsch pisa besser leider klassen groß lehrer kümmern bräuchten ganz schulen geld kosten daran scheitern vieles,negative,0.9705826640129089,509,8,"{'anger': 0.7136825919151306, 'fear': 0.00018342585826758295, 'disgust': 0.00451258709654212, 'sadness': 0.2035391628742218, 'joy': 0.010092229582369328, 'none of them': 0.11392711102962494, 'joy_linguistic': 0.7999999999999999, 'joy_sentence_count': 1, 'sadness_linguistic': 0.39999999999999997, 'sadness_sentence_count': 1}",0.7136825919151306,0.0,0,0.00018342585826758295,0.0,0,0.00451258709654212,0.0,0,0.2035391628742218,0.39999999999999997,1,0.010092229582369328,0.7999999999999999,1,0.11392711102962494,0.0,0,anger,Deutschland & Leuten,Deutschland,2021-06-29_Xlh1RJcjwD8_Corona_ Verpasste Chancen der Bildungspolitik _ Markus Lanz.csv,2025-05-30T08:49:03.543484
" text: Bevor entschieden wird, muss erstmal diskutiert werden, damit überhaupt klar ist, was entschieden werden soll.",174,text bevor entschieden erstmal diskutiert überhaupt klar entschieden,neutral,0.9995922446250916,117,-1,"{'anger': 0.28538256883621216, 'fear': 0.00013969108113087714, 'disgust': 0.001912599429488182, 'sadness': 0.016715561971068382, 'joy': 0.030772821977734566, 'none of them': 0.6739380955696106, 'none of them_linguistic': 1.0, 'none of them_sentence_count': 1}",0.28538256883621216,0.0,0,0.00013969108113087714,0.0,0,0.001912599429488182,0.0,0,0.016715561971068382,0.0,0,0.030772821977734566,0.0,0,0.6739380955696106,1.0,1,none of them,Sonstige Themen,Deutschland,2021-06-29_Xlh1RJcjwD8_Corona_ Verpasste Chancen der Bildungspolitik _ Markus Lanz.csv,2025-05-30T08:49:03.543484
" text: Das trifft in dieser Pauschalität doch gar nicht zu. Es gibt viele Länder, die deutlich bürokratischer sind. In China regelt der Staat alles. Und diese Nation ist angeblich führend in den Bereichen IT und AI. DEN Zukunftsbranchen. Angeblich. Deutschland ist bei den Patenten pro Kopf immer noch Spitze in der Welt. Unser BIP/Kopf ist ganz weit vorne. Um gegen den Klimawandel und Ressourcenknappheit angehen zu können, brauchen wir sogar noch viel mehr Bürokratie. Wir müssen planen und gezielt verteilen. Und natürlich verzichten. Es ist definitiv nicht trivial.",175,text trifft pauschalität gar gibt viele länder deutlich bürokratischer china regelt staat nation angeblich führend bereichen zukunftsbranchen angeblich deutschland patenten pro kopf immer spitze welt bipkopf ganz weit vorne klimawandel ressourcenknappheit angehen brauchen sogar mehr bürokratie müssen planen gezielt verteilen natürlich verzichten definitiv trivial,negative,0.9869856238365173,570,0,"{'anger': 0.9479458332061768, 'fear': 0.004477659240365028, 'disgust': 0.009066497907042503, 'sadness': 0.010838122107088566, 'joy': 0.005714229308068752, 'none of them': 0.034566257148981094, 'joy_linguistic': 1.0, 'joy_sentence_count': 1}",0.9479458332061768,0.0,0,0.004477659240365028,0.0,0,0.009066497907042503,0.0,0,0.010838122107088566,0.0,0,0.005714229308068752,1.0,1,0.034566257148981094,0.0,0,anger,Schule & Kinder,Deutschland,2021-06-29_Xlh1RJcjwD8_Corona_ Verpasste Chancen der Bildungspolitik _ Markus Lanz.csv,2025-05-30T08:49:03.543484
 text: Die Intellektuellen bei denen tanzen die Forellen im selbstgemachten Apfelmus,176,text intellektuellen denen tanzen forellen selbstgemachten apfelmus,neutral,0.9999889135360718,84,1,"{'anger': 0.7987968325614929, 'fear': 0.00017718857270665467, 'disgust': 0.04509063810110092, 'sadness': 0.054967425763607025, 'joy': 0.010549807921051979, 'none of them': 0.07004538923501968}",0.7987968325614929,0.0,0,0.00017718857270665467,0.0,0,0.04509063810110092,0.0,0,0.054967425763607025,0.0,0,0.010549807921051979,0.0,0,0.07004538923501968,0.0,0,anger,Reden & Text,Deutschland,2021-06-29_Xlh1RJcjwD8_Corona_ Verpasste Chancen der Bildungspolitik _ Markus Lanz.csv,2025-05-30T08:49:03.543484
" text: Was redet die da am Anfang von Chancen und das \Wir\ uns verändern können. \Wir\ können uns verändern wenn wir uns an andere Gesetze halten müssen. Aber eine neue Mentalität kommt so schnell nicht zu stande, das dauert Jahrzehnte. Bei jungen Menschen gehts allerdings deutlich schneller.",177,text redet anfang chancen verändern verändern gesetze halten müssen neue mentalität kommt schnell stande dauert jahrzehnte jungen menschen gehts allerdings deutlich schneller,neutral,0.6807764768600464,294,1,"{'anger': 0.7669625878334045, 'fear': 0.00016827911895234138, 'disgust': 0.0030897550750523806, 'sadness': 0.02436935156583786, 'joy': 0.01813996396958828, 'none of them': 0.18278008699417114}",0.7669625878334045,0.0,0,0.00016827911895234138,0.0,0,0.0030897550750523806,0.0,0,0.02436935156583786,0.0,0,0.01813996396958828,0.0,0,0.18278008699417114,0.0,0,anger,Reden & Text,Deutschland,2021-06-29_Xlh1RJcjwD8_Corona_ Verpasste Chancen der Bildungspolitik _ Markus Lanz.csv,2025-05-30T08:49:03.543484
" text: Gutes Thema ..aber hier fehlt ein Gast ..(jemand aus der Bundesregierung ) der sich mal anhört wie es an der Front aussieht ..vermutlich wollte keiner kommen als das Thema der Sendung benannt wurde. ( nee , keine Zeit , nicht interessant genug , hab kein Bock auf das Problem  etc etc ).",178,text gutes thema fehlt gast jemand bundesregierung mal anhört front aussieht vermutlich kommen thema sendung benannt wurde nee zeit interessant genug bock problem etc etc,negative,0.9698606729507446,294,1,"{'anger': 0.9240196347236633, 'fear': 0.0013658420648425817, 'disgust': 0.0072103035636246204, 'sadness': 0.02096989005804062, 'joy': 0.004637107253074646, 'none of them': 0.06029105558991432, 'joy_linguistic': 1.0, 'joy_sentence_count': 1}",0.9240196347236633,0.0,0,0.0013658420648425817,0.0,0,0.0072103035636246204,0.0,0,0.02096989005804062,0.0,0,0.004637107253074646,1.0,1,0.06029105558991432,0.0,0,anger,Reden & Text,Deutschland,2021-06-29_Xlh1RJcjwD8_Corona_ Verpasste Chancen der Bildungspolitik _ Markus Lanz.csv,2025-05-30T08:49:03.543484
 text: Verpasste Chancen seit 15 Jahren!\nEin Blick nach Asien würde genügen.\n\nAlle reden... reden... reden... reden..... seit Jahren!\n\nAm Ende wird abgerechnet und dann will es keiner gewesen sein.,179,text verpasste chancen seit jahrennein blick asien genügennnalle reden reden reden reden seit jahrennnam ende abgerechnet,negative,0.9887340068817139,202,0,"{'anger': 0.9115740656852722, 'fear': 0.0004162940022069961, 'disgust': 0.014443338848650455, 'sadness': 0.037660833448171616, 'joy': 0.010878315195441246, 'none of them': 0.035707831382751465}",0.9115740656852722,0.0,0,0.0004162940022069961,0.0,0,0.014443338848650455,0.0,0,0.037660833448171616,0.0,0,0.010878315195441246,0.0,0,0.035707831382751465,0.0,0,anger,Schule & Kinder,Deutschland,2021-06-29_Xlh1RJcjwD8_Corona_ Verpasste Chancen der Bildungspolitik _ Markus Lanz.csv,2025-05-30T08:49:03.543484
" text: Alle sind sich mal wieder einig...\nWo ist die Kontroverse, wo ist die Diskussion?\nBitte mehr Demokratie statt Einheitsbrei. Danke",180,text mal einignwo kontroverse diskussionnbitte mehr demokratie statt einheitsbrei danke,negative,0.9685999155044556,138,0,"{'anger': 0.49354901909828186, 'fear': 0.00017227431817445904, 'disgust': 0.0018083715112879872, 'sadness': 0.030639920383691788, 'joy': 0.011596400290727615, 'none of them': 0.4857909381389618}",0.49354901909828186,0.0,0,0.00017227431817445904,0.0,0,0.0018083715112879872,0.0,0,0.030639920383691788,0.0,0,0.011596400290727615,0.0,0,0.4857909381389618,0.0,0,anger,Schule & Kinder,Deutschland,2021-06-29_Xlh1RJcjwD8_Corona_ Verpasste Chancen der Bildungspolitik _ Markus Lanz.csv,2025-05-30T08:49:03.543484
 text: Wie Kinder und Jugendliche Corona erleben:\nhttps://kurz.zdf.de/27AH/,181,text kinder jugendliche corona erlebenn,neutral,0.9785586595535278,76,-1,"{'anger': 0.10294859111309052, 'fear': 4.313633689889684e-05, 'disgust': 0.007963297888636589, 'sadness': 0.4611862897872925, 'joy': 0.03593689575791359, 'none of them': 0.4098738729953766}",0.10294859111309052,0.0,0,4.313633689889684e-05,0.0,0,0.007963297888636589,0.0,0,0.4611862897872925,0.0,0,0.03593689575791359,0.0,0,0.4098738729953766,0.0,0,sadness,Sonstige Themen,Deutschland,2021-06-29_Xlh1RJcjwD8_Corona_ Verpasste Chancen der Bildungspolitik _ Markus Lanz.csv,2025-05-30T08:49:03.543484
" text: Die Lehrergewerkschaften fordern die Kultusminister auf, den Vorschlag des Robert-Koch-Instituts ernst zu nehmen. Das plädiert für Schutzmaßnahmen in Schulen bis zum Frühjahr 2022:\nhttps://kurz.zdf.de/cALB/",182,text lehrergewerkschaften fordern kultusminister vorschlag robertkochinstituts ernst nehmen plädiert schutzmaßnahmen schulen frühjahr,neutral,0.9874098896980286,214,-1,"{'anger': 0.2420842945575714, 'fear': 0.00015695855836383998, 'disgust': 0.0017446719575673342, 'sadness': 0.022455446422100067, 'joy': 0.018429962918162346, 'none of them': 0.6917030811309814}",0.2420842945575714,0.0,0,0.00015695855836383998,0.0,0,0.0017446719575673342,0.0,0,0.022455446422100067,0.0,0,0.018429962918162346,0.0,0,0.6917030811309814,0.0,0,none of them,Sonstige Themen,Deutschland,2021-06-29_Xlh1RJcjwD8_Corona_ Verpasste Chancen der Bildungspolitik _ Markus Lanz.csv,2025-05-30T08:49:03.543484
" text: Des  sind alles so Träumer  ,die sind so weit weg vom normalen Folk ,das wenn es nicht so armselig wer ,nur noch weinen kann ,",183,text träumer weit normalen folk armselig wer weinen,negative,0.9909165501594543,133,-1,"{'anger': 0.9190342426300049, 'fear': 0.0011642860481515527, 'disgust': 0.05312838405370712, 'sadness': 0.03235362470149994, 'joy': 0.006466151215136051, 'none of them': 0.02043081633746624, 'sadness_linguistic': 0.5, 'sadness_sentence_count': 1, 'none of them_linguistic': 0.5, 'none of them_sentence_count': 1}",0.9190342426300049,0.0,0,0.0011642860481515527,0.0,0,0.05312838405370712,0.0,0,0.03235362470149994,0.5,1,0.006466151215136051,0.0,0,0.02043081633746624,0.5,1,anger,Sonstige Themen,Deutschland,2021-06-29_Xlh1RJcjwD8_Corona_ Verpasste Chancen der Bildungspolitik _ Markus Lanz.csv,2025-05-30T08:49:03.543484
" text: Vielleicht sollten wir mal wieder was über Leistung abliefern, und Leistung bewerten sprechen. Stress aushalten und Disziplin einfordern. Aufarbeitung unserer verlogenen Geschichte.",184,text vielleicht sollten mal leistung abliefern leistung bewerten sprechen stress aushalten disziplin einfordern aufarbeitung unserer verlogenen geschichte,neutral,0.9654560089111328,188,0,"{'anger': 0.9165417551994324, 'fear': 0.0009253892349079251, 'disgust': 0.011918957345187664, 'sadness': 0.023467684164643288, 'joy': 0.0051961420103907585, 'none of them': 0.04038016125559807}",0.9165417551994324,0.0,0,0.0009253892349079251,0.0,0,0.011918957345187664,0.0,0,0.023467684164643288,0.0,0,0.0051961420103907585,0.0,0,0.04038016125559807,0.0,0,anger,Schule & Kinder,Deutschland,2021-06-29_Xlh1RJcjwD8_Corona_ Verpasste Chancen der Bildungspolitik _ Markus Lanz.csv,2025-05-30T08:49:03.543484
" text: Das Schulsysthem ist seit Jahrzehnten ne Katastrophe. Leistungs und nicht Talent orientiert. Kurzzeitgedächtniss wird vollgestopft um ausgekotzt zu werden. Überfüllte Klassen, zuwenig Lehrer....",185,text schulsysthem seit jahrzehnten katastrophe leistungs talent orientiert kurzzeitgedächtniss vollgestopft ausgekotzt überfüllte klassen zuwenig lehrer,negative,0.996429979801178,201,1,"{'anger': 0.45499974489212036, 'fear': 0.0014758544275537133, 'disgust': 0.0644192174077034, 'sadness': 0.2858215272426605, 'joy': 0.003066222881898284, 'none of them': 0.06259946525096893, 'joy_linguistic': 0.5, 'joy_sentence_count': 1, 'anger_linguistic': 0.5, 'anger_sentence_count': 1}",0.45499974489212036,0.5,1,0.0014758544275537133,0.0,0,0.0644192174077034,0.0,0,0.2858215272426605,0.0,0,0.003066222881898284,0.5,1,0.06259946525096893,0.0,0,anger,Reden & Text,Deutschland,2021-06-29_Xlh1RJcjwD8_Corona_ Verpasste Chancen der Bildungspolitik _ Markus Lanz.csv,2025-05-30T08:49:03.543484
 text: Apropos Freibäder. Drei Kinder wurden abgewiesen wurden weil Senioren ihre Bahnen noch schwimmen müssen. Um 15.30uhr🤬🤬🤬,186,text apropos freibäder drei kinder wurden abgewiesen wurden senioren bahnen schwimmen müssen uhr,neutral,0.4962698519229889,126,10,"{'anger': 0.9188343286514282, 'fear': 0.0006381766870617867, 'disgust': 0.024034984409809113, 'sadness': 0.028434595093131065, 'joy': 0.0061170500703155994, 'none of them': 0.033181071281433105}",0.9188343286514282,0.0,0,0.0006381766870617867,0.0,0,0.024034984409809113,0.0,0,0.028434595093131065,0.0,0,0.0061170500703155994,0.0,0,0.033181071281433105,0.0,0,anger,Probleme & Jobs,Deutschland,2021-06-29_Xlh1RJcjwD8_Corona_ Verpasste Chancen der Bildungspolitik _ Markus Lanz.csv,2025-05-30T08:49:03.543484
" text: Das Diskutieren über BILDUNG, Diese Pfeifen reden reden und reden alle Spezialisten haben Ahnung aber machen,,,,,,,,,,,,,,,,,,,,,,,,,,,, 0. NUR Programm",187,text diskutieren bildung pfeifen reden reden reden spezialisten ahnung programm,neutral,0.8957642912864685,159,0,"{'anger': 0.841046154499054, 'fear': 0.0002751460997387767, 'disgust': 0.016014406457543373, 'sadness': 0.048025988042354584, 'joy': 0.008855575695633888, 'none of them': 0.10154560953378677, 'sadness_linguistic': 1.0, 'sadness_sentence_count': 1}",0.841046154499054,0.0,0,0.0002751460997387767,0.0,0,0.016014406457543373,0.0,0,0.048025988042354584,1.0,1,0.008855575695633888,0.0,0,0.10154560953378677,0.0,0,anger,Schule & Kinder,Deutschland,2021-06-29_Xlh1RJcjwD8_Corona_ Verpasste Chancen der Bildungspolitik _ Markus Lanz.csv,2025-05-30T08:49:03.543484
" text: Theoretiker leiten Probleme weiter. \nPraktiker lösen sie.\nWir haben eindeutig zu viel Theorie und zu wenig praktische Umsetzung. \nIch komme aus der sogenanntem Arbeiterklasse, die immer weniger Nachwuchs bekommt, weil kaum jemand sich die Hände schmutzig machen will. \nAn alle \hochgebildeten\ Menschen:\nJa, wir brauchen Euch.\nAber ich schwöre, daß Ihr \uns\ vermissen werdet. \n♾♥️&☮🙏🏻",188,text theoretiker leiten probleme npraktiker lösen sienwir eindeutig theorie wenig praktische umsetzung nich komme sogenanntem arbeiterklasse immer weniger nachwuchs bekommt kaum jemand hände schmutzig nan hochgebildeten menschennja brauchen euchnaber schwöre vermissen werdet,negative,0.975592315196991,399,4,"{'anger': 0.9432747960090637, 'fear': 0.0033304777462035418, 'disgust': 0.01964949071407318, 'sadness': 0.015801452100276947, 'joy': 0.005741956643760204, 'none of them': 0.020730016753077507, 'joy_linguistic': 0.16666666666666666, 'joy_sentence_count': 1, 'sadness_linguistic': 0.3333333333333333, 'sadness_sentence_count': 1, 'disgust_linguistic': 0.16666666666666666, 'disgust_sentence_count': 1, 'none of them_linguistic': 0.3333333333333333, 'none of them_sentence_count': 1}",0.9432747960090637,0.0,0,0.0033304777462035418,0.0,0,0.01964949071407318,0.16666666666666666,1,0.015801452100276947,0.3333333333333333,1,0.005741956643760204,0.16666666666666666,1,0.020730016753077507,0.3333333333333333,1,anger,Falsch & Text,Deutschland,2021-06-29_Xlh1RJcjwD8_Corona_ Verpasste Chancen der Bildungspolitik _ Markus Lanz.csv,2025-05-30T08:49:03.543484
" text: das beste beispiel für versagen, ignoranz und dreistes postenkleben trotz andauerndem versagens: ties rabe,schulsenator in hamburg. solche realitätsresistenten digitalisierungsgegner opfern eine ganze generation ihrer eigenen veränderungsunfähigkeit. seine arroganz zeigt, wie es wirklich mit dem interesse für das kindeswohl bei bildungspolitikern gestellt ist.",189,text beste beispiel versagen ignoranz dreistes postenkleben trotz andauerndem versagens ties rabeschulsenator hamburg realitätsresistenten digitalisierungsgegner opfern ganze generation eigenen veränderungsunfähigkeit arroganz zeigt wirklich interesse kindeswohl bildungspolitikern gestellt,neutral,0.9842304587364197,369,3,"{'anger': 0.906186580657959, 'fear': 0.0015571557451039553, 'disgust': 0.049086641520261765, 'sadness': 0.03847238048911095, 'joy': 0.0038571052718907595, 'none of them': 0.02005106210708618, 'anger_linguistic': 1.0, 'anger_sentence_count': 1}",0.906186580657959,1.0,1,0.0015571557451039553,0.0,0,0.049086641520261765,0.0,0,0.03847238048911095,0.0,0,0.0038571052718907595,0.0,0,0.02005106210708618,0.0,0,anger,Text & Pur,Deutschland,2021-06-29_Xlh1RJcjwD8_Corona_ Verpasste Chancen der Bildungspolitik _ Markus Lanz.csv,2025-05-30T08:49:03.543484
 text: Bitte höchstens 2 Frauen einladen sonst werden die Folgen so lw wie diese,190,text bitte höchstens frauen einladen folgen,negative,0.9890781044960022,80,0,"{'anger': 0.780468761920929, 'fear': 0.00024189795658458024, 'disgust': 0.0054618073627352715, 'sadness': 0.021843131631612778, 'joy': 0.006643784232437611, 'none of them': 0.19936434924602509}",0.780468761920929,0.0,0,0.00024189795658458024,0.0,0,0.0054618073627352715,0.0,0,0.021843131631612778,0.0,0,0.006643784232437611,0.0,0,0.19936434924602509,0.0,0,anger,Schule & Kinder,Deutschland,2021-06-29_Xlh1RJcjwD8_Corona_ Verpasste Chancen der Bildungspolitik _ Markus Lanz.csv,2025-05-30T08:49:03.543484
 text: Es ist einfach nicht mehr auszuhalten,191,text einfach mehr auszuhalten,negative,0.9973468780517578,44,0,"{'anger': 0.8983775973320007, 'fear': 0.0011050654575228691, 'disgust': 0.0069271414540708065, 'sadness': 0.022958701476454735, 'joy': 0.0040232231840491295, 'none of them': 0.07334733754396439}",0.8983775973320007,0.0,0,0.0011050654575228691,0.0,0,0.0069271414540708065,0.0,0,0.022958701476454735,0.0,0,0.0040232231840491295,0.0,0,0.07334733754396439,0.0,0,anger,Schule & Kinder,Deutschland,2021-06-29_Xlh1RJcjwD8_Corona_ Verpasste Chancen der Bildungspolitik _ Markus Lanz.csv,2025-05-30T08:49:03.543484
" text: Der Beitrag von Julia Friedrichs zur Ungleichheit am Ende der Sendung ist der gesellschaftlich wichtigste. Der sollte unbedingt einzeln nachgereicht werden auf YT. Wenn wir diese Verhältnisse nicht in den Griff bekommen, wird es haarig. \n\nBAföG wurde einst eingeführt als nicht rückzahlungspflichtige Leistung. Damit sollte die \Bildungsreserve\ aktiviert werden. Etwas Ähnliches brauchen wir für Kinder heute, nur umfassender. \nWie Frau Friedrichs richtig beschreibt, kam uns die Aufstiegsperspektive für die Armen spätestens seit der 1. Regierung Kohl abhanden.",192,text beitrag julia friedrichs ungleichheit ende sendung gesellschaftlich wichtigste unbedingt einzeln nachgereicht verhältnisse griff bekommen haarig nnbafög wurde einst eingeführt rückzahlungspflichtige leistung bildungsreserve aktiviert ähnliches brauchen kinder heute umfassender nwie frau friedrichs richtig beschreibt kam aufstiegsperspektive armen spätestens seit regierung kohl abhanden,negative,0.727799266576767,573,8,"{'anger': 0.9147962927818298, 'fear': 0.0006688855937682092, 'disgust': 0.008310817182064056, 'sadness': 0.019650327041745186, 'joy': 0.007717923726886511, 'none of them': 0.05449521914124489}",0.9147962927818298,0.0,0,0.0006688855937682092,0.0,0,0.008310817182064056,0.0,0,0.019650327041745186,0.0,0,0.007717923726886511,0.0,0,0.05449521914124489,0.0,0,anger,Deutschland & Leuten,Deutschland,2021-06-29_Xlh1RJcjwD8_Corona_ Verpasste Chancen der Bildungspolitik _ Markus Lanz.csv,2025-05-30T08:49:03.543484
" text: Ich wundere mich doch sehr über diese Diskussion... Ich denke, daß die meisten Kinder und Jugendliche in der Vergangenheit viel zu verwöhnt und dadurch unselbstständig wurden... Meine Mutter ist im Krieg groß geworden, sie war 13 Jahre und ist alleine mit ihrem 7 jährigen Bruder von Ostpreußischen nach Ostwestfalen geflüchtet...  Sie ging 3 Jahre nicht zur Schule, aber nach dem Kriegsende wieder ihre vernünftigen Eltern an der Seite gehabt... Heute schreien alle nach Psychologen und Pädagogen und alles wird nur schlimmer..... Gut , daß meine so tolle und so kluge Mutti, diese besserwissenden und staatlichen Theoretiker nicht hatte, sondern nur ihre fantastischen und normal denkenden Eltern......",193,text wundere diskussion denke meisten kinder jugendliche vergangenheit verwöhnt dadurch unselbstständig wurden mutter krieg groß geworden jahre alleine jährigen bruder ostpreußischen ostwestfalen geflüchtet ging jahre schule kriegsende vernünftigen eltern seite gehabt heute schreien psychologen pädagogen schlimmer gut tolle kluge mutti besserwissenden staatlichen theoretiker fantastischen normal denkenden eltern,negative,0.9833783209323883,711,0,"{'anger': 0.6977711915969849, 'fear': 0.00033705192618072033, 'disgust': 0.051631826907396317, 'sadness': 0.1924411803483963, 'joy': 0.0070342980325222015, 'none of them': 0.0353594608604908, 'joy_linguistic': 0.375, 'joy_sentence_count': 1, 'sadness_linguistic': 0.25, 'sadness_sentence_count': 1, 'disgust_linguistic': 0.125, 'disgust_sentence_count': 1, 'none of them_linguistic': 0.25, 'none of them_sentence_count': 1}",0.6977711915969849,0.0,0,0.00033705192618072033,0.0,0,0.051631826907396317,0.125,1,0.1924411803483963,0.25,1,0.0070342980325222015,0.375,1,0.0353594608604908,0.25,1,anger,Schule & Kinder,Deutschland,2021-06-29_Xlh1RJcjwD8_Corona_ Verpasste Chancen der Bildungspolitik _ Markus Lanz.csv,2025-05-30T08:49:03.543484
" text: Eine intensive, kluge Runde. Mehr davon. Was mich jedoch wundert: wir werden seit Jahrzehnten von CDUCSUFDPSPD PolitkerInnen regiert, die immer propagieren, dass der Markt, frei alles regelt. Es wird privatisiert ohne Ende. Das untere Drittel bleibt da halt auf der Strecke. Was erwartet man von diesen Damen und Herren? Die Wahl steht ins Haus und ca 60 % werden weiter so wählen. Schade.",194,text intensive kluge runde mehr davon jedoch wundert seit jahrzehnten cducsufdpspd politkerinnen regiert immer propagieren markt frei regelt privatisiert ende untere drittel bleibt halt strecke erwartet damen herren wahl steht haus wählen schade,positive,0.7973570823669434,396,5,"{'anger': 0.9421446323394775, 'fear': 0.0027669155970215797, 'disgust': 0.011157084256410599, 'sadness': 0.018157411366701126, 'joy': 0.0046508037485182285, 'none of them': 0.030236097052693367, 'sadness_linguistic': 1.0, 'sadness_sentence_count': 1}",0.9421446323394775,0.0,0,0.0027669155970215797,0.0,0,0.011157084256410599,0.0,0,0.018157411366701126,1.0,1,0.0046508037485182285,0.0,0,0.030236097052693367,0.0,0,anger,Maske & Masken,Deutschland,2021-06-29_Xlh1RJcjwD8_Corona_ Verpasste Chancen der Bildungspolitik _ Markus Lanz.csv,2025-05-30T08:49:03.543484
" text: Ich persönlich finde die Ideen von Richard David Precht zum Thema Schule und Schulsystem sehr spannend, da er unser Schulsystem im Kern hinterfragt und ich das auch sehr gut nachvollziehen kann.\n\nEin grundsätzliches Problem sehe ich allerdings in der Ausrichtung der Politik in Deutschland. So lange wir einen großen Anteil an 50+ haben, die sich vermutlich mehr mit dem Thema Rente beschäftigen als mit maroden Schulen oder dem Schulsystem an sich, wird sich in Deutschland kaum etwas ändern. Die Politik richtet sich natürlich immer nach der größten Wählermasse, was auch gar nicht verwerflich ist, davon ausgehend dass man unterstellen könnte dass das die Gesellschaft abbildet, was aber im Ergebnis dazu führt, dass mehr Geld (siehe Steuergelderumschichtung ins Rentensystem 2020) in ein System fließt das nicht mehr funktioniert und nie wieder funktionieren wird, sodass Geld dort fehlt wo es rein muss, nämlich in die zukünftigen und aktuellen Steuerzahlerinnen und Steuerzahler. Unsere Politik ist perfekt darin Symptome zu bekämpfen, weil sich jeder streubt den Kern anzupacken. Schließlich will man \irgendwas vorweisen\ können in seinen 4 Jahren Legislaturperiode. Somit stolpern wir von Maßnahme zu Maßnahme, haben aber praktisch 0 Management dahinter.",195,text persönlich finde ideen richard david precht thema schule schulsystem spannend schulsystem kern hinterfragt gut nachvollziehen kannnnein grundsätzliches problem sehe allerdings ausrichtung politik deutschland lange großen anteil vermutlich mehr thema rente beschäftigen maroden schulen schulsystem deutschland kaum ändern politik richtet natürlich immer größten wählermasse gar verwerflich davon ausgehend unterstellen gesellschaft abbildet ergebnis führt mehr geld siehe steuergelderumschichtung rentensystem system fließt mehr funktioniert nie funktionieren sodass geld fehlt rein nämlich zukünftigen aktuellen steuerzahlerinnen steuerzahler politik perfekt darin symptome bekämpfen streubt kern anzupacken schließlich irgendwas vorweisen jahren legislaturperiode somit stolpern maßnahme maßnahme praktisch management dahinter,positive,0.7109179695447286,1272,-1,"{'anger': 0.9460323452949524, 'fear': 0.0032968521118164062, 'disgust': 0.009619554504752159, 'sadness': 0.01584745943546295, 'joy': 0.006486637983471155, 'none of them': 0.04565819725394249, 'none of them_linguistic': 0.40384615384615385, 'none of them_sentence_count': 1, 'sadness_linguistic': 0.09615384615384617, 'sadness_sentence_count': 1}",0.9460323452949524,0.0,0,0.0032968521118164062,0.0,0,0.009619554504752159,0.0,0,0.01584745943546295,0.09615384615384617,1,0.006486637983471155,0.0,0,0.04565819725394249,0.40384615384615385,1,anger,Sonstige Themen,Deutschland,2021-06-29_Xlh1RJcjwD8_Corona_ Verpasste Chancen der Bildungspolitik _ Markus Lanz.csv,2025-05-30T08:49:03.543484
" text: Die Corona-Krise hat gezeigt was alles möglich ist und auch noch beklatscht wird. Politiker wären bescheuert das Schulsystem zu ändern. Der Sauerstoffmangel unter der Maske schlägt nachweislich auf den Verstand und alle sind so froh das Herr Spahn für 8 Milliarden Masken bezahlt hat die nur 3 Milliarden wert sind. Wer will den Schüler die Ihren Eltern diesen Unsinn vorrechnen können oder eventuell Statistiken lesen können. Das schlimmste wäre, die Kinder hätten Medienkompetenz.",196,text coronakrise gezeigt möglich beklatscht politiker wären bescheuert schulsystem ändern sauerstoffmangel maske schlägt nachweislich verstand froh herr spahn milliarden masken bezahlt milliarden wert wer schüler eltern unsinn vorrechnen eventuell statistiken lesen schlimmste wäre kinder hätten medienkompetenz,neutral,0.8745164275169373,489,4,"{'anger': 0.9512941837310791, 'fear': 0.003776019671931863, 'disgust': 0.021037936210632324, 'sadness': 0.015030665323138237, 'joy': 0.006861552130430937, 'none of them': 0.020047685131430626, 'joy_linguistic': 0.25, 'joy_sentence_count': 1, 'sadness_linguistic': 0.25, 'sadness_sentence_count': 1, 'disgust_linguistic': 0.25, 'disgust_sentence_count': 1, 'anger_linguistic': 0.25, 'anger_sentence_count': 1}",0.9512941837310791,0.25,1,0.003776019671931863,0.0,0,0.021037936210632324,0.25,1,0.015030665323138237,0.25,1,0.006861552130430937,0.25,1,0.020047685131430626,0.0,0,anger,Falsch & Text,Deutschland,2021-06-29_Xlh1RJcjwD8_Corona_ Verpasste Chancen der Bildungspolitik _ Markus Lanz.csv,2025-05-30T08:49:03.543484
 text:  @TheFraudwatch  Das passt auf jede Staatsform und ist kein guter Vergleich,197,text thefraudwatch passt staatsform guter vergleich,negative,0.9680630564689636,82,5,"{'anger': 0.6864635348320007, 'fear': 0.0001273984817089513, 'disgust': 0.003731768112629652, 'sadness': 0.01624099723994732, 'joy': 0.020045103505253792, 'none of them': 0.3057003915309906, 'joy_linguistic': 1.0, 'joy_sentence_count': 1}",0.6864635348320007,0.0,0,0.0001273984817089513,0.0,0,0.003731768112629652,0.0,0,0.01624099723994732,0.0,0,0.020045103505253792,1.0,1,0.3057003915309906,0.0,0,anger,Maske & Masken,Deutschland,2021-06-29_Xlh1RJcjwD8_Corona_ Verpasste Chancen der Bildungspolitik _ Markus Lanz.csv,2025-05-30T08:49:03.543484
" text:  @TheFraudwatch  So sehr ichs auch versuche, aber ich verstehe deinen Punkt leider immer noch nicht.",198,text thefraudwatch ichs versuche verstehe punkt leider immer,negative,0.9665831923484802,107,3,"{'anger': 0.6912364959716797, 'fear': 0.00016404491907451302, 'disgust': 0.006970799528062344, 'sadness': 0.16015447676181793, 'joy': 0.006651066709309816, 'none of them': 0.1700664758682251, 'sadness_linguistic': 1.0, 'sadness_sentence_count': 1}",0.6912364959716797,0.0,0,0.00016404491907451302,0.0,0,0.006970799528062344,0.0,0,0.16015447676181793,1.0,1,0.006651066709309816,0.0,0,0.1700664758682251,0.0,0,sadness,Text & Pur,Deutschland,2021-06-29_Xlh1RJcjwD8_Corona_ Verpasste Chancen der Bildungspolitik _ Markus Lanz.csv,2025-05-30T08:49:03.543484
 text: Die neusten Studien zu Masken zeigen wie gefährlich diese für Kinder sind und die Zahlen zeigen das die Maßnahmen für Schüler Unsinn sind. Leider kann das RKI die eigenen Zahlen nicht richtig interpretieren und die Lehrergewerkschaft wohl auch nicht.,199,text neusten studien masken zeigen gefährlich kinder zahlen zeigen maßnahmen schüler unsinn leider rki eigenen zahlen richtig interpretieren lehrergewerkschaft wohl,neutral,0.5921251773834229,257,-1,"{'anger': 0.9289535880088806, 'fear': 0.0036033412907272577, 'disgust': 0.028651105239987373, 'sadness': 0.03814598172903061, 'joy': 0.00389325013384223, 'none of them': 0.02102336660027504, 'sadness_linguistic': 0.5, 'sadness_sentence_count': 1, 'fear_linguistic': 0.5, 'fear_sentence_count': 1}",0.9289535880088806,0.0,0,0.0036033412907272577,0.5,1,0.028651105239987373,0.0,0,0.03814598172903061,0.5,1,0.00389325013384223,0.0,0,0.02102336660027504,0.0,0,anger,Sonstige Themen,Deutschland,2021-06-29_Xlh1RJcjwD8_Corona_ Verpasste Chancen der Bildungspolitik _ Markus Lanz.csv,2025-05-30T08:49:03.543484
 text: Alter bitte lern deutsch 🤦‍♂️,200,text alter bitte lern deutsch,neutral,0.9549750685691833,36,2,"{'anger': 0.06070365384221077, 'fear': 0.00038310291711241007, 'disgust': 0.0030089998617768288, 'sadness': 0.008889456279575825, 'joy': 0.022181445732712746, 'none of them': 0.8992549180984497}",0.06070365384221077,0.0,0,0.00038310291711241007,0.0,0,0.0030089998617768288,0.0,0,0.008889456279575825,0.0,0,0.022181445732712746,0.0,0,0.8992549180984497,0.0,0,none of them,Pyromanemane & Psyche,Deutschland,2021-06-29_Xlh1RJcjwD8_Corona_ Verpasste Chancen der Bildungspolitik _ Markus Lanz.csv,2025-05-30T08:49:03.543484
" text: Menschen wie ich, okay ja,du  lebst auch in deiner eigenen Blase",201,text menschen okay jadu lebst eigenen blase,negative,0.8560051918029785,71,2,"{'anger': 0.6482998132705688, 'fear': 0.0002655354328453541, 'disgust': 0.13429449498653412, 'sadness': 0.17413330078125, 'joy': 0.012541128322482109, 'none of them': 0.05733875185251236}",0.6482998132705688,0.0,0,0.0002655354328453541,0.0,0,0.13429449498653412,0.0,0,0.17413330078125,0.0,0,0.012541128322482109,0.0,0,0.05733875185251236,0.0,0,anger,Pyromanemane & Psyche,Deutschland,2021-06-29_Xlh1RJcjwD8_Corona_ Verpasste Chancen der Bildungspolitik _ Markus Lanz.csv,2025-05-30T08:49:03.543484
 text:  @pyromanemane8036 😅🤣🤣🤣,202,text pyromanemane,neutral,0.9985083937644958,30,2,"{'anger': 0.03172527998685837, 'fear': 0.0005630675004795194, 'disgust': 0.0038222824223339558, 'sadness': 0.009408047422766685, 'joy': 0.02679995261132717, 'none of them': 0.9385284781455994}",0.03172527998685837,0.0,0,0.0005630675004795194,0.0,0,0.0038222824223339558,0.0,0,0.009408047422766685,0.0,0,0.02679995261132717,0.0,0,0.9385284781455994,0.0,0,none of them,Pyromanemane & Psyche,Deutschland,2021-06-29_Xlh1RJcjwD8_Corona_ Verpasste Chancen der Bildungspolitik _ Markus Lanz.csv,2025-05-30T08:49:03.543484
 text:  @pyromanemane8036  👉👌🤏🤏🤏,203,text pyromanemane,neutral,0.9985083937644958,32,2,"{'anger': 0.03172527998685837, 'fear': 0.0005630675004795194, 'disgust': 0.0038222824223339558, 'sadness': 0.009408047422766685, 'joy': 0.02679995261132717, 'none of them': 0.9385284781455994}",0.03172527998685837,0.0,0,0.0005630675004795194,0.0,0,0.0038222824223339558,0.0,0,0.009408047422766685,0.0,0,0.02679995261132717,0.0,0,0.9385284781455994,0.0,0,none of them,Pyromanemane & Psyche,Deutschland,2021-06-29_Xlh1RJcjwD8_Corona_ Verpasste Chancen der Bildungspolitik _ Markus Lanz.csv,2025-05-30T08:49:03.543484
" text:  @pyromanemane8036  hab ich jetzt fast vergessen lg  ,Stress ist nicht so gut für dich glaub ich",204,text pyromanemane fast vergessen stress gut glaub,negative,0.8262616991996765,103,2,"{'anger': 0.4929432272911072, 'fear': 0.00012480607256293297, 'disgust': 0.04161325469613075, 'sadness': 0.3686712980270386, 'joy': 0.01529386080801487, 'none of them': 0.10721724480390549, 'joy_linguistic': 1.0, 'joy_sentence_count': 1}",0.4929432272911072,0.0,0,0.00012480607256293297,0.0,0,0.04161325469613075,0.0,0,0.3686712980270386,0.0,0,0.01529386080801487,1.0,1,0.10721724480390549,0.0,0,joy,Pyromanemane & Psyche,Deutschland,2021-06-29_Xlh1RJcjwD8_Corona_ Verpasste Chancen der Bildungspolitik _ Markus Lanz.csv,2025-05-30T08:49:03.543484
 text:  @pyromanemane8036  und wie gesagt nur weil du auch so ein Träumer bist und in deiner eigenen Blase lebst ändert des nichts an den Tatsachen,205,text pyromanemane gesagt träumer eigenen blase lebst ändert tatsachen,negative,0.9207924604415894,147,0,"{'anger': 0.7811689972877502, 'fear': 0.0005828377907164395, 'disgust': 0.17887979745864868, 'sadness': 0.08354668319225311, 'joy': 0.006349385250359774, 'none of them': 0.027136972174048424}",0.7811689972877502,0.0,0,0.0005828377907164395,0.0,0,0.17887979745864868,0.0,0,0.08354668319225311,0.0,0,0.006349385250359774,0.0,0,0.027136972174048424,0.0,0,anger,Schule & Kinder,Deutschland,2021-06-29_Xlh1RJcjwD8_Corona_ Verpasste Chancen der Bildungspolitik _ Markus Lanz.csv,2025-05-30T08:49:03.543484
" text:  @pyromanemane8036  des war ich  auch mal 13 , des schon länger her wie bei dir ,bin mir sogar sicher , hast recht soll alles so bleiben wie es ist",206,text pyromanemane mal schon länger her sogar sicher hast recht bleiben,neutral,0.971495509147644,154,-1,"{'anger': 0.8021382093429565, 'fear': 0.00017112665227614343, 'disgust': 0.004476804751902819, 'sadness': 0.01372713502496481, 'joy': 0.024497834965586662, 'none of them': 0.21983665227890015}",0.8021382093429565,0.0,0,0.00017112665227614343,0.0,0,0.004476804751902819,0.0,0,0.01372713502496481,0.0,0,0.024497834965586662,0.0,0,0.21983665227890015,0.0,0,anger,Sonstige Themen,Deutschland,2021-06-29_Xlh1RJcjwD8_Corona_ Verpasste Chancen der Bildungspolitik _ Markus Lanz.csv,2025-05-30T08:49:03.543484
 text: @Vorname Nachname Das Ergebnis können wir jetzt in den Schulen sehen. PISA mal nachschauen. Weltweit mal schauen wer was produziert.,207,text vorname nachname ergebnis schulen sehen pisa mal nachschauen weltweit mal schauen wer produziert,neutral,0.9543390870094299,139,0,"{'anger': 0.17084822058677673, 'fear': 0.0003938041627407074, 'disgust': 0.0018431645585224032, 'sadness': 0.006426732521504164, 'joy': 0.017577970400452614, 'none of them': 0.8099432587623596}",0.17084822058677673,0.0,0,0.0003938041627407074,0.0,0,0.0018431645585224032,0.0,0,0.006426732521504164,0.0,0,0.017577970400452614,0.0,0,0.8099432587623596,0.0,0,none of them,Schule & Kinder,Deutschland,2021-06-29_Xlh1RJcjwD8_Corona_ Verpasste Chancen der Bildungspolitik _ Markus Lanz.csv,2025-05-30T08:49:03.543484
 text: Völliger Blödsinn. Talente kann man nachmittags fördern und Leistungen müssen nunmal sein.,208,text völliger blödsinn talente nachmittags fördern leistungen müssen nunmal,negative,0.9374203085899353,97,0,"{'anger': 0.9498316049575806, 'fear': 0.003944151569157839, 'disgust': 0.02926950342953205, 'sadness': 0.015253125689923763, 'joy': 0.005839210469275713, 'none of them': 0.02202572114765644}",0.9498316049575806,0.0,0,0.003944151569157839,0.0,0,0.02926950342953205,0.0,0,0.015253125689923763,0.0,0,0.005839210469275713,0.0,0,0.02202572114765644,0.0,0,anger,Schule & Kinder,Deutschland,2021-06-29_Xlh1RJcjwD8_Corona_ Verpasste Chancen der Bildungspolitik _ Markus Lanz.csv,2025-05-30T08:49:03.543484
" text:  @i.o.8610  wenn man sich etwas ausführlicher mit Schulen auseinandersetzt, kommt man auf andere Ergebnisse. Schule ist für die Kreativität tödlich und erzeugt Menschen die unkritisch alles nachplappern. Das zeigt doch die Corona-Krise.",209,text ausführlicher schulen auseinandersetzt kommt ergebnisse schule kreativität tödlich erzeugt menschen unkritisch nachplappern zeigt coronakrise,negative,0.9882977604866028,243,1,"{'anger': 0.8976860046386719, 'fear': 0.001701780827715993, 'disgust': 0.044138334691524506, 'sadness': 0.041383467614650726, 'joy': 0.002709498628973961, 'none of them': 0.02334608882665634, 'fear_linguistic': 1.0, 'fear_sentence_count': 1}",0.8976860046386719,0.0,0,0.001701780827715993,1.0,1,0.044138334691524506,0.0,0,0.041383467614650726,0.0,0,0.002709498628973961,0.0,0,0.02334608882665634,0.0,0,anger,Reden & Text,Deutschland,2021-06-29_Xlh1RJcjwD8_Corona_ Verpasste Chancen der Bildungspolitik _ Markus Lanz.csv,2025-05-30T08:49:03.543484
 text:  @dieterkubath3196  Schule soll Wissen vermitteln und nicht krude Verschwörungstheorien fördern.,210,text dieterkubath schule wissen vermitteln krude verschwörungstheorien fördern,neutral,0.9999862909317017,103,0,"{'anger': 0.8992183208465576, 'fear': 0.001036269823089242, 'disgust': 0.04894879832863808, 'sadness': 0.022519515827298164, 'joy': 0.0035424865782260895, 'none of them': 0.03548359125852585}",0.8992183208465576,0.0,0,0.001036269823089242,0.0,0,0.04894879832863808,0.0,0,0.022519515827298164,0.0,0,0.0035424865782260895,0.0,0,0.03548359125852585,0.0,0,anger,Schule & Kinder,Deutschland,2021-06-29_Xlh1RJcjwD8_Corona_ Verpasste Chancen der Bildungspolitik _ Markus Lanz.csv,2025-05-30T08:49:03.543484
" text:  @i.o.8610  genau das meine ich, Menschen können nicht mehr argumentieren, sondern übernehmen gedankenlos das Fraiming des Mainstreams.",211,text genau menschen mehr argumentieren übernehmen gedankenlos fraiming mainstreams,negative,0.9744275212287903,142,0,"{'anger': 0.8882150053977966, 'fear': 0.00036021965206600726, 'disgust': 0.016678422689437866, 'sadness': 0.03794526681303978, 'joy': 0.007760767359286547, 'none of them': 0.040041785687208176, 'none of them_linguistic': 1.0, 'none of them_sentence_count': 1}",0.8882150053977966,0.0,0,0.00036021965206600726,0.0,0,0.016678422689437866,0.0,0,0.03794526681303978,0.0,0,0.007760767359286547,0.0,0,0.040041785687208176,1.0,1,anger,Schule & Kinder,Deutschland,2021-06-29_Xlh1RJcjwD8_Corona_ Verpasste Chancen der Bildungspolitik _ Markus Lanz.csv,2025-05-30T08:49:03.543484
 text:  @dieterkubath3196  das kann man pauschal nicht sagen. Meine damalige Klassenlehrerin hat meine Kreativität fördern wollen und hätte mich auch unterstützt. Ich habe dann allerdings einen anderen Weg eingeschlagen.,212,text dieterkubath pauschal sagen damalige klassenlehrerin kreativität fördern hätte unterstützt allerdings eingeschlagen,negative,0.9708121418952942,220,0,"{'anger': 0.766692578792572, 'fear': 0.0001380192261422053, 'disgust': 0.004849858116358519, 'sadness': 0.027594149112701416, 'joy': 0.012650283984839916, 'none of them': 0.17200887203216553, 'joy_linguistic': 1.0, 'joy_sentence_count': 1}",0.766692578792572,0.0,0,0.0001380192261422053,0.0,0,0.004849858116358519,0.0,0,0.027594149112701416,0.0,0,0.012650283984839916,1.0,1,0.17200887203216553,0.0,0,anger,Schule & Kinder,Deutschland,2021-06-29_Xlh1RJcjwD8_Corona_ Verpasste Chancen der Bildungspolitik _ Markus Lanz.csv,2025-05-30T08:49:03.543484
" text:  @LessDramaMoreTechno  das Schulkonzept in der Grundstruktur geht auf kosten der Kreativität. Dazu gibt es einen Test der mit Kindern vor Schulbeginn und zum Ende der Schule durchgeführt wird. Das sind Studien der Hirnforschung. Eine Variante finden Sie unter dem Begriff Büroklammer-Test.\nSehr interessant ist auch welche Voraussetzungen für Kreativität erfüllt sein müssen. Löschen kann man die sehr leicht. Kreativität erlangen ist nicht so einfach.\nWegen meiner Kinder habe ich mich 2 Jahre intensiv mit dem Thema Schule beschäftigt.\nDer beliebte Satz, mit hat die Schule auch nicht geschadet wirkt dann sehr banal. Gerald Hüther und André Stern sind zu dem Thema sehr interessant. Gleichzeitig muss man das Thema Traumata und liebevolle Begleitung betrachten. Hier sind Joachim Maaz und Franz Ruppert sehr interessant. Zum Thema Schule lohnt das Buch Anna, die Schule und der Liebe Gott von Precht, Vers Birkenbiehl und John Taylor Gatto. Herr Precht hat das Buch noch in einem anderen Bewussseinszustand geschrieben. Seine aktuelle Botschaft, Folgen sie den Anweisungen der Bundesregierung, ist dem Buch zur Schule eher entgegengesetzt.\nIm Moment hört man von Intellektuellen im Mainstream jede Menge Unsinn. Das ist wohl so, wenn man in Talkshows sitzen darf. Hier in der Talkrunde haben die Teilnehmer scheinbar nicht mitbekommen das etliche Länder die Digitalisierung in der Schule wieder zurückgefahren haben. Durch Versuche ist auch bekannt, dass die Lehrer der entscheidende Faktor für die Bildung sind. Die Eltern kann man halt nicht ändern und austauschen geht auch nicht. Aber begeisterte Lehrer ziehe die Schüler mit.",213,text lessdramamoretechno schulkonzept grundstruktur geht kosten kreativität gibt test kindern schulbeginn ende schule durchgeführt studien hirnforschung variante finden begriff büroklammertestnsehr interessant voraussetzungen kreativität erfüllt müssen löschen leicht kreativität erlangen einfachnwegen kinder jahre intensiv thema schule beschäftigtnder beliebte satz schule geschadet wirkt banal gerald hüther andré stern thema interessant gleichzeitig thema traumata liebevolle begleitung betrachten joachim maaz franz ruppert interessant thema schule lohnt buch anna schule liebe gott precht vers birkenbiehl john taylor gatto herr precht buch bewussseinszustand geschrieben aktuelle botschaft folgen anweisungen bundesregierung buch schule eher entgegengesetztnim moment hört intellektuellen mainstream menge unsinn wohl talkshows sitzen darf talkrunde teilnehmer scheinbar mitbekommen etliche länder digitalisierung schule zurückgefahren versuche bekannt lehrer entscheidende faktor bildung eltern halt ändern austauschen geht begeisterte lehrer ziehe schüler,neutral,0.8962414860725403,1644,0,"{'anger': 0.8640121221542358, 'fear': 0.0003221280057914555, 'disgust': 0.006238474044948816, 'sadness': 0.051576439291238785, 'joy': 0.010375527665019035, 'none of them': 0.1293797492980957, 'joy_linguistic': 0.5, 'joy_sentence_count': 1, 'sadness_linguistic': 0.25, 'sadness_sentence_count': 1, 'fear_linguistic': 0.25, 'fear_sentence_count': 1}",0.8640121221542358,0.0,0,0.0003221280057914555,0.25,1,0.006238474044948816,0.0,0,0.051576439291238785,0.25,1,0.010375527665019035,0.5,1,0.1293797492980957,0.0,0,anger,Schule & Kinder,Deutschland,2021-06-29_Xlh1RJcjwD8_Corona_ Verpasste Chancen der Bildungspolitik _ Markus Lanz.csv,2025-05-30T08:49:03.543484
" text:  @dieterkubath3196   Vielleicht sollte man die Schule auch nicht zu ernst nehmen. Letztlich ist sie nur eine Station im (beruflichen) Werdegang. Vieles, was vermittelt wird, ist nett zu wissen, wenn man es denn behalten hat. Aber außer in einer Quizshow braucht man vieles auch eigentlich überhaupt nicht. Also heißt es durchbeißen und am Ende Stempel und Unterschrift abholen, um eine Runde weiter zu kommen. Ob letztlich Kreativität möglich und sinnvoll ist, hängt stark vom Unterrichtsfach ab. Was in Musik und Kunst gut umsetzbar ist, sieht in Mathe und Latein schon ganz anders aus. Letztlich wird breitflächig Wissen vermittelt und den Schülern Strategien zum Lernen vermittelt. Von den Inhalten brauche ich 90% der Inhalte, die nach der 6. Klasse vermittelt wurden, nicht mehr. Genau wie ich ganz viele Themen aus dem Studium jetzt im Berufsleben nicht mehr brauche.",214,text dieterkubath vielleicht schule ernst nehmen letztlich station beruflichen werdegang vieles vermittelt nett wissen behalten außer quizshow braucht vieles eigentlich überhaupt heißt durchbeißen ende stempel unterschrift abholen runde kommen letztlich kreativität möglich sinnvoll hängt stark unterrichtsfach musik kunst gut umsetzbar sieht mathe latein schon ganz letztlich breitflächig wissen vermittelt schülern strategien lernen vermittelt inhalten brauche inhalte klasse vermittelt wurden mehr genau ganz viele themen studium berufsleben mehr brauche,negative,0.986433207988739,880,0,"{'anger': 0.8244652152061462, 'fear': 0.0002804884279612452, 'disgust': 0.003375020809471607, 'sadness': 0.024002550169825554, 'joy': 0.013310253620147705, 'none of them': 0.5302616953849792, 'joy_linguistic': 0.5, 'joy_sentence_count': 1, 'none of them_linguistic': 0.5, 'none of them_sentence_count': 1}",0.8244652152061462,0.0,0,0.0002804884279612452,0.0,0,0.003375020809471607,0.0,0,0.024002550169825554,0.0,0,0.013310253620147705,0.5,1,0.5302616953849792,0.5,1,anger,Schule & Kinder,Deutschland,2021-06-29_Xlh1RJcjwD8_Corona_ Verpasste Chancen der Bildungspolitik _ Markus Lanz.csv,2025-05-30T08:49:03.543484
" text:  @i.o.8610  zum Teil haben Sie recht. Das Problem ist die Grundstruktur die geprägt wird. Daraus entsteht in den meisten Fällen ein folgsamer Soldat, Arbeiter, Bürger. Und bestimmte Glaubenssätze. Zum Beispiel wir brauchen Zinsen, wir brauchen Wirtschaftswachstum, Kriege sind normal, wir brauchen Führung. Wer NLP beherrscht kann Sie mit Ansage reinlegen weil er Ihnen mit Worten Bilder malt die an Ihrem Verstand vorbei in Ihrem Unterbewusstsein wirken. Sie sagen zu einem Kind pass auf Du fällst gleich. 3 bis 4 mal gesagt folgt das Kind dem Bild. Das können Sie auf jedem Spielplatz mit kleinen Kindern überprüfen. Richtig wäre gib acht das Du stehen bleibst. Wir steuern permanent unser Bewusstsein falsch an. Was wird wohl einem Menschen passieren der 18 Monate ängstlich gehört hat was Corona bewirkt wenn er einen positiven Corona Test bekommt. Angst setzt das Immunsystem schnell mal im 90% runter. \nWenn Sie das was ich oben in dem Kommentar empfohlen habe, miteinander verknüpfen verstehen Sie was ich meine.\nDie Strategie zum lernen bringen Kinder mit, laufen lernen und die Muttersprache lernen werden ohne Anleitung von jedem Kind bewältigt. In der Schule schaffen 25% der Schüler nach zehn Jahren nicht den Hauptschulabschluss. Was ist da passiert.",215,text teil recht problem grundstruktur geprägt daraus entsteht meisten fällen folgsamer soldat arbeiter bürger bestimmte glaubenssätze beispiel brauchen zinsen brauchen wirtschaftswachstum kriege normal brauchen führung wer nlp beherrscht ansage reinlegen worten bilder malt verstand vorbei unterbewusstsein wirken sagen kind pass fällst gleich mal gesagt folgt kind bild spielplatz kleinen kindern überprüfen richtig wäre gib acht stehen bleibst steuern permanent bewusstsein falsch wohl menschen passieren monate ängstlich gehört corona bewirkt positiven corona test bekommt angst setzt immunsystem schnell mal runter nwenn oben kommentar empfohlen miteinander verknüpfen verstehen meinendie strategie lernen bringen kinder laufen lernen muttersprache lernen anleitung kind bewältigt schule schaffen schüler zehn jahren hauptschulabschluss passiert,neutral,0.9167999029159546,1272,12,"{'anger': 0.9333482980728149, 'fear': 0.002365095540881157, 'disgust': 0.010057490319013596, 'sadness': 0.03510007634758949, 'joy': 0.05440150201320648, 'none of them': 0.8834956288337708, 'joy_linguistic': 0.25, 'joy_sentence_count': 1, 'fear_linguistic': 0.5, 'fear_sentence_count': 1, 'none of them_linguistic': 0.25, 'none of them_sentence_count': 1}",0.9333482980728149,0.0,0,0.002365095540881157,0.5,1,0.010057490319013596,0.0,0,0.03510007634758949,0.0,0,0.05440150201320648,0.25,1,0.8834956288337708,0.25,1,none of them,Gute & Familie,Deutschland,2021-06-29_Xlh1RJcjwD8_Corona_ Verpasste Chancen der Bildungspolitik _ Markus Lanz.csv,2025-05-30T08:49:03.543484
 text: Und?,216,text,negative,0.9512757062911987,11,3,,0.0,0.0,0,0.0,0.0,0,0.0,0.0,0,0.0,0.0,0,0.0,0.0,0,0.0,0.0,0,anger,Text & Pur,Deutschland,2021-06-29_Xlh1RJcjwD8_Corona_ Verpasste Chancen der Bildungspolitik _ Markus Lanz.csv,2025-05-30T08:49:03.543484
 text: Hallo max jj! Was konkret wurde deiner Meinung nach in den letzten Jahren im Bildungssystem versäumt und welche Änderungen/Neuerungen sind längst überfällig?,217,text hallo max konkret wurde meinung letzten jahren bildungssystem versäumt änderungenneuerungen längst überfällig,neutral,0.9810307025909424,164,1,"{'anger': 0.9543977975845337, 'fear': 0.0036931373178958893, 'disgust': 0.022796224802732468, 'sadness': 0.01445615105330944, 'joy': 0.006563819944858551, 'none of them': 0.021736958995461464}",0.9543977975845337,0.0,0,0.0036931373178958893,0.0,0,0.022796224802732468,0.0,0,0.01445615105330944,0.0,0,0.006563819944858551,0.0,0,0.021736958995461464,0.0,0,anger,Reden & Text,Deutschland,2021-06-29_Xlh1RJcjwD8_Corona_ Verpasste Chancen der Bildungspolitik _ Markus Lanz.csv,2025-05-30T08:49:03.543484
" text: Danke dir. Ich habe zwei linke Hände,  aber liebe es, wenn Handwerker gute Arbeit leisten ❤",218,text danke zwei linke hände liebe handwerker gute arbeit leisten,positive,0.839034914970398,98,10,"{'anger': 0.028531096875667572, 'fear': 0.000532601261511445, 'disgust': 0.002300302730873227, 'sadness': 0.003368366276845336, 'joy': 0.9419819116592407, 'none of them': 0.05366852134466171, 'joy_linguistic': 1.0, 'joy_sentence_count': 1}",0.028531096875667572,0.0,0,0.000532601261511445,0.0,0,0.002300302730873227,0.0,0,0.003368366276845336,0.0,0,0.9419819116592407,1.0,1,0.05366852134466171,0.0,0,joy,Probleme & Jobs,Deutschland,2021-06-29_Xlh1RJcjwD8_Corona_ Verpasste Chancen der Bildungspolitik _ Markus Lanz.csv,2025-05-30T08:49:03.543484
 text:  @weltgeschehen8400  Mann hilft sich wo man kann. 😉,219,text weltgeschehen mann hilft,neutral,0.9756177067756653,58,10,"{'anger': 0.0327364057302475, 'fear': 0.00037046425859443843, 'disgust': 0.001979604596272111, 'sadness': 0.012948892079293728, 'joy': 0.0692591741681099, 'none of them': 0.8781368136405945}",0.0327364057302475,0.0,0,0.00037046425859443843,0.0,0,0.001979604596272111,0.0,0,0.012948892079293728,0.0,0,0.0692591741681099,0.0,0,0.8781368136405945,0.0,0,none of them,Probleme & Jobs,Deutschland,2021-06-29_Xlh1RJcjwD8_Corona_ Verpasste Chancen der Bildungspolitik _ Markus Lanz.csv,2025-05-30T08:49:03.543484
" text: @Mike Grayson Okay, erwischt. 😳\nAndererseits lösen sich manche Probleme von selbst. \nAber das wurde auch schon erwähnt. 🤷🏼‍♂️\nManchmal möchte man einfach was loswerden.\nOb das hilfreich ist, darüber kann man sich streiten. 👋🏻",220,text mike grayson okay erwischt nandererseits lösen probleme naber wurde schon erwähnt nmanchmal möchte einfach loswerdennob hilfreich darüber streiten,negative,0.9849705696105957,236,3,"{'anger': 0.9291334748268127, 'fear': 0.0011230134405195713, 'disgust': 0.021755177527666092, 'sadness': 0.01569010131061077, 'joy': 0.006000085733830929, 'none of them': 0.030167674645781517}",0.9291334748268127,0.0,0,0.0011230134405195713,0.0,0,0.021755177527666092,0.0,0,0.01569010131061077,0.0,0,0.006000085733830929,0.0,0,0.030167674645781517,0.0,0,anger,Text & Pur,Deutschland,2021-06-29_Xlh1RJcjwD8_Corona_ Verpasste Chancen der Bildungspolitik _ Markus Lanz.csv,2025-05-30T08:49:03.543484
" text: Dazu passt, wir haben im Hotel einen Schulpraktikanten, 15 Jahre alt, der sich gestern darüber beschwert hat, er müsse Pilze putzen und vierteln. Gefragt, was er denn so für Ziele beruflich hat, kam die Antwort er möchte was zu sagen haben!!!!! Will man so einen als Lehrling einstellen? Nein, dann lieber eine Halbtagskraft, die ordentlich mitarbeitet.",221,text passt hotel schulpraktikanten jahre alt gestern darüber beschwert müsse pilze putzen vierteln gefragt ziele beruflich kam antwort möchte sagen lehrling einstellen nein lieber halbtagskraft ordentlich mitarbeitet,negative,0.9687983393669128,360,3,"{'anger': 0.9347567558288574, 'fear': 0.0016625284915789962, 'disgust': 0.021710921078920364, 'sadness': 0.013883923180401325, 'joy': 0.005643599666655064, 'none of them': 0.027744024991989136, 'joy_linguistic': 1.0, 'joy_sentence_count': 1}",0.9347567558288574,0.0,0,0.0016625284915789962,0.0,0,0.021710921078920364,0.0,0,0.013883923180401325,0.0,0,0.005643599666655064,1.0,1,0.027744024991989136,0.0,0,anger,Text & Pur,Deutschland,2021-06-29_Xlh1RJcjwD8_Corona_ Verpasste Chancen der Bildungspolitik _ Markus Lanz.csv,2025-05-30T08:49:03.543484
" text: Das ist eine Fehlinterpretation. Es geht nicht darum, sich die Hände nicht mehr schmutzig machen zu wollen. Es geht darum, auch noch ein auskömmliches Leben führen zu können was bei \schmutziger\ Arbeit oft nicht mehr möglich ist oder spätestens in der Rente zum Problem wird.",222,text fehlinterpretation geht darum hände mehr schmutzig geht darum auskömmliches leben führen schmutziger arbeit oft mehr möglich spätestens rente problem,negative,0.9794113039970398,283,-1,"{'anger': 0.9221002459526062, 'fear': 0.0009164141374640167, 'disgust': 0.013548759743571281, 'sadness': 0.01959037408232689, 'joy': 0.0052909268997609615, 'none of them': 0.04664096236228943, 'disgust_linguistic': 1.0, 'disgust_sentence_count': 1}",0.9221002459526062,0.0,0,0.0009164141374640167,0.0,0,0.013548759743571281,1.0,1,0.01959037408232689,0.0,0,0.0052909268997609615,0.0,0,0.04664096236228943,0.0,0,anger,Sonstige Themen,Deutschland,2021-06-29_Xlh1RJcjwD8_Corona_ Verpasste Chancen der Bildungspolitik _ Markus Lanz.csv,2025-05-30T08:49:03.543484
 text:  @Dime512  Auch wieder wahr. 😔,223,text dime wahr,neutral,0.9645936489105225,37,0,"{'anger': 0.5604310631752014, 'fear': 3.7463811167981476e-05, 'disgust': 0.008678521029651165, 'sadness': 0.033188167959451675, 'joy': 0.060594070702791214, 'none of them': 0.22745281457901}",0.5604310631752014,0.0,0,3.7463811167981476e-05,0.0,0,0.008678521029651165,0.0,0,0.033188167959451675,0.0,0,0.060594070702791214,0.0,0,0.22745281457901,0.0,0,anger,Schule & Kinder,Deutschland,2021-06-29_Xlh1RJcjwD8_Corona_ Verpasste Chancen der Bildungspolitik _ Markus Lanz.csv,2025-05-30T08:49:03.543484
 text: Sexismus pur,224,text sexismus pur,negative,0.9352289438247681,19,2,"{'anger': 0.4415464997291565, 'fear': 0.0004673337971325964, 'disgust': 0.5165998935699463, 'sadness': 0.0662555992603302, 'joy': 0.004838443361222744, 'none of them': 0.049894288182258606}",0.4415464997291565,0.0,0,0.0004673337971325964,0.0,0,0.5165998935699463,0.0,0,0.0662555992603302,0.0,0,0.004838443361222744,0.0,0,0.049894288182258606,0.0,0,disgust,Pyromanemane & Psyche,Deutschland,2021-06-29_Xlh1RJcjwD8_Corona_ Verpasste Chancen der Bildungspolitik _ Markus Lanz.csv,2025-05-30T08:49:03.543484
" text:  @xSongbird  Das, und wenn der eigene Intellekt nicht ausreicht den Gesprächen zu folgen. Dann wird es für denjenigen natürlich langweilig.",225,text xsongbird eigene intellekt ausreicht gesprächen folgen denjenigen natürlich langweilig,negative,0.7347316741943359,146,10,"{'anger': 0.9269130825996399, 'fear': 0.0006806655437685549, 'disgust': 0.00989003386348486, 'sadness': 0.024642078205943108, 'joy': 0.00898758601397276, 'none of them': 0.04390766844153404}",0.9269130825996399,0.0,0,0.0006806655437685549,0.0,0,0.00989003386348486,0.0,0,0.024642078205943108,0.0,0,0.00898758601397276,0.0,0,0.04390766844153404,0.0,0,anger,Probleme & Jobs,Deutschland,2021-06-29_Xlh1RJcjwD8_Corona_ Verpasste Chancen der Bildungspolitik _ Markus Lanz.csv,2025-05-30T08:49:03.543484
 text: Du weißt schon das du die Kindheit deiner Mutter nicht mit der Kindheit eines heutigen Kindes vergleichen kannst? Achja willkommen im 21. Jahrhundert.,226,text weißt schon kindheit mutter kindheit heutigen kindes vergleichen kannst achja willkommen jahrhundert,neutral,0.892136812210083,157,7,"{'anger': 0.34418994188308716, 'fear': 3.543652201187797e-05, 'disgust': 0.004530850797891617, 'sadness': 0.04163260757923126, 'joy': 0.21535487473011017, 'none of them': 0.3138076066970825}",0.34418994188308716,0.0,0,3.543652201187797e-05,0.0,0,0.004530850797891617,0.0,0,0.04163260757923126,0.0,0,0.21535487473011017,0.0,0,0.3138076066970825,0.0,0,anger,Intelligenz & Probleme,Deutschland,2021-06-29_Xlh1RJcjwD8_Corona_ Verpasste Chancen der Bildungspolitik _ Markus Lanz.csv,2025-05-30T08:49:03.543484
" text:  @pyromanemane8036 Die kindliche Entwicklung hat für mich aber nicht's mit dem 21. Jahrhundert zu tun, sondern mit der geistigen Entwicklung der Eltern, die ihre erziehen....",227,text pyromanemane kindliche entwicklung jahrhundert tun geistigen entwicklung eltern erziehen,negative,0.7164340615272522,181,-1,"{'anger': 0.07318083941936493, 'fear': 2.7086163754574955e-05, 'disgust': 0.009832330048084259, 'sadness': 0.16863854229450226, 'joy': 0.0701715350151062, 'none of them': 0.46926435828208923}",0.07318083941936493,0.0,0,2.7086163754574955e-05,0.0,0,0.009832330048084259,0.0,0,0.16863854229450226,0.0,0,0.0701715350151062,0.0,0,0.46926435828208923,0.0,0,none of them,Sonstige Themen,Deutschland,2021-06-29_Xlh1RJcjwD8_Corona_ Verpasste Chancen der Bildungspolitik _ Markus Lanz.csv,2025-05-30T08:49:03.543484
" text:  @liebe_was_du_hast_  Meine Eltern haben auch gearbeitet und mein Bruder 8 Jahre und ich mit 7 Jahren, waren ab 13.00 Uhr bis 17 Uhr alleine zu Hause... Das Essen stand azf dem Tusch, dann haben wur Schulaufgaben gemacht und dann ging's raus zum Spielen... Um 17.00 kam unsere Vater und dann gab es Aufgaben ( Zimmer aufräumen, Schuhe putzen usw. ) ..... Und so wurden wir selbstständig und lernten gehorchen......",228,text liebe_was_du_hast_ eltern gearbeitet bruder jahre jahren uhr uhr alleine hause essen stand azf tusch wur schulaufgaben gemacht gings raus spielen kam vater gab aufgaben zimmer aufräumen schuhe putzen usw wurden selbstständig lernten gehorchen,negative,0.9561885595321655,421,6,"{'anger': 0.8792875409126282, 'fear': 0.0002705555234570056, 'disgust': 0.017266621813178062, 'sadness': 0.03539285063743591, 'joy': 0.008925865404307842, 'none of them': 0.0529962033033371, 'joy_linguistic': 0.5, 'joy_sentence_count': 1, 'sadness_linguistic': 0.5, 'sadness_sentence_count': 1}",0.8792875409126282,0.0,0,0.0002705555234570056,0.0,0,0.017266621813178062,0.0,0,0.03539285063743591,0.5,1,0.008925865404307842,0.5,1,0.0529962033033371,0.0,0,anger,Saulalinsky & Vill,Deutschland,2021-06-29_Xlh1RJcjwD8_Corona_ Verpasste Chancen der Bildungspolitik _ Markus Lanz.csv,2025-05-30T08:49:03.543484
" text:  @dieterwunderlich7479  und man sieht, da ist einiges bei ihnen verpasst worden. Sie besitzen weder die Empathie um sich vorstellen zu können welche Probleme Menschen in der heutigen Zeit haben, noch dazu scheint die Intelligenz auch nicht auf den höchsten Stand gebracht worden zu sein, wenn sie meinen ihre Erfahrungen sollte man als Beispiel heranziehen....früher war es so toll und ich bin was geworden...super Beitrag!",229,text dieterwunderlich sieht verpasst worden besitzen weder empathie vorstellen probleme menschen heutigen zeit scheint intelligenz höchsten stand gebracht worden erfahrungen beispiel heranziehenfrüher toll gewordensuper beitrag,positive,0.9328532218933105,430,3,"{'anger': 0.9321004748344421, 'fear': 0.0007270430214703083, 'disgust': 0.01314997673034668, 'sadness': 0.0332648791372776, 'joy': 0.009172148071229458, 'none of them': 0.03513903543353081, 'joy_linguistic': 1.0, 'joy_sentence_count': 1}",0.9321004748344421,0.0,0,0.0007270430214703083,0.0,0,0.01314997673034668,0.0,0,0.0332648791372776,0.0,0,0.009172148071229458,1.0,1,0.03513903543353081,0.0,0,anger,Text & Pur,Deutschland,2021-06-29_Xlh1RJcjwD8_Corona_ Verpasste Chancen der Bildungspolitik _ Markus Lanz.csv,2025-05-30T08:49:03.543484
 text:  @TheFraudwatch  na das mit dem selbständigen denken bekommen wir besser hin als ihr rt/Sputnik Kasper 😂,230,text thefraudwatch selbständigen denken bekommen besser rtsputnik kasper,neutral,0.9898452758789062,111,-1,"{'anger': 0.9162235856056213, 'fear': 0.0006185707170516253, 'disgust': 0.015632858499884605, 'sadness': 0.0175358597189188, 'joy': 0.007436770014464855, 'none of them': 0.04340627044439316}",0.9162235856056213,0.0,0,0.0006185707170516253,0.0,0,0.015632858499884605,0.0,0,0.0175358597189188,0.0,0,0.007436770014464855,0.0,0,0.04340627044439316,0.0,0,anger,Sonstige Themen,Deutschland,2021-06-29_Xlh1RJcjwD8_Corona_ Verpasste Chancen der Bildungspolitik _ Markus Lanz.csv,2025-05-30T08:49:03.543484
 text:  @TheFraudwatch  wow n deutschkurs besuchen 😂 ich hab halt keinen rechtschreibfetisch und das hier is Youtube und kein Bewerbungsschreiben also heul leiser Kevin. Achja und nochwas... die Zeit wird wegen euch heulsusen nicht stehen bleiben 😏😉,231,text thefraudwatch wow deutschkurs besuchen halt rechtschreibfetisch youtube bewerbungsschreiben heul leiser kevin achja nochwas zeit wegen heulsusen stehen bleiben,negative,0.9696434140205383,249,6,"{'anger': 0.9500033855438232, 'fear': 0.004979556892067194, 'disgust': 0.019780222326517105, 'sadness': 0.015208332799375057, 'joy': 0.006350471172481775, 'none of them': 0.017370307818055153}",0.9500033855438232,0.0,0,0.004979556892067194,0.0,0,0.019780222326517105,0.0,0,0.015208332799375057,0.0,0,0.006350471172481775,0.0,0,0.017370307818055153,0.0,0,anger,Saulalinsky & Vill,Deutschland,2021-06-29_Xlh1RJcjwD8_Corona_ Verpasste Chancen der Bildungspolitik _ Markus Lanz.csv,2025-05-30T08:49:03.543484
" text:  @TheFraudwatch  Ja, ich denke das auch.....",232,text thefraudwatch denke,negative,0.9400163292884827,51,-1,"{'anger': 0.12159150838851929, 'fear': 0.00031766138272359967, 'disgust': 0.0025471504777669907, 'sadness': 0.011403820477426052, 'joy': 0.013661114498972893, 'none of them': 0.8839824199676514}",0.12159150838851929,0.0,0,0.00031766138272359967,0.0,0,0.0025471504777669907,0.0,0,0.011403820477426052,0.0,0,0.013661114498972893,0.0,0,0.8839824199676514,0.0,0,none of them,Sonstige Themen,Deutschland,2021-06-29_Xlh1RJcjwD8_Corona_ Verpasste Chancen der Bildungspolitik _ Markus Lanz.csv,2025-05-30T08:49:03.543484
" text:  @liebe_was_du_hast_  Vielleicht könnte man ja dann auch mal bei den Wahlen der AfD die Stimme geben ??  Die wollen doch, laut Wahlprogramm, daß die Mütter zu Hause bleiben und dadurch eine Familienfreundlichere Politik entsteht.. Ob sie es dann später auch so machen werden, weiß ich nicht, aber die haben es ja in ihrem Wahlprogramm...",233,text liebe_was_du_hast_ vielleicht mal wahlen afd stimme geben laut wahlprogramm mütter hause bleiben dadurch familienfreundlichere politik entsteht später weiß wahlprogramm,negative,0.9250792264938354,344,7,"{'anger': 0.6090677380561829, 'fear': 0.00017691745597403497, 'disgust': 0.002180241048336029, 'sadness': 0.013384937308728695, 'joy': 0.05405106022953987, 'none of them': 0.30477920174598694, 'joy_linguistic': 0.5, 'joy_sentence_count': 1, 'sadness_linguistic': 0.5, 'sadness_sentence_count': 1}",0.6090677380561829,0.0,0,0.00017691745597403497,0.0,0,0.002180241048336029,0.0,0,0.013384937308728695,0.5,1,0.05405106022953987,0.5,1,0.30477920174598694,0.0,0,anger,Intelligenz & Probleme,Deutschland,2021-06-29_Xlh1RJcjwD8_Corona_ Verpasste Chancen der Bildungspolitik _ Markus Lanz.csv,2025-05-30T08:49:03.543484
" text:  @saulalinsky4700  Sie kennen mich doch gar nicht und auch nicht welche von meinen sehr vielen Freunden und Bekannten.... Wenn Sie wüssten, wer und was ich bin, würden Sie sich über ihre Äußerungen schämen.... Bitte immer sachlich bleiben, denn nur dann, bringt es uns alle weiter... Einen lieben Gruß von Dieter Wunderlich...",234,text saulalinsky kennen gar vielen freunden bekannten wüssten wer äußerungen schämen bitte immer sachlich bleiben bringt lieben gruß dieter wunderlich,negative,0.9321514368057251,333,12,"{'anger': 0.944104015827179, 'fear': 0.001946528209373355, 'disgust': 0.03553008288145065, 'sadness': 0.014184776693582535, 'joy': 0.0077088987454771996, 'none of them': 0.01982104405760765, 'joy_linguistic': 0.5, 'joy_sentence_count': 1, 'none of them_linguistic': 0.5, 'none of them_sentence_count': 1}",0.944104015827179,0.0,0,0.001946528209373355,0.0,0,0.03553008288145065,0.0,0,0.014184776693582535,0.0,0,0.0077088987454771996,0.5,1,0.01982104405760765,0.5,1,anger,Gute & Familie,Deutschland,2021-06-29_Xlh1RJcjwD8_Corona_ Verpasste Chancen der Bildungspolitik _ Markus Lanz.csv,2025-05-30T08:49:03.543484
" text: ich bin sehr dankbar dafür, dass ich und meine söhne keinen krieg erleben mussten, man kann das auch alles ohne krieg lernen",235,text dankbar dafür söhne krieg erleben mussten krieg lernen,positive,0.5949795842170715,131,12,"{'anger': 0.026356961578130722, 'fear': 6.498483708128333e-05, 'disgust': 0.006908678449690342, 'sadness': 0.8603683710098267, 'joy': 0.02846440300345421, 'none of them': 0.05723624303936958, 'joy_linguistic': 1.0, 'joy_sentence_count': 1}",0.026356961578130722,0.0,0,6.498483708128333e-05,0.0,0,0.006908678449690342,0.0,0,0.8603683710098267,0.0,0,0.02846440300345421,1.0,1,0.05723624303936958,0.0,0,sadness,Gute & Familie,Deutschland,2021-06-29_Xlh1RJcjwD8_Corona_ Verpasste Chancen der Bildungspolitik _ Markus Lanz.csv,2025-05-30T08:49:03.543484
" text:  @dieterwunderlich7479  sachlich bleiben und mit \früher ging das auch\ kommen. Sie liefern doch gerade die Bestätigung meiner Aussage, keine Empathie und nicht die hellste Leuchte!\nIch beurteile sie nur nach ihren Aussagen hier, also alles gut. Und schämen...schmieren sie sich solche Aussagen zu ihren anderen stumpfsinnigen Ausführungen. \nSie und die alte tolle Zeit sollten schnell dahin wo sie hingehört, in die Vergangenheit. Ich würde es ihnen auch genau erklären aber wie gesagt, keine Empathie und die fehlenden Watt an den entscheidenden Stellen, daher schämen Sie sich doch mal ein oder 2 Runden und versuchen es mal mit einem Buch.",236,text dieterwunderlich sachlich bleiben früher ging kommen liefern gerade bestätigung aussage empathie hellste leuchtenich beurteile aussagen gut schämenschmieren aussagen stumpfsinnigen ausführungen nsie alte tolle zeit sollten schnell dahin hingehört vergangenheit genau erklären gesagt empathie fehlenden watt entscheidenden stellen daher schämen mal runden versuchen mal buch,positive,0.9597167670726776,652,6,"{'anger': 0.9456493854522705, 'fear': 0.004908588714897633, 'disgust': 0.0344243124127388, 'sadness': 0.015616151504218578, 'joy': 0.0056278337724506855, 'none of them': 0.014404624700546265, 'joy_linguistic': 0.6, 'joy_sentence_count': 1, 'none of them_linguistic': 0.4, 'none of them_sentence_count': 1}",0.9456493854522705,0.0,0,0.004908588714897633,0.0,0,0.0344243124127388,0.0,0,0.015616151504218578,0.0,0,0.0056278337724506855,0.6,1,0.014404624700546265,0.4,1,anger,Saulalinsky & Vill,Deutschland,2021-06-29_Xlh1RJcjwD8_Corona_ Verpasste Chancen der Bildungspolitik _ Markus Lanz.csv,2025-05-30T08:49:03.543484
" text:  @liebe_was_du_hast_  Ja, das verstehe ich und dann sind Sie ja auch glücklich und zufrieden sollte es ja auch sein.... Alles Gute für Sie und Ihrer Familie.  .",237,text liebe_was_du_hast_ verstehe glücklich zufrieden gute familie,positive,0.8484570384025574,167,7,"{'anger': 0.011366277933120728, 'fear': 0.00046709601883776486, 'disgust': 0.0021129297092556953, 'sadness': 0.007326450198888779, 'joy': 0.9571090340614319, 'none of them': 0.037503186613321304, 'joy_linguistic': 1.0, 'joy_sentence_count': 1}",0.011366277933120728,0.0,0,0.00046709601883776486,0.0,0,0.0021129297092556953,0.0,0,0.007326450198888779,0.0,0,0.9571090340614319,1.0,1,0.037503186613321304,0.0,0,joy,Intelligenz & Probleme,Deutschland,2021-06-29_Xlh1RJcjwD8_Corona_ Verpasste Chancen der Bildungspolitik _ Markus Lanz.csv,2025-05-30T08:49:03.543484
" text:  @sonjarie2094  Ja, da gebe ich Ihnen Recht..... Es gibt ja auch das Sprichwort :\ Der Apfel fällt nicht weit vom Stamm \...... Alles Gute für Sie und Ihrer Familie....",238,text sonjarie gebe recht gibt sprichwort apfel fällt weit stamm gute familie,negative,0.6999637484550476,175,6,"{'anger': 0.25828981399536133, 'fear': 4.770375380758196e-05, 'disgust': 0.0029646209441125393, 'sadness': 0.02804173342883587, 'joy': 0.46805521845817566, 'none of them': 0.21144306659698486, 'joy_linguistic': 1.0, 'joy_sentence_count': 1}",0.25828981399536133,0.0,0,4.770375380758196e-05,0.0,0,0.0029646209441125393,0.0,0,0.02804173342883587,0.0,0,0.46805521845817566,1.0,1,0.21144306659698486,0.0,0,joy,Saulalinsky & Vill,Deutschland,2021-06-29_Xlh1RJcjwD8_Corona_ Verpasste Chancen der Bildungspolitik _ Markus Lanz.csv,2025-05-30T08:49:03.543484
" text:  @saulalinsky4700  Ich habe Ihnen doch schon mitgeteilt, daß Sie mich doch gar nicht kennen...  Und das mit der hellen Leuchte, vielleicht haben Sie das früher ja öfter gehört... In meinem Umfeld brauchte es solche Aussprüche nicht... Ich wünsche Ihnen aber trotzdem Erfolg und alles Gute, in Ihrem weiteren Leben.....",239,text saulalinsky schon mitgeteilt gar kennen hellen leuchte vielleicht früher öfter gehört umfeld brauchte aussprüche wünsche trotzdem erfolg gute weiteren leben,positive,0.7358593344688416,325,7,"{'anger': 0.6024013161659241, 'fear': 5.294026414048858e-05, 'disgust': 0.003517851233482361, 'sadness': 0.06104246526956558, 'joy': 0.08117911964654922, 'none of them': 0.28267455101013184, 'joy_linguistic': 0.6666666666666666, 'joy_sentence_count': 1, 'anger_linguistic': 0.3333333333333333, 'anger_sentence_count': 1}",0.6024013161659241,0.3333333333333333,1,5.294026414048858e-05,0.0,0,0.003517851233482361,0.0,0,0.06104246526956558,0.0,0,0.08117911964654922,0.6666666666666666,1,0.28267455101013184,0.0,0,anger,Intelligenz & Probleme,Deutschland,2021-06-29_Xlh1RJcjwD8_Corona_ Verpasste Chancen der Bildungspolitik _ Markus Lanz.csv,2025-05-30T08:49:03.543484
" text:  @dieterwunderlich7479  \in meinem Umfeld...\ und wieder bestätigen Sie nur meine Aussage, ihnen gehts gut und es war OK. Und wieder keine Empathie und auch nicht die Intelligenz den Sachverhalt zu erfassen. Wie gesagt stecken sie sich ihr tolles Leben sonst wohin, Hauptsache nochmal aufzeigen wo ihre Defizite liegen^^\nPS. Bitte kommen sie mir nicht mit ihren Bauernweisheiten, zu mehr scheint es nicht zu reichen. \nIch kann ihnen sagen, Ich arbeite mit älteren Mitbürgern und was diese für Probleme mit ihrer Vergangenheit haben, da wurde sich einfach nicht für interessiert. Und das wegen Menschen wie ihnen, sollen sich alle nicht anstellen, geht schon weiter oder ist doch eh eigentlich gut so....nein ist es nämlich nicht!",240,text dieterwunderlich umfeld bestätigen aussage gehts gut empathie intelligenz sachverhalt erfassen gesagt stecken tolles leben wohin hauptsache nochmal aufzeigen defizite liegennps bitte kommen bauernweisheiten mehr scheint reichen nich sagen arbeite älteren mitbürgern probleme vergangenheit wurde einfach interessiert wegen menschen sollen anstellen geht schon eigentlich gut sonein nämlich,negative,0.9948239028453827,738,6,"{'anger': 0.9439154863357544, 'fear': 0.001530952868051827, 'disgust': 0.01190998125821352, 'sadness': 0.016933953389525414, 'joy': 0.008550893515348434, 'none of them': 0.03222208842635155, 'joy_linguistic': 0.6666666666666666, 'joy_sentence_count': 1, 'none of them_linguistic': 0.3333333333333333, 'none of them_sentence_count': 1}",0.9439154863357544,0.0,0,0.001530952868051827,0.0,0,0.01190998125821352,0.0,0,0.016933953389525414,0.0,0,0.008550893515348434,0.6666666666666666,1,0.03222208842635155,0.3333333333333333,1,anger,Saulalinsky & Vill,Deutschland,2021-06-29_Xlh1RJcjwD8_Corona_ Verpasste Chancen der Bildungspolitik _ Markus Lanz.csv,2025-05-30T08:49:03.543484
" text:  @saulalinsky4700  Ich rate Ihnen mal Ihree ganzen Vorurteile und Vorverurteilungen über Bord zu werfen.... Sie urteilen , ohne mich zu kennen... Gehen Sie mal in's Internet und geben Sie mal bitte \ Wunderlich's Käfer Cafe",241,text saulalinsky rate mal ihree ganzen vorurteile vorverurteilungen bord werfen urteilen kennen gehen mal internet geben mal bitte wunderlichs käfer cafe,negative,0.9528810381889343,230,-1,"{'anger': 0.9492985010147095, 'fear': 0.0031402437016367912, 'disgust': 0.031953245401382446, 'sadness': 0.014334206469357014, 'joy': 0.008624227717518806, 'none of them': 0.01660885661840439}",0.9492985010147095,0.0,0,0.0031402437016367912,0.0,0,0.031953245401382446,0.0,0,0.014334206469357014,0.0,0,0.008624227717518806,0.0,0,0.01660885661840439,0.0,0,anger,Sonstige Themen,Deutschland,2021-06-29_Xlh1RJcjwD8_Corona_ Verpasste Chancen der Bildungspolitik _ Markus Lanz.csv,2025-05-30T08:49:03.543484
" text:  @dieterwunderlich7479  darf ich fragen, verstehen sie die deutsche Sprache vl nicht? Ich sagte ich kenne sie nicht und nehme nur Bezug zu dem was sie hier schreiben...daran werden sie gemessen. Sie bestätigen leider immer nur meinen Eingangstext, ihnen geht jegliche Empathie ab und sie sind nicht in der Lage mal zu überdenken, nicht jedes Leben läuft wie das ihrige, andere könnten ganz andere Probleme haben, denen man nicht mit so dollen Sprüchen entgegnen sollte, so wie sie es hier machen. Also seien sie froh und danken, dem (an was auch immer sie glauben). Aber sparen Sie sich ihre Bauernweisheiten und ihr altertümliches Gerede. Damit helfen Sie überhaupt keinem, im Gegenteil sie erhöhen nur sich selbst. \nVl verstehen Sie das ganze mit einem einfachen Beispiel, sie als Gastronom waren im letzten Jahr ja auch von den Einschränkungen betroffen, für die sie nichts konnten, wie wäre es wenn man ihnen dann einfach sagt, \wozu ins Cafe gehen",242,text dieterwunderlich darf fragen verstehen deutsche sprache sagte kenne nehme bezug schreibendaran gemessen bestätigen leider immer eingangstext geht jegliche empathie lage mal überdenken leben läuft ihrige könnten ganz probleme denen dollen sprüchen entgegnen seien froh danken immer glauben sparen bauernweisheiten altertümliches gerede helfen überhaupt gegenteil erhöhen nvl verstehen ganze einfachen beispiel gastronom letzten jahr einschränkungen betroffen konnten wäre einfach sagt wozu cafe gehen,negative,0.8288700580596924,960,-1,"{'anger': 0.9423938989639282, 'fear': 0.001750067574903369, 'disgust': 0.01481490209698677, 'sadness': 0.018027205020189285, 'joy': 0.0061118630692362785, 'none of them': 0.029210057109594345, 'joy_linguistic': 0.3333333333333333, 'joy_sentence_count': 1, 'sadness_linguistic': 0.3333333333333333, 'sadness_sentence_count': 1, 'fear_linguistic': 0.3333333333333333, 'fear_sentence_count': 1}",0.9423938989639282,0.0,0,0.001750067574903369,0.3333333333333333,1,0.01481490209698677,0.0,0,0.018027205020189285,0.3333333333333333,1,0.0061118630692362785,0.3333333333333333,1,0.029210057109594345,0.0,0,anger,Sonstige Themen,Deutschland,2021-06-29_Xlh1RJcjwD8_Corona_ Verpasste Chancen der Bildungspolitik _ Markus Lanz.csv,2025-05-30T08:49:03.543484
" text:  @saulalinsky4700  Du, ich vermute bei diesem Dieter Wunderlich handelt es sich um einen Bot. Das Profil gibt es gerade Mal seit einem Jahr. Dazu diese merkwürdige Schreibweise...",243,text saulalinsky vermute dieter wunderlich handelt bot profil gibt gerade mal seit jahr merkwürdige schreibweise,negative,0.958051860332489,186,-1,"{'anger': 0.9354488849639893, 'fear': 0.0018556100549176335, 'disgust': 0.03790144994854927, 'sadness': 0.017368583008646965, 'joy': 0.004687100648880005, 'none of them': 0.021276019513607025}",0.9354488849639893,0.0,0,0.0018556100549176335,0.0,0,0.03790144994854927,0.0,0,0.017368583008646965,0.0,0,0.004687100648880005,0.0,0,0.021276019513607025,0.0,0,anger,Sonstige Themen,Deutschland,2021-06-29_Xlh1RJcjwD8_Corona_ Verpasste Chancen der Bildungspolitik _ Markus Lanz.csv,2025-05-30T08:49:03.543484
" text:  @LessDramaMoreTechno  , ne^^ den scheint es echt zu geben, zumindest das Cafe gibt es mit einem gleichnamigen Besitzer und im letzten Jahr sah sich (leider) so mancher auf einmal genötigt das Internet für sich zu entdecken, was dabei rum kommt sieht man dann hier...",244,text lessdramamoretechno scheint echt geben zumindest cafe gibt gleichnamigen besitzer letzten jahr sah leider genötigt internet entdecken dabei rum kommt sieht,negative,0.9635334610939026,274,1,"{'anger': 0.8935059905052185, 'fear': 0.00041950910235755146, 'disgust': 0.016090044751763344, 'sadness': 0.04670356586575508, 'joy': 0.005893000867217779, 'none of them': 0.048943404108285904, 'sadness_linguistic': 1.0, 'sadness_sentence_count': 1}",0.8935059905052185,0.0,0,0.00041950910235755146,0.0,0,0.016090044751763344,0.0,0,0.04670356586575508,1.0,1,0.005893000867217779,0.0,0,0.048943404108285904,0.0,0,anger,Reden & Text,Deutschland,2021-06-29_Xlh1RJcjwD8_Corona_ Verpasste Chancen der Bildungspolitik _ Markus Lanz.csv,2025-05-30T08:49:03.543484
" text: Es fehlt an Politikern und Fussballspielern, die mutig zupacken. Boris Palmer ist so einer. Doch wie reagieren die Grünen ? Sie werden genau ihn hinaus werfen. Oswald Metzger hatte auch dem Mut. Dasselbe Schicksal. Alle Parteien taugen nix mehr!",245,text fehlt politikern fussballspielern mutig zupacken boris palmer reagieren grünen genau hinaus werfen oswald metzger mut schicksal parteien taugen nix mehr,negative,0.9979097247123718,252,0,"{'anger': 0.9356222152709961, 'fear': 0.0031033724080771208, 'disgust': 0.024498404935002327, 'sadness': 0.02191937156021595, 'joy': 0.00438342522829771, 'none of them': 0.017210574820637703, 'none of them_linguistic': 1.0, 'none of them_sentence_count': 1}",0.9356222152709961,0.0,0,0.0031033724080771208,0.0,0,0.024498404935002327,0.0,0,0.02191937156021595,0.0,0,0.00438342522829771,0.0,0,0.017210574820637703,1.0,1,anger,Schule & Kinder,Deutschland,2021-06-29_Xlh1RJcjwD8_Corona_ Verpasste Chancen der Bildungspolitik _ Markus Lanz.csv,2025-05-30T08:49:03.543484
" text:  @bobbaumeister5243  Also Fußballspieler braucht wirklich niemand in einer Krise, ganz ehrlich. Die sollen ihr Ding machen, aber die sind so relevant wie der sprichwörtliche Sack Reis in China, wenn uns links und rechts das Virus an die Tür klopft.\n\nBoris Palmer wird auch nicht für seinen Mut kritisiert, sondern für seine Äußerungen bestimmten Menschen/Gruppen gegenüber. Das ist auch vollkommen legitim wenn die Partei ihn dafür nicht mehr haben will. Wenn die Menschen das gut finden, können die ihn ja weiter unterstützen, dafür braucht er die Grünen nicht und die Grünen ihn nicht.\n\nDas wir mutige Menschen brauchen, die auch zupacken und was entscheiden sowie durchziehen ist korrekt, aber wie in der Sendung ja auch gesagt wurde, wird Mut leider nicht belohnt. Im Gegenteil. Wir bestrafen diejenigen die alles geben und in unserer aller Not etwas versuchen, was auch gut funktioniert, aber unserem Bürokratieverständnis entgegen wirkt. Deutschland hat sich selbst ins Abseits reguliert, so meine Meinung.",246,text bobbaumeister fußballspieler braucht wirklich niemand krise ganz ehrlich sollen ding relevant sprichwörtliche sack reis china links rechts virus tür klopftnnboris palmer mut kritisiert äußerungen bestimmten menschengruppen gegenüber vollkommen legitim partei dafür mehr menschen gut finden unterstützen dafür braucht grünen grünen nichtnndas mutige menschen brauchen zupacken entscheiden sowie durchziehen korrekt sendung gesagt wurde mut leider belohnt gegenteil bestrafen diejenigen geben unserer not versuchen gut funktioniert bürokratieverständnis entgegen wirkt deutschland abseits reguliert meinung,negative,0.7966876029968262,1023,-1,"{'anger': 0.9405211806297302, 'fear': 0.0019188063452020288, 'disgust': 0.016056576743721962, 'sadness': 0.019371137022972107, 'joy': 0.007653297856450081, 'none of them': 0.03645730018615723, 'joy_linguistic': 0.3333333333333333, 'joy_sentence_count': 1, 'sadness_linguistic': 0.3333333333333333, 'sadness_sentence_count': 1, 'none of them_linguistic': 0.3333333333333333, 'none of them_sentence_count': 1}",0.9405211806297302,0.0,0,0.0019188063452020288,0.0,0,0.016056576743721962,0.0,0,0.019371137022972107,0.3333333333333333,1,0.007653297856450081,0.3333333333333333,1,0.03645730018615723,0.3333333333333333,1,anger,Sonstige Themen,Deutschland,2021-06-29_Xlh1RJcjwD8_Corona_ Verpasste Chancen der Bildungspolitik _ Markus Lanz.csv,2025-05-30T08:49:03.543484
 text: Ein sehr aufschlussreicher Talk mit tollen Gästen. Ich hätte gerne mehr Sendezeit für solch kluge Menschen als für belangloses politisches Gezanke.,247,text aufschlussreicher talk tollen gästen hätte gerne mehr sendezeit solch kluge menschen belangloses politisches gezanke,negative,0.967800498008728,154,-1,"{'anger': 0.9152975678443909, 'fear': 0.000453814456705004, 'disgust': 0.011272810399532318, 'sadness': 0.021862613037228584, 'joy': 0.01034560613334179, 'none of them': 0.054644856601953506, 'joy_linguistic': 1.0, 'joy_sentence_count': 1}",0.9152975678443909,0.0,0,0.000453814456705004,0.0,0,0.011272810399532318,0.0,0,0.021862613037228584,0.0,0,0.01034560613334179,1.0,1,0.054644856601953506,0.0,0,anger,Sonstige Themen,Deutschland,2021-06-29_Xlh1RJcjwD8_Corona_ Verpasste Chancen der Bildungspolitik _ Markus Lanz.csv,2025-05-30T08:49:03.543484
" text: Man sollte auch nicht vergessen, dass es zwischen dem männlichen und weiblichen Gehirn evolutionsbedingt große Unterschiede gibt, weshalb sich Jungs in der Grundschule tatsächlich i.d.R. viel schwerer tun \normal\ zu lernen als Mädchen. Sehr zu empfehlen ist dazu der Vortrag von Vera F. Birkenbihl.",248,text vergessen männlichen weiblichen gehirn evolutionsbedingt große unterschiede gibt weshalb jungs grundschule tatsächlich idr schwerer tun normal lernen mädchen empfehlen vortrag vera birkenbihl,neutral,0.9997265934944153,306,0,"{'anger': 0.7937535047531128, 'fear': 0.00011046171857742593, 'disgust': 0.006778374779969454, 'sadness': 0.03916800022125244, 'joy': 0.01657603681087494, 'none of them': 0.14250633120536804, 'none of them_linguistic': 1.0, 'none of them_sentence_count': 1}",0.7937535047531128,0.0,0,0.00011046171857742593,0.0,0,0.006778374779969454,0.0,0,0.03916800022125244,0.0,0,0.01657603681087494,0.0,0,0.14250633120536804,1.0,1,anger,Schule & Kinder,Deutschland,2021-06-29_Xlh1RJcjwD8_Corona_ Verpasste Chancen der Bildungspolitik _ Markus Lanz.csv,2025-05-30T08:49:03.543484
 text: Halllo ein Guter HANDWERKER  ist doch GOLD WERD   !!!!!\nREDET NICHT STÄNDIG VON  STUDIEREN. BLA BLA,249,text halllo guter handwerker gold werd nredet ständig studieren bla bla,negative,0.9328651428222656,107,3,"{'anger': 0.15748579800128937, 'fear': 0.0001417780586052686, 'disgust': 0.002641247119754553, 'sadness': 0.0056397258304059505, 'joy': 0.7500672936439514, 'none of them': 0.10029493272304535, 'joy_linguistic': 1.0, 'joy_sentence_count': 1}",0.15748579800128937,0.0,0,0.0001417780586052686,0.0,0,0.002641247119754553,0.0,0,0.0056397258304059505,0.0,0,0.7500672936439514,1.0,1,0.10029493272304535,0.0,0,joy,Text & Pur,Deutschland,2021-06-29_Xlh1RJcjwD8_Corona_ Verpasste Chancen der Bildungspolitik _ Markus Lanz.csv,2025-05-30T08:49:03.543484
" text: Wow, hat der Kinderpsychologe gerade ohne Widerspruch der Runde öffentlich gesagt, dass Mädchen in der Schule bessere Chancen haben als Jungs? Wo bleibt der Aufschrei?",250,text wow kinderpsychologe gerade widerspruch runde öffentlich gesagt mädchen schule bessere chancen jungs bleibt aufschrei,neutral,0.9582516551017761,174,13,"{'anger': 0.9225225448608398, 'fear': 0.000874092394951731, 'disgust': 0.01624603383243084, 'sadness': 0.019396724179387093, 'joy': 0.006372060626745224, 'none of them': 0.0375327430665493}",0.9225225448608398,0.0,0,0.000874092394951731,0.0,0,0.01624603383243084,0.0,0,0.019396724179387093,0.0,0,0.006372060626745224,0.0,0,0.0375327430665493,0.0,0,anger,Bildungspolitik & Jahren,Deutschland,2021-06-29_Xlh1RJcjwD8_Corona_ Verpasste Chancen der Bildungspolitik _ Markus Lanz.csv,2025-05-30T08:49:03.543484
 text: Rente bis 68 drei Jahre länger als zuvor...\nSprich die Insassen Deutschlands können nicht die hellsten sein wenn sich die Dinge in diese Richtung entwickelt...\nSprich es ist offensichtlich das das Bildungswesen auf ganzer Linie versagt hat.,251,text rente drei jahre länger zuvornsprich insassen deutschlands hellsten dinge richtung entwickeltnsprich offensichtlich bildungswesen ganzer linie versagt,negative,0.9901320934295654,249,1,"{'anger': 0.9296967387199402, 'fear': 0.0012050402583554387, 'disgust': 0.022450584918260574, 'sadness': 0.022376373410224915, 'joy': 0.006508338265120983, 'none of them': 0.0237179696559906, 'joy_linguistic': 1.0, 'joy_sentence_count': 1}",0.9296967387199402,0.0,0,0.0012050402583554387,0.0,0,0.022450584918260574,0.0,0,0.022376373410224915,0.0,0,0.006508338265120983,1.0,1,0.0237179696559906,0.0,0,anger,Reden & Text,Deutschland,2021-06-29_Xlh1RJcjwD8_Corona_ Verpasste Chancen der Bildungspolitik _ Markus Lanz.csv,2025-05-30T08:49:03.543484
 text: Dieser Weizer ist unerträglich.,252,text weizer unerträglich,negative,0.9953756332397461,38,-1,"{'anger': 0.9330273270606995, 'fear': 0.0015246383845806122, 'disgust': 0.030144168063998222, 'sadness': 0.02249850705265999, 'joy': 0.00394011102616787, 'none of them': 0.03855130821466446, 'disgust_linguistic': 1.0, 'disgust_sentence_count': 1}",0.9330273270606995,0.0,0,0.0015246383845806122,0.0,0,0.030144168063998222,1.0,1,0.02249850705265999,0.0,0,0.00394011102616787,0.0,0,0.03855130821466446,0.0,0,anger,Sonstige Themen,Deutschland,2021-06-29_Xlh1RJcjwD8_Corona_ Verpasste Chancen der Bildungspolitik _ Markus Lanz.csv,2025-05-30T08:49:03.543484
 text: Bildungspolitik. Hallo? Wir haben die nazipartei afd im BT. Die wurden dareingewählt. Und diese ganzen korrupten idioten der anderen Partein auch. Da kann man nun wirklich nicht von Bildung sprechen,253,text bildungspolitik hallo nazipartei afd wurden dareingewählt ganzen korrupten idioten partein wirklich bildung sprechen,negative,0.9930590391159058,205,0,"{'anger': 0.9518018960952759, 'fear': 0.005783878732472658, 'disgust': 0.02796689234673977, 'sadness': 0.009929168969392776, 'joy': 0.0069642504677176476, 'none of them': 0.018269382417201996, 'anger_linguistic': 1.0, 'anger_sentence_count': 1}",0.9518018960952759,1.0,1,0.005783878732472658,0.0,0,0.02796689234673977,0.0,0,0.009929168969392776,0.0,0,0.0069642504677176476,0.0,0,0.018269382417201996,0.0,0,anger,Schule & Kinder,Deutschland,2021-06-29_Xlh1RJcjwD8_Corona_ Verpasste Chancen der Bildungspolitik _ Markus Lanz.csv,2025-05-30T08:49:03.543484
 text: Ich brauch keihne Pildungspolitik.,254,text brauch keihne pildungspolitik,neutral,0.9998148083686829,41,1,"{'anger': 0.47069379687309265, 'fear': 9.668702114140615e-05, 'disgust': 0.0038935313932597637, 'sadness': 0.015570259653031826, 'joy': 0.015346740372478962, 'none of them': 0.43487393856048584}",0.47069379687309265,0.0,0,9.668702114140615e-05,0.0,0,0.0038935313932597637,0.0,0,0.015570259653031826,0.0,0,0.015346740372478962,0.0,0,0.43487393856048584,0.0,0,anger,Reden & Text,Deutschland,2021-06-29_Xlh1RJcjwD8_Corona_ Verpasste Chancen der Bildungspolitik _ Markus Lanz.csv,2025-05-30T08:49:03.543484
 text: 30 Prozent sind unfassbar viel und die tun so als wäre es eh so gekommen.,255,text prozent unfassbar tun wäre gekommen,neutral,0.9814385771751404,80,3,"{'anger': 0.8272017240524292, 'fear': 0.00027825901634059846, 'disgust': 0.01711706444621086, 'sadness': 0.03975061699748039, 'joy': 0.005861775018274784, 'none of them': 0.10864552855491638}",0.8272017240524292,0.0,0,0.00027825901634059846,0.0,0,0.01711706444621086,0.0,0,0.03975061699748039,0.0,0,0.005861775018274784,0.0,0,0.10864552855491638,0.0,0,anger,Text & Pur,Deutschland,2021-06-29_Xlh1RJcjwD8_Corona_ Verpasste Chancen der Bildungspolitik _ Markus Lanz.csv,2025-05-30T08:49:03.543484
 text: Die Schüler sind am ärmsten. Es wird nie geändert und wenn der Herbst kommt tun alle so als hätten sie es nicht gewusst.,256,text schüler ärmsten nie geändert herbst kommt tun hätten gewusst,negative,0.9990094900131226,127,1,"{'anger': 0.8811066746711731, 'fear': 0.00025470511172898114, 'disgust': 0.016214588657021523, 'sadness': 0.04289873689413071, 'joy': 0.008651087060570717, 'none of them': 0.0709647387266159}",0.8811066746711731,0.0,0,0.00025470511172898114,0.0,0,0.016214588657021523,0.0,0,0.04289873689413071,0.0,0,0.008651087060570717,0.0,0,0.0709647387266159,0.0,0,anger,Reden & Text,Deutschland,2021-06-29_Xlh1RJcjwD8_Corona_ Verpasste Chancen der Bildungspolitik _ Markus Lanz.csv,2025-05-30T08:49:03.543484
 text: Kein einziger Politiker in der Runde...wundert mich......das Thema ist doch angeblich allen pol.Akteuren so unglaublich wichtig !!\nVor allen Dingen hätte mich die sachlich fundierte Meinung von Frau Karliczek zu dem Thema interessiert!!\nO.K...das mit sachlich fundiert war'n Witz!!,257,text einziger politiker rundewundert michdas thema angeblich polakteuren unglaublich wichtig nvor dingen hätte sachlich fundierte meinung frau karliczek thema interessiertnokdas sachlich fundiert warn witz,negative,0.9872599840164185,290,4,"{'anger': 0.9382171630859375, 'fear': 0.0016722700092941523, 'disgust': 0.01106524933129549, 'sadness': 0.019124126061797142, 'joy': 0.005449313670396805, 'none of them': 0.03492848202586174, 'joy_linguistic': 0.6666666666666666, 'joy_sentence_count': 1, 'none of them_linguistic': 0.3333333333333333, 'none of them_sentence_count': 1}",0.9382171630859375,0.0,0,0.0016722700092941523,0.0,0,0.01106524933129549,0.0,0,0.019124126061797142,0.0,0,0.005449313670396805,0.6666666666666666,1,0.03492848202586174,0.3333333333333333,1,anger,Falsch & Text,Deutschland,2021-06-29_Xlh1RJcjwD8_Corona_ Verpasste Chancen der Bildungspolitik _ Markus Lanz.csv,2025-05-30T08:49:03.543484
 text: 00:00 „Wie fällt Ihre BiLANZ aus?“,258,text fällt bilanz,neutral,0.89145427942276,41,-1,"{'anger': 0.05392834171652794, 'fear': 0.00023919284285511822, 'disgust': 0.002586805261671543, 'sadness': 0.019222011789679527, 'joy': 0.05920528247952461, 'none of them': 0.8760426640510559}",0.05392834171652794,0.0,0,0.00023919284285511822,0.0,0,0.002586805261671543,0.0,0,0.019222011789679527,0.0,0,0.05920528247952461,0.0,0,0.8760426640510559,0.0,0,none of them,Sonstige Themen,Deutschland,2021-06-29_Xlh1RJcjwD8_Corona_ Verpasste Chancen der Bildungspolitik _ Markus Lanz.csv,2025-05-30T08:49:03.543484
" text: Liebe Community, den gesamten Talk findet ihr hier: https://www.zdf.de/gesellschaft/markus-lanz",259,text liebe community gesamten talk findet,neutral,0.9907656908035278,102,14,"{'anger': 0.0375993512570858, 'fear': 0.000257217267062515, 'disgust': 0.0020515352953225374, 'sadness': 0.010645919479429722, 'joy': 0.34010177850723267, 'none of them': 0.656226396560669, 'joy_linguistic': 1.0, 'joy_sentence_count': 1}",0.0375993512570858,0.0,0,0.000257217267062515,0.0,0,0.0020515352953225374,0.0,0,0.010645919479429722,0.0,0,0.34010177850723267,1.0,1,0.656226396560669,0.0,0,joy,Schüler & Studenten,Deutschland,2021-06-29_Xlh1RJcjwD8_Corona_ Verpasste Chancen der Bildungspolitik _ Markus Lanz.csv,2025-05-30T08:49:03.543484
" text: Kurz: Wir brauchen Praktiker, die das Wohin und Wie aussprechen und umsetzen können. Analytiker haben wir genug.",260,text kurz brauchen praktiker wohin aussprechen umsetzen analytiker genug,neutral,0.9558427929878235,119,3,"{'anger': 0.45477816462516785, 'fear': 0.0003322246193420142, 'disgust': 0.002305621048435569, 'sadness': 0.00969043467193842, 'joy': 0.007654902525246143, 'none of them': 0.5692154765129089}",0.45477816462516785,0.0,0,0.0003322246193420142,0.0,0,0.002305621048435569,0.0,0,0.00969043467193842,0.0,0,0.007654902525246143,0.0,0,0.5692154765129089,0.0,0,none of them,Text & Pur,Deutschland,2021-06-29_Xlh1RJcjwD8_Corona_ Verpasste Chancen der Bildungspolitik _ Markus Lanz.csv,2025-05-30T08:49:03.543484
" text: Am wichtigsten ist es Long COVID zu bekämpfen, alles andere ist zweit oder drittrangig …",261,text wichtigsten long covid bekämpfen zweit drittrangig,neutral,0.9948855042457581,95,0,"{'anger': 0.15223582088947296, 'fear': 7.979998918017372e-05, 'disgust': 0.004330527503043413, 'sadness': 0.03943395987153053, 'joy': 0.02398308366537094, 'none of them': 0.6658358573913574}",0.15223582088947296,0.0,0,7.979998918017372e-05,0.0,0,0.004330527503043413,0.0,0,0.03943395987153053,0.0,0,0.02398308366537094,0.0,0,0.6658358573913574,0.0,0,none of them,Schule & Kinder,Deutschland,2021-06-29_Xlh1RJcjwD8_Corona_ Verpasste Chancen der Bildungspolitik _ Markus Lanz.csv,2025-05-30T08:49:03.543484
" text: Das Problem sind nicht die \nDigitalen Geräte für die Schüler. Das Problem ist die Wartung dieser! Wenn ein \nLaptop 500 Euro Kostet dann kann man den Wartungsbetrag mit einem Faktor ansetzen der jeden Etat sprengt, den wir uns noch leisten können. Aber soweit kann hier niemand denken.",262,text problem ndigitalen geräte schüler problem wartung nlaptop euro kostet wartungsbetrag faktor ansetzen etat sprengt leisten soweit niemand denken,negative,0.9898005127906799,293,4,"{'anger': 0.9409370422363281, 'fear': 0.002198949456214905, 'disgust': 0.010297875851392746, 'sadness': 0.014447621069848537, 'joy': 0.0069849141873419285, 'none of them': 0.033027634024620056}",0.9409370422363281,0.0,0,0.002198949456214905,0.0,0,0.010297875851392746,0.0,0,0.014447621069848537,0.0,0,0.0069849141873419285,0.0,0,0.033027634024620056,0.0,0,anger,Falsch & Text,Deutschland,2021-06-29_Xlh1RJcjwD8_Corona_ Verpasste Chancen der Bildungspolitik _ Markus Lanz.csv,2025-05-30T08:49:03.543484
" text: Ja,,DDR Style",263,text jaddr style,neutral,0.9806749224662781,20,0,"{'anger': 0.034532640129327774, 'fear': 0.0005387902492657304, 'disgust': 0.002716133603826165, 'sadness': 0.010321973823010921, 'joy': 0.03923284262418747, 'none of them': 0.9380772113800049}",0.034532640129327774,0.0,0,0.0005387902492657304,0.0,0,0.002716133603826165,0.0,0,0.010321973823010921,0.0,0,0.03923284262418747,0.0,0,0.9380772113800049,0.0,0,none of them,Schule & Kinder,Deutschland,2021-06-29_Xlh1RJcjwD8_Corona_ Verpasste Chancen der Bildungspolitik _ Markus Lanz.csv,2025-05-30T08:49:03.543484
" text: Eins der größten Probleme ist, dass unsere Lehrerschaft viel zu alt ist! Dass es größtenteils Lehrerinnen (besonders in Grundschulen)  sind, die oftmals sogar zugeben, Jungs schlechter aufgrund ihres Verhaltens zu benoten, macht es nicht besser. Lehramtsstudiumszeit verkürzen, männliche Lehrer fördern und endlich adäquat in Bildung investieren!",264,text eins größten probleme lehrerschaft alt größtenteils lehrerinnen besonders grundschulen oftmals sogar zugeben jungs schlechter aufgrund verhaltens benoten macht besser lehramtsstudiumszeit verkürzen männliche lehrer fördern endlich adäquat bildung investieren,negative,0.9961535334587097,353,-1,"{'anger': 0.8400880694389343, 'fear': 0.00023298717860598117, 'disgust': 0.004332228098064661, 'sadness': 0.029395880177617073, 'joy': 0.013826434500515461, 'none of them': 0.12733519077301025}",0.8400880694389343,0.0,0,0.00023298717860598117,0.0,0,0.004332228098064661,0.0,0,0.029395880177617073,0.0,0,0.013826434500515461,0.0,0,0.12733519077301025,0.0,0,anger,Sonstige Themen,Deutschland,2021-06-29_Xlh1RJcjwD8_Corona_ Verpasste Chancen der Bildungspolitik _ Markus Lanz.csv,2025-05-30T08:49:03.543484
 text: Gott sei Dank kein Lauterbach eingeladen,265,text gott sei dank lauterbach eingeladen,neutral,0.9991363883018494,47,6,"{'anger': 0.01818498782813549, 'fear': 0.0005387121927924454, 'disgust': 0.0016011296538636088, 'sadness': 0.004773864988237619, 'joy': 0.9368199110031128, 'none of them': 0.0653332844376564}",0.01818498782813549,0.0,0,0.0005387121927924454,0.0,0,0.0016011296538636088,0.0,0,0.004773864988237619,0.0,0,0.9368199110031128,0.0,0,0.0653332844376564,0.0,0,joy,Saulalinsky & Vill,Deutschland,2021-06-29_Xlh1RJcjwD8_Corona_ Verpasste Chancen der Bildungspolitik _ Markus Lanz.csv,2025-05-30T08:49:03.543484
" text: Deutsche Kinder werden zum gehorchen erzogen wie kleine Soldaten. Es gibt nur selten Schulen die die Kreativität fördern und zur Selbstentwicklung helfen.\n-Ehemaliger Flüchtling, heute 28 Jahre alt, Schulabbrecher, dennoch CEO",266,text deutsche kinder gehorchen erzogen kleine soldaten gibt selten schulen kreativität fördern selbstentwicklung helfennehemaliger flüchtling heute jahre alt schulabbrecher dennoch ceo,neutral,0.9238545894622803,234,6,"{'anger': 0.8387010097503662, 'fear': 0.0006182015058584511, 'disgust': 0.035523053258657455, 'sadness': 0.10857177525758743, 'joy': 0.0035624783486127853, 'none of them': 0.02488262951374054}",0.8387010097503662,0.0,0,0.0006182015058584511,0.0,0,0.035523053258657455,0.0,0,0.10857177525758743,0.0,0,0.0035624783486127853,0.0,0,0.02488262951374054,0.0,0,anger,Saulalinsky & Vill,Deutschland,2021-06-29_Xlh1RJcjwD8_Corona_ Verpasste Chancen der Bildungspolitik _ Markus Lanz.csv,2025-05-30T08:49:03.543484
 text: alles nur wertloses geschwafel. der fehler liegt im system. die eingeladenen nasen bestätigen das.,267,text wertloses geschwafel fehler liegt system eingeladenen nasen bestätigen,negative,0.9983204007148743,105,-1,"{'anger': 0.9243717789649963, 'fear': 0.0013710890198126435, 'disgust': 0.05256025865674019, 'sadness': 0.02107846364378929, 'joy': 0.0059707569889724255, 'none of them': 0.02300039678812027}",0.9243717789649963,0.0,0,0.0013710890198126435,0.0,0,0.05256025865674019,0.0,0,0.02107846364378929,0.0,0,0.0059707569889724255,0.0,0,0.02300039678812027,0.0,0,anger,Sonstige Themen,Deutschland,2021-06-29_Xlh1RJcjwD8_Corona_ Verpasste Chancen der Bildungspolitik _ Markus Lanz.csv,2025-05-30T08:49:03.543484
" text:  @holgerschmidt2023  Die \eingeladenen Nasen\ können mit ihrem \wertlosen Geschwafel\ zumindest auf Missstände aufmerksam machen.\n\nSolche Superdurchblicker wie du haben am Ende ihres Lebens null und nada bewirkt außer ihr Ego bestätigt, indem sie auf andere Menschen runterblicken.",268,text holgerschmidt eingeladenen nasen wertlosen geschwafel zumindest missstände aufmerksam machennnsolche superdurchblicker ende lebens null nada bewirkt außer ego bestätigt menschen runterblicken,neutral,0.9883334040641785,290,-1,"{'anger': 0.9437440037727356, 'fear': 0.003606132697314024, 'disgust': 0.030149174854159355, 'sadness': 0.019504204392433167, 'joy': 0.004652888048440218, 'none of them': 0.017237767577171326, 'joy_linguistic': 1.0, 'joy_sentence_count': 1}",0.9437440037727356,0.0,0,0.003606132697314024,0.0,0,0.030149174854159355,0.0,0,0.019504204392433167,0.0,0,0.004652888048440218,1.0,1,0.017237767577171326,0.0,0,anger,Sonstige Themen,Deutschland,2021-06-29_Xlh1RJcjwD8_Corona_ Verpasste Chancen der Bildungspolitik _ Markus Lanz.csv,2025-05-30T08:49:03.543484
" text:  @holgerschmidt2023 Sagt Luftpumpe Holger Schmidt, 42, Stammtischprolet.",269,text holgerschmidt sagt luftpumpe holger schmidt stammtischprolet,neutral,0.9992018342018127,79,-1,"{'anger': 0.11043646186590195, 'fear': 0.00014625099720433354, 'disgust': 0.0025363510940223932, 'sadness': 0.01571866311132908, 'joy': 0.03304123505949974, 'none of them': 0.8151937127113342}",0.11043646186590195,0.0,0,0.00014625099720433354,0.0,0,0.0025363510940223932,0.0,0,0.01571866311132908,0.0,0,0.03304123505949974,0.0,0,0.8151937127113342,0.0,0,none of them,Sonstige Themen,Deutschland,2021-06-29_Xlh1RJcjwD8_Corona_ Verpasste Chancen der Bildungspolitik _ Markus Lanz.csv,2025-05-30T08:49:03.543484
 text: Is klar lmao. Und welches Hirnareal soll da \evolutionsbedingt\ verkümmert sein?,270,text klar lmao hirnareal evolutionsbedingt verkümmert,negative,0.6779439449310303,87,-1,"{'anger': 0.9057015776634216, 'fear': 0.0006258257781155407, 'disgust': 0.0347481295466423, 'sadness': 0.03978588804602623, 'joy': 0.006028180010616779, 'none of them': 0.03168343007564545, 'none of them_linguistic': 1.0, 'none of them_sentence_count': 1}",0.9057015776634216,0.0,0,0.0006258257781155407,0.0,0,0.0347481295466423,0.0,0,0.03978588804602623,0.0,0,0.006028180010616779,0.0,0,0.03168343007564545,1.0,1,anger,Sonstige Themen,Deutschland,2021-06-29_Xlh1RJcjwD8_Corona_ Verpasste Chancen der Bildungspolitik _ Markus Lanz.csv,2025-05-30T08:49:03.543484
" text: Kannst du mir kurz eeklären, wo da genau die evolutionsbedingten Unterschiede liegen?",271,text kannst kurz eeklären genau evolutionsbedingten unterschiede liegen,neutral,0.9644533395767212,92,0,"{'anger': 0.4348160922527313, 'fear': 0.00038976100040599704, 'disgust': 0.0024449911434203386, 'sadness': 0.018313780426979065, 'joy': 0.004164539277553558, 'none of them': 0.5596733689308167, 'none of them_linguistic': 1.0, 'none of them_sentence_count': 1}",0.4348160922527313,0.0,0,0.00038976100040599704,0.0,0,0.0024449911434203386,0.0,0,0.018313780426979065,0.0,0,0.004164539277553558,0.0,0,0.5596733689308167,1.0,1,none of them,Schule & Kinder,Deutschland,2021-06-29_Xlh1RJcjwD8_Corona_ Verpasste Chancen der Bildungspolitik _ Markus Lanz.csv,2025-05-30T08:49:03.543484
 text: \Wenn der Laie sich für einen Fachmann hält.\,272,text laie fachmann hält,neutral,0.9974549412727356,52,-1,"{'anger': 0.34152281284332275, 'fear': 6.562683847732842e-05, 'disgust': 0.003078437177464366, 'sadness': 0.017776859924197197, 'joy': 0.05459199100732803, 'none of them': 0.5589151978492737}",0.34152281284332275,0.0,0,6.562683847732842e-05,0.0,0,0.003078437177464366,0.0,0,0.017776859924197197,0.0,0,0.05459199100732803,0.0,0,0.5589151978492737,0.0,0,none of them,Sonstige Themen,Deutschland,2021-06-29_Xlh1RJcjwD8_Corona_ Verpasste Chancen der Bildungspolitik _ Markus Lanz.csv,2025-05-30T08:49:03.543484
 text: Meine worte,273,text worte,neutral,0.9872109889984131,18,-1,"{'anger': 0.04792606458067894, 'fear': 0.00018802282284013927, 'disgust': 0.003229978261515498, 'sadness': 0.019107192754745483, 'joy': 0.037095390260219574, 'none of them': 0.8958433270454407}",0.04792606458067894,0.0,0,0.00018802282284013927,0.0,0,0.003229978261515498,0.0,0,0.019107192754745483,0.0,0,0.037095390260219574,0.0,0,0.8958433270454407,0.0,0,none of them,Sonstige Themen,Deutschland,2021-06-29_Xlh1RJcjwD8_Corona_ Verpasste Chancen der Bildungspolitik _ Markus Lanz.csv,2025-05-30T08:49:03.543484
 text: Nein,274,text nein,neutral,0.9652354121208191,11,-1,,0.0,0.0,0,0.0,0.0,0,0.0,0.0,0,0.0,0.0,0,0.0,0.0,0,0.0,0.0,0,anger,Sonstige Themen,Deutschland,2021-06-29_Xlh1RJcjwD8_Corona_ Verpasste Chancen der Bildungspolitik _ Markus Lanz.csv,2025-05-30T08:49:03.543484
" text: „Es scheint, dass offensichtlich die Mädchen bessere Chancen bekommen haben und dann ihre Potential besser entfalten können und - siehe da - dann machen sie mehr draus.“ ist schon recht eindeutig.",275,text scheint offensichtlich mädchen bessere chancen bekommen potential besser entfalten siehe mehr draus schon recht eindeutig,neutral,0.9690616130828857,203,-1,"{'anger': 0.6486769318580627, 'fear': 6.939413287909701e-05, 'disgust': 0.0028621351812034845, 'sadness': 0.05126096308231354, 'joy': 0.054708726704120636, 'none of them': 0.2649039328098297, 'none of them_linguistic': 1.0, 'none of them_sentence_count': 1}",0.6486769318580627,0.0,0,6.939413287909701e-05,0.0,0,0.0028621351812034845,0.0,0,0.05126096308231354,0.0,0,0.054708726704120636,0.0,0,0.2649039328098297,1.0,1,none of them,Sonstige Themen,Deutschland,2021-06-29_Xlh1RJcjwD8_Corona_ Verpasste Chancen der Bildungspolitik _ Markus Lanz.csv,2025-05-30T08:49:03.543484
 text: Jup hat er.,276,text jup,neutral,0.9994356036186218,18,-1,,0.0,0.0,0,0.0,0.0,0,0.0,0.0,0,0.0,0.0,0,0.0,0.0,0,0.0,0.0,0,anger,Sonstige Themen,Deutschland,2021-06-29_Xlh1RJcjwD8_Corona_ Verpasste Chancen der Bildungspolitik _ Markus Lanz.csv,2025-05-30T08:49:03.543484
" text: Unsere Kinder brauchen kein endloses Büffel, sie brauchen Luft Sonne, ein liebevolles Elternhaus.  Wir brauchen fleißige gute Handwerker die auch gutes Geld verdienen sollen. Was studieren bringt sehen wir ja in der Politik  das macht dumm",277,text kinder brauchen endloses büffel brauchen luft sonne liebevolles elternhaus brauchen fleißige gute handwerker gutes geld verdienen sollen studieren bringt sehen politik macht dumm,neutral,0.9522600173950195,246,0,"{'anger': 0.923232913017273, 'fear': 0.0007845074287615716, 'disgust': 0.011008933186531067, 'sadness': 0.01834678463637829, 'joy': 0.007423128932714462, 'none of them': 0.046915244311094284, 'joy_linguistic': 0.6666666666666666, 'joy_sentence_count': 1, 'anger_linguistic': 0.3333333333333333, 'anger_sentence_count': 1}",0.923232913017273,0.3333333333333333,1,0.0007845074287615716,0.0,0,0.011008933186531067,0.0,0,0.01834678463637829,0.0,0,0.007423128932714462,0.6666666666666666,1,0.046915244311094284,0.0,0,anger,Schule & Kinder,Deutschland,2021-06-29_Xlh1RJcjwD8_Corona_ Verpasste Chancen der Bildungspolitik _ Markus Lanz.csv,2025-05-30T08:49:03.543484
" text:  @ingridblankenstein6073  man stelle sich vor, es soll sogar junge Menschen geben, die sowohl Ausbildung als auch Studium abschließen. Gibt es in ihrer verschrobenen Welt aber sicher nicht. Einfach Mal über den eigenen begrenzten Horizont hinausblicken und sehen und staunen dass es viele verschiedene Bildungswege gibt.",278,text ingridblankenstein stelle sogar junge menschen geben sowohl ausbildung studium abschließen gibt verschrobenen welt sicher einfach mal eigenen begrenzten horizont hinausblicken sehen staunen viele verschiedene bildungswege gibt,neutral,0.9733074307441711,327,-1,"{'anger': 0.8547295331954956, 'fear': 0.00020784106163773686, 'disgust': 0.010794511996209621, 'sadness': 0.05478975176811218, 'joy': 0.011233740486204624, 'none of them': 0.058828044682741165}",0.8547295331954956,0.0,0,0.00020784106163773686,0.0,0,0.010794511996209621,0.0,0,0.05478975176811218,0.0,0,0.011233740486204624,0.0,0,0.058828044682741165,0.0,0,anger,Sonstige Themen,Deutschland,2021-06-29_Xlh1RJcjwD8_Corona_ Verpasste Chancen der Bildungspolitik _ Markus Lanz.csv,2025-05-30T08:49:03.543484
 text: @Vorname Nachname sicher nur ein Symptom aber ein sehr aussagekräftiges im Angesicht von Automation und selbstfahrenden Autos...\nUnd keine sorge ich denke größer so groß daß die meisten Menschen es nicht wahrhaben wollen was so bei dem denken raus kommt...,279,text vorname nachname sicher symptom aussagekräftiges angesicht automation selbstfahrenden autosnund sorge denke größer groß meisten menschen wahrhaben denken raus kommt,negative,0.9542912244796753,264,4,"{'anger': 0.4283532202243805, 'fear': 0.00022847269428893924, 'disgust': 0.0017020797822624445, 'sadness': 0.02251000888645649, 'joy': 0.00834735855460167, 'none of them': 0.5656130909919739, 'fear_linguistic': 1.0, 'fear_sentence_count': 1}",0.4283532202243805,0.0,0,0.00022847269428893924,1.0,1,0.0017020797822624445,0.0,0,0.02251000888645649,0.0,0,0.00834735855460167,0.0,0,0.5656130909919739,0.0,0,fear,Falsch & Text,Deutschland,2021-06-29_Xlh1RJcjwD8_Corona_ Verpasste Chancen der Bildungspolitik _ Markus Lanz.csv,2025-05-30T08:49:03.543484
 text: @Vorname Nachname wenn du wüsstest was ich weiß wärst du auch überzeugt von dir...\n\nMeine Lösung das ganze muss sich Rechnen...\nAlso man baut Meerwasser entsalzungsanlagen Bring Wasser in die Wüste und erschließt die Bodenschätze und Schaft einen Raum indem sich die Menschen entfalten können damit der kultivierte Anteil der Bevölkerung wächst und gedeihen kann...\nDie Länder wie Deutschland und USA schließen Verträge zur Abnahme der Bodenschätze bzw helfen den Afghanen diese zu veredeln\n\nMan hält allen die Hand hin die Frieden wollen jene die unterdrücken und zwang ausüben werden gnadenlos gejagt,280,text vorname nachname wüsstest weiß wärst überzeugt dirnnmeine lösung ganze rechnennalso baut meerwasser entsalzungsanlagen bring wasser wüste erschließt bodenschätze schaft raum menschen entfalten kultivierte anteil bevölkerung wächst gedeihen kannndie länder deutschland usa schließen verträge abnahme bodenschätze bzw helfen afghanen veredelnnnman hält hand frieden unterdrücken zwang ausüben gnadenlos gejagt,negative,0.9332907497882843,615,-1,"{'anger': 0.8966307044029236, 'fear': 0.0004132932226639241, 'disgust': 0.012652404606342316, 'sadness': 0.025414885953068733, 'joy': 0.007793637923896313, 'none of them': 0.054555606096982956}",0.8966307044029236,0.0,0,0.0004132932226639241,0.0,0,0.012652404606342316,0.0,0,0.025414885953068733,0.0,0,0.007793637923896313,0.0,0,0.054555606096982956,0.0,0,anger,Sonstige Themen,Deutschland,2021-06-29_Xlh1RJcjwD8_Corona_ Verpasste Chancen der Bildungspolitik _ Markus Lanz.csv,2025-05-30T08:49:03.543484
 text: @Vorname Nachname sind sie nicht 3 Trillionen liegen da im Boden ich denke damit lässt sich was hinbekommen besonders wenn man die gesamte Wertschöpfungskette kultiviert und alle Beteiligten können daran Partizipieren Deutschland bekommt was für sein Investment und Afghanistan eine solide Grundlage ohne zwang und Folter...,281,text vorname nachname trillionen liegen boden denke lässt hinbekommen besonders gesamte wertschöpfungskette kultiviert beteiligten daran partizipieren deutschland bekommt investment afghanistan solide grundlage zwang folter,negative,0.9761232733726501,331,14,"{'anger': 0.9223283529281616, 'fear': 0.0010230886982753873, 'disgust': 0.017772113904356956, 'sadness': 0.016839442774653435, 'joy': 0.0067121172323822975, 'none of them': 0.031121479347348213}",0.9223283529281616,0.0,0,0.0010230886982753873,0.0,0,0.017772113904356956,0.0,0,0.016839442774653435,0.0,0,0.0067121172323822975,0.0,0,0.031121479347348213,0.0,0,anger,Schüler & Studenten,Deutschland,2021-06-29_Xlh1RJcjwD8_Corona_ Verpasste Chancen der Bildungspolitik _ Markus Lanz.csv,2025-05-30T08:49:03.543484
 text: @Vorname Nachname hier was die Bodenschätze betrifft...\nhttps://m.youtube.com/watch?v=j9pOQioOEGg,282,text vorname nachname bodenschätze betrifftn,negative,0.9520352482795715,105,14,"{'anger': 0.24647977948188782, 'fear': 0.00016533638699911535, 'disgust': 0.002842521760612726, 'sadness': 0.01371077261865139, 'joy': 0.012113388627767563, 'none of them': 0.7371899485588074}",0.24647977948188782,0.0,0,0.00016533638699911535,0.0,0,0.002842521760612726,0.0,0,0.01371077261865139,0.0,0,0.012113388627767563,0.0,0,0.7371899485588074,0.0,0,none of them,Schüler & Studenten,Deutschland,2021-06-29_Xlh1RJcjwD8_Corona_ Verpasste Chancen der Bildungspolitik _ Markus Lanz.csv,2025-05-30T08:49:03.543484
 text: @Vorname Nachname sorry im falschen Bereich geschrieben...\nMeine Lösung für die Schule...\nFokus den Kindern lernen beibringen und die Kompetenz eigene Projekte zu gestalten und voranzutreiben und sie hierdurch zu ermutigen was alles möglich ist wenn man Initiative mitbringt und praktiziert der Rest ergibt sich von alleine bzw dann ganz einfach aber erstmal braucht man ein solides Fundament eins das Freiheit und geistige Souveränität fördert...\nBzw das wichtigste ist das Kinder lernen ihren eigenen Willen zu nutzen und in Eigenregie Dinge voranzutreiben den das müssen sie in letzter Konsequenz mit ihrem Leben machen je kompetenter sie darin sind desto besser für ein Land und dessen Wohlstand,283,text vorname nachname sorry falschen bereich geschriebennmeine lösung schulenfokus kindern lernen beibringen kompetenz eigene projekte gestalten voranzutreiben hierdurch ermutigen möglich initiative mitbringt praktiziert rest ergibt alleine bzw ganz einfach erstmal braucht solides fundament eins freiheit geistige souveränität fördertnbzw wichtigste kinder lernen eigenen willen nutzen eigenregie dinge voranzutreiben müssen letzter konsequenz leben kompetenter darin desto besser land wohlstand,negative,0.963490754365921,709,1,"{'anger': 0.09147340059280396, 'fear': 0.0004934723256155849, 'disgust': 0.0016424747882410884, 'sadness': 0.007752301171422005, 'joy': 0.015503006987273693, 'none of them': 0.872435450553894, 'sadness_linguistic': 1.0, 'sadness_sentence_count': 1}",0.09147340059280396,0.0,0,0.0004934723256155849,0.0,0,0.0016424747882410884,0.0,0,0.007752301171422005,1.0,1,0.015503006987273693,0.0,0,0.872435450553894,0.0,0,none of them,Reden & Text,Deutschland,2021-06-29_Xlh1RJcjwD8_Corona_ Verpasste Chancen der Bildungspolitik _ Markus Lanz.csv,2025-05-30T08:49:03.543484
 text: @Vorname Nachname aber das würde dem Interesse des Staates Zuwiderlaufen unabhängig denkende Menschen die bullshit durchschauen sind gefährlich ganz besonders für ein Land das so strukturiert ist wie Deutschland,284,text vorname nachname interesse staates zuwiderlaufen unabhängig denkende menschen bullshit durchschauen gefährlich ganz besonders land strukturiert deutschland,neutral,0.9925803542137146,218,5,"{'anger': 0.9253113269805908, 'fear': 0.004342695698142052, 'disgust': 0.05097607895731926, 'sadness': 0.017724797129631042, 'joy': 0.00396417872980237, 'none of them': 0.014695664867758751, 'fear_linguistic': 1.2, 'fear_sentence_count': 1}",0.9253113269805908,0.0,0,0.004342695698142052,1.2,1,0.05097607895731926,0.0,0,0.017724797129631042,0.0,0,0.00396417872980237,0.0,0,0.014695664867758751,0.0,0,anger,Maske & Masken,Deutschland,2021-06-29_Xlh1RJcjwD8_Corona_ Verpasste Chancen der Bildungspolitik _ Markus Lanz.csv,2025-05-30T08:49:03.543484
 text: Ein Duden wäre schon von Vorteil 🤔,285,text duden wäre schon vorteil,neutral,0.8426952362060547,41,5,"{'anger': 0.5845521092414856, 'fear': 0.00025210523745045066, 'disgust': 0.0026738732121884823, 'sadness': 0.010270700789988041, 'joy': 0.012107803486287594, 'none of them': 0.4240093529224396}",0.5845521092414856,0.0,0,0.00025210523745045066,0.0,0,0.0026738732121884823,0.0,0,0.010270700789988041,0.0,0,0.012107803486287594,0.0,0,0.4240093529224396,0.0,0,anger,Maske & Masken,Deutschland,2021-06-29_Xlh1RJcjwD8_Corona_ Verpasste Chancen der Bildungspolitik _ Markus Lanz.csv,2025-05-30T08:49:03.543484
 text: Wäre es ja auch. Die Krise hat es beschleunigt und deutlicher gemacht.,286,text wäre krise beschleunigt deutlicher gemacht,neutral,0.9748236536979675,77,5,"{'anger': 0.7302269339561462, 'fear': 0.0002864946727640927, 'disgust': 0.0022704245056957006, 'sadness': 0.09129820019006729, 'joy': 0.00710145290941, 'none of them': 0.1986098438501358}",0.7302269339561462,0.0,0,0.0002864946727640927,0.0,0,0.0022704245056957006,0.0,0,0.09129820019006729,0.0,0,0.00710145290941,0.0,0,0.1986098438501358,0.0,0,anger,Maske & Masken,Deutschland,2021-06-29_Xlh1RJcjwD8_Corona_ Verpasste Chancen der Bildungspolitik _ Markus Lanz.csv,2025-05-30T08:49:03.543484
" text: Sag das mal uns Studenten oder den Auszubildenden, die komplett vergessen wurden in der Pandemie. Über Schüler und Onlineunterricht wurde reichlich geredet, über Studenten und Öffnungsperspektiven in der Uni nicht. Gerade wenn man Examina abzulegen hat, ist es extrem wichtig, dass die Uni regulär stattfindet, die Bibliotheken offen sind und so weiter.",287,text sag mal studenten auszubildenden komplett vergessen wurden pandemie schüler onlineunterricht wurde reichlich geredet studenten öffnungsperspektiven uni gerade examina abzulegen extrem wichtig uni regulär stattfindet bibliotheken offen,neutral,0.9681228995323181,360,-1,"{'anger': 0.9435423016548157, 'fear': 0.0018755042692646384, 'disgust': 0.014290938153862953, 'sadness': 0.019976485520601273, 'joy': 0.005389194469898939, 'none of them': 0.032845571637153625}",0.9435423016548157,0.0,0,0.0018755042692646384,0.0,0,0.014290938153862953,0.0,0,0.019976485520601273,0.0,0,0.005389194469898939,0.0,0,0.032845571637153625,0.0,0,anger,Sonstige Themen,Deutschland,2021-06-29_Xlh1RJcjwD8_Corona_ Verpasste Chancen der Bildungspolitik _ Markus Lanz.csv,2025-05-30T08:49:03.543484
" text: @UC2ngw98WsvAt5aqeJda3Cew falls das an mich gerichtet war: Ich gebe Nachhilfe und versuche meinerseits Schüler und Schülerinnen so gut wie möglich zu unterstützen. Selbsthilfe betreibe ich auch, es gehört ja zum Studentendasein dazu, dass man sich selbst Dinge erarbeitet. Aber einige Präsenzveranstaltungen wären schon mal wieder schön, Tausende dürfen in Fußballstadien, aber nicht einige wenige Studierende in die Hörsäle.",288,text ucngwwsvataqejdacew falls gerichtet gebe nachhilfe versuche meinerseits schüler schülerinnen gut möglich unterstützen selbsthilfe betreibe gehört studentendasein dinge erarbeitet präsenzveranstaltungen wären schon mal schön tausende dürfen fußballstadien wenige studierende hörsäle,positive,0.5369077920913696,432,-1,"{'anger': 0.7927491068840027, 'fear': 0.00014643296890426427, 'disgust': 0.0034953972790390253, 'sadness': 0.04234101623296738, 'joy': 0.01786881871521473, 'none of them': 0.16148462891578674, 'joy_linguistic': 1.0, 'joy_sentence_count': 1}",0.7927491068840027,0.0,0,0.00014643296890426427,0.0,0,0.0034953972790390253,0.0,0,0.04234101623296738,0.0,0,0.01786881871521473,1.0,1,0.16148462891578674,0.0,0,anger,Sonstige Themen,Deutschland,2021-06-29_Xlh1RJcjwD8_Corona_ Verpasste Chancen der Bildungspolitik _ Markus Lanz.csv,2025-05-30T08:49:03.543484
" text:  @leonardmartin6048  Dem stimme ich zu, wie kann es sein, dass Tausende in Stadien gestattet sind und es andersum für viele extreme Einschränkungen gibt.",289,text leonardmartin stimme tausende stadien gestattet andersum viele extreme einschränkungen gibt,neutral,0.9796866178512573,160,-1,"{'anger': 0.5805930495262146, 'fear': 0.00012842890282627195, 'disgust': 0.0029082170221954584, 'sadness': 0.02925807610154152, 'joy': 0.011478358879685402, 'none of them': 0.3472498059272766}",0.5805930495262146,0.0,0,0.00012842890282627195,0.0,0,0.0029082170221954584,0.0,0,0.02925807610154152,0.0,0,0.011478358879685402,0.0,0,0.3472498059272766,0.0,0,anger,Sonstige Themen,Deutschland,2021-06-29_Xlh1RJcjwD8_Corona_ Verpasste Chancen der Bildungspolitik _ Markus Lanz.csv,2025-05-30T08:49:03.543484
" text: Hallo Jan, Unterricht mit voller Klassenstärke, bei dem die Schülerinnen und Schüler Masken tragen oder doch ein Wechselmodell, bei dem ein Teil der Jugendlichen im Klassenzimmer, der andere Teil von zuhause aus unterrichtet wird - was hältst du für sinnvoll und praktikabel?",290,text hallo jan unterricht voller klassenstärke schülerinnen schüler masken tragen wechselmodell teil jugendlichen klassenzimmer teil zuhause unterrichtet hältst sinnvoll praktikabel,neutral,0.9917296767234802,282,5,"{'anger': 0.03905206918716431, 'fear': 0.0002234615240013227, 'disgust': 0.0013552344171330333, 'sadness': 0.005118722096085548, 'joy': 0.6877042055130005, 'none of them': 0.21354375779628754, 'joy_linguistic': 1.0, 'joy_sentence_count': 1}",0.03905206918716431,0.0,0,0.0002234615240013227,0.0,0,0.0013552344171330333,0.0,0,0.005118722096085548,0.0,0,0.6877042055130005,1.0,1,0.21354375779628754,0.0,0,joy,Maske & Masken,Deutschland,2021-06-29_Xlh1RJcjwD8_Corona_ Verpasste Chancen der Bildungspolitik _ Markus Lanz.csv,2025-05-30T08:49:03.543484
" text:  @ZDFheute  Hallo, wahrscheinlich wurde das in der Sendung thematisiert, aber wegen des Empfangs kann ich es mir nicht angucken. Wenn, dann bin ich persönlich selbstverständlich für das Wechselmodell. Das würde eben bedeuten, dass die Hälfte der Schüler in der Schule ohne Maske ist? Wie gesagt, ich konnte es mir nicht angucken. Meinen Sohn hatte ich bereits fast 7 Monate zu Hause aufgrund der Maskenpflicht, der wir nicht zustimmten. Dass diese nun weiterhin bis frühestens Februar 22 für Schüler gilt, bereitet mir Bauchschmerzen! Denn das bedeutet, dass mein Sohn, solange diese Pflicht gilt, nicht in die Schule gehen wird.",291,text zdfheute hallo wahrscheinlich wurde sendung thematisiert wegen empfangs angucken persönlich selbstverständlich wechselmodell eben bedeuten hälfte schüler schule maske gesagt konnte angucken sohn bereits fast monate hause aufgrund maskenpflicht zustimmten weiterhin frühestens februar schüler gilt bereitet bauchschmerzen bedeutet sohn solange pflicht gilt schule gehen,negative,0.9473684132099152,636,4,"{'anger': 0.9006981253623962, 'fear': 0.0005546017200686038, 'disgust': 0.030556846410036087, 'sadness': 0.031470879912376404, 'joy': 0.0048709409311413765, 'none of them': 0.03491845354437828}",0.9006981253623962,0.0,0,0.0005546017200686038,0.0,0,0.030556846410036087,0.0,0,0.031470879912376404,0.0,0,0.0048709409311413765,0.0,0,0.03491845354437828,0.0,0,anger,Falsch & Text,Deutschland,2021-06-29_Xlh1RJcjwD8_Corona_ Verpasste Chancen der Bildungspolitik _ Markus Lanz.csv,2025-05-30T08:49:03.543484
 text:  @janb2312  Fussball hat da leider eine große Lobby. Mir dreht es den Magen um wenn ich die vollen Stadien mit Fans ohne Maske und Abstand sehe und dazu die Infektionszahlen in England trotz fortgeschrittener Impfkampagne und Delta-Variante.,292,text janb fussball leider große lobby dreht magen vollen stadien fans maske abstand sehe infektionszahlen england trotz fortgeschrittener impfkampagne deltavariante,negative,0.9848259687423706,248,5,"{'anger': 0.9134455323219299, 'fear': 0.0007779058651067317, 'disgust': 0.017094168812036514, 'sadness': 0.0268096923828125, 'joy': 0.004783119540661573, 'none of them': 0.03499015420675278, 'sadness_linguistic': 0.5, 'sadness_sentence_count': 1, 'anger_linguistic': 0.5, 'anger_sentence_count': 1}",0.9134455323219299,0.5,1,0.0007779058651067317,0.0,0,0.017094168812036514,0.0,0,0.0268096923828125,0.5,1,0.004783119540661573,0.0,0,0.03499015420675278,0.0,0,anger,Maske & Masken,Deutschland,2021-06-29_Xlh1RJcjwD8_Corona_ Verpasste Chancen der Bildungspolitik _ Markus Lanz.csv,2025-05-30T08:49:03.543484
" text:  @Fragxecutioner  Eben, und diese Widersprüchlichkeit sollte doch jedem bewusst sein.",293,text fragxecutioner eben widersprüchlichkeit bewusst,neutral,0.9997840523719788,92,5,"{'anger': 0.9120221138000488, 'fear': 0.0005857660435140133, 'disgust': 0.02265205979347229, 'sadness': 0.01608562096953392, 'joy': 0.006149345077574253, 'none of them': 0.05200400948524475}",0.9120221138000488,0.0,0,0.0005857660435140133,0.0,0,0.02265205979347229,0.0,0,0.01608562096953392,0.0,0,0.006149345077574253,0.0,0,0.05200400948524475,0.0,0,anger,Maske & Masken,Deutschland,2021-06-29_Xlh1RJcjwD8_Corona_ Verpasste Chancen der Bildungspolitik _ Markus Lanz.csv,2025-05-30T08:49:03.543484
 text:  @janb2312  Das solltest Du die UEFA fragen,294,text janb solltest uefa fragen,neutral,0.9928966164588928,50,3,"{'anger': 0.14610975980758667, 'fear': 0.0003568532411009073, 'disgust': 0.0025553202722221613, 'sadness': 0.007653888780623674, 'joy': 0.010060866363346577, 'none of them': 0.8259440064430237}",0.14610975980758667,0.0,0,0.0003568532411009073,0.0,0,0.0025553202722221613,0.0,0,0.007653888780623674,0.0,0,0.010060866363346577,0.0,0,0.8259440064430237,0.0,0,none of them,Text & Pur,Deutschland,2021-06-29_Xlh1RJcjwD8_Corona_ Verpasste Chancen der Bildungspolitik _ Markus Lanz.csv,2025-05-30T08:49:03.543484
 text:  @LessDramaMoreTechno Was sollte ich die UEFA fragen?,295,text lessdramamoretechno uefa fragen,neutral,0.9748961329460144,60,14,"{'anger': 0.2613527774810791, 'fear': 0.00010363222099840641, 'disgust': 0.0035618979018181562, 'sadness': 0.03863395005464554, 'joy': 0.01266254112124443, 'none of them': 0.7068172693252563}",0.2613527774810791,0.0,0,0.00010363222099840641,0.0,0,0.0035618979018181562,0.0,0,0.03863395005464554,0.0,0,0.01266254112124443,0.0,0,0.7068172693252563,0.0,0,none of them,Schüler & Studenten,Deutschland,2021-06-29_Xlh1RJcjwD8_Corona_ Verpasste Chancen der Bildungspolitik _ Markus Lanz.csv,2025-05-30T08:49:03.543484
 text:  @janb2312  und warum soll das Kind wegen Maskenpflicht nicht in die Schule?,296,text janb warum kind wegen maskenpflicht schule,negative,0.9428080320358276,83,13,"{'anger': 0.7562500238418579, 'fear': 0.00021957705030217767, 'disgust': 0.019213387742638588, 'sadness': 0.030893808230757713, 'joy': 0.0075445096008479595, 'none of them': 0.17308750748634338}",0.7562500238418579,0.0,0,0.00021957705030217767,0.0,0,0.019213387742638588,0.0,0,0.030893808230757713,0.0,0,0.0075445096008479595,0.0,0,0.17308750748634338,0.0,0,anger,Bildungspolitik & Jahren,Deutschland,2021-06-29_Xlh1RJcjwD8_Corona_ Verpasste Chancen der Bildungspolitik _ Markus Lanz.csv,2025-05-30T08:49:03.543484
 text:  @HaPa4595  Diese Frage kann ich leider nicht ernstnehmen und somit darauf nicht antworten.,297,text hapa frage leider ernstnehmen somit darauf antworten,negative,0.9651261568069458,98,8,"{'anger': 0.4737827181816101, 'fear': 0.0001351645914837718, 'disgust': 0.0024188521783798933, 'sadness': 0.03655170276761055, 'joy': 0.0095985671505332, 'none of them': 0.4708559811115265, 'sadness_linguistic': 1.0, 'sadness_sentence_count': 1}",0.4737827181816101,0.0,0,0.0001351645914837718,0.0,0,0.0024188521783798933,0.0,0,0.03655170276761055,1.0,1,0.0095985671505332,0.0,0,0.4708559811115265,0.0,0,sadness,Deutschland & Leuten,Deutschland,2021-06-29_Xlh1RJcjwD8_Corona_ Verpasste Chancen der Bildungspolitik _ Markus Lanz.csv,2025-05-30T08:49:03.543484
 text:  @janb2312   Wo wohnen Sie denn? Bei uns gibt es keine Maskenpflicht mehr in den Schulen und das bei voller Klassenstärke.,298,text janb wohnen gibt maskenpflicht mehr schulen voller klassenstärke,neutral,0.9715951681137085,129,8,"{'anger': 0.5246503353118896, 'fear': 0.00010934747115243226, 'disgust': 0.002649713074788451, 'sadness': 0.025933116674423218, 'joy': 0.014932005666196346, 'none of them': 0.445382297039032, 'joy_linguistic': 1.0, 'joy_sentence_count': 1}",0.5246503353118896,0.0,0,0.00010934747115243226,0.0,0,0.002649713074788451,0.0,0,0.025933116674423218,0.0,0,0.014932005666196346,1.0,1,0.445382297039032,0.0,0,joy,Deutschland & Leuten,Deutschland,2021-06-29_Xlh1RJcjwD8_Corona_ Verpasste Chancen der Bildungspolitik _ Markus Lanz.csv,2025-05-30T08:49:03.543484
" text:  @nevaehb.4371  In Mecklenburg-Vorpommern. Diese Maskenpflicht wurde erst anderthalb Wochen vor den Ferien aufgehoben, sprich draussen und in den Klassenräumen, in den Gängen weiterhin. Es gab zum Schulende gleich die Info mit, dass nach den Ferien für mindestens zwei Wochen die Maskenpflicht gültig ist.",299,text nevaehb mecklenburgvorpommern maskenpflicht wurde erst anderthalb wochen ferien aufgehoben sprich draussen klassenräumen gängen weiterhin gab schulende gleich info ferien mindestens zwei wochen maskenpflicht gültig,neutral,0.9956543445587158,312,1,"{'anger': 0.4386543929576874, 'fear': 7.701240247115493e-05, 'disgust': 0.0024637288879603148, 'sadness': 0.025411786511540413, 'joy': 0.04608214274048805, 'none of them': 0.5043274164199829, 'joy_linguistic': 1.0, 'joy_sentence_count': 1}",0.4386543929576874,0.0,0,7.701240247115493e-05,0.0,0,0.0024637288879603148,0.0,0,0.025411786511540413,0.0,0,0.04608214274048805,1.0,1,0.5043274164199829,0.0,0,joy,Reden & Text,Deutschland,2021-06-29_Xlh1RJcjwD8_Corona_ Verpasste Chancen der Bildungspolitik _ Markus Lanz.csv,2025-05-30T08:49:03.543484
 text:  @nevaehb.4371  Und Sie?,300,text nevaehb,neutral,0.9607042074203491,31,1,"{'anger': 0.4702353775501251, 'fear': 6.767660670448095e-05, 'disgust': 0.004697696305811405, 'sadness': 0.04418271780014038, 'joy': 0.022420288994908333, 'none of them': 0.4883905053138733}",0.4702353775501251,0.0,0,6.767660670448095e-05,0.0,0,0.004697696305811405,0.0,0,0.04418271780014038,0.0,0,0.022420288994908333,0.0,0,0.4883905053138733,0.0,0,none of them,Reden & Text,Deutschland,2021-06-29_Xlh1RJcjwD8_Corona_ Verpasste Chancen der Bildungspolitik _ Markus Lanz.csv,2025-05-30T08:49:03.543484
" text:  @leonardmartin6048  und die Initiative zu gemeinsam.Brücken.bauen, dass man die Lehrer und  Schüler als Student unterstützen soll, ist auch recht frech. \n\nNicht, dass ich nicht helfen will, jedoch ist das unausgeglichen. Wo war/ist die Hilfe für Studierende?\n\nNicht vergessen: Studierende sind wahlberechtigt, liebe CDU/CSU, FW.",301,text leonardmartin initiative gemeinsambrückenbauen lehrer schüler student unterstützen recht frech nnnicht helfen jedoch unausgeglichen warist hilfe studierendennnicht vergessen studierende wahlberechtigt liebe cducsu,negative,0.948736310005188,340,-1,"{'anger': 0.7925584316253662, 'fear': 0.0001559181255288422, 'disgust': 0.004519281908869743, 'sadness': 0.032487791031599045, 'joy': 0.013522762805223465, 'none of them': 0.16448144614696503, 'joy_linguistic': 0.16666666666666666, 'joy_sentence_count': 1, 'sadness_linguistic': 0.16666666666666666, 'sadness_sentence_count': 1, 'disgust_linguistic': 0.16666666666666666, 'disgust_sentence_count': 1, 'anger_linguistic': 0.3333333333333333, 'anger_sentence_count': 1, 'none of them_linguistic': 0.16666666666666666, 'none of them_sentence_count': 1}",0.7925584316253662,0.3333333333333333,1,0.0001559181255288422,0.0,0,0.004519281908869743,0.16666666666666666,1,0.032487791031599045,0.16666666666666666,1,0.013522762805223465,0.16666666666666666,1,0.16448144614696503,0.16666666666666666,1,anger,Sonstige Themen,Deutschland,2021-06-29_Xlh1RJcjwD8_Corona_ Verpasste Chancen der Bildungspolitik _ Markus Lanz.csv,2025-05-30T08:49:03.543484
" text: finde es eigentlich mal sehr begrüßend eben gerade keinen Politiker*in in der Runde zu haben. So bleibt der Fokus fachlich und empirisch. Es steht ja außer Frage, dass die Regierung in den letzten Jahren Kompetenzlosigkeit hinsichtlich des deutschen Bildungssystems bewiesen hat. Da braucht es keine Akteur*innen aus der Politik um sich wiederholt rausreden zu können.",302,text finde eigentlich mal begrüßend eben gerade politikerin runde bleibt fokus fachlich empirisch steht außer frage regierung letzten jahren kompetenzlosigkeit hinsichtlich deutschen bildungssystems bewiesen braucht akteurinnen politik wiederholt rausreden,neutral,0.6879478096961975,375,4,"{'anger': 0.9227662682533264, 'fear': 0.000833337486255914, 'disgust': 0.009937225840985775, 'sadness': 0.016130223870277405, 'joy': 0.00720086507499218, 'none of them': 0.051858849823474884, 'none of them_linguistic': 1.0, 'none of them_sentence_count': 1}",0.9227662682533264,0.0,0,0.000833337486255914,0.0,0,0.009937225840985775,0.0,0,0.016130223870277405,0.0,0,0.00720086507499218,0.0,0,0.051858849823474884,1.0,1,anger,Falsch & Text,Deutschland,2021-06-29_Xlh1RJcjwD8_Corona_ Verpasste Chancen der Bildungspolitik _ Markus Lanz.csv,2025-05-30T08:49:03.543484
" text:  @marquispalachi  Die Union steht in den Umfragen bei 30%!! Bei solchen Werten kann die Planlosigkeit und Inkompetenz der Regierung und ihrer (nicht)handelnden Akteure nicht oft genug demonstrativ angeprangert werden!!! Frau Karliczek wäre in der Runde, die aus äußerst kompetenten Leuten bestand, nicht nur untergegangen sondern man hätte sie regelrecht beerdigt!!!!\nFrau Karliczek ist ein Paradebeispiel für die Unfähigkeit der Regierung und das sollte den Leuten bei jeder Gelegenheit gezeigt werden!!!",303,text marquispalachi union steht umfragen werten planlosigkeit inkompetenz regierung nichthandelnden akteure oft genug demonstrativ angeprangert frau karliczek wäre runde äußerst kompetenten leuten bestand untergegangen hätte regelrecht beerdigtnfrau karliczek paradebeispiel unfähigkeit regierung leuten gelegenheit gezeigt,negative,0.9534246325492859,513,4,"{'anger': 0.9347226619720459, 'fear': 0.0020728104282170534, 'disgust': 0.018937498331069946, 'sadness': 0.020872578024864197, 'joy': 0.00396800646558404, 'none of them': 0.027317846193909645}",0.9347226619720459,0.0,0,0.0020728104282170534,0.0,0,0.018937498331069946,0.0,0,0.020872578024864197,0.0,0,0.00396800646558404,0.0,0,0.027317846193909645,0.0,0,anger,Falsch & Text,Deutschland,2021-06-29_Xlh1RJcjwD8_Corona_ Verpasste Chancen der Bildungspolitik _ Markus Lanz.csv,2025-05-30T08:49:03.543484
" text:  @hans-jurgenkrings1916  Bin ich völlig bei dir auch wenn Sendungen wie Markus Lanz, gerade dann wenn Politiker*innen der CDU zu Gast sind, für mich eher in die Kategorie Gefälligkeitsjournalismus fallen und ich großen Zweifel daran hege, ob es im Endeffekt eine derartige Demonstration seitens Lanz mit CDU Politiker*in gegeben hätte. :/",304,text hansjurgenkrings völlig sendungen markus lanz gerade politikerinnen cdu gast eher kategorie gefälligkeitsjournalismus fallen großen zweifel daran hege endeffekt derartige demonstration seitens lanz cdu politikerin gegeben hätte,neutral,0.8013626337051392,345,4,"{'anger': 0.944040834903717, 'fear': 0.003767947433516383, 'disgust': 0.018910687416791916, 'sadness': 0.0124634625390172, 'joy': 0.005661835428327322, 'none of them': 0.022776078432798386}",0.944040834903717,0.0,0,0.003767947433516383,0.0,0,0.018910687416791916,0.0,0,0.0124634625390172,0.0,0,0.005661835428327322,0.0,0,0.022776078432798386,0.0,0,anger,Falsch & Text,Deutschland,2021-06-29_Xlh1RJcjwD8_Corona_ Verpasste Chancen der Bildungspolitik _ Markus Lanz.csv,2025-05-30T08:49:03.543484
" text: ist vermutlich besser wenn bei wichtigen Themen Politiker nicht dabei sind, andernfalls werden die Themen totgeschwiegen oder schnell zur Schlammschlacht zwischen den Parteien.",305,text vermutlich besser wichtigen themen politiker dabei andernfalls themen totgeschwiegen schnell schlammschlacht parteien,neutral,0.9997144341468811,183,3,"{'anger': 0.8535204529762268, 'fear': 0.0003224362153559923, 'disgust': 0.020989108830690384, 'sadness': 0.030552806332707405, 'joy': 0.005799314472824335, 'none of them': 0.06875485926866531}",0.8535204529762268,0.0,0,0.0003224362153559923,0.0,0,0.020989108830690384,0.0,0,0.030552806332707405,0.0,0,0.005799314472824335,0.0,0,0.06875485926866531,0.0,0,anger,Text & Pur,Deutschland,2021-06-29_Xlh1RJcjwD8_Corona_ Verpasste Chancen der Bildungspolitik _ Markus Lanz.csv,2025-05-30T08:49:03.543484
 text: Ein Politiker hätte wahrscheinlich auch nichts substanzielles beizutragen.,306,text politiker hätte wahrscheinlich substanzielles beizutragen,neutral,0.9998314380645752,81,-1,"{'anger': 0.7154707312583923, 'fear': 0.00018197229655925184, 'disgust': 0.0037490057293325663, 'sadness': 0.02469654008746147, 'joy': 0.00953358318656683, 'none of them': 0.24064253270626068}",0.7154707312583923,0.0,0,0.00018197229655925184,0.0,0,0.0037490057293325663,0.0,0,0.02469654008746147,0.0,0,0.00953358318656683,0.0,0,0.24064253270626068,0.0,0,anger,Sonstige Themen,Deutschland,2021-06-29_Xlh1RJcjwD8_Corona_ Verpasste Chancen der Bildungspolitik _ Markus Lanz.csv,2025-05-30T08:49:03.543484
" text: Quatsch. Es braucht Strukturen, die den Fortschritt nicht länger ausbremsen. Es gibt genug schlaue und motivierte Leute, die allerdings von Bürokratie und der Inkompetenz der Verantwortlichen zurückgehalten werden.",307,text quatsch braucht strukturen fortschritt länger ausbremsen gibt genug schlaue motivierte leute allerdings bürokratie inkompetenz verantwortlichen zurückgehalten,negative,0.9891242980957031,221,4,"{'anger': 0.9229772686958313, 'fear': 0.0012019227724522352, 'disgust': 0.009472536854445934, 'sadness': 0.016000444069504738, 'joy': 0.0058642541989684105, 'none of them': 0.04341207444667816}",0.9229772686958313,0.0,0,0.0012019227724522352,0.0,0,0.009472536854445934,0.0,0,0.016000444069504738,0.0,0,0.0058642541989684105,0.0,0,0.04341207444667816,0.0,0,anger,Falsch & Text,Deutschland,2021-06-29_Xlh1RJcjwD8_Corona_ Verpasste Chancen der Bildungspolitik _ Markus Lanz.csv,2025-05-30T08:49:03.543484
" text: falsch. wir brauchen beides, haben keins von beiden.",308,text falsch brauchen beides keins beiden,negative,0.8213018774986267,59,4,"{'anger': 0.6992904543876648, 'fear': 0.00036987726343795657, 'disgust': 0.004729102831333876, 'sadness': 0.01253912691026926, 'joy': 0.004094572737812996, 'none of them': 0.3676672875881195}",0.6992904543876648,0.0,0,0.00036987726343795657,0.0,0,0.004729102831333876,0.0,0,0.01253912691026926,0.0,0,0.004094572737812996,0.0,0,0.3676672875881195,0.0,0,anger,Falsch & Text,Deutschland,2021-06-29_Xlh1RJcjwD8_Corona_ Verpasste Chancen der Bildungspolitik _ Markus Lanz.csv,2025-05-30T08:49:03.543484
" text: Absolut falsch, wir haben alles und brauchen nichts! \nSo jetzt haben wir hier jede Möglichkeit!",309,text absolut falsch brauchen nso möglichkeit,negative,0.9899525046348572,103,3,"{'anger': 0.7888017892837524, 'fear': 0.0003941947943530977, 'disgust': 0.005667000077664852, 'sadness': 0.019104046747088432, 'joy': 0.004003400914371014, 'none of them': 0.2157578468322754}",0.7888017892837524,0.0,0,0.0003941947943530977,0.0,0,0.005667000077664852,0.0,0,0.019104046747088432,0.0,0,0.004003400914371014,0.0,0,0.2157578468322754,0.0,0,anger,Text & Pur,Deutschland,2021-06-29_Xlh1RJcjwD8_Corona_ Verpasste Chancen der Bildungspolitik _ Markus Lanz.csv,2025-05-30T08:49:03.543484
" text: Völliger Quatsch, völlig falsch. Ich weiß es besser.",310,text völliger quatsch völlig falsch weiß besser,negative,0.9961940050125122,59,-1,"{'anger': 0.9275657534599304, 'fear': 0.0015421544667333364, 'disgust': 0.022519316524267197, 'sadness': 0.014485121704638004, 'joy': 0.004933448974043131, 'none of them': 0.03494526818394661}",0.9275657534599304,0.0,0,0.0015421544667333364,0.0,0,0.022519316524267197,0.0,0,0.014485121704638004,0.0,0,0.004933448974043131,0.0,0,0.03494526818394661,0.0,0,anger,Sonstige Themen,Deutschland,2021-06-29_Xlh1RJcjwD8_Corona_ Verpasste Chancen der Bildungspolitik _ Markus Lanz.csv,2025-05-30T08:49:03.543484
 text: Ich muss da widersprechen.,311,text widersprechen,neutral,0.9893456101417542,33,-1,"{'anger': 0.35396409034729004, 'fear': 0.00013787821808364242, 'disgust': 0.0033636922016739845, 'sadness': 0.02338581718504429, 'joy': 0.008988617919385433, 'none of them': 0.585503876209259}",0.35396409034729004,0.0,0,0.00013787821808364242,0.0,0,0.0033636922016739845,0.0,0,0.02338581718504429,0.0,0,0.008988617919385433,0.0,0,0.585503876209259,0.0,0,none of them,Sonstige Themen,Deutschland,2021-06-29_Xlh1RJcjwD8_Corona_ Verpasste Chancen der Bildungspolitik _ Markus Lanz.csv,2025-05-30T08:49:03.543484
 text:  @febatista2932  Den Widerspruch in den Aussagen sehe ich nicht.,312,text febatista widerspruch aussagen sehe,negative,0.9524744153022766,71,7,"{'anger': 0.7678653597831726, 'fear': 0.00014780576748307794, 'disgust': 0.014893729239702225, 'sadness': 0.041785821318626404, 'joy': 0.006993783637881279, 'none of them': 0.16504573822021484}",0.7678653597831726,0.0,0,0.00014780576748307794,0.0,0,0.014893729239702225,0.0,0,0.041785821318626404,0.0,0,0.006993783637881279,0.0,0,0.16504573822021484,0.0,0,anger,Intelligenz & Probleme,Deutschland,2021-06-29_Xlh1RJcjwD8_Corona_ Verpasste Chancen der Bildungspolitik _ Markus Lanz.csv,2025-05-30T08:49:03.543484
" text:  @vitaminacesar1261  Gar nicht, das ist so falsch! Wie kannst du sowas sagen! So ist es einfach.",313,text vitaminacesar gar falsch kannst sowas sagen einfach,negative,0.9756138920783997,103,0,"{'anger': 0.8600509166717529, 'fear': 0.0005518468678928912, 'disgust': 0.016224998980760574, 'sadness': 0.011588838882744312, 'joy': 0.004691787995398045, 'none of them': 0.12299913913011551}",0.8600509166717529,0.0,0,0.0005518468678928912,0.0,0,0.016224998980760574,0.0,0,0.011588838882744312,0.0,0,0.004691787995398045,0.0,0,0.12299913913011551,0.0,0,anger,Schule & Kinder,Deutschland,2021-06-29_Xlh1RJcjwD8_Corona_ Verpasste Chancen der Bildungspolitik _ Markus Lanz.csv,2025-05-30T08:49:03.543484
" text: bekommen werden wir dafür laschet und Lindner, cool! :D",314,text bekommen dafür laschet lindner cool,negative,0.8974703550338745,62,0,"{'anger': 0.5753196477890015, 'fear': 7.545421976828948e-05, 'disgust': 0.004002321045845747, 'sadness': 0.013030653819441795, 'joy': 0.1637294441461563, 'none of them': 0.2044672966003418, 'joy_linguistic': 1.0, 'joy_sentence_count': 1}",0.5753196477890015,0.0,0,7.545421976828948e-05,0.0,0,0.004002321045845747,0.0,0,0.013030653819441795,0.0,0,0.1637294441461563,1.0,1,0.2044672966003418,0.0,0,joy,Schule & Kinder,Deutschland,2021-06-29_Xlh1RJcjwD8_Corona_ Verpasste Chancen der Bildungspolitik _ Markus Lanz.csv,2025-05-30T08:49:03.543484
 text: Sind Sie betroffen?,315,text betroffen,neutral,0.9746290445327759,26,0,"{'anger': 0.27211904525756836, 'fear': 6.365037552313879e-05, 'disgust': 0.01246735267341137, 'sadness': 0.12608908116817474, 'joy': 0.02511955425143242, 'none of them': 0.38078004121780396}",0.27211904525756836,0.0,0,6.365037552313879e-05,0.0,0,0.01246735267341137,0.0,0,0.12608908116817474,0.0,0,0.02511955425143242,0.0,0,0.38078004121780396,0.0,0,none of them,Schule & Kinder,Deutschland,2021-06-29_Xlh1RJcjwD8_Corona_ Verpasste Chancen der Bildungspolitik _ Markus Lanz.csv,2025-05-30T08:49:03.543484
 text: Also ihr glaubt auch an den Weihnachtsmann 🤣,316,text glaubt weihnachtsmann,neutral,0.9996259212493896,51,-1,"{'anger': 0.07645633816719055, 'fear': 7.19181916792877e-05, 'disgust': 0.0026446771807968616, 'sadness': 0.029096320271492004, 'joy': 0.4197644591331482, 'none of them': 0.4084748327732086}",0.07645633816719055,0.0,0,7.19181916792877e-05,0.0,0,0.0026446771807968616,0.0,0,0.029096320271492004,0.0,0,0.4197644591331482,0.0,0,0.4084748327732086,0.0,0,joy,Sonstige Themen,Deutschland,2021-06-29_Xlh1RJcjwD8_Corona_ Verpasste Chancen der Bildungspolitik _ Markus Lanz.csv,2025-05-30T08:49:03.543484
" text:  @curry_hd_gaming7210  an den Weihnachtsmann glaube ich schon lange nicht mehr, und scheinbar haben Sie überhaupt keinen Sinn für Sarkasmus…",317,text curry_hd_gaming weihnachtsmann glaube schon lange mehr scheinbar überhaupt sinn sarkasmus,neutral,0.9527100324630737,147,-1,"{'anger': 0.8826609253883362, 'fear': 0.0003385163436178118, 'disgust': 0.006801208946853876, 'sadness': 0.025428878143429756, 'joy': 0.008912580087780952, 'none of them': 0.07844264060258865}",0.8826609253883362,0.0,0,0.0003385163436178118,0.0,0,0.006801208946853876,0.0,0,0.025428878143429756,0.0,0,0.008912580087780952,0.0,0,0.07844264060258865,0.0,0,anger,Sonstige Themen,Deutschland,2021-06-29_Xlh1RJcjwD8_Corona_ Verpasste Chancen der Bildungspolitik _ Markus Lanz.csv,2025-05-30T08:49:03.543484
" text: Zunächst mal ist ärztlich zu klären, welche Symptomatik und Ursache vorliegt. Das klassische Fatigue-Syndrom z.B. gibt's auch u.a. bei Krebspatienten und ist noch nicht sehr lang bekannt. Daran wird noch geforscht. Es gibt Selbsthilfegruppen auf Social Media und erste Therapieansätze dazu.\nWas Schäden durch C-Infektionen angeht, gibt es erste Daten und Ansätze aus den USA für die sog. \Long Haulers\. Besonders die Arbeiten der Ärztegruppe um die FLCCC )googlen) würde ich mir als Betroffener anschauen. Es gibt auf YT Videos dazu, oft im Zusammenhang mit dem Wirkstoff Ivermectin. In D gibt es ausgesuchte Kliniken, die nach deren Protokollen behandeln. Dort würde ich als Betroffener anfragen, ob das auch für Long Covid der Fall ist. Viel Glück.",318,text zunächst mal ärztlich klären symptomatik ursache vorliegt klassische fatiguesyndrom gibts krebspatienten lang bekannt daran geforscht gibt selbsthilfegruppen social media erste therapieansätze dazunwas schäden cinfektionen angeht gibt erste daten ansätze usa sog long haulers besonders arbeiten ärztegruppe flccc googlen betroffener anschauen gibt videos oft zusammenhang wirkstoff ivermectin gibt ausgesuchte kliniken deren protokollen behandeln betroffener anfragen long covid fall glück,neutral,0.9613026678562164,759,-1,"{'anger': 0.7694621086120605, 'fear': 0.00013710783969145268, 'disgust': 0.005834080744534731, 'sadness': 0.04210709407925606, 'joy': 0.011493723839521408, 'none of them': 0.182981938123703, 'joy_linguistic': 1.2, 'joy_sentence_count': 1}",0.7694621086120605,0.0,0,0.00013710783969145268,0.0,0,0.005834080744534731,0.0,0,0.04210709407925606,0.0,0,0.011493723839521408,1.2,1,0.182981938123703,0.0,0,joy,Sonstige Themen,Deutschland,2021-06-29_Xlh1RJcjwD8_Corona_ Verpasste Chancen der Bildungspolitik _ Markus Lanz.csv,2025-05-30T08:49:03.543484
" text: Das ist zu einseitig gedacht. Es gibt in jeder Schule mindestens einen Menschen der in der Lage ist oder wäre ,das nötige know how zu erlernen. Diesen müsste man nur entsprechen schulen. Scho wäre das Problem gelöst.",319,text einseitig gedacht gibt schule mindestens menschen lage wäre nötige know how erlernen müsste entsprechen schulen scho wäre problem gelöst,negative,0.9846135377883911,223,-1,"{'anger': 0.8126883506774902, 'fear': 0.0003079332527704537, 'disgust': 0.0028574494644999504, 'sadness': 0.025231996551156044, 'joy': 0.009227992966771126, 'none of them': 0.18361251056194305}",0.8126883506774902,0.0,0,0.0003079332527704537,0.0,0,0.0028574494644999504,0.0,0,0.025231996551156044,0.0,0,0.009227992966771126,0.0,0,0.18361251056194305,0.0,0,anger,Sonstige Themen,Deutschland,2021-06-29_Xlh1RJcjwD8_Corona_ Verpasste Chancen der Bildungspolitik _ Markus Lanz.csv,2025-05-30T08:49:03.543484
" text: Genau. Den Laptop muss ich regelmäßig zum TÜV bringen und einmal im Jahr die luftige Sommerledertasche durch einen mulmig warmen Bison-Fellbeutel austauschen! Und alle zwei Jahre braucht man doch spätestens eine neue Grafikkarte, weil die alte nicht  mehr die EU-Grenzwerte für Emissionen einhält!",320,text genau laptop regelmäßig tüv bringen jahr luftige sommerledertasche mulmig warmen bisonfellbeutel austauschen zwei jahre braucht spätestens neue grafikkarte alte mehr eugrenzwerte emissionen einhält,negative,0.9877871870994568,304,9,"{'anger': 0.9216896295547485, 'fear': 0.0011388399871066213, 'disgust': 0.010565572418272495, 'sadness': 0.016519753262400627, 'joy': 0.006222046911716461, 'none of them': 0.041005898267030716, 'none of them_linguistic': 1.0, 'none of them_sentence_count': 1}",0.9216896295547485,0.0,0,0.0011388399871066213,0.0,0,0.010565572418272495,0.0,0,0.016519753262400627,0.0,0,0.006222046911716461,0.0,0,0.041005898267030716,1.0,1,anger,Wählen & Cdu,Deutschland,2021-06-29_Xlh1RJcjwD8_Corona_ Verpasste Chancen der Bildungspolitik _ Markus Lanz.csv,2025-05-30T08:49:03.543484
" text:  @alamarus85  ja der Menschen ist meins der, der den Technik/Informatik/PC/EDV Kurs leitet. Dieser Lehrer ist meistens bereits für die PC,s an der Schule und zum Teil auch für die technikische Infrastruktur der Schule verantwortlich, zusätzlich zu seinem normalen Job als Lehrer. Diesem noch mehr Arbeit aufzubrummen ist lächerlich.",321,text alamarus menschen meins technikinformatikpcedv kurs leitet lehrer meistens bereits pcs schule teil technikische infrastruktur schule verantwortlich zusätzlich normalen job lehrer mehr arbeit aufzubrummen lächerlich,negative,0.9912641048431396,339,0,"{'anger': 0.9431542158126831, 'fear': 0.0048858183436095715, 'disgust': 0.01257424708455801, 'sadness': 0.018651993945240974, 'joy': 0.004677618388086557, 'none of them': 0.02365550957620144, 'anger_linguistic': 0.5, 'anger_sentence_count': 1, 'none of them_linguistic': 0.5, 'none of them_sentence_count': 1}",0.9431542158126831,0.5,1,0.0048858183436095715,0.0,0,0.01257424708455801,0.0,0,0.018651993945240974,0.0,0,0.004677618388086557,0.0,0,0.02365550957620144,0.5,1,anger,Schule & Kinder,Deutschland,2021-06-29_Xlh1RJcjwD8_Corona_ Verpasste Chancen der Bildungspolitik _ Markus Lanz.csv,2025-05-30T08:49:03.543484
" text: Es geht doch noch gar nicht um die Endgeräte. Funktionierendes WLAN mit einer Leitung, die zumindest wie bei mir zuhause ist, wäre schon einmal wünschenswert. Oder fangen wir mal mit Berufsemailadressen und Endgeräten für die Lehrer an.",322,text geht gar endgeräte funktionierendes wlan leitung zumindest zuhause wäre schon wünschenswert fangen mal berufsemailadressen endgeräten lehrer,negative,0.977139413356781,243,-1,"{'anger': 0.8602005839347839, 'fear': 0.00031899366877041757, 'disgust': 0.0038602929562330246, 'sadness': 0.01523884478956461, 'joy': 0.018925286829471588, 'none of them': 0.12237152457237244}",0.8602005839347839,0.0,0,0.00031899366877041757,0.0,0,0.0038602929562330246,0.0,0,0.01523884478956461,0.0,0,0.018925286829471588,0.0,0,0.12237152457237244,0.0,0,anger,Sonstige Themen,Deutschland,2021-06-29_Xlh1RJcjwD8_Corona_ Verpasste Chancen der Bildungspolitik _ Markus Lanz.csv,2025-05-30T08:49:03.543484
" text:  @flok3n  , ganz genau",323,text flokn ganz genau,positive,0.7958765625953674,29,-1,"{'anger': 0.4768123924732208, 'fear': 0.00011111119238194078, 'disgust': 0.0039800782687962055, 'sadness': 0.03373701125383377, 'joy': 0.009350946173071861, 'none of them': 0.5064635276794434, 'none of them_linguistic': 1.0, 'none of them_sentence_count': 1}",0.4768123924732208,0.0,0,0.00011111119238194078,0.0,0,0.0039800782687962055,0.0,0,0.03373701125383377,0.0,0,0.009350946173071861,0.0,0,0.5064635276794434,1.0,1,none of them,Sonstige Themen,Deutschland,2021-06-29_Xlh1RJcjwD8_Corona_ Verpasste Chancen der Bildungspolitik _ Markus Lanz.csv,2025-05-30T08:49:03.543484
" text: @Vorname Nachname , hier geht es um Updates und Software und Sicherheit. Das benötigte eigenes IT- Personal und kann nicht nebenbei von den Lehrern mitgeleistet werden.",324,text vorname nachname geht updates software sicherheit benötigte eigenes personal nebenbei lehrern mitgeleistet,neutral,0.9712257385253906,175,-1,"{'anger': 0.10432537645101547, 'fear': 0.0002539379056543112, 'disgust': 0.0019292212091386318, 'sadness': 0.014741004444658756, 'joy': 0.023109212517738342, 'none of them': 0.8651690483093262, 'none of them_linguistic': 1.0, 'none of them_sentence_count': 1}",0.10432537645101547,0.0,0,0.0002539379056543112,0.0,0,0.0019292212091386318,0.0,0,0.014741004444658756,0.0,0,0.023109212517738342,0.0,0,0.8651690483093262,1.0,1,none of them,Sonstige Themen,Deutschland,2021-06-29_Xlh1RJcjwD8_Corona_ Verpasste Chancen der Bildungspolitik _ Markus Lanz.csv,2025-05-30T08:49:03.543484
 text: Verkackt einem das ganze Leben:),325,text verkackt ganze leben,negative,0.9919638633728027,39,0,"{'anger': 0.3117717206478119, 'fear': 0.0005795271717943251, 'disgust': 0.600043773651123, 'sadness': 0.11565805226564407, 'joy': 0.007808762602508068, 'none of them': 0.056121181696653366}",0.3117717206478119,0.0,0,0.0005795271717943251,0.0,0,0.600043773651123,0.0,0,0.11565805226564407,0.0,0,0.007808762602508068,0.0,0,0.056121181696653366,0.0,0,disgust,Schule & Kinder,Deutschland,2021-06-29_Xlh1RJcjwD8_Corona_ Verpasste Chancen der Bildungspolitik _ Markus Lanz.csv,2025-05-30T08:49:03.543484
 text: 😱😱😱Frauen werden also teilweise bevorzugt eingestellt😱😱😱😱...,326,text frauen teilweise bevorzugt eingestellt,negative,0.9469054341316223,67,-1,"{'anger': 0.5001959204673767, 'fear': 5.720057379221544e-05, 'disgust': 0.006978699006140232, 'sadness': 0.06878061592578888, 'joy': 0.01771971583366394, 'none of them': 0.33999794721603394}",0.5001959204673767,0.0,0,5.720057379221544e-05,0.0,0,0.006978699006140232,0.0,0,0.06878061592578888,0.0,0,0.01771971583366394,0.0,0,0.33999794721603394,0.0,0,anger,Sonstige Themen,Deutschland,2021-06-29_Xlh1RJcjwD8_Corona_ Verpasste Chancen der Bildungspolitik _ Markus Lanz.csv,2025-05-30T08:49:03.543484
" text: bitte nicht die lehramtsstudienzeit ändern, was soll das bringen?",327,text bitte lehramtsstudienzeit ändern bringen,negative,0.9924328327178955,72,12,"{'anger': 0.16957639157772064, 'fear': 0.0003048102662432939, 'disgust': 0.0022285233717411757, 'sadness': 0.013143511489033699, 'joy': 0.008873417973518372, 'none of them': 0.8216529488563538}",0.16957639157772064,0.0,0,0.0003048102662432939,0.0,0,0.0022285233717411757,0.0,0,0.013143511489033699,0.0,0,0.008873417973518372,0.0,0,0.8216529488563538,0.0,0,none of them,Gute & Familie,Deutschland,2021-06-29_Xlh1RJcjwD8_Corona_ Verpasste Chancen der Bildungspolitik _ Markus Lanz.csv,2025-05-30T08:49:03.543484
" text:  @fr3ud_4137  1. Kann der Fokus während der Studienzeit somit auf die wichtigsten Aspekte gelenkt werden. Pädagogik sollte hier besonders hervorgehoben werden! \n\n2. Wird die Theorielastigkeit des Studiums so verkürzt. Wie viele Lehrer man hatte, die zwar fachlich sehr kompetent waren, aber pädagogisch schlichtweg ungeeignet sind. \n\n3. Es macht das Studium für angehende Studierende attraktiver, da im Vorhinein schon zu hören, dass das Studium über 5 Jahre geht, oftmals eine allergische Reaktion dagegen hervorrufen.",328,text frud_ fokus studienzeit somit wichtigsten aspekte gelenkt pädagogik besonders hervorgehoben theorielastigkeit studiums verkürzt viele lehrer fachlich kompetent pädagogisch schlichtweg ungeeignet macht studium angehende studierende attraktiver vorhinein schon hören studium jahre geht oftmals allergische reaktion dagegen hervorrufen,negative,0.9142467677593231,530,0,"{'anger': 0.7678805589675903, 'fear': 0.0002340320497751236, 'disgust': 0.003597738454118371, 'sadness': 0.037622567266225815, 'joy': 0.00787709467113018, 'none of them': 0.19517970085144043}",0.7678805589675903,0.0,0,0.0002340320497751236,0.0,0,0.003597738454118371,0.0,0,0.037622567266225815,0.0,0,0.00787709467113018,0.0,0,0.19517970085144043,0.0,0,anger,Schule & Kinder,Deutschland,2021-06-29_Xlh1RJcjwD8_Corona_ Verpasste Chancen der Bildungspolitik _ Markus Lanz.csv,2025-05-30T08:49:03.543484
" text: Wenn du ein Shisha-Cafe an irgendeiner Ecke betreibst, bist du auch CEO.",329,text shishacafe irgendeiner ecke betreibst ceo,neutral,0.9849027991294861,79,-1,"{'anger': 0.9030501246452332, 'fear': 0.0005647651851177216, 'disgust': 0.03051910363137722, 'sadness': 0.018005961552262306, 'joy': 0.005651083309203386, 'none of them': 0.04327394440770149}",0.9030501246452332,0.0,0,0.0005647651851177216,0.0,0,0.03051910363137722,0.0,0,0.018005961552262306,0.0,0,0.005651083309203386,0.0,0,0.04327394440770149,0.0,0,anger,Sonstige Themen,Deutschland,2021-06-29_Xlh1RJcjwD8_Corona_ Verpasste Chancen der Bildungspolitik _ Markus Lanz.csv,2025-05-30T08:49:03.543484
 text:  @DerAssiToni  und wenn das cafe gut läuft dann ist das doch top,330,text derassitoni cafe gut läuft top,neutral,0.9125656485557556,71,-1,"{'anger': 0.02711831033229828, 'fear': 0.0002839193621184677, 'disgust': 0.0023793582804501057, 'sadness': 0.004281897097826004, 'joy': 0.9180882573127747, 'none of them': 0.06042153015732765, 'joy_linguistic': 1.0, 'joy_sentence_count': 1}",0.02711831033229828,0.0,0,0.0002839193621184677,0.0,0,0.0023793582804501057,0.0,0,0.004281897097826004,0.0,0,0.9180882573127747,1.0,1,0.06042153015732765,0.0,0,joy,Sonstige Themen,Deutschland,2021-06-29_Xlh1RJcjwD8_Corona_ Verpasste Chancen der Bildungspolitik _ Markus Lanz.csv,2025-05-30T08:49:03.543484
" text: ​ @matu5435  Richtig, aber kein Grund zu insinuieren, dass es gut ist die Schule abzubrechen. Bin übrigens auch ehemaliger Flüchtling. Aber ich finde die Bildung ist das wichtigste und mächtigste Mittel eine Gesellschaft aufrecht zu erhalten.",331,text matu richtig grund insinuieren gut schule abzubrechen übrigens ehemaliger flüchtling finde bildung wichtigste mächtigste mittel gesellschaft aufrecht erhalten,neutral,0.9634213447570801,249,-1,"{'anger': 0.6614528298377991, 'fear': 0.00012242743105161935, 'disgust': 0.0052016242407262325, 'sadness': 0.035821523517370224, 'joy': 0.007927246391773224, 'none of them': 0.2585465610027313, 'joy_linguistic': 0.3333333333333333, 'joy_sentence_count': 1, 'anger_linguistic': 0.3333333333333333, 'anger_sentence_count': 1, 'none of them_linguistic': 0.3333333333333333, 'none of them_sentence_count': 1}",0.6614528298377991,0.3333333333333333,1,0.00012242743105161935,0.0,0,0.0052016242407262325,0.0,0,0.035821523517370224,0.0,0,0.007927246391773224,0.3333333333333333,1,0.2585465610027313,0.3333333333333333,1,anger,Sonstige Themen,Deutschland,2021-06-29_Xlh1RJcjwD8_Corona_ Verpasste Chancen der Bildungspolitik _ Markus Lanz.csv,2025-05-30T08:49:03.543484
" text:  @DerAssiToni  da stimme ich dir voll und ganz zu, sachen wie unternehmertum werden aber nicht gefördert und man wird nicht dazu motiviert sich für selbstständigkeit zu interessieren. Sowas sollte sich ändern",332,text derassitoni stimme voll ganz sachen unternehmertum gefördert motiviert selbstständigkeit interessieren sowas ändern,negative,0.9834983944892883,215,-1,"{'anger': 0.24659280478954315, 'fear': 0.00010821969772223383, 'disgust': 0.0017700647003948689, 'sadness': 0.019282888621091843, 'joy': 0.04649042338132858, 'none of them': 0.6387931108474731}",0.24659280478954315,0.0,0,0.00010821969772223383,0.0,0,0.0017700647003948689,0.0,0,0.019282888621091843,0.0,0,0.04649042338132858,0.0,0,0.6387931108474731,0.0,0,none of them,Sonstige Themen,Deutschland,2021-06-29_Xlh1RJcjwD8_Corona_ Verpasste Chancen der Bildungspolitik _ Markus Lanz.csv,2025-05-30T08:49:03.543484
 text:  @matu5435  Da bin ich wieder vollkommen bei dir und widerspreche auch gar nicht dem OP. Mein Kommentar hat sich nur auf die letzte Zeile seines Kommentars bezogen.,333,text matu vollkommen widerspreche gar kommentar letzte zeile kommentars bezogen,neutral,0.9903693795204163,171,-1,"{'anger': 0.880342423915863, 'fear': 0.0003643173258751631, 'disgust': 0.015772564336657524, 'sadness': 0.023772330954670906, 'joy': 0.006126290652900934, 'none of them': 0.08456520736217499}",0.880342423915863,0.0,0,0.0003643173258751631,0.0,0,0.015772564336657524,0.0,0,0.023772330954670906,0.0,0,0.006126290652900934,0.0,0,0.08456520736217499,0.0,0,anger,Sonstige Themen,Deutschland,2021-06-29_Xlh1RJcjwD8_Corona_ Verpasste Chancen der Bildungspolitik _ Markus Lanz.csv,2025-05-30T08:49:03.543484
" text: Jupp, erziehungsprinzip Befehl und gehorsam, Militärfamilie.",334,text jupp erziehungsprinzip befehl gehorsam militärfamilie,neutral,0.999976396560669,67,-1,"{'anger': 0.4527851939201355, 'fear': 0.00020085244614165276, 'disgust': 0.13083568215370178, 'sadness': 0.19351115822792053, 'joy': 0.025902021676301956, 'none of them': 0.1378835290670395}",0.4527851939201355,0.0,0,0.00020085244614165276,0.0,0,0.13083568215370178,0.0,0,0.19351115822792053,0.0,0,0.025902021676301956,0.0,0,0.1378835290670395,0.0,0,anger,Sonstige Themen,Deutschland,2021-06-29_Xlh1RJcjwD8_Corona_ Verpasste Chancen der Bildungspolitik _ Markus Lanz.csv,2025-05-30T08:49:03.543484
