comment_id,author,time,likes_count,text,parent_id,video_id
Ugx_JmWtEECNthS1Qul4AaABAg,@anarghyasumanth8590,1623466213.062641,191,"Why does Finland have the best education system?

It actually treats kids like kids.",,UfmFIEh2QjU
UgxJQkJLsn9HIixrjUB4AaABAg,@mattcnd262,1623466216.554707,133,this video makes me wanna restart life in Finland,,UfmFIEh2QjU
UgwVBHfTnbVYFpt1OHx4AaABAg,@SpecRec,1623466221.46333,76,Teachers in US fail to realize that cramming a whole lot of info and homework into students destroys their desire to learn anything,,UfmFIEh2QjU
UgyA3Aahih_mz8tuGSh4AaABAg,@lly_09,1591930233.369588,61,I hope my teachers got this in their  yt recommend,,UfmFIEh2QjU
UgyJABZSY9k1K_Yb6HR4AaABAg,@rajandeepsingh444,1591930248.104004,49,Am I the only one who hate when Americans brag about being #1 ??,,UfmFIEh2QjU
Ugzs0NrjIj2cGnKFctB4AaABAg,@BitchChill,1623466216.56566,46,The education system is the U.S. isn't changing. I now realize that,,UfmFIEh2QjU
UgyMuNmaVUXCEQTcnAt4AaABAg,@sherunswithscissors,1623466221.47752,41,Only Americans think America is great.,,UfmFIEh2QjU
UgygvQt7wIwDVVsjaX54AaABAg,@sophanychhea7886,1623466213.082261,40,"Asian parents: Finland how you so smart nah?
Finland: no homework and less school time.
Asian parents: WTF!!!",,UfmFIEh2QjU
Ugx0ttOy517UwjdbRSJ4AaABAg,@Caseohbig69,1591930230.70396,39,The school system: were gonna pretend that we didn’t see this,,UfmFIEh2QjU
UgxrScIhm0S4vYdHcpl4AaABAg,@bivv93,1623466216.553236,39,"There are usually 2 things:

US can not:
1. Listen Without Defending
2. Speak Without Defending.
3. Stop poking their filthy, corrupt and evil governmental nose in peaceful matters of other countries",,UfmFIEh2QjU
Ugx08pVtlsKsb8T0LIp4AaABAg,@arleneazurin,1623466213.078219,38,Me and the boys gonna buy an airplane and go to Finland.,,UfmFIEh2QjU
Ugw_Z4TOCDahPA4t3ix4AaABAg.9EIJL5jOeSU9EPumAg-R-E,@wizardlizard1875,1623466216.888694,38,"American schools are dependent of their state, not their entire country, so that point is irrelevant",,UfmFIEh2QjU
Ugyoq6YD_Ytpn-VUSxp4AaABAg,@snuggleb100,1591930241.229639,36,"I really wish we would consider more of the Fin's ideas on education. We teach our kids to study  to get that perfect job with a big pay check instead of teaching them to find themselves respect themselves and find what makes them happy. Money doesn't buy happiness...neither does stuff that is pushed on us every minute of the day. Fin's have far less stuff than we do, smaller homes, ride bikes everywhere and are far happier than we are.  We need to sit up and pay attention. Some change wouldn't hurt us at all especially with the school system in the USA!",,UfmFIEh2QjU
UgyQjnN-Yg83BoLwUYl4AaABAg,@User40919,1655002201.735625,35,"Bro I got 2 yrs of school left and every minute feels like an hour I hate the education system and I wish it was more like Finland's, so far I'm really hating school with a passion",,UfmFIEh2QjU
Ugx8DVrqmLqEsFjgDqp4AaABAg,@omokok1877,1623466213.083192,34,I want to kill myself,,UfmFIEh2QjU
Ugwwi9seQ9GK3b00ES94AaABAg,@baboey2020,1623466204.257192,34,"me: i want in Finland

my Dad: well son. if you want go to Finland, have a good grades 

OOF",,UfmFIEh2QjU
Ugw_Z4TOCDahPA4t3ix4AaABAg.9EIJL5jOeSU9EUJJW_mt0v,@UlexiteTVStoneLexite,1623466216.890049,32,The number of people does not matter at all,,UfmFIEh2QjU
UgzeUgMF45igi73ABGd4AaABAg,@aIkaIi,1591930245.789447,32,"Because American public schools isn't learning. It's memorizing and forgetting the day after you take that test. It's a really outdated system founded in the industrial revolution, which was basically what school is today: Listen, work, repeat. I wouldn't call that education.",,UfmFIEh2QjU
Ugwn35G_qGwONspJ_Ih4AaABAg,@snowy_gateaway7583,1591930233.386983,32,"There is also free lunch! And u can choose languages to learn if u want! I can speak Swedish, English, French, Germany and Japanese, bc I have choosed them, but it also means I need to go to exrta classes. But u don't have to choose any language if u want. But Swedish u must to learn.  But one bad thing in Finland is that it's hard to make new friends. People are isolated and nobody speak eachother in public. But I don't mind, I like that.",,UfmFIEh2QjU
Ugxm4b6LB8BqYQKfrJV4AaABAg,@mohammedkashif8566,1623466221.466853,30,Dude finland has 2 weekend days and most less work hours life is very peaceful there and that's all i need we don't need big mnc's to say we are proud that we made that huh,,UfmFIEh2QjU
UgwZWlIuS7f3Oq-zxaJ4AaABAg,@richardwachs7539,1623466204.258786,30,Socialist countries are way smarter than capitalist countries.,,UfmFIEh2QjU
Ugy-LvqfU8ac7-a2IkR4AaABAg,@Rei_VAL,1623466213.08027,25,Welp  I'm moving my  Ass to finland,,UfmFIEh2QjU
UgxS_lJmuafQm-JiS2Z4AaABAg,@SosnobylDBKT,1623466208.970463,24,"Ah yes, finland....




The country where school is cool......







HELLO, I WOULD LIKE TO BUY A PLANE TICKET TO FINLAND",,UfmFIEh2QjU
UgwPx8GdXPIZPGy52VB4AaABAg,@NoName-bu4xg,1623466216.561062,24,Some of the comments are dry I can’t even find anything funny 😔,,UfmFIEh2QjU
UgzMM_E4fSQUPZpUGkV4AaABAg,@Drew-vv9ef,1591930233.382116,23,"3:13 completely agree

Before test: time to cram everything in my brain

Test: let it all out

After test: what was the topic again?",,UfmFIEh2QjU
UgzKs9TBCXfGdXLgd914AaABAg,@vivienpangaribuan,1623466204.26404,22,"I am a primary teacher in Indonesia.
I hope I can lean from Finnish teacher.",,UfmFIEh2QjU
UgxX8Fa4fpJv5iRg5EN4AaABAg,@roponen332,1591930230.693181,22,"Watching this as Finnish person:
""What the f.. You actually have metal detectors in schools?""",,UfmFIEh2QjU
UgxqmAQQM2YL39dd0IJ4AaABAg,@pablocrespo2072,1591930241.232219,22,"I go to school in Finland

We get homework hours worth of it

My current homeroom teacher is lazy and incompetent 

And school starts too early 

Schools in Finland are not as good as everyone says they are",,UfmFIEh2QjU
UgxW2A5SUF7fBine6v54AaABAg,@mrgamer8780,1623466216.566757,21,Finland here I come,,UfmFIEh2QjU
UgzRMa77WcujKxQKwdp4AaABAg,@SaikeeKonosukeLuc,1623466216.559849,21,"The failure with the global education system is its standardization
There's a sensitive lack of cognitive learning in our pedagogical approach. 
Take, for instance, Maths. How many kids don't like maths?  I used to hate maths, of all subjects, It was my Achilles' heel but that's mostly due to my teachers. Once I've found of its many practical usages, it became my forte.

How to trigger the desire to learn?
Giving children enough time to enjoy their life. We're driven to enjoy things that don't last long and get bored with things that last too long.


Also, knowledge is meaningless without a good understanding of its usefulness.
The moment a kid says 'hey this is helpful' that's the click he needs to be willing to learn more.",,UfmFIEh2QjU
UgwZWlIuS7f3Oq-zxaJ4AaABAg.9NoNOnVcXIb9NxjbssayeA,@flyingbanshee8592,1623466204.830079,21,Findland is actually a capitalist country,,UfmFIEh2QjU
Ugwy0cqmSHEbSiv8Ps54AaABAg,@louvretreekay12_,1623466221.465248,21,"more than 2000 arrogant, narcissistic, evil mean spirited teachers don’t like this video.",,UfmFIEh2QjU
UgymFHgEr3FmDffNf_J4AaABAg,@strugglingsciencestudent5970,1591930236.139005,20,Cries in Indian student,,UfmFIEh2QjU
UgyQJytBZE6isR3CT-F4AaABAg,@sodacereal8987,1623466204.262754,20,gotta go move to finland,,UfmFIEh2QjU
UgyJVHqtkcqnWwQ8JU14AaABAg,@user-hi9cv1sc2i,1591930241.228358,20,The police officer attacking the student is shocking just to watch.,,UfmFIEh2QjU
Ugzwe18_LtEK-0sVei54AaABAg,@jurbagarga1410,1591930230.687501,20,Im from Finland 🇫🇮,,UfmFIEh2QjU
UgygEW6-f8pkwaHYJJ94AaABAg,@apritarigan,1655002201.71656,19,"Teachers in Finland spend fewer hours at school each day and spend less time in classrooms than American teachers. Teachers use the extra time to build curriculums and assess their students. Children spend far more time playing outside, even in the depths of winter. Homework is minimal. 
Nice!",,UfmFIEh2QjU
Ugwpy-kujddYyQxbXel4AaABAg,@amanpandey2714,1623466216.567774,19,Wtf was at 4:00 ....,,UfmFIEh2QjU
UgxcF08c_eRgybbFNMt4AaABAg,@nm1978,1591930230.684349,19,"THE ENTIRE PLANET'S EDUCATION SYSTEM IS WRONG AND EVIL.
Everything are easy to learn and understand, anybody can, the problem that is making learning difficult is not the math or the science, but its the evil education system of this planet, because everything is based upon pushing, rushing, forcing and cruelty .
But if everything is taught with patience, anybody can and will learn and with pleasure too, not with pain.
Our entire education system is the ""system of pain and hell"".
How I hate this planet's education systems, and why is it that students must do homework after 8 hours of school? that is ridiculous. so then what is the stupid school for? everything should be taught in school, there should be no such stupid thing called ""homework"" , and why are school hours so long? 8 hours per day? oh, my God, that is a tormenting hell. How I hate it all and you.",,UfmFIEh2QjU
UgwcL7DK5moOf5eSoTt4AaABAg,@vunknownvictory,1623466213.067999,18,Bruh my friend told me that finland is the best school in the world and it has a playstation on it and he said it was fun,,UfmFIEh2QjU
UgzHBG4yc6By2n_4eEB4AaABAg,@nandasundstrom3426,1623466227.317586,18,"I'm from Finland and I hear a lot about how great the school system is, and don't get me wrong we have a bit shorter school days but Finland also has the highest amount of suicides, and yes, it's also called ""the happiest country in the world""
Doesn't make sense, right?
It's because in Finland you're taught that complaining is instantly bad and that you're ungrateful or something if you complain even if it's for a good reason.
So when people ask Finnish students if they're happy they'll reply with something like ""yea it's nice I guess"" or ""I like to see my friends at school!"" 
But this is often fake.
Ofcourse this is not always the case but this happens alot so I wouldn't say that Finland has the best school system in the world or that it's the happiest country in the world.

This is just my opinion, it's not meant to offend anyone.",,UfmFIEh2QjU
UgzHmbdrf9BMysCeAPl4AaABAg,@anyways3040,1623466221.468456,18,I'm super exited because I'm doing an exchange program over to finland in my junior year my mom did the same thing and I'm staying with the same family she did!,,UfmFIEh2QjU
UgzTak1SXqUWAgu6fHh4AaABAg,@champdagoat416,1591930241.235747,18,So finish schools actually care about the students,,UfmFIEh2QjU
Ugzlea-WkzEWHHaMjM94AaABAg,@bloxinaron3803,1623466216.557272,18,No matter how much I fantasize - is that even a word?- I'll still be stuck at the school I'm in... No point in feeling bad abt me being here... Instead.. I should feel positive towards where I am now cuz it will hardly ever change... So.. Why not enjoy it while it lasts.. Why not achieve my parents dreams and make them feel better.. Ofc I won't depend on the marks.. But I must admit.. I can't change the world around me... Ill go by their rules for now.. Get a good grade I hope.. Just in case I couldn't achieve my real dream.. -being a scientist or programmer-.. No matter how bad I speak abt my school... It won't change.. So... Ill try my best at it and think of it as a challenge 😊 yall should do the same,,UfmFIEh2QjU
UgwwiQYgV2HWdoLr5RZ4AaABAg,@skywinterson3548,1591930233.384685,17,Why aren’t all education systems like this ??,,UfmFIEh2QjU
UgwYkF2LEr43KE3CBQN4AaABAg,@ninjapirate123,1655002199.364739,17,All countries education system need to learn from Finland's education system,,UfmFIEh2QjU
Ugy5f6lPMPfnQ05p7vN4AaABAg,@spiderman-xj6yr,1623466227.315013,17,"Indians:- come to our country 
Where study is a punishment

If Indians go to Finland then all failed children will be a topper
Finland has such a nice education
System",,UfmFIEh2QjU
Ugz4i55LKvbzdcPY0Ip4AaABAg,@blackcoffeebeans6100,1623466204.26759,17,"Finland is excactly like Bernie Sanders is saying. 
Finland is a Nordic country. Norway, Denmark, Finland, Sweden, and Iceland. 
It is a welfare and prosperous country with high standard of living. 
World economic Forum conference in Switzerland Davos ranked Finland The best country 2019. Finland is on The top almost on every aspect. Everyone can Google it. The list is long. 
World happines index report and UN ranked Finland The happiest country 2018, 2019, 2020 and 2021 for The same reasons. 
All The Nordic countries are on the top ten.",,UfmFIEh2QjU
UgxC83kCa0p-YaM6ygB4AaABAg.9C1pr12xo7g9C3EgajGgLo,@goranmilic442,1623466225.228111,16,"Total silence? Finland produced Nokia.
Also, USA and Finland have historical difference, USA is what it is not just because of education. But education provides Finland to be the best it can be and USA education is preventing USA to be even better than it is.",,UfmFIEh2QjU
Ugz9XPR2kvoEdLMOzzV4AaABAg,@adler898,1623466216.569814,16,You said they get triple the recess my school does not even have recess,,UfmFIEh2QjU
UgyOFT1WvMeJ04u4Ehh4AaABAg,@jacobday1794,1591930230.688997,16,Packing my bags rn,,UfmFIEh2QjU
Ugz0aYR3KHK_aEtjLnR4AaABAg,@sharath7086,1591930233.380815,16,India sucks even America,,UfmFIEh2QjU
UgzK9UMdX9O-uXDFHXF4AaABAg.9C87qpkvQKY9CAwXSFSVvv,@thehedgy3647,1623466224.197102,16,Mark Armage I assume you are joking,,UfmFIEh2QjU
UgyBGE6WtFSLTFONedB4AaABAg,@singhruchi2350,1623466216.550266,16,Awesome school system in world no doubt,,UfmFIEh2QjU
UgyJ-Xh1HpVEviZKAy94AaABAg,@user-vp5iy8ec9q,1655002201.737689,16,"makes one cry,  and happy for them, cos most of our eastern families, have to shout , beat and nearly kill the kids and force learning by pure fear, OK we got no 1/2/3 but we stress out ,burn out,  and tied , build up passive aggressive + less creativeness.....look back many can qualify as child abuse. my sibling are lawyer and accountant, but all retired early due stress out and they hate their jobs, its purely for the better earnings, beat in to them by parent",,UfmFIEh2QjU
Ugz2RB-BLrcFuBNj58F4AaABAg,@davidhutchinson5233,1591930236.125594,16,We could do it here in the US.  But I guess we would rather contribute more and more to the defense budget.,,UfmFIEh2QjU
UgyYEipisVIY4Ievhh14AaABAg,@gohanpcgamer,1591930245.795401,16,cos Finland not full of religious people.,,UfmFIEh2QjU
UgzivP5WYjnHsMH7UVp4AaABAg,@scoutjohnson1803,1591930236.144003,16,Maybe the Finish teachers treat the students with respect and don’t resort to punishment. The teachers gain respect by not being like jailers which creates a learning environment.,,UfmFIEh2QjU
UgzjuG4oLAR0tbttuHF4AaABAg,@tace3523,1623466208.969306,16,You have police cops in American schools. WTF?!,,UfmFIEh2QjU
Ugw6oSCqzq-xXGcAqj54AaABAg,@hallo4651,1591930230.702929,15,"0:32 How is Korean 2nd? Korean students are miserable with all the pressure, fight for a slot in top university. Not to mention the bullies.",,UfmFIEh2QjU
Ugxa1Fa4PdO3rMX0sOl4AaABAg,@ANTINATALIST_lewis,1591930233.376744,15,"3:57-4:04 
What the f was that",,UfmFIEh2QjU
Ugzss3104BYpxOHbWGF4AaABAg,@ProudBisayangDako,1623466221.469947,15,"it's not right to say that Finland didn't produce anything. They produced:
* Linux - by Linus Torvald
* Nokia - i believe they paved the way for our modern user friendly phones
* Erwise - the very first browser with a GUI (graphical user interface) which paved the way for our modern browsers now
* Heart rate monitor
* IRC (Internet Relay Chat) 
* SMS
and many more.

""There are more things in heaven and earth, Horacio, than are dreamt of in your philosophy."" - Hamlet by William Shakespeare

The world isn't constrained to what YOU only know. Remember, the world doesn't revolve around you.",,UfmFIEh2QjU
UgwZWlIuS7f3Oq-zxaJ4AaABAg.9NoNOnVcXIb9OJ_G1zAMeJ,@mehotepatlas3060,1623466204.838767,15,"Capitalist country with socialist systems ...
Governament housing for homless .... social security payments ... free education  , ... No private schools .. Free food in schools ... equal health care for everyone ....those are purely SOCIALIST  models  mixed with caputalist core system ....",,UfmFIEh2QjU
Ugxi5YBxXqK2OJG1_UB4AaABAg,@heisernsu,1591930236.140313,15,"A good school system listens to the students' needs and changes whenever it needs to. The US school system barely does any of those. I want to start a national movement to change all the school systems for a temporary time, and receive feedback. I think this would work, considering our school system is already bad anyways, so why not try a better one, even for a week?",,UfmFIEh2QjU
UgwPvhGLBz3Y17DybfZ4AaABAg,@umeshpatil9177,1623466221.486176,15,INDIA's education system is world's worst system,,UfmFIEh2QjU
UgyFkWtp0ihnn5VFRs14AaABAg,@nurfyturf3202,1655002199.357772,15,"Alright yalll pack our bags, we movin to Finland",,UfmFIEh2QjU
Ugw_Z4TOCDahPA4t3ix4AaABAg,@abrahamtolentino172,1623466216.546958,14,Finland only has 5.8 Million people and the USA has 330 Million people,,UfmFIEh2QjU
Ugw39lJ3VFuZLYWj6mN4AaABAg,@Mauvelly,1591930241.238021,14,"I can't believe they passed S Koreea👏
I know how hard is school for koreans 😭",,UfmFIEh2QjU
UgyaQGG0VTo6DMiDUdl4AaABAg,@Ukhhh45,1623466227.322404,14,"Leave america ....
See India. Worst education system with focus only and only on marks .
Being an Indian , I know it sucks 😫😫😫😫😭😭😭😭",,UfmFIEh2QjU
UgyqznNFe6j9ozMtE2p4AaABAg,@arsalabdullah8500,1623466216.570837,14,Watching this during my online class😂,,UfmFIEh2QjU
UgwdHgfv8t93CCHEE2h4AaABAg,@prathamsharda3213,1623466204.265271,14,mean while in India smart= start study when you are not born to crack Jee and memorise 12 years of information in a 1 month,,UfmFIEh2QjU
UgxtgUprj40p9Trcilx4AaABAg,@imperfectcell7081,1591930233.391416,14,"Finnish education system makes the Greek one look like ...mediaval trash.I saw a video and ,yes,I cried of envy and inferiority complex",,UfmFIEh2QjU
Ugzg2Gdr7thOUO7V5q54AaABAg.9339W_fweeq934vodEotQZ,@scumbag9714,1591930244.265808,14,"I found you again, yet another delusional all caps nonsense sentence. I bet you never even passed the 8th grade, pathetic.",,UfmFIEh2QjU
UgwJwwzk5PaGImyUAuZ4AaABAg,@mullim9860,1591930248.094102,14,"Just like the Soviet education system. My parents always say that they too had much less homework and learned all kinds of fun stuff at school from cooking to hand-crafting. Plus there were no standarised tests. To get admitted to a university, you would have to stand in front of several teachers, pick a random card from a box and answer the question either orally or written.",,UfmFIEh2QjU
UgyJABZSY9k1K_Yb6HR4AaABAg.91YKpQ9vY-I91ZYSIXKTCj,@probotpixelz7278,1591930251.001886,14,"Nope. Even as an ""American"" I hate it when Americans obnoxiously brags about being number 1 over and over.",,UfmFIEh2QjU
UgwryYNy5woGQysShVV4AaABAg,@jacobday1794,1591930230.690501,14,At my school the kids with low grades are just the ones expected to fail.,,UfmFIEh2QjU
UgxLVB7CoQ_oUxE6tnN4AaABAg,@ForteExpresso,1591930241.246168,13,Finland gives a chance to students to love themselves,,UfmFIEh2QjU
Ugw1QhbUjpPIS1qhHsV4AaABAg,@nuggetbomber5977,1591930230.697065,13,"“Awful heavy music” sir, you are wrong. I now invite you to politely piss off
Edit:spelling",,UfmFIEh2QjU
UgwnV6t6nSCZf7V-BGZ4AaABAg,@laurencamila9024,1655002199.36361,13,Isn't that Hassanabi?,,UfmFIEh2QjU
UgyZe7IWIB-7kteLxhR4AaABAg,@richardkirk5098,1655002201.71833,13,"This guy has an agenda. As soon as he said less immigrant students was “Donald Trump’s dream” I knew this was going to be a commercial for socialism.
All Trump ever said about immigrants is that they should come legally and not hate America.",,UfmFIEh2QjU
UgxgNa8vJLNeyPIwyv54AaABAg,@saladasss2092,1623466213.066725,13,"0:27 ""awful heavy metal music"" excuse me sir, you've got an research error right there",,UfmFIEh2QjU
UgwRFgDngfwVEQbzwih4AaABAg,@theironeagle5292,1623466204.27102,13,"Hmm yes Finland,




WINTER WAR INTENSIFIES",,UfmFIEh2QjU
Ugx_JmWtEECNthS1Qul4AaABAg.9IkITRr5yk39J8tCUGxUrT,@neptune0909,1623466213.336448,13,TRUE THO here they treat us like fuckin adults,,UfmFIEh2QjU
UgwswwIWWQ1xpxM7tCF4AaABAg,@Aaryarakt,1623466208.974983,13,"I am from india.
Here our education system is worst in the world.",,UfmFIEh2QjU
UgwltXpeOWzbon76dhB4AaABAg,@Jlee-os1ul,1591930233.371793,13,"I hope that the younger generation fights for this in the future. To have a better quality of time for our family, friends, and ourselves. Including a wholesome education for everyone!",,UfmFIEh2QjU
UgwbKmtDoafCYVJQbvR4AaABAg,@emuriddle9364,1591930236.131694,13,"School kids in Finland don't attack each other either.

That's how they can get away, with a more efficient education.

And that's also why problem kids (Bullies) have to be separated, from the other students.

I've seen it firsthand, with the Elementary School kids today. 

The Bullies will never change (regardless of their age). And everyone else is paying for it.",,UfmFIEh2QjU
UgwTF1MXFzmGY0BU5hd4AaABAg,@rayeliakimpresnillosamillano,1623466208.986637,13,"Who wants to take me to finland? 
I really wanna learn but school here in the Philippines is so boring and dumb.",,UfmFIEh2QjU
Ugw1tsrU2EOj_Act_5V4AaABAg,@salt7709,1591930241.224028,12,And also they learn 3 language,,UfmFIEh2QjU
Ugz2TdkNc-UoEJNqvVt4AaABAg.9DEHsloslRB9DGDDfwzRqy,@neththeobnoxioussponge8929,1623466219.087593,12," @Wandering.Homebody  bruh he literally just said ""what"" and you call him a lazy thinker",,UfmFIEh2QjU
UgywYVi6nbtdFiZ5DMh4AaABAg,@hansf.6463,1623466221.484102,12,"i saw a documentary that finland's school café are run by students and they have foods that look good and actually they might taste good. They can get what they want on the café for free and sit down with their friends. They also spend 4 hours a day on school, which is my dream. They also dont have too much homework. just a good amount of homework.",,UfmFIEh2QjU
Ugw4SEeVUxXpBWCVvn54AaABAg,@Erkkiboi,1623466208.981059,12,I’m Finnish and I get paid to go to university.,,UfmFIEh2QjU
UgzTAPrp5ebpt_pBa794AaABAg,@outlaster3431,1591930230.706017,12,I think the main reason is that there population isnt high so they can focus on education wholely because the probably dont have as much students as   most countries do which is why they focus alot on it,,UfmFIEh2QjU
UgwKKBelISvDeWSJVWx4AaABAg,@tyson5080,1623466227.329893,12,My priv school only want good scores to show off and make everyone go to our school,,UfmFIEh2QjU
UgzaE_odrca6El8rt094AaABAg,@user-vp5iy8ec9q,1655002201.736658,12,"i try to understand what if some kids arent good at schools results and wont get top jobs? we easterners biggest fear is life of poverty, lowly jobs that people will laugh and look-down on you, thats why our parent will push beat and cheat all sort to get near top jobs",,UfmFIEh2QjU
UgxbaZArE8H4SBFIgcp4AaABAg,@justified6280,1591930230.691886,12,I'm moving,,UfmFIEh2QjU
UgzVSYadmLSik4C2cl94AaABAg,@victoriathegreencheekconur5477,1623466221.485128,12,"I hate when they say 

Kids in Africa don’t even have school 

I under stand it’s better than nothing but it’s still doesn’t mean our life’s don’t matter",,UfmFIEh2QjU
UgwbD-7Nv0604IsaCut4AaABAg.93gZQlgNPpi93hIt9sb6on,@wonderfuljinn1096,1591930242.141836,12,I really think u Are wrong,,UfmFIEh2QjU
UgwHc6SiuCnn_IYmxtF4AaABAg,@hottea9546,1591930236.150613,12,The US just left the chat,,UfmFIEh2QjU
Ugz5_sKUoDvRPqiZnfh4AaABAg,@slavdog6942,1623466221.471263,12,"No homework until highschool? What country is that... we have had homework since the first day. Finnish high schools are just like American High Schools... just start a bit later. We do tens of courses a year and required minimum of 75 courses in 2.5 years which is 30 courses a year. I'm here sitting on my pile of homework and you are stating that we rarely get assigned any? 😄👍

Also there is no going slowly in high school or above anymore. Middle school yes sure, but in High School you do 1 course in 6 weeks and then a test week. 1 course is 1 book. 1 book has tens of chapters hundreds of pages... in history for example you go through tens of pages a lesson",,UfmFIEh2QjU
UgxC83kCa0p-YaM6ygB4AaABAg.9C1pr12xo7g9C8oa5uZMsy,@LazarJaksic,1623466225.237795,12," @ClarksonsinUSA  Google CEO isn't even an American dude... The reason all of these tech giants are ""american"" is because USA policies allows big companies to pay much much less taxes then other countries. Also, i would argue that it's much more important having an educated youth then having a big private company (or a couple of them) that pretty much control all the money in one country. :)",,UfmFIEh2QjU
UgwNlRCgBSfiSqF4kMN4AaABAg,@maryharvey724,1623466216.568792,12,Teachers in the US are bombarded with new materials and teaching standards with no time to master the strategies they need.  As of summer 2020 parents appreciate teachers more but not for their teaching qualifications. Parents were horrified that teachers would not be supervising their children everyday. Parents also have come to appreciate that they must train their children to be ready to pay attention and be good learners. This is one benefit of the COVID-19 school closures; parents have become partners in Distance OnLine Teaching.,,UfmFIEh2QjU
UgwBLDl46zkDlTrgllF4AaABAg,@l0k0lightning51,1623466204.278214,12,"If I went to school in Finland, I would be getting As and Bs",,UfmFIEh2QjU
Ugy7M1sf93yMHSWvKEx4AaABAg.94lnAydh3aH94sL4xQlYob,@Pyovali,1591930240.416671,12,"At the beginning of 7th grade, we iterate over everything we've learnt in 1-6th grade briefly before continuing to new subjects.",,UfmFIEh2QjU
UgwL6jM-jzJ21YA27k14AaABAg,@formatique_arschloch,1591930233.385828,12,"""Well Finland is so homogenouzzz"" and stuff.
The American system is the most undemocratic system in the western world.

You can't even elect ANYTHING by a direct, democtratic election. 
Just search for direct election, where the people actually has a vote.",,UfmFIEh2QjU
UgwbD-7Nv0604IsaCut4AaABAg,@ibizaa4603,1591930241.230933,12,"Just because it works in Finland, doesn't mean it would work in every other countries. Every country has different perspective about their  education system and they only choose which seems to be perfect for their educational environment. It's just like a wild animals and pets. You don't treat  both of them similarly. 

edit - so many unexperienced losers  and no braniners replying here, but likes says it all. :))",,UfmFIEh2QjU
Ugw4SEeVUxXpBWCVvn54AaABAg.9KM7JyKNQph9LXL9HTlKcp,@toukosiren9004,1623466211.061919,11," @rrickarr  That's all you got? You have to call everyone else commies, because your country is drowning in student debt.",,UfmFIEh2QjU
Ugx_JmWtEECNthS1Qul4AaABAg.9IkITRr5yk39IuKTKERDUx,@Byrzzaa,1623466213.335233,11,"Well said
(Coming from a Finn)",,UfmFIEh2QjU
UgzxJVFwwXoKZ_o_mB54AaABAg,@edwardmartin6052,1591930236.14515,11,"Academically, Americans are lazy.",,UfmFIEh2QjU
UgxOE4XDI2nxwRjFfr54AaABAg,@Lala22-h7n,1591930236.133231,11,Wait what why is Korea number 2 in efficient edu systems? I thought Korea has the worst edu system as a Korean student. Korea is crazy and makes all students compete each other. I envy Finnish students,,UfmFIEh2QjU
UgzMvJtPcdNaBwC-64l4AaABAg,@patricksheehan8157,1655002199.356489,11,The problem in America starts in the home and it's brought to the classroom.,,UfmFIEh2QjU
UgywYVi6nbtdFiZ5DMh4AaABAg.9Bz6zLWkfLI9CEkrmpXpHj,@sherunswithscissors,1623466226.185424,11,Flaweless moon  - your English is better than the President of the United States.,,UfmFIEh2QjU
UgxYMQnuMWt4dJdC_9p4AaABAg.91jC8h2PwRt91jMLntmqUG,@Z_0117,1591930249.660031,11,abdulahi mohamud  because people made it that way by media.,,UfmFIEh2QjU
UgwHcbJvbqCuKzYkC6R4AaABAg,@rrickarr,1623466208.977025,11,"What this report does not talk about:
--Finland is an homogenous society, they do not have the reams of immigrants who cannot speak the language in the way that an American school does
--Finland does not have the type of poverty that the US has or the disparity gap.
--Finland's education is not politicized as it is in America
After having said the above, please tell me what Finland contributes to the world!
Who runs to study at a university in Finland?",,UfmFIEh2QjU
UgwePtXod7AoP_ghTdZ4AaABAg,@dididogster9994,1623466213.073929,11,And all schools get treated equally. How is it paid? Taxes. Yes that evil word America. Somehow a country with barely any increase in taxes is doing better than your shithole.,,UfmFIEh2QjU
UgxqTDuEuVlqZFoKVqF4AaABAg,@miguelredfoot4443,1591930230.695783,11,Man forget America,,UfmFIEh2QjU
UgyPcfEUlyIFW1aUXu54AaABAg,@RalKrish,1623466227.326823,11,"People concerned about America, 
Then India 🤣🤣🤣🤣🤣🤣🤣",,UfmFIEh2QjU
UgxGqtVFGQ4GdLmKbN54AaABAg,@jjburst2876,1655002199.361333,11,Bruh I’m stuck wit trash school and 10 min recess  and trash lunch,,UfmFIEh2QjU
UgyAum-jWtxHErLfNbN4AaABAg,@hjrveththyh7959,1591930248.090224,10,"You are all silly, Finland isn’t real.",,UfmFIEh2QjU
Ugy8dxJpqB9T8uSYMwh4AaABAg,@larabajin1754,1686538197.56568,10,I'm jealous,,UfmFIEh2QjU
UgwVBHfTnbVYFpt1OHx4AaABAg.9Cn4KTwHX5K9D5gl5-1sKF,@viveksinghal1843,1623466221.784057,10,It's the whole system,,UfmFIEh2QjU
UgyCqmegbB7WptP7vNN4AaABAg,@davidmerino1479,1655002201.712345,10,Should I move to Finland?👀 for college/university,,UfmFIEh2QjU
UgzVsS19KYzt8_CyLHp4AaABAg,@icession4872,1623466213.076169,10,yeah when I'm actually done with this stupid mind breaking school of mine I'll just go and school in Finland cause dang i envy them,,UfmFIEh2QjU
Ugxnx8P0HWe1zXXoTBd4AaABAg,@rianlovescats2867,1591930236.129971,10,"claps in Canadian :,)",,UfmFIEh2QjU
Ugx8U55xbGhPOF8HqJR4AaABAg.9BsJAx2fmZP9C3EzSP409X,@goranmilic442,1623466227.808118,10,"You are not proving USA system is good, you are only proving it's better than in India.",,UfmFIEh2QjU
UgxYMQnuMWt4dJdC_9p4AaABAg.91jC8h2PwRt91nki08V5k6,@mckraybtw,1591930249.663374,10,"No it's not, a lot of young university students committed suicide because of the stress that the University gives",,UfmFIEh2QjU
Ugzgdk05p437JxS8R7t4AaABAg,@marjoryshaneblanco4815,1623466216.563368,10,ph panakaw naman educ. system nila,,UfmFIEh2QjU
UgzYT7mTwCuv05luyP54AaABAg,@am7x170,1591930241.241199,10,Indian system is the worst.I am depressed,,UfmFIEh2QjU
Ugw99wdQWvVTGMsCJqN4AaABAg,@seungie7459,1686538197.560489,10,He looks like a certain Twitch politics man 😀,,UfmFIEh2QjU
UgyNE2ecgtEzhYJjdht4AaABAg,@mrwizzardknight,1591930233.39244,10,Yay! 😃😃😃😃 The Finns are the best! 😃😃😃😃👍👍👍🇫🇮🇫🇮🇫🇮🇫🇮 Screw all the boring shit about we English always yacking on about wor monarchy! 😝😝😝 I want them do do a documentary about all you totally awesome lovely Finns! 😃😃😃😃🇫🇮🇫🇮🇫🇮🇫🇮,,UfmFIEh2QjU
UgyMFj8EzliU_lqAro94AaABAg,@perrofachero2019,1623466204.279175,10,Reason 6: idiots educate idiots to call the USA america.,,UfmFIEh2QjU
UgygId_9LEaBi0IbU2B4AaABAg,@nicodraws5384,1591930230.694486,10,Tf did that kid do for the cop to manhandle him like that?  Complete bullshit.,,UfmFIEh2QjU
Ugxg4_lt_dMG7FESYGR4AaABAg,@vasumasu2726,1591930233.378228,10,Thank you and I live in Finland,,UfmFIEh2QjU
UgzQyyq4ZoM3QIz5zyB4AaABAg,@trevoryin,1623466213.065436,10,The only brand i know is Nokia. Dont know what 's the best educated people doing ..,,UfmFIEh2QjU
UgwzygVuLZmLVnnCgXh4AaABAg,@destpot,1655002201.730137,10,hey chat,,UfmFIEh2QjU
Ugwvke4nSE0JwC4OD2p4AaABAg.92VJ-VIMaHR92lUBPRogdF,@caca5222,1591930246.54138,9,"Friendly reminder, it's not a competition❤️ Love from Finland🇫🇮",,UfmFIEh2QjU
UgwUVBuH6_WgsIVQHGt4AaABAg,@camthedestroyer1490,1591930230.69821,9,What did that kid do to have the cop get him like that?,,UfmFIEh2QjU
Ugy43uxgB5vEAT7bXat4AaABAg,@김선미-k1k3s,1591930248.095279,9,"From korea. I had to stay at school from 8 to 12, for 16 hours a day.. When I was a highschool student.",,UfmFIEh2QjU
UgztcTW_bcKdP4eMNgd4AaABAg,@christopherjayjunio7444,1591930248.101955,9,Philippines' education system. Every test is almost like the teacher wants you to enumerate stuffs and they always give useless homeworks.,,UfmFIEh2QjU
UgzN1f72Vf8EvblNiqF4AaABAg,@elminmujetic9779,1591930236.148567,9,"Why the heck don't we have this around the world, in that way, everyone would be smart",,UfmFIEh2QjU
UgxSMDJqWquc0l6pbxZ4AaABAg,@diviadinsyah8555,1623466213.070523,9,What's wrong with 3:58?,,UfmFIEh2QjU
UgzVPUCcH1IwyXmwEtF4AaABAg,@vickyyuan7016,1591930248.10298,9,I wonder if there could be really without any standardize test? is that practical? and how you inspire students to learn?only by interest ?,,UfmFIEh2QjU
Ugxe1wqeZVpPR0o44nR4AaABAg,@mmmm-lg2mj,1623466208.987503,9,"And also, in Finland you HAVE to go to school for 9 years, you can't drop out before that",,UfmFIEh2QjU
Ugx3xpLVMrJgKLM54gx4AaABAg.936g9YtX3oc93wlAa1zXxw,@senxue,1591930243.496129,9," @shalommalca2125  No, no, no. I think you're getting the wrong idea here. Your comment made no sense whatsoever that even a person with 160+ IQ wouldn't understand it. Well it's not like I expect you to understand this comment either.",,UfmFIEh2QjU
UgwqTfupIf2FqvE4foJ4AaABAg,@marisolrojas7973,1623466213.071659,9,I would appreciate the info much better if you didn’t bashed USA. You should therefore moved to Finland,,UfmFIEh2QjU
Ugx6pAHhNusrLBkqthd4AaABAg,@bottleofwater1675,1591930245.779128,9,Mexican education is better than American,,UfmFIEh2QjU
Ugz_aHiLkw8q3V-Z1Kp4AaABAg,@sharathshivashankar2419,1655002201.721343,9,"Kudos to Finland.  I agree Finland is a peaceful, well-managed country and nobody has anything bad to say about it.  However, how has its education system benefited the world?  How has it enriched our society, what are the contributions of the generations of Finns who have graduated from their school system?",,UfmFIEh2QjU
UgyQGGhSApoV9KBVqpp4AaABAg,@martynaskerdokas8438,1591930245.782592,9,Awful metal music ?! Boy all metal is good metal !!,,UfmFIEh2QjU
UgxQTE1C8TmBvj6wZf94AaABAg,@liamcronin6905,1591930233.37953,9,No child left behind did the exact opposite of what it name was,,UfmFIEh2QjU
Ugz2TdkNc-UoEJNqvVt4AaABAg,@Wandering.Homebody,1623466216.562213,9,"""Literally"" NO child gets left behind? Hyperbole much? Very, very doubtful, in this absoluteness.",,UfmFIEh2QjU
Ugw6ZdtQmbQfZCg_TC14AaABAg,@RandomAnimator113,1655002201.725274,9,I wish I move to Finland but I can't due to my parents don't have enough money for it to get better education.,,UfmFIEh2QjU
UgzkSEg_yRJT5aOol_h4AaABAg,@nofy7819,1623466221.48308,9,"People over here talking about how usa education system sucks.






Jee: let me introduce myself.",,UfmFIEh2QjU
UgyMF-PvKdJJyfPCtyp4AaABAg,@haqiqetha1790,1623466204.261457,9,The world greatest schooling system and Canada also,,UfmFIEh2QjU
UgwwfQImvDobwkIh3s14AaABAg,@Thedhilwar,1591930233.390389,9,3:57 That's Terrible. How brutal even education Institution is.,,UfmFIEh2QjU
UgzP0mRF8Dqj2C1gqWt4AaABAg,@sarangabaishya963,1591930233.37526,9,I wish I studied there,,UfmFIEh2QjU
UgyZ5ARI-hJRya4SsAx4AaABAg,@simply2sophisticated,1655002199.355192,9,"Interesting: maybe if America taught reading writing and arithmetic instead of CRT and sex education, maybe just maybe we could produce students.

Good vid!!",,UfmFIEh2QjU
Ugz4eQL_e-nCochl4i54AaABAg,@NotR00t,1623466216.555985,9,laughs in middle eastern,,UfmFIEh2QjU
UgxYMQnuMWt4dJdC_9p4AaABAg.91jC8h2PwRt91rRVeOsmHb,@20somethingsworld97,1591930249.66569,8,"because america is good at promoting through their use of social media, tv , movies etc. It just has a prestigious name. Regardless, whatever college you go to is bound to get you whatever job you were seeking. All these colleges are for show low key. Why pay thousands of more dollars just for reputation when you can get the same degree cheaper, at a community college or less prestigious university? Plus your peers in the less prestigious unis/colleges are bound to not be as ""smart"" as society puts a lable on them so you can work extra hard or relatively hard and still get marks easier versus being sorrounded by a bunch of bishes who were competive since they were young",,UfmFIEh2QjU
UgxC83kCa0p-YaM6ygB4AaABAg.9C1pr12xo7g9C8oosB7Ju7,@LazarJaksic,1623466225.238816,8, @goranmilic442  I mean the guy is a Trump supporter why continue arguing with him lmao The fact that he think quality of life can be measured by GDP says it all.,,UfmFIEh2QjU
UgwbD-7Nv0604IsaCut4AaABAg.93gZQlgNPpi94eW5RbOopC,@SatumainenOlento,1591930242.148686,8,"Actually, Finnish system was built up, it did not appear overnight. It takes time to change any system and cultural attitude, but if you never start, nothing changes.",,UfmFIEh2QjU
UgwX74GMaN5BrH-tRPp4AaABAg,@limuss1,1623466221.487203,8,"Worst education system is here........ 
Competition after Competition 'Exams after Exams'Tests after Tests. 
In a fact I live my half life in Examination centre and another half in class rooms.",,UfmFIEh2QjU
Ugy-k8HFeWJGHOZKDCZ4AaABAg,@froggy2720,1591930230.701788,8,"Wow, so that is what you can get when everyone just respect each other.",,UfmFIEh2QjU
UgyA3Aahih_mz8tuGSh4AaABAg.98xhE-c_aax98yIfhNN8x_,@lilbaniaigaming3482,1591930233.609917,8,I hope every indian gets it,,UfmFIEh2QjU
UgyRZLDfF7wXRpK40xx4AaABAg.9VfBx3WnfqM9WGxXPdS0m8,@wildfox1562,1655002201.391702,8,"Lmao he mentioned Trump once.
Also I don't really think you need people from Finland actually saying how things are there. What is gonna change? Are they going to argue against proven statistics?
Also I don't see anything bad in pulling younger audience to watch his video and the rest of your argument was pretty much nonsense.",,UfmFIEh2QjU
UgyoZnpJr9bLJaK9xFl4AaABAg,@MKarhu05,1655002199.362471,8,"For Americans, changing the teacher qualifications level to the same as required in Finland (master's degree in education), will take decades - including fighting the strong resistance by teachers unions.",,UfmFIEh2QjU
UgxzJd7du2ukwFze9sN4AaABAg,@xo_kingkobra,1655002199.365758,8,it’s really funny seeing hasan in a video like this after years of only watching his streams,,UfmFIEh2QjU
UgypQ-7YLM9hYWDtV3h4AaABAg,@martinmacariola688,1591930233.389272,8,Shout out po sa mga grade 10 ng apec schools,,UfmFIEh2QjU
UgxC83kCa0p-YaM6ygB4AaABAg.9C1pr12xo7g9CAwANtRDqc,@thehedgy3647,1623466225.558033,8,ClarksonsinUSA finland has a population of 5.5 million whilst the u.s 329 million. You really aren’t helping the American stereotype. Also Nokia still remains to this day the most sold phone brand in the world,,UfmFIEh2QjU
UgwVBHfTnbVYFpt1OHx4AaABAg.9Cn4KTwHX5K9DFHA8q9Uzb,@jashonwestbrook3362,1623466221.788549,8,School has been turned into work rather than an everyday activity that is to be enjoyed.,,UfmFIEh2QjU
UgzTfSeE4QHqGNW8ofF4AaABAg,@vonkolbach2138,1591930233.394481,8,"It starts with a strong family and discipline, look at the top five schools systems, what else do these countries have in common, hmm. Kitos.",,UfmFIEh2QjU
Ugw1pmJ5GeuOz6vf5mN4AaABAg,@Rihannabynum,1623466208.972759,8,When I have kids imma move to finland,,UfmFIEh2QjU
UgzjAiSljV85npE0E4p4AaABAg,@ben94774,1591930230.682528,8,by now I'm almost finished with school but I'd move there just to let my children live school without stress or anxiety. I wouldn't want them to go through what I have. Italian school is just too much 😣😣,,UfmFIEh2QjU
Ugz5_sKUoDvRPqiZnfh4AaABAg.9CLvUtsCno99CnNwh49Jj4,@ertzuka1899,1623466223.096315,8,"We don't have high schools here in Finland, We have 9 mandatory years while America has 12. We have Lukio which is similar to American high school but not mandatory and only 3 years. I'm pretty sure he was talking about the mandatory part ""peruskoulu"" and during that i rarely got homework because its not mandatory to give any like in america. Im pretty sure he meant it like that. Its very hard to compare our system to Americas system because its so different. Mä oon Keravalta btw.",,UfmFIEh2QjU
Ugze2Dlk6DBuBymsCz54AaABAg,@relentless3727,1591930248.099852,8,It also helps that their population is so low,,UfmFIEh2QjU
Ugxokplf8CKmGqjRAjp4AaABAg,@schnebot,1623466216.558568,8,i love how ironic this is 0:03 because america is a continent and not a country.,,UfmFIEh2QjU
UgzsxQVabTTuxOztWZR4AaABAg,@TheKeithvidz,1623466213.081282,8,shame for USA and my nation-which 2020 denied kids free laptops.,,UfmFIEh2QjU
Ugw7S5XycmHpb0VOXQR4AaABAg,@Phear6ap,1591930230.704986,8,But how do they handle bullying? How often do they not ignore the actual bullies and punish the victim?,,UfmFIEh2QjU
UgzToxvIysnKR6xxGYJ4AaABAg,@barnacles1352,1623466227.32125,8,America focuses on business too much while nordic countries are more about the people,,UfmFIEh2QjU
UgxC83kCa0p-YaM6ygB4AaABAg.9C1pr12xo7g9CBOU8AkENO,@thehedgy3647,1623466225.566762,8,"ClarksonsinUSA dude, why do you get so mad so easily. No one would say anything about you if you were more open minded and understanding instead of shouting USA, USA, USA. Also what does this have to do with barbarians and romans. Us Fins don’t have a bad history with the us, and now i would assume that you think that anything that isn’t the U.S is China, Mexico, or Russia.",,UfmFIEh2QjU
Ugxru6lsULg-EkJaGUR4AaABAg,@pelimies1818,1623466221.473875,7,"USA should not improve their education system.

The reasons are obvious.

- D.Trump
Lets Make Trump president Again",,UfmFIEh2QjU
Ugwo2GQw-bufl89pUJx4AaABAg,@jakethomas216,1591930245.780958,7,Is this the long lost Jonas brother?,,UfmFIEh2QjU
Ugz2TdkNc-UoEJNqvVt4AaABAg.9DEHsloslRB9DH2NwGziK6,@nerdomatic2489,1623466219.089561,7,"You're toxic and arrogant, yet judge others' intellect. Troll.",,UfmFIEh2QjU
UgymX77XFjGaMEXnG1B4AaABAg,@acetherielle4285,1623466208.983859,7,"I' fuckinh crying right now, watching this before an exam tomorrow, I want to transfer to Finland😭",,UfmFIEh2QjU
UgyYn0pOKiGLo8LdxON4AaABAg,@edmund6392,1623466208.984788,7,The “socialist “ society the GOP are so afraid of.,,UfmFIEh2QjU
UgwE-Pu1r6-go3fD8Wp4AaABAg,@cosmo9390,1655002199.352522,7,You forget to mention the most important reason: Finland has mostly Finnish people.,,UfmFIEh2QjU
Ugzs0NrjIj2cGnKFctB4AaABAg.9D-GzJFTXMd9D4dfM4UPyX,@meyouweaboo1551,1623466220.056694,7,"It
Hasn't
Changed
In
S O 
L O N G",,UfmFIEh2QjU
UgxC83kCa0p-YaM6ygB4AaABAg.9C1pr12xo7g9C8PUl40G-J,@goranmilic442,1623466225.234348,7," @ClarksonsinUSA  You asked what they produced. Past tense. And they are still in Finland, no matter who ownes them. Also, USA are country with size of the continent, you can only compare Finland with one region of US, not whole US.
I saw your account, interesting stuff there, but that's have nothing to do with Finland. My account is empty because I'm not interested in making content.",,UfmFIEh2QjU
UgybnFi_Zs2zO7YS45d4AaABAg,@Hox5124,1623466208.971609,7,"Another thing is they dont put the same thing in the all students head like people have diffrent Dreams. For example:someone want to be doctor but other want to be mechanic but schools put the same thing in both of their head 
But Finland have is diffrent. Instead of asking their job after 9 years of education they ask in the start of the education and teach them exactly what they need for the job not entire math or not entire anything else",,UfmFIEh2QjU
UgxS6l238WYWedTSIGJ4AaABAg,@kingmaster04,1623466227.32581,7,"I legit said ""Excuse me, what?"" when I see 3:57
 Maybe it's because I never live in America that I don't understand but such a sight is simply unthinkable for me. What did that student even do that earn such a treatment? Committing a massacre?",,UfmFIEh2QjU
UgxRY27wE5UnhrTf5e94AaABAg,@Romaldochristopher5572,1686538197.562449,7,Finnish people are very lucky to live in their country. 😢 But it's sad for me that I'm living in a country where marks and money bother but education almost useless .,,UfmFIEh2QjU
UgxC83kCa0p-YaM6ygB4AaABAg,@ClarksonsinUSA,1623466221.482053,7,"Why then does the USA produce the titans of tech,Amazon/Google/Apple/Tesla/Intel/Microsoft/AMD/etc????  And Finnland has produced?? Total Silence! 
And why are the majority of top universities American??? :)",,UfmFIEh2QjU
UgxC83kCa0p-YaM6ygB4AaABAg.9C1pr12xo7g9C8X4oL5TV7,@goranmilic442,1623466225.236696,7," @ClarksonsinUSA  Sure, GDP per capita is much better than counting companies and I do prefer it. But, as I said before, GDP is a result of many factors, education being only one of them. How can you prove that Finland with US education wouldn't drop or that USA with Finnish education wouldn't be better?",,UfmFIEh2QjU
UgwbD-7Nv0604IsaCut4AaABAg.93gZQlgNPpi94VO_SkuiKO,@samusammale766,1591930242.147407,7,"That is a little silly. This is an educational system we are talking about, not some hobby idea that sounds fun for someone but would not work for others. Sure there are cultural differences that can have a create doubts and negative thinking in individuals, but making changes now can easily provide a better future for the american education system and for the newer generations of children. We all know that all is utterly garbage right now",,UfmFIEh2QjU
Ugxc3G6XFCOgaUnXNZV4AaABAg,@Anthony-ix3rp,1591930236.151631,7,"In Australia we overload the students......yes, less is more !",,UfmFIEh2QjU
UgyJmNj3SY-UCQiwFHF4AaABAg,@neru8104,1591930236.137607,7,"The whole reason it's not changing here, or slightly changing--but for the worse, is because the way it is now it makes the most money possible for the people controlling everything
And we all know that anyone will do anything for a quick buck or to retain power/a position
It's all about that sweet sweet green $$$$",,UfmFIEh2QjU
UgxIrwfjrFHRPHKB6Z94AaABAg,@justover679,1591930233.383424,7,Is this guy hasanabi on twitch?,,UfmFIEh2QjU
Ugx8DVrqmLqEsFjgDqp4AaABAg.9EdnoTDkmBL9FVrTbHtfcu,@teenielimz,1623466215.995894,7,pls dont,,UfmFIEh2QjU
UgxcwdRfzUS6xsiQAlt4AaABAg,@nier-mage8669,1623466221.478669,7,So they play on easy mode,,UfmFIEh2QjU
UgwqTfupIf2FqvE4foJ4AaABAg.9GW9gJsqTog9IaDuZYYBkw,@lauramessy,1623466214.286544,7,"y'all can't take criticism, that's why the education is bad",,UfmFIEh2QjU
UgyyoxkrnXk61KhQlxZ4AaABAg,@debbie3453,1623466227.328866,7,I can’t agree with all of this,,UfmFIEh2QjU
Ugze3l4LobN2IR8OVS54AaABAg.9MU6h_-Nj6K9Mjd5RuyY0X,@cantankerousmanul,1623466207.435114,7,"This is not true. Swedish is still highly required language despite that its need among employers has decreased from 65% to 50%. Swedish is most needed in the service sector, less in industrial jobs. However, in areas where there is a lot of Nordic co-operation, such as the financial sector, as many as 80% of companies emphasized the need for the Swedish.",,UfmFIEh2QjU
UgyiPZIoORlbK5TorBZ4AaABAg,@marjoryshaneblanco4815,1623466216.564515,7,omyy gaddd nakaka inggit depota,,UfmFIEh2QjU
UgwLuLVqSthpXbWZR4F4AaABAg.9Aw-D-_BzBe9BYjV7I3WFw,@buneneman1901,1623466229.267559,7,"Coming from a Finn: Luckily, most prople to go to high school or a vocational school. After that, people will apply to university or upper vocational school WHERE the students learn how to do their job. It's weird to expect that a student who just graduated would know how to already do a job without training. In Finland school is about finding yourself, growing as a person and a citizen and giving information which can be applied to different aspects of studies, work or life.",,UfmFIEh2QjU
UgzK9UMdX9O-uXDFHXF4AaABAg.9C87qpkvQKY9CCKjLyw8E8,@thehedgy3647,1623466224.205326,6,"Mark Armage Ja täältä tulee (rummutus) se tyhmä amerikkalainen jolla ei oo hajuu mitä se sannoo, eiks nii apu :D :D",,UfmFIEh2QjU
UgwswwIWWQ1xpxM7tCF4AaABAg.9LV9KI1MXzL9MGk03Ldxw5,@drstronk,1623466210.190342,6,true.....and btw i am also from india who is in 9th grade and suffering now....,,UfmFIEh2QjU
UgzHBG4yc6By2n_4eEB4AaABAg.9AzSWZrQmvo9B36Nb6HgzV,@nandasundstrom3426,1623466229.041543,6, @i-can.t  I didn't say that there were no good parts🙂,,UfmFIEh2QjU
Ugz_fTfnvBX29exiV6J4AaABAg,@jotrai,1686538197.567636,6,Dude I choked on my spit when I saw Hasan,,UfmFIEh2QjU
UgxJQkJLsn9HIixrjUB4AaABAg.9DUXeoSdy6g9LWf-07-bBM,@aqilhail9063,1623466217.358379,6,Where the Restart button?,,UfmFIEh2QjU
UgwHcbJvbqCuKzYkC6R4AaABAg.9KjxWse_7nL9LEWHj203-R,@markhodges5754,1623466210.474601,6,Ive lived in Finland and it was wonderful!!!!I got transferred back to Amerikkka right in time for Fascist Trump's election in 2016.....,,UfmFIEh2QjU
UgzMbDqMoWDrsAvzskl4AaABAg,@presidential8818,1591930248.091519,6,"Guys, Im Chinese, so umm yeah, America is paradise.",,UfmFIEh2QjU
UgyS9m1JD9sP6YJj0IB4AaABAg,@gn7867,1686538197.561138,6,USA #1?? 😂😂😂😂😂😂😂 In polluting the Earth?……Strip clubs?,,UfmFIEh2QjU
Ugxru6lsULg-EkJaGUR4AaABAg.9CFMgLzC_pW9CKphpy_YM2,@pelimies1818,1623466223.422517,6,"If you can’t figure it out:
The only way assuring his 2020 presidency, Trump needs the voters not to get too smart..",,UfmFIEh2QjU
UgzK9UMdX9O-uXDFHXF4AaABAg.9C87qpkvQKY9CG3XvLdHEQ,@thehedgy3647,1623466224.760606,6,"Mark Armage oh, poor pal. Hmm I wonder why the Finnish students score so much higher than the u.s students. You for sure aren’t a good example of a smart American student.",,UfmFIEh2QjU
UgzYT7mTwCuv05luyP54AaABAg.92sucuYFdCu92tjqrdUJ9U,@godisinside2223,1591930244.463536,6,"Corruption, population,worse education system,lack of communication between teachers and students and parents higher expections.",,UfmFIEh2QjU
Ugz-JHnT9ayu0lUL_l54AaABAg,@VNn2023,1686538197.563095,6,USA is not number one in everything!,,UfmFIEh2QjU
UgwbD-7Nv0604IsaCut4AaABAg.93gZQlgNPpi94DRI3VPEUV,@Ananya-we2fo,1591930242.14336,6,"Just because math works for that iNtElLiGeNt girl in my class, doesn't mean it would work for me.",,UfmFIEh2QjU
UgxuzIAvheob9gQKonp4AaABAg,@_Queen_Jasmin,1591930236.12787,6,SUOMIIII 🇫🇮🇫🇮🇫🇮🇫🇮🇫🇮🇫🇮🇫🇮,,UfmFIEh2QjU
Ugy-qafunnDzn7aKDvV4AaABAg,@johnnywhite58,1623466227.310724,6,You're not number one in ANYTHING. Oh sorry prison population. Etc etc,,UfmFIEh2QjU
Ugy5f6lPMPfnQ05p7vN4AaABAg.9BCfbzxqAJ99Bg9KbaeuFk,@spiderman-xj6yr,1623466228.30614,6," @darkmemes7531  man,we Indian's have a very primitive education system,where you mug up all things and vomit it in exam,At least these things don't happen in Us",,UfmFIEh2QjU
UgyIZuuXt-kstGj48Px4AaABAg,@markr1550,1623466213.069293,6,"The difference in funding in US schools is, to an extent, a myth.  In NY State, for example, one of the highest funded districts is a large city district (not NYC) based on per pupil spending, while two affluent suburbs of the same district are 1st and 10th lowest.
Also in NYS, a masters degree is required, but the system won't trust them to actually do their job.
The difference is a small homogenous country, a commitment to education from parents and society, and a philosophy that everyone passes, no matter what.",,UfmFIEh2QjU
UgzK9UMdX9O-uXDFHXF4AaABAg.9C87qpkvQKY9CDEB2BmUGM,@thehedgy3647,1623466224.210141,6,Mark Armage it just happens to be the global leader of education. Maybe we aren’t “ overly privileged idiots”.,,UfmFIEh2QjU
UgxqmAQQM2YL39dd0IJ4AaABAg.93TGvkF6Wf994EMMlC6gFH,@os.a.m.a,1591930242.433539,6,That's because u haven't tried our schools,,UfmFIEh2QjU
Ugxvy2qwbhdTljAcmHN4AaABAg,@dudeperfectly6634,1623466204.274086,6,"If they lead in education, that must mean they haven't classified math as racist",,UfmFIEh2QjU
UgzqasD1tzv9Vz8RImR4AaABAg,@brianhong5070,1623466204.269907,6,Me after graduating high school: I go to Finland,,UfmFIEh2QjU
UgyMuNmaVUXCEQTcnAt4AaABAg.9CEjjAL-G129D0czsuiNn3,@georgez8485,1623466223.946352,6," @jellohunter7981  sorry but the most green card applicants ain't coming from the developed countries. Most of the applicants are from third world countries where their economic situation is awful and since the US is English speaking, that's one of the biggest reason anyone wants to go there. Ah and btw obviously it's easy to have the biggest world economy when your own country is 28 times bigger than that of Germany.",,UfmFIEh2QjU
UgzoMjsYg8xsbWsM2YV4AaABAg,@СимеонДойчинов,1591930241.234612,6,"Frankly, if we talk about IMO Finland is not that good.",,UfmFIEh2QjU
Ugx3xpLVMrJgKLM54gx4AaABAg.936g9YtX3oc93VJhFP4RAO,@iapologizeformyselfishbeha4889,1591930243.493147,6," @shalommalca2125  No, literally your comment made no sense. There were no periods or commas so I have no idea how to read it, because its so confusing. Weren't you taught that in school?",,UfmFIEh2QjU
UgwieAfYNlYM_O4bx0R4AaABAg,@antonbenz09,1623466221.472573,6,Overall was good to watch until you qualify immigrants,,UfmFIEh2QjU
UgzK9UMdX9O-uXDFHXF4AaABAg.9C87qpkvQKY9CGXhPkfk9e,@fbitheagentguy8781,1623466224.771912,6, @markarmage3776  holy shit you have a big ego,,UfmFIEh2QjU
Ugw7S5XycmHpb0VOXQR4AaABAg.993J24XCvYW99L7JM2ork6,@roponen332,1591930232.614126,6,"As a Finnish student I can answer for this:
Bulling happens in every school and in every ages. But it's mostly just invidual thing. Also the social network between home and school is very strong so when get bullied, it's hard to not notice it. Then we can find out what's going on and who's the quilty one and decide the punishment (ofc it's not too ruff but enough good to minimize the risk of starting bullying again). Also there's several movements which fights against bullying and helps and cooperates with the schools. 
These are just few main points but overall, here's much less bullying and more help for the students. 

Sorry if my text isn't grammatically perfect but I'm rn too lazy to concentrate so much 😂",,UfmFIEh2QjU
Ugxc9dyxpS_JlGGXDp14AaABAg,@TN4theWIN,1623466221.47517,6,The elephant in that classroom is also white.,,UfmFIEh2QjU
UgzzR2AP72hp4zqenh14AaABAg,@marikotoyoko,1623466213.077194,6,"そういえば、どれぐらい前になるのか、通っている大型スポーツクラブで話をするようになったオーストラリア人の若い男が同じような話をしていた。また、若い時分にアメリカに渡りアメリカで勉強してアメリカの会社で働いていた男も同じような事を言っていた。こんな風にさ。

　「アメリカはうるさいよ。俺が一番だ！、俺がNO.1だ！、ってさあ。」

　何故だろうなあ。多分、それは支配されてしまっているからなんだろうなあ。鎖に繋がれているワンちゃんと一緒だ。首輪に繋がれている鎖を引っ張りながら、ワンワンワンワン吠えまくる。自由に歩き回っているワンちゃんはストレスが無いから吠えない。自由に歩き回れるからなあ。吠える必要がない。アメリカはアメリカの支配者である御主人様の気持ちを感じ察して吠えているんだ。そして、これまた、そんなアメリカに支配されてしまっている日本も同じように吠えてはいるなあ。こんな可笑しな吠え方だけどなあ。

　「世界中の人達から愛される日本って素敵だと思いませんか？」

　無駄吠えだ。何の意味もない。負け犬の遠吠えだ。そんな話から、フィンランドは誰にも支配されていないんだろう。自分たちで自分たちの国を統治出来ているんだろう。自分達自身の中にもフィンランドを悪意に満ちた了見を持って支配する者もいないんだ。まあ、大人なんだ。だから自由に子供達を教育出来るんだ。何が正しくてそうなるかを考える事が出来るんだ。対面的な立場から子供を叱ったりする両親がいる事実を見ているのを考えてもそうだ。世間体を横目に見て考えて対面的に何の内容もなく叱るんだ。でなければ、世間様に何をされるか分からないのを恐れてさ。本当に何かに繋がれてしまっている人って勝手なことを吠えている。それは権力の傘に繋がれていたり、くだらない規則の傘に繋がれていたり、遠い昔からある慣習から来る無知の傘に繋がれている。そして、考えようとしないし出来ない人達になってしまっている。それが日本人のような気がしないでもななあ。均一人間金太郎飴人間になってしまってさあ。

　令和２年１１月４日（水）晴れ　１８°　午後１２：５０　世田谷区より。",,UfmFIEh2QjU
UgzK9UMdX9O-uXDFHXF4AaABAg.9C87qpkvQKY9CCKTAOkNl6,@thehedgy3647,1623466224.203428,6,Mark Armage we don’t even export oil.....,,UfmFIEh2QjU
Ugx_3XCEhyL7CUugAp94AaABAg,@miaumiau279,1623466204.268744,6,"When I see Hungary in the list as 4th as a Hungarian, and cannot believe that it can be worse in other countries",,UfmFIEh2QjU
UgzaEM_HL8WXapO5tmp4AaABAg,@ashfakurrahman3982,1591930248.098708,6,Wow finland have no exam,,UfmFIEh2QjU
Ugy5rs7osn6rX0zY-ad4AaABAg,@aatutimonen4652,1591930241.243232,6,Mitähän  vittua,,UfmFIEh2QjU
UgxYMQnuMWt4dJdC_9p4AaABAg,@abdulahimohamud4643,1591930248.100932,6,"If they have the best education,why is oxford and harvard universities are the best?",,UfmFIEh2QjU
UgwlNrxqpMV3sHG7OYB4AaABAg,@eeshapopat4067,1623466208.968057,6,In US there is no motivation to do work everyday after school I really don’t want to do my homework but I have no choice,,UfmFIEh2QjU
UgzLZLEwOOGchC7RwWR4AaABAg.9G9K8yillAL9HN7SdukM8e,@johnytvhateaccount3323,1623466214.5315,6,cop drags kid out of chair and throws him on the ground.,,UfmFIEh2QjU
UgzyP80aco3TbK-XhI94AaABAg,@tstcikhthys,1655002199.367816,6,"Well 37th is actually surprising considering many people in the US refer to the country as ""America"" and some can't even point to it on a map, let alone other countries like Finland.",,UfmFIEh2QjU
UgxX8Fa4fpJv5iRg5EN4AaABAg.99L7h4kE1Do9ANC5E1_ZJ9,@dreamimgflowerd976,1623466232.143004,6,Every european country would be shocked. I’m also surprised that they need a freaking pass to use the toilet and have police patrolling around.,,UfmFIEh2QjU
UgyTtDXZKlgSfS4oeHV4AaABAg,@josephsaint4698,1655002199.360174,6,"End of public schools ls and establish charters schools for flexible hours for students and parents a day to save on daycare, scheduling children at certain hours of the day reduce pollution smaller classrooms and more efficient education services a save the average single parent over $700 a month. and stop wasting money on daycare, the schools should work around us so we can spend more time with our children and do the only job we were born to do teach our children how to survive and thrive.",,UfmFIEh2QjU
Ugwv6m2fx7enYV_tf054AaABAg.9jYXilx1k6b9jlXP22Xfc8,@HistoryBlitzed,1686538198.323353,6,wtf,,UfmFIEh2QjU
UgygvQt7wIwDVVsjaX54AaABAg.9EkSwu9rmwB9IaHEzxqwwH,@lottavuorinen,1623466215.718679,5,actually im a high-school student in a finnish school and we get ALOT of homework. Dont let these videos give you fake information.,,UfmFIEh2QjU
Ugx8DVrqmLqEsFjgDqp4AaABAg.9EdnoTDkmBL9FTymsi8kZs,@reothomas7624,1623466215.993243,5,I hate everything,,UfmFIEh2QjU
Ugwvke4nSE0JwC4OD2p4AaABAg.92VJ-VIMaHR92lsHt3vQdo,@rudwanroni7923,1591930246.544101,5, @caca5222  this us why you guys are leading in the world,,UfmFIEh2QjU
UgzZChfKdAG2EQNAGV14AaABAg,@Denofu,1623466227.327841,5,PepeLaugh,,UfmFIEh2QjU
UgzzR2AP72hp4zqenh14AaABAg.9FcORKH5e499FxskXDChcO,@taistaples7034,1623466214.757889,5,"If anyone wants to know this translated then hear you go. I used google translate tho. 


By the way, a young Australian man who started talking at the big sports club he attended told a similar story about how long ago. Also, a man who went to the United States when he was young and studied in the United States and worked for an American company said the same thing. It's like this.

""America is noisy. I'm the best !, I'm the No. 1!""

I wonder why. Maybe it's because it's dominated. It's the same as the dog on the chain. While pulling the chain connected to the collar, it barks one by one. A dog walking around freely does not bark because there is no stress. I can walk around freely. You don't have to bark. America is barking, feeling the feelings of its master, the ruler of America. And again, Japan, which has been dominated by the United States, is barking in the same way. It's such a funny way of barking

 
Do you think Japan is wonderful because it is loved by people all over the world?""


t's a wasteful barking. It doesn't mean anything. Howling of the losing dog. From such a story, Finland is probably not controlled by anyone. I wonder if they can rule their own country. No one in ourselves controls Finland with malicious understanding. Well, I'm an adult. So you are free to educate your children. You can think about what is right and what will happen. Considering the fact that there are parents who scold their children from a face-to-face standpoint. Look sideways at the world and scold them face-to-face without any content. Otherwise, I'm afraid I don't know what the world will do. People who are really connected to something are barking at their own discretion. It is tied to an umbrella of power, tied to an umbrella of crappy rules, or tied to an ignorant umbrella that comes from a long-standing tradition. And they have become people who can't think about it. I don't think it's like Japanese. Uniform human Kintaro Ame I've become a human.",,UfmFIEh2QjU
Ugw_Z4TOCDahPA4t3ix4AaABAg.9EIJL5jOeSU9Feok3V_y-W,@sappy.3xe,1623466216.892644,5,You’d think the country with more people would change their education system to make it better for their students... yet here we are.,,UfmFIEh2QjU
UgyR1LN-_R-8BESBVFh4AaABAg,@businesseducationvlogs,1623466213.084116,5,nice useful video tips,,UfmFIEh2QjU
UgwbD-7Nv0604IsaCut4AaABAg.93gZQlgNPpi94EMEGwHYYp,@os.a.m.a,1591930242.144784,5,Aren't we all humans,,UfmFIEh2QjU
UgxhAwJcpYB-PdjEl_N4AaABAg,@BecauseSnickers,1591930241.227049,5,Hasan is my new dad,,UfmFIEh2QjU
UgxuzIAvheob9gQKonp4AaABAg.95bj_le_-Xh95i4j2T7EtG,@moustachio05,1591930236.711193,5,Koulu on silti paska ja vituttaa :D,,UfmFIEh2QjU
UgywYVi6nbtdFiZ5DMh4AaABAg.9Bz6zLWkfLI9CB_ymA3glf,@myy5247,1623466226.180673,5,"hi, im from finland and in the schools i've been in, the food is free, but everyone eats se same food. of course, if youre like a vegan or something u can get the food u want but other than that, we all eat the same food thats free. also children from like 7-11 years old usually have days that lasts about 4 hours, but the ages above that can go up till 6 hours. but if we have those long hours, we dont get homework. school here is free, and you get all the supplies from there, so youre not completely wrong, but i believe that document was about younger children. sorry if my english was bad lol :)",,UfmFIEh2QjU
UgyH87nR8GBQvYPrMnR4AaABAg,@pvahanen,1686538197.569635,5,"Finland's ranking is dropping at a breakneck pace. Education had been independent in schools. Now Politicians and senior officials make themselves important and, in their own opinion now, “invent” good new methods and projects to make the system more efficient. The teaching is now mixed up. The ranking will drop drastically.
Even officials sites block all commets.",,UfmFIEh2QjU
UgwcEjTO1SsQfnFMQq14AaABAg,@leek6927,1655002199.366794,5,It’s funny that I fist saw hasan all those years ago,,UfmFIEh2QjU
UgxC83kCa0p-YaM6ygB4AaABAg.9C1pr12xo7g9CVcH9YHOgl,@kasperi7421,1623466225.575909,5, @ClarksonsinUSA  you're a grown ass man with a iq of a blind squirrel. American people live in their own bubble where they've been fed with nothing but bullshit information. Do you even know where Europe is? Probably not,,UfmFIEh2QjU
UgxVwpEwqQmqhB8AqmZ4AaABAg,@twd_logan_9928,1591930233.373632,5,The dudesons must have went to school in america,,UfmFIEh2QjU
Ugy43uxgB5vEAT7bXat4AaABAg.924dvCGxpe6926gC_qYRpU,@rp3706,1591930249.214137,5,No wonder Korea had a high suicide rates for teenagers,,UfmFIEh2QjU
UgxjLTXG2IrLUvmBQ3d4AaABAg,@nurulzunurainibintimohdzam7,1623466204.275108,5,I need to moved there 😑,,UfmFIEh2QjU
Ugw3IuEOsFZ_gBjlSuV4AaABAg,@woknoii843,1655002201.719841,5,0:32 how could be the Czech Republic at the third place? I don't buy it at all.,,UfmFIEh2QjU
UgzK9UMdX9O-uXDFHXF4AaABAg,@markarmage3776,1623466221.479811,5,"This is adorable, they think that those dummies can beat the Asians. No, pal, they're not global education leader.
  Who rated the thing? CNN?",,UfmFIEh2QjU
UgwZWlIuS7f3Oq-zxaJ4AaABAg.9NoNOnVcXIb9OCfZ-AQGNP,@HDTomo,1623466204.83727,5,They are capitalists,,UfmFIEh2QjU
UgzxioGKbh1caGPqy9Z4AaABAg,@jamiejones8424,1591930236.134742,5,Schools colleges and universities are a lie thats knowledge right there,,UfmFIEh2QjU
Ugw4SEeVUxXpBWCVvn54AaABAg.9KM7JyKNQph9LoFePq152w,@tescobakery1927,1623466211.064311,5,​ @rrickarr  Imagine drowning in student debt. Imagine going bankrupt from a medical bill. -This post was made by a first world country.,,UfmFIEh2QjU
Ugzigy8ZdYQWh0NhSPd4AaABAg,@luckyea7,1686538199.3478,5,"According to the results of recent studies (PISA-2018, TIMSS-2019, PIRLS-2011, ICILS-2013), based on the average score of students, the best school education systems in the world are:

1. Singapore - 586 points
2. China - 579 points
3. Republic of Korea - 556 points
4. Japan - 554 points
5. Finland - 532 points
6. Russia - 529 points
7. Poland - 527 points
8. Ireland - 526 points
9. Estonia - 525 points
10. Canada - 523 points

- PISA - International Student Assessment Program
- PIRLS - International Study of the Quality of Reading and Comprehension of Text
- TIMSS - International Study of the Quality of Mathematics and Science Education
- ICILS - International Study of Computer and Information Literacy


TOP-10 in terms of the total number of gold medals at international olympiads in mathematics, physics and chemistry is as follows:

1. China - 384
2. Russia/USSR/CIS - 374 (237/133/4)
3. USA - 239
4. South Korea - 219
5. Taiwan - 164
6. Hungary - 162
7. Romania - 154
8. Germany - 123
9. Vietnam - 120
10. Iran - 117


International Student Olympiads are actually the only objective tool for comparing the competitiveness of university students at the global level. Unlike school education, there is no global student assessment systems like PISA, ILSA or PIRLS.

Top 10 countries by number of weighted wins at international student olympiads:

1. Russia - 61.35
2. China - 27.88
3. USA - 27.84
4. Poland - 22.82
5. Netherlands - 18.85
6. Great Britain - 17.00
7. Spain - 13.86
8. Canada - 10.51
9. Belgium - 9.98
10. Croatia - 8.90

The largest Olympiad is the ACM International Collegiate Programming Contest (ICPC). It has the widest geographical coverage, in it students from more than 100 countries of the world take part. Over the past 10 years, universities from Russia have won this Olympiad and once won a university from China.",,UfmFIEh2QjU
Ugy7M1sf93yMHSWvKEx4AaABAg,@markostojadinovic757,1591930236.149592,5,"I've just watched some other video about Finnish schools, and saw that this they are learning in 7th grade, i was learning in my 1st grade. And saw that they aren't learning that much.",,UfmFIEh2QjU
UgzVPUCcH1IwyXmwEtF4AaABAg.91awJS8AgaJ91bnwHUa3I0,@Euronjuusto999,1591930250.741472,5,"We have smaller test during the school year, not big standardized tests.",,UfmFIEh2QjU
Ugz2TdkNc-UoEJNqvVt4AaABAg.9DEHsloslRB9DISaGZnNe9,@tamaeru,1623466219.093372,5, @Wandering.Homebody  i mean you're saying things unrelated to anything??,,UfmFIEh2QjU
Ugxdrp4IvPtTSGRzJvN4AaABAg,@alejandrohernandez3422,1591930236.147447,4,"I have tons of respect for Finnish school system. But what struck me was they don't have lots of immigrants so language acquisition isn't a concern in Finland as it is in the US. Finland has a population of roughly 5 million people compared to US 325 million +. Ideologically, this system could work anywhere in the world but hard to implement when you have to help immigrants acquire the native language. So no child left behind comes into question.",,UfmFIEh2QjU
UgzHBG4yc6By2n_4eEB4AaABAg.9AzSWZrQmvo9CPxjhzwQBP,@Musashi944,1623466229.051116,4,"WHO 2016 info about suicide rates:
51. Finland
USA was 34... Latvia and Estonia were higher too. Sweden 32. Idk where the myth of Finland having huge suicide rate comes from.

It annoyes me how a lot of Finns don't understand how great our country is. Especially health care and education.",,UfmFIEh2QjU
Ugze3l4LobN2IR8OVS54AaABAg,@aleksi6340,1623466204.276128,4,"thrust me, finnish school system is the worst school system ever. Im finnish. We are forced to learn swedish or we cant get a job. Nobody in the world or finland needs swedish on any kind of level.",,UfmFIEh2QjU
Ugzs0NrjIj2cGnKFctB4AaABAg.9D-GzJFTXMd9D7fQ4YoIC1,@abinothayyilsanoj4182,1623466220.05851,4,"Type ""Prince Ea""in your search bar",,UfmFIEh2QjU
UgyZSDaPnz2-wpYRCWZ4AaABAg,@ValentinoNathan,1623466204.266433,4,"America's education is better than me living in Indonesia, Americans should be grateful of better educational system than us in Indonesia",,UfmFIEh2QjU
UgwzygVuLZmLVnnCgXh4AaABAg.9RPV0qwq1qG9RPV1y58hVW,@talentedgrape6901,1655002203.608836,4,PogU,,UfmFIEh2QjU
UgwUuSWMScU7H6IVJal4AaABAg,@nahudontknowme2064,1623466204.277189,4,If only I can have a custom life 🤔,,UfmFIEh2QjU
UgylyHFXyNVqFUD3XVl4AaABAg,@lachlangmbh8947,1623466221.480959,4,"Well, in Australia, we 're targeting Asian International students to pay at least $60,000 a year so that you can enjoy Bondi Beach and help our economy.",,UfmFIEh2QjU
Ugxnx8P0HWe1zXXoTBd4AaABAg.95YqFvO4ZG1960DLB84NI4,@wooberdooba4019,1591930237.021095,4,Breaths in freedom 🇺🇸,,UfmFIEh2QjU
Ugyu3-AtDfI0mmfdiGF4AaABAg,@ShatterHumor,1655002201.728989,4,This guy seems pretty smart but his head is kinda smoll no?,,UfmFIEh2QjU
UgwN6psqYxYSJAEBg5F4AaABAg,@Kiro78,1655002201.722695,4,POV tu dois regarder cette video pour l'anglais,,UfmFIEh2QjU
UgwVBHfTnbVYFpt1OHx4AaABAg.9Cn4KTwHX5K9D1clK5gQj6,@asdfasdf4176,1623466221.78148,4,I think they DO realize it very well.,,UfmFIEh2QjU
Ugxj50uRMAexan5v5EN4AaABAg,@EDWARDDDDDDDDD1998,1591930233.38813,4,The gaokao(china) and the UNI( peru) are the test most hardtest to comparation to the test on filand,,UfmFIEh2QjU
UgyRZLDfF7wXRpK40xx4AaABAg,@sofiarose6039,1655002199.369888,4,"This video is terrible. The producers showed a short clip, pulled out of context, of a cop taking down a student that we (the audience) know nothing about, purposely used certain language and made a guy in probably his 30s look like he's in his 20s to pull in the younger audience, pushed a political agenda (socialism), and made fun of President Trump all in 5 minutes. Meanwhile, we heard nothing from actual people living in Finland or the products of their school system in this video. Though if we did, who's to say that wouldn't be skewed too.",,UfmFIEh2QjU
UgxlK75qJdxJf45EK754AaABAg,@mBurdzy,1591930233.393462,4,I love free speech. Young Turks love it too. Shame they dont respect it when it comes to Eriks comment.,,UfmFIEh2QjU
UgwWLUIJ9txbq9sPrpN4AaABAg,@optimusprime4443,1686538199.345842,4,I have been out of high school for a couple of years now and I still haven't gone to College because I'm just terrified about everything that I did I went through in high school.,,UfmFIEh2QjU
UgzsxQVabTTuxOztWZR4AaABAg.9Es_53WOiL_9F3Joa-KuBZ,@vandal5372,1623466215.075815,4,Dude in India You need to respect adults so most of the people don’t take kids seriously,,UfmFIEh2QjU
UgwxuMF1gCDEF9lmZs14AaABAg,@anmol9973,1591930241.245242,4,Finland gave coc too😂,,UfmFIEh2QjU
Ugx3xpLVMrJgKLM54gx4AaABAg.936g9YtX3oc93TH3t9XDKj,@pablocrespo2072,1591930243.489558,4,Am I the only one who didn't understand a single thing that was said in the sentence,,UfmFIEh2QjU
UgxFZYSINGN6WRc83ER4AaABAg,@drumpfzuckerberg7491,1623466213.079255,4,Nope. No private charter school scams here,,UfmFIEh2QjU
UgxeWJ_xHCPM9e9IdlB4AaABAg.95QemaqM70Z97vVwv_vBUk,@Ricky911_,1591930237.735108,4,No it isn't,,UfmFIEh2QjU
UgzK9UMdX9O-uXDFHXF4AaABAg.9C87qpkvQKY9CC9NicPhDi,@apuapustaja3655,1623466224.201595,4, @markarmage3776  Oil? :DD,,UfmFIEh2QjU
UgzHBG4yc6By2n_4eEB4AaABAg.9AzSWZrQmvo9BDkb5BYNKt,@nandasundstrom3426,1623466229.046745,4," Rohan Tandra  51% sorry, and I didn't say that Finland has the highest taxes but I think it's number 8.",,UfmFIEh2QjU
UgzHBG4yc6By2n_4eEB4AaABAg.9AzSWZrQmvo9B7hb9LcAxj,@nandasundstrom3426,1623466229.045202,4," @nilsertorrejon  I'd say that there are still a lot of good things like free food at school but most of the students here don't like school, mostly because they think it's boring. Ofcourse this doesn't apply to all of the students but most of them. I think that why you hear so much of how great the school is because a lot of the YouTube videos or other things leave out the bad parts, for example Finland also has one of the highest taxes up to 51% of peoples salary which is used to pay for the free education.",,UfmFIEh2QjU
UgzHBG4yc6By2n_4eEB4AaABAg.9AzSWZrQmvo9B6gN94f05O,@nilsertorrejon,1623466229.043548,4,"Hello Nanda, this is Nilser from Peru.
Lately I've seen a lot of good things related to finland and why would you say that happens? Why a lot of children feel so unhappy at school In your country? I'm not trying to be ofensive In any way but I'm interested In knowing the opinion of an actual citizen of Finland.
For instance, here in my country children don't like a school at all given our poor and obsolate system, our educators aren't well prepared and our goverment's funds is miserable only 3.5% of the PBI (Not to mention a lot of persons in the minister of education are corrupt) so as you can guess to me your system looks way way better and yet there is struggle.",,UfmFIEh2QjU
UgwonG5dhk-jlSJzGD14AaABAg,@adinperiasun6064,1591930241.240182,4,"Well, you didn't see russian schools if you think american schools are bad. The education in the most cool schools of Russia which costs a lot of money equel the education in common American school",,UfmFIEh2QjU
Ugz5_sKUoDvRPqiZnfh4AaABAg.9CLvUtsCno99CStw3AB09J,@annakalliolinna9368,1623466223.093429,4,ah of course we have homework just not as much as somewhere else could be,,UfmFIEh2QjU
UgwwfQImvDobwkIh3s14AaABAg.96C0qg45a0298bdagEcF7C,@Thedhilwar,1591930235.789371,4, @kanakrandheer  Land of free USA! . One day USA lost its identity as superpower to the world for its inhumanity.,,UfmFIEh2QjU
UgxHm3S4kRN5knVUzCV4AaABAg,@mikeysix3,1623466227.313723,4,"In the US were are stuck with the dreaded teachers union they stopped educating and now only indoctrinate our kids into a far left liberal ideology . We need to lop off the department of education like the cancer that it is and give the parents vouchers to send their kids to a school were they can get a quality education. And Finland doesn't have a war on poverty that destroyed black families in America  thus leaving the kids without fathers and any discipline at all, they come to school completely clueless because the mothers don't read to them nearly enough and have not even been taught the very basics",,UfmFIEh2QjU
UgzOlugqMCd1wLL0Dyp4AaABAg,@l.a.raustadt518,1623466227.312234,4,One thing's all Finn's do is read . We know just that skill is the key to learning.,,UfmFIEh2QjU
UgxVncXKhV1quy8CsDF4AaABAg,@alotemison5941,1591930230.685997,4,someone buy me a ticket right now,,UfmFIEh2QjU
Ugx8U55xbGhPOF8HqJR4AaABAg,@atharvakarawade9054,1623466227.309198,4,"Hey guys, i don't think that the US edu system is that bad. I am an indian origin guy who shifted to the USA three years ago. I live in Texas. The Indian edu system is much worse cuz we only focus on theory. But in US, emphasis is given on practical knowledge too and I think that's imp. And as a matter of fact, indians believe that the US edu system is world class! That's why many indians come to usa for pursuing top notch edu and I agree that the system is really good!
The fact that most of the top universities in the world are located in US proves this!",,UfmFIEh2QjU
Ugxe1wqeZVpPR0o44nR4AaABAg.9Imc8jeTfPA9JAbHPYjRCh,@vaibhav3946,1623466212.543861,4,that is in many countries. at least in most Asian counties and I think also in western Europe.,,UfmFIEh2QjU
Ugzz3C2JYc1vs_IlwRB4AaABAg,@jamssy3409,1623466208.98572,4,"Here in my school we were asked to make portraits on MS Word using letters.

Our lesson was about the types of commands in MS Word 😃",,UfmFIEh2QjU
Ugzss3104BYpxOHbWGF4AaABAg.9CV1anZau6O9CXyAqg32ku,@niwgud,1623466222.78614,4,Also the music is not awful at all.,,UfmFIEh2QjU
UgxCmyQZyaaBaCxODuV4AaABAg,@heythere_696,1591930241.242215,4,"And Stop sain that usa is América
.. 😒",,UfmFIEh2QjU
Ugw3dlg4esn5t0WF_tR4AaABAg,@camthedestroyer1490,1591930230.699464,4,“Less is more” I hope my wife thinks the same...,,UfmFIEh2QjU
Ugz2TdkNc-UoEJNqvVt4AaABAg.9DEHsloslRB9DL4t1C1ZwW,@LA-sh9jh,1623466219.397426,4," @Wandering.Homebody  If none of you will do it, I will. R/iamverysmart. Someone post this on reddit.",,UfmFIEh2QjU
Ugy5f6lPMPfnQ05p7vN4AaABAg.9BCfbzxqAJ99BgSvPejTpG,@darkmemes7531,1623466228.30836,4, @spiderman-xj6yr  I'm Pakistani but live in USA. it also happened in USA and Pakistan. It is happening world wide. Exams are pressure on students,,UfmFIEh2QjU
UgzAPDpri3Jr-pvxzfB4AaABAg.9Bt9v8QJ3mJ9C8pBrNOyUs,@LazarJaksic,1623466227.536994,4,"Educaton is never a waste of time. I think your confusing education with ""education facilities"", which in some countries are a waste of time, just a money grabbing scheme. But in Finland the schools are all the same and all free. So there is no better school, all are good. It's  also illegal to take money from parents for the school. Which is a way to ensure all 100% of students get look after and not just the ones who have money.",,UfmFIEh2QjU
UgzLZLEwOOGchC7RwWR4AaABAg,@mi0324,1623466213.07506,4,Wth happened at 3:59???!!,,UfmFIEh2QjU
Ugwv3Lofe4Lf1Occ3SN4AaABAg,@rinikusumawati8082,1623466216.548769,4,Thank you for the information,,UfmFIEh2QjU
UgwUD9WFFhR0ZRyhH4l4AaABAg,@okay4793,1591930245.793128,4,Because there school doesn’t mentally jebait us,,UfmFIEh2QjU
Ugxm4b6LB8BqYQKfrJV4AaABAg.9C_B7jUA86Y9Ce_Cd2Hebx,@user-pv7vc9kp9k,1623466222.246239,3,We have 2 weekend days but ok.,,UfmFIEh2QjU
Ugxm4b6LB8BqYQKfrJV4AaABAg.9C_B7jUA86Y9CnNFIudzbC,@ertzuka1899,1623466222.248694,3, @mohammedkashif8566  I'm sorry to break it to you but we have 2 weekend days and 5 school/workdays,,UfmFIEh2QjU
Ugxdrp4IvPtTSGRzJvN4AaABAg.94xZsPQ7lBF959pCNC3Am_,@heisernsu,1591930239.877313,3,"I think with some help with technology, this can be overcome. Even if it can't be overcome, there are some things I think we can definitely implement, such as collaboration, more sleep, and less personalized tests. I also have great respect for the Finnish school system and others that are great.",,UfmFIEh2QjU
UgyD2ReJj9-UO7bAh9l4AaABAg,@greenayir4884,1623466216.551751,3,Thank you sir for sharing this video,,UfmFIEh2QjU
Ugxdrp4IvPtTSGRzJvN4AaABAg.94xZsPQ7lBF95O-_-EQ7mH,@MRiitta,1591930239.879629,3,When Finland was elected the happiest country for the second time in row then also the immigrants in Finland were the happiest immigrants in OECD countries).,,UfmFIEh2QjU
UgwU6peIDpOYcOQGUS14AaABAg,@Traye76,1623466227.323555,3,If we do we probably cheated to get them.  LOL.,,UfmFIEh2QjU
Ugwy0cqmSHEbSiv8Ps54AaABAg.9CmEZtKV7qK9D43IxagCTx,@vespasian1033,1623466221.99606,3,"Yea ,no hate but some teachers ar really MEAn and narcisstic..",,UfmFIEh2QjU
Ugz2TdkNc-UoEJNqvVt4AaABAg.9DEHsloslRB9DX9v82XOVQ,@anusha2353,1623466219.407773,3," @Wandering.Homebody  I hope you realize you sound like an asshat and a self-righteous zealot. You keep claiming you are far more intellectual than others in this thread, however, it seems basic grammar and sentence structure evades you. Which in turn is making you a laughing stock.",,UfmFIEh2QjU
Ugx3xpLVMrJgKLM54gx4AaABAg.936g9YtX3oc94mLdx91u2c,@pablocrespo2072,1591930243.775609,3, @shalommalca2125  nobody understands a word you're saying,,UfmFIEh2QjU
UgywYVi6nbtdFiZ5DMh4AaABAg.9Bz6zLWkfLI9CC0mr9SfgG,@hansf.6463,1623466226.183357,3," @myy5247  wow! good 4 u, here in high school, we get 8-12 hours of school and massive homework that is all due tomorrow",,UfmFIEh2QjU
Ugz2TdkNc-UoEJNqvVt4AaABAg.9DEHsloslRB9DLLgYrndSZ,@LA-sh9jh,1623466219.404433,3," @Wandering.Homebody  Since when did I say I was smart, much less bragging. You look a bit too much into things, stranger, kekw.",,UfmFIEh2QjU
UgzVSYadmLSik4C2cl94AaABAg.9By-JDp6QX79CEVthW5wf8,@youssefbarj9770,1623466226.470978,3,"Honestly those who say that are just poorly educated people, maybe a bit of intellect could help them realise what's really happening around the world instead of blindly trusting some random stigmas",,UfmFIEh2QjU
Ugz2TdkNc-UoEJNqvVt4AaABAg.9DEHsloslRB9DIWMyv_Zd2,@Wandering.Homebody,1623466219.09793,3," @tamaeru  well clearly way more intellectual than you, if you cannot even recognise a very common female name, nor respond in any meaningful way otherwise.",,UfmFIEh2QjU
Ugz2TdkNc-UoEJNqvVt4AaABAg.9DEHsloslRB9DIVVVJx_X4,@tamaeru,1623466219.096429,3, @Wandering.Homebody  ok mr intellectual,,UfmFIEh2QjU
UgzK9UMdX9O-uXDFHXF4AaABAg.9C87qpkvQKY9CAxOoZxWZ2,@markarmage3776,1623466224.199622,3," @thehedgy3647  No, they're facts. You overly privileged idiots are adorable.
  How can you be global education leader if the entire country barely has any innovation?
  Their main company is still about oil.",,UfmFIEh2QjU
Ugz2TdkNc-UoEJNqvVt4AaABAg.9DEHsloslRB9DFKOLtMtC3,@Zacalacking,1623466219.082669,3,what?,,UfmFIEh2QjU
UgwnyQQ-8R3l2owLlHB4AaABAg,@vk-dk9xd,1623466227.316302,3,Nice video.  It’s always nice to hear which things are better than others.,,UfmFIEh2QjU
UgwsLeJBqHFSAlkDoVF4AaABAg,@andriipizza4214,1623466227.318878,3,"Awful music? Oh, come on. I hope it was sarcasm 😬",,UfmFIEh2QjU
Ugzlea-WkzEWHHaMjM94AaABAg.9DM96UKon0s9DNkphqMkpy,@hamburgerjehe1787,1623466217.77032,3,"i feel the same way too...no matter how much i fantasising about the best school education but the world around me are still the same. same boring learning, homeworks, studying, cramping my ass all day all hours, listening to boring stuff...so instead of being stuck of boring education, i decided to change my view...i still listening to the teacher and taking a little notes and put it in my text book. i maybe buy some delicious lunch to take my minds off and enjoy a little bit around me...i have my own ways to remember things and take notes and more fun way to entertain myself. after come back home from school, i'm trying to chill mu head and do a little fun hobbies or exercise. if i didn't catch up or not remember anything or absent, i can just use internet to search and learn again and studying and i can understand better than what i taught in school, because in the video, you can show many examples like you use a 3d models to show an example, or a little animation and many other things. its really fun to watch and learn from it than hearing just 'words'. even tho the school system are still the same..i'm trying to find away to break these chains and handle the pressure, especially trying to hold my sanity. sometimes at night all i have to worried is the homework, i rather studying than just rewrite everything from the textbook, it's useless. all i want is just studying two subjects for three hours and that's what i wish to care about instead of worrying about homework. the teachers just don't care and doesn't understand because they don't know how the students feel deep inside them and what have they been through. i had a depression, ive been fighting in my head and fighting my own thoughts, how the world just the same thing, no time for myself, getting mad by the teachers because not finishing my homework. they just add more homework and add more projects and give a small amount of time to complete...everyone have it's limits. we are not the perfect model. there's one time that i depressed so much that i end up feeling like skipping school because i couldn't take it anymore and i end up having a worse headache when wake up...i feel like i just want to relax for a while and just take my time to sleep because of headache and depression. After that i feel a little bit better. Guys... remember don't just fantasies it, change things around you and instead of looking and frustrate the problem...find the solution to overcome these situations..it may be hard to change and not the best result of what we expected but at least some things change and satisfy your heart satisfied. just like in life.",,UfmFIEh2QjU
UgwLuLVqSthpXbWZR4F4AaABAg,@stefanufer608,1623466227.320107,3,Finnish people and their children care about education per se - they do not have the attitude prevalent in the U.K. (and maybe USA) that most of what they learn at school will never be of any “use” to them e.g: Henry VIII had six wives - how will knowing that get me a job?,,UfmFIEh2QjU
UgxJQkJLsn9HIixrjUB4AaABAg.9DUXeoSdy6g9MkJsP6yCYK,@tonyflamingo3285,1623466217.359871,3,Dont worry this dude does not know what he is talking about,,UfmFIEh2QjU
UgzHBG4yc6By2n_4eEB4AaABAg.9AzSWZrQmvo9B34amTqQVP,@i-can.t,1623466229.039141,3,(Free college),,UfmFIEh2QjU
UgxqmAQQM2YL39dd0IJ4AaABAg.93TGvkF6Wf994F0CuyiPRE,@pablocrespo2072,1591930242.434691,3," @os.a.m.a  no I haven't, I'm just saying the Finnish education system is nowhere near as good as it is said. Btw have you ever studied in Finland?",,UfmFIEh2QjU
UgxcIuYEZEjKoyMFJnt4AaABAg.9KSeGKPScfs9KfYMlxLkOV,@evaisthisiaeclaire6365,1623466210.756069,3,"Yes. After a particularly grueling conservative speech given by one of my teachers. She sees life as a test with meaning. I got pretty pissed off, as a nihilist. What I don't like about India is that people here think that education (by which, I mean, rote memorization) is the ONLY way to develop (by which, I mean, earn more money). I don't understand how these people can just ignore how other countries have developed. For all these days, I have been stuck as a cog in a mindless, meaningless, industrial machine, trying to satisfy myself with more marks. Then, one day, it struck me, marks are just numbers. They were numbers around which the ""purpose"" of my life revolved around. I resolved to just suck it up and continue my rote memorization until my ""education"" was over. Today, this teacher came and gave a lengthy pointless speech in order to ""inspire"" us. No matter how much ever you achieve, this woman doesn't praise you. She wants you to become a machine. Note that I got 95% in a recent exam and that I had the highest score. This woman bullied me by telling me that I have to get 100% or else. And, she's an idiot who thinks that education (by which, I mean, rote memorization for marks) will give you substance in life. Mine is a right-wing school run by Hindu nationalists. So, there are frequent compulsions to take part in religious activities. Teachers are free to shove any amount of Hinduism down your throat, no matter what your religion is. The point is, there is no religious or intellectual freedom. This woman, ""advised"" us to write the name of the Hindu god Rama 108 times everyday. When she found out that no one had been following her ""advice"", she thought that it was morally correct to make the students feel guilty for the same. Guess what, some idiots did feel guilty. As an anti-theist,  I naturally took offence to this kind of behaviour. But, I comforted myself with the fact that I would soon be out of this school. However, today, this woman comes into the class and tells us that it is our eternal duty to serve our parents and god, like a serf serves his manor lord. And, according to this hypocrite, the only way to do that was to get maximum marks in the exams. Yes. Her true nature was revealed. She is fully in support of the industrialization of education. And, I have to believe that she works for my benefit. This is the insanity which plagues our system.",,UfmFIEh2QjU
UgyMuNmaVUXCEQTcnAt4AaABAg.9CEjjAL-G129CVqMRZ172U,@jellohunter7981,1623466223.93921,3,Then why do people risk their lives to get green-card and asylum here. Why do you see centers saying they will get people to America in third world countries. Why do we have the number one economy and why are all currencies based on the dollar.,,UfmFIEh2QjU
UgzK9UMdX9O-uXDFHXF4AaABAg.9C87qpkvQKY9D5yvwT3ZPw,@apuapustaja3655,1623466224.78826,3, @markarmage3776   Cry here \_/ Africa Needs Water,,UfmFIEh2QjU
UgxcIuYEZEjKoyMFJnt4AaABAg,@Priya-gm3tk,1623466208.980094,3,Any Indian? 😑,,UfmFIEh2QjU
Ugwf9htQtD2D9-ERdpR4AaABAg,@charlesronk2989,1591930236.141609,3,"It is quite simple really. We know that art is what separated humans from all other animal species. Art develops the brain to be receptive to true learning, and not short term memorization for the next test. Which any post graduation  American College student can tell you, does not stay with you for long if at all. This being said there are many extremely bright American student, but if you look at many of these people they pursued artistic creativity on their own. Whether it is music through band, drawing, making crafts, working on trades activities etc. Everything we have taken out of school because we considered it a waste of resources is actually the things that were keeping us smarter.",,UfmFIEh2QjU
UgwLuLVqSthpXbWZR4F4AaABAg.9Aw-D-_BzBe9Bz8hHdKe-p,@hansf.6463,1623466229.270436,3," @buneneman1901  good for you. in school, we learn a bunch of useless info about people who we didn't care about, Math equations which is no longer relevant to be used in daily life, Math problems that are far from normal ex. Jim bought 50 watermelons., we also get 8 hours of school spent on useless stuff. we also get too much homework",,UfmFIEh2QjU
UgyaQGG0VTo6DMiDUdl4AaABAg.9Agage9T8-w9Agph_4hien,@deviantreaper5841,1623466229.544432,3,Its sucks a lot!!!! Students cry each and everyday just because of studying .....how pitiful.,,UfmFIEh2QjU
UgzK9UMdX9O-uXDFHXF4AaABAg.9C87qpkvQKY9CG_Zqgas1t,@thehedgy3647,1623466224.775671,3,Mark Armage i have an argument but you keep denying it with total bull crap. What can I do? To me it doesn’t matter what you think!,,UfmFIEh2QjU
Ugzc2KXuPtx2tpCYO2p4AaABAg,@panzerkampfwageniv4065,1623466204.272048,3,What a dapper young lad I wonder what he thinks of the tragic 9/11 terrorist attack,,UfmFIEh2QjU
UgwfXV0gxNpoQcGdCLZ4AaABAg,@paultaylor6712,1623466204.260115,3,Bet they go to schol year-round too.,,UfmFIEh2QjU
UgxYMQnuMWt4dJdC_9p4AaABAg.91jC8h2PwRt92NSwfyvUyH,@enriquediaz6765,1591930249.674063,3,"@The Pinklightning 

Bro.. Finland has no homework. Less school hours. And more time to be kids. They're f*cking cool. And professional about it.",,UfmFIEh2QjU
UgyddISUdCDQzn_tHyp4AaABAg,@boyboymanma,1591930248.084438,3,he looks like he has a small head,,UfmFIEh2QjU
UgwE-Pu1r6-go3fD8Wp4AaABAg.9brFp9ZPwkL9nAmLa6d_UG,@mikecarlton9000,1686538199.805752,3,"The issue isn't that the people are Finnish. The issue is that Finland has less people in poverty and prioritize education.

Yeah I'm sure Kentucky and red states and schools with majority white perform same as finnish. Lol.",,UfmFIEh2QjU
UgzjuG4oLAR0tbttuHF4AaABAg.9LxYa0JFkT59M6WVawca4b,@positronemissiontomography,1623466209.263525,3,yep there are even school district cops.. so not even just regular cops.,,UfmFIEh2QjU
UgzOknYLQcBwk4Gwi714AaABAg,@leroux-ianni,1623466208.982924,3,"It's simple, the US will never be like Finland...it goes beyond education",,UfmFIEh2QjU
UgyZSDaPnz2-wpYRCWZ4AaABAg.9NF87l6fif89OZVGKlECYh,@Hhhhhh-sz9ud,1655002206.609481,3," @flyingbanshee8592  yeah, but that’s largely because America has more resources. If you compare the education systems relative to the amount of resources the society has, America’s education system looks really pathetic.",,UfmFIEh2QjU
UgwL3TIbUFnnH6m9sLR4AaABAg,@collegecorginew6936,1591930248.106048,3,stfu bullshit finland has the worst one i am from finland,,UfmFIEh2QjU
UgyQjnN-Yg83BoLwUYl4AaABAg.9P0PK3Kl6LH9QdXIkPbebe,@NastheVictorious,1655002203.884908,3,"I feel your pain bro. Just hang in there a bit longer, but since the flawed educational system is on your mind, Why don't you sit down, buy a Journal and write how you feel, write more things about your passions and be true your self.",,UfmFIEh2QjU
Ugx7JXcDVG3gM7xKr614AaABAg,@user-cx7yd3lb5q,1591930248.088924,3,suomenkielinen kommentti,,UfmFIEh2QjU
Ugw8_IE4zs_Dxiea5o94AaABAg,@Hazza_2k,1655002201.727841,3,ajan peker smart,,UfmFIEh2QjU
UgzMvByDVsaeislikJB4AaABAg,@M1miski,1591930248.096432,3,"The ""American school system is torture and hell,.",,UfmFIEh2QjU
UgzHdjfDmTovi3Nq4GZ4AaABAg,@spong2548,1591930248.097569,3,where is big money saliva at?,,UfmFIEh2QjU
Ugw1pmJ5GeuOz6vf5mN4AaABAg.9LkrXdMG-mU9MU98kepLXm,@aleksi6340,1623466209.914439,3,i would say that it would be the best to be born in an english speaking country.,,UfmFIEh2QjU
UgwuUKXkdc9wHn1d8o94AaABAg,@pradipchaterjee9576,1655002201.733541,3,"Haha 😂😂 you still believe in education system rankings 😂😂

Its totally the best average checker 😂😂
It checks
Nothing out of the Box 🙄🙄",,UfmFIEh2QjU
UgwJwwzk5PaGImyUAuZ4AaABAg.927kf-A4LMM92PaolSbFsD,@mullim9860,1591930248.839555,3," @blackcoffeebeans6100  I know that very well and I am really happy that our beloved Suomi managed to keep her independence.
 The thing I want to highlight is the surprising similarity between Soviet and Finnish approach to education",,UfmFIEh2QjU
UgzjegvCsw5-x59cCcR4AaABAg.9lTxQCInZf_9lnicRxRrhM,@tldredhistory8391,1686538197.794802,3,Being American,,UfmFIEh2QjU
UgxL1_urBw3gRa9vNYF4AaABAg,@LMB222,1623466208.979074,3,"1:10 ""no child left behind"" is the worst US policy. There are a number of leading (in Pisa studies) countries that leave kids behind.",,UfmFIEh2QjU
Ugw488ou6g9zf6jkNSF4AaABAg,@dral9971,1686538197.566975,3,"Well, if you dont count the immigrants, you get such scores. Finland is good, but it has problems with the  academical fall out",,UfmFIEh2QjU
Ugzwe18_LtEK-0sVei54AaABAg.99SVG48O3Vm99eqgHZqDP_,@nicebroskielads2716,1591930231.471214,3,camilo florez bro why be mean we care,,UfmFIEh2QjU
UgwqeTqxfWYatzhElLt4AaABAg,@Jahidcomputerrepairschool,1591930241.233472,3,Thanks a lot,,UfmFIEh2QjU
UgwZWlIuS7f3Oq-zxaJ4AaABAg.9NoNOnVcXIb9OPgnKA2sBY,@Luka-st4uf,1623466204.840251,3,"Americans: Socialism is when government does something. No wonder your education system sucks, you are all so stupid.",,UfmFIEh2QjU
Ugzwe18_LtEK-0sVei54AaABAg.99SVG48O3Vm99XHW3u31Uy,@juusomaenpaa7236,1591930231.464826,3,Me too,,UfmFIEh2QjU
Ugy9H74C3Cxv1J4gBbB4AaABAg,@Erde_midget770,1591930245.791982,3,Love Finland from Germany. 🇫🇮🇩🇪,,UfmFIEh2QjU
Ugze3l4LobN2IR8OVS54AaABAg.9MU6h_-Nj6K9MbDHqgk6HT,@samuraijosh1595,1623466207.430545,3, @avrockairborne5253  I think they have to learn a lot of languages and Swedish happens to be one of them. Which doesn't make sense cuz as OP points out Swedish wouldn't really help most Finnish advance in their careers.,,UfmFIEh2QjU
Ugy2RIlMNFFEnVlOewp4AaABAg,@safarilee5916,1591930245.796539,3,"So much comparison of educations. We should just removed schools and returned the duty back to the parents. Then we will have no tests and exams, all our kids will be the next CEO of the big things.",,UfmFIEh2QjU
UgzK9UMdX9O-uXDFHXF4AaABAg.9C87qpkvQKY9CGQFdiDNIt,@thehedgy3647,1623466224.767955,3,"Mark Armage nice one, crediting yourself, no “top American student” would be this ignorant. Finland is not a parasite and every country in the United nations would agree with me and disagree with you. They know politics, where their money comes from, how to make money, how to deal with conflict, and how education works way better than some self centered American",,UfmFIEh2QjU
UgxM4iSlj21UI_NV7Nt4AaABAg,@laurentiudiconescu9596,1591930245.798834,3,why did you have to talk like that?,,UfmFIEh2QjU
UgxSMDJqWquc0l6pbxZ4AaABAg.9Gexw_KW10J9H5d9i3lgnE,@asamicat8323,1623466214.03611,3,How brutal was the police officer? I also wanna know the reason,,UfmFIEh2QjU
Ugwv6m2fx7enYV_tf054AaABAg,@wattstewart9840,1686538197.563739,3,If we left the black scores out of our average in America then we'd be rocking the high scores just like any other white nation.,,UfmFIEh2QjU
Ugyp7kSjR-nYkEV5AMl4AaABAg,@magdalenadumitrana4028,1591930245.800935,3,"LIES,  LIES,, LIES!!!!!!",,UfmFIEh2QjU
UgwVMSbiDkMst02A20N4AaABAg,@susanturner8457,1623466208.978051,3,Zero rap culture and a real work ethic. Remove the bottom 20% of test scores and.....,,UfmFIEh2QjU
UgzQyyq4ZoM3QIz5zyB4AaABAg.9HZOk2vYPSZ9LoLyQkcAyP,@tescobakery1927,1623466213.589956,3," @trevoryin  Best education doesn't automatically mean high paying careers. It just means the students are happy and perform well at school & majority of people get a college/university degree. One well known brand is Supercell which made clash of clans, hay day etc. Stora Enso is top 5 biggest wood industries in the world and we're world leading pioneers in forestry, having the best forest related educations in the world",,UfmFIEh2QjU
Ugze3l4LobN2IR8OVS54AaABAg.9MU6h_-Nj6K9MZMAP1Adtd,@avrockairborne5253,1623466207.428696,3,what?? why swedish and not english?,,UfmFIEh2QjU
UgzK9UMdX9O-uXDFHXF4AaABAg.9C87qpkvQKY9CEnrRDM8bz,@sherunswithscissors,1623466224.753364,3,Mark Armage - don’t need to dig too deep to see outcome of US education system - a man like Trump being elected as president.,,UfmFIEh2QjU
Ugy5f6lPMPfnQ05p7vN4AaABAg.9BCfbzxqAJ99BeuiNrGn_0,@darkmemes7531,1623466228.303463,3,"Not only Indians. it is whole worldwide problem okay?
Indians are not only. same in USA",,UfmFIEh2QjU
UgxZnn8hFwJP0R58c7d4AaABAg,@Feisty123,1623466213.064144,3,Holy shit it's Hassan,,UfmFIEh2QjU
Ugxj20FsQZSwTW5k86l4AaABAg,@rabha2706,1686538197.566318,3,This is why Finland is the most happiest country in this world,,UfmFIEh2QjU
Ugy5f6lPMPfnQ05p7vN4AaABAg.9BCfbzxqAJ99BigAgGwF-G,@spiderman-xj6yr,1623466228.310336,3," @darkmemes7531  that doesn't matter anymore ,they have finally changed our education policy 😃😃",,UfmFIEh2QjU
Ugz_8caqJjs8CTi2mEV4AaABAg,@adamrc7,1655002201.734592,3,hi chat,,UfmFIEh2QjU
UgyMuNmaVUXCEQTcnAt4AaABAg.9CEjjAL-G129CizHCLGMRS,@Daffa-xs4ry,1623466223.941355,2,i'm german and i think america is great,,UfmFIEh2QjU
UgzdM9WLRaKdtsLrKdl4AaABAg,@allyh244,1623466204.273066,2,Am I the only one who is here for school,,UfmFIEh2QjU
Ugzr7eJ2Z9GlqUsYfF54AaABAg,@SwanPrncss,1591930236.142858,2,"So...how do the students compete for a limited number of the same jobs if everyone is so nearly equally smart? I mean the US system is not that great either since it entails losers and winners, but how do people equally intelligent get that one job?",,UfmFIEh2QjU
Ugwwi9seQ9GK3b00ES94AaABAg.9OSQ8iuxKtN9P0PRJtvMee,@User40919,1655002204.549388,2,😔 I feel u brotha,,UfmFIEh2QjU
UgzU4xN-r4qmYbRfVMJ4AaABAg,@jonathanbarber8174,1591930236.146291,2,"I am trying from Houston, Texas to move to Helsinki. I am white, tall, blond but raised by a Latin family. Finland seems so expensive even though compared to U.S. ""Houston, Texas"" and a ultra/diverse city. I just do not get it. If anyone can email me or message me with support I would like it.",,UfmFIEh2QjU
UgwZWlIuS7f3Oq-zxaJ4AaABAg.9NoNOnVcXIb9O5VAnGpe1h,@kakkssjefkstay4467,1623466204.834179,2, FuzzerSky  wtf?,,UfmFIEh2QjU
UgwZWlIuS7f3Oq-zxaJ4AaABAg.9NoNOnVcXIb9O5VJh0CcFm,@kakkssjefkstay4467,1623466204.835769,2, FuzzerSky  taxation is 20% not capitalist,,UfmFIEh2QjU
Ugxi5YBxXqK2OJG1_UB4AaABAg.959pzpxp2ET95o7nSxznJ_,@Carl-kl6xh,1591930238.571415,2,I'm in let's do it,,UfmFIEh2QjU
UgzTak1SXqUWAgu6fHh4AaABAg.93B3AzuZxfw94OCPkUmmLn,@urhoojanen6546,1591930243.167331,2,Nope,,UfmFIEh2QjU
Ugw1tsrU2EOj_Act_5V4AaABAg.94PpOjTeDGB94eV8hV6iUn,@SatumainenOlento,1591930241.507722,2,"Possibly 3 or more, but only 2 is mandatory.",,UfmFIEh2QjU
Ugx8DVrqmLqEsFjgDqp4AaABAg.9EdnoTDkmBL9Fb5bj_dcl2,@teenielimz,1623466215.99967,2,pls seek halp,,UfmFIEh2QjU
Ugz_aHiLkw8q3V-Z1Kp4AaABAg.9S_NuxY-65u9WvT0G7W5xp,@vopsireang4353,1655002202.752674,2,"Well they are happy, all these technologies and inventions other than easing some of our daily activities has done very minimal.",,UfmFIEh2QjU
UgxqmAQQM2YL39dd0IJ4AaABAg.93TGvkF6Wf996kfMvCcQ5V,@pablocrespo2072,1591930242.732283,2, @Entuudestaantuttu  it's my opinion don't kill me over it,,UfmFIEh2QjU
UgzN1f72Vf8EvblNiqF4AaABAg.94pTSB5A0OH94yN8YqgzHE,@jonathanbarber8174,1591930240.193801,2,"I completely agree but I would be called a socialist ""actually a Democratic socialist"" = People do not understand how happy other countries are. We are the best best damn country to win a World War and are given debt, shit, medical debt, social debt etc. You understand why we don't have kids.",,UfmFIEh2QjU
Ugzg2Gdr7thOUO7V5q54AaABAg,@koyotecow7102,1591930241.239148,2,ONLY RELEVANT STATISTIC IN VIDEO WAS FINLAND HAS 1:40 STUDENTS FROM IMMIGRANT PARENTS VS 1:5 FOR USA. IF YOU COMPARE APPLES TO APPLES WE DO FAR BETTER THAN FINLAND SCHOOLS.  CHILDREN OF FINNISH PARENTS IN AMERICA DO BETTER THAN CHILDREN IN FINLAND.  THEY ACHIEVE MORE IN THEIR CAREERS AS WELL.,,UfmFIEh2QjU
Ugw_PI9gvMiUmRAQZJZ4AaABAg,@johnsonyip1127,1686538197.559835,2,Zing,,UfmFIEh2QjU
UgzjegvCsw5-x59cCcR4AaABAg,@tooba1049,1686538197.561795,2,What was that police officer was ding in the classroom????!!!!!,,UfmFIEh2QjU
Ugxdrp4IvPtTSGRzJvN4AaABAg.94xZsPQ7lBF94yMWaF4pdA,@jonathanbarber8174,1591930239.8747,2,No Child Left Behind Act is another bullshit law to help an administration. In Finland they are homogeneous society. You have to remember how much most people hate each other in the United States. We are a really divided country.,,UfmFIEh2QjU
UgxqmAQQM2YL39dd0IJ4AaABAg.93TGvkF6Wf994vTp8gmwy-,@kimorarobinson4430,1591930242.438897,2,Leafy mondays through friday. my family is just ethnic af. My grandma is Filipino and my grandpa is  mexican( dads side) and My grandma is jamaican and my grandpa is german on my moms side so i know all of their native languages plus english.,,UfmFIEh2QjU
UgxqmAQQM2YL39dd0IJ4AaABAg.93TGvkF6Wf9953GOahBvN_,@pablocrespo2072,1591930242.439921,2,@Leafy I need to wake up at 6 30,,UfmFIEh2QjU
UgyMh-6ZW_KrrkUwEIN4AaABAg,@masonbarfield2274,1686538197.565029,2,"can i move🤣

that sounds amazing because of no testing and SO MANY other things",,UfmFIEh2QjU
UgzivP5WYjnHsMH7UVp4AaABAg.952PA-gjtGz97vWAAbWsHP,@Ricky911_,1591930239.19382,2, @wooberdooba4019  they only give you respect because if they don't they'll be punished. The reality is they probably still hate that person and if they can stab in the back they will. Punishments are most of the time useless. Kind of like school detentions for not doing your homework. Nothing changes afterwards,,UfmFIEh2QjU
Ugz8HiVroS7kEQp2wjN4AaABAg,@YavuzSultanSelim1x,1686538197.568334,2,I'm 12 I'm British and I wish I was in Finland Schools Here are terrible we have to wear school uniforms and less respect,,UfmFIEh2QjU
UgwL3TIbUFnnH6m9sLR4AaABAg.91Uv0DQzrzF91s3qaWoCUt,@emilvikevainen1148,1591930251.363834,2," @uccello297  Of course come here! The point in my last comment is that private schools aren't any better, because even the public schools are so good. And of course come here it's a great experience and I'm sure you will like it.",,UfmFIEh2QjU
Ugy43uxgB5vEAT7bXat4AaABAg.924dvCGxpe6925HpqxiCB3,@amaplesyrup6861,1591930249.208641,2, @Komedykid  i think he means midnight😉,,UfmFIEh2QjU
Ugxm4b6LB8BqYQKfrJV4AaABAg.9C_B7jUA86Y9CecCBTr9sT,@mohammedkashif8566,1623466222.247521,2, @user-pv7vc9kp9k  1 weekend day with home work,,UfmFIEh2QjU
Ugwv6m2fx7enYV_tf054AaABAg.9jYXilx1k6b9nAlgyU_3Pc,@mikecarlton9000,1686538198.339016,2,"Blacks with same amount of education and access to resources  same as middle-class whites will perform same.

Funny enough, subsaharan African immigrant children perform better than all other races of people in the US.

Funny enough, the gop is against most of the Finnish policies in terms of education, healthcare etc. Even worse is hat the majority of people who fight against their own interests are white republicans. 

Not so smart eh?

About 90% of america was white for a long time.

Can't blame minorities for the level of ignorance, stupidity in the US.",,UfmFIEh2QjU
Ugxa1Fa4PdO3rMX0sOl4AaABAg.98ZrrWt1gjY98qSAKslrV2,@396dog8,1591930233.951992,2,WTF happened,,UfmFIEh2QjU
Ugxa1Fa4PdO3rMX0sOl4AaABAg.98ZrrWt1gjY98bE_DPHCdT,@Mark-rg2bt,1591930233.949982,2,shocking huh,,UfmFIEh2QjU
Ugze2Dlk6DBuBymsCz54AaABAg.91pZAvoQmdD953BizzBNgl,@eganrac545,1591930249.410482,2,US budget is like 100x bigger so they should have no issue improving the school system.,,UfmFIEh2QjU
Ugxf5I_oQDIFKymDmtt4AaABAg,@kovenmaitreya7184,1655002201.714641,2,"What I get from this, primarily, is that the position of responsibility and power (teachers) are given the respect, money, and leeway to teach in accordance with best practices, and the entire nation follows suit to that? Hmm, I wonder how hard that'd be to implement here in the US?",,UfmFIEh2QjU
Ugw4M3G0zxDvpJv_XhZ4AaABAg,@filbao8113,1655002201.726559,2,The thumbnail tho,,UfmFIEh2QjU
Ugz9XPR2kvoEdLMOzzV4AaABAg.9CpuBQXklIP9D9cdG0-LkI,@dylanaldape2237,1623466220.840532,2,3x0 is 0,,UfmFIEh2QjU
UgyCqmegbB7WptP7vNN4AaABAg.9VQFShPIgGU9Xb6sBbQm-R,@Jozie88,1655002202.001385,2,"If you want a good quality education and are ready to work for it, then yes. Welcome! :)",,UfmFIEh2QjU
Ugy43uxgB5vEAT7bXat4AaABAg.924dvCGxpe6926XE0P8Ia6,@amaplesyrup6861,1591930249.212472,2," @Komedykid  maybe, but i don't know him/her in person so i don't know if it's true or not.",,UfmFIEh2QjU
UgwZWlIuS7f3Oq-zxaJ4AaABAg.9NoNOnVcXIb9OT385W-a2j,@PapiChuIo,1623466204.842867,2,Finland isn’t socialist 😂 it’s a social republic,,UfmFIEh2QjU
UgxpHK5h7pg--R7YT-54AaABAg,@homosapien.a6364,1591930248.107002,2,The future is for the babys,,UfmFIEh2QjU
Ugx3xpLVMrJgKLM54gx4AaABAg.936g9YtX3oc93LwpOiTesB,@jhusk14809,1591930243.485073,2,What😂,,UfmFIEh2QjU
Ugwvke4nSE0JwC4OD2p4AaABAg.92VJ-VIMaHR93QRjGlQxP4,@rudwanroni7923,1591930246.548267,2, @kushi3764  yeah considering the suicide rates that cone along with all the stress,,UfmFIEh2QjU
UgxCmyQZyaaBaCxODuV4AaABAg.92oaDIB949X93FfAfy0wt7,@gurjindersingh3843,1591930244.679144,2,USA is commonly referred to as America in general. Ask almost anyone in the World outside USA. That's why people who belong to USA are called Americans.,,UfmFIEh2QjU
UgyPcfEUlyIFW1aUXu54AaABAg.9AEFzM15CCH9BeusWQnKB0,@darkmemes7531,1623466230.059156,2,it is wole world problem not only Indians. same in USA,,UfmFIEh2QjU
UgyaQGG0VTo6DMiDUdl4AaABAg.9Agage9T8-w9C2Pg8KSMeZ,@darkmemes7531,1623466229.549414,2,@aaron molayal not only Indians.. but the whole world problem. You indians didn't went out of country  thats why you people aer saying this,,UfmFIEh2QjU
Ugyp7kSjR-nYkEV5AMl4AaABAg.92P8hdIX34192Pq97DOxAq,@zeynepnecefzade3038,1591930247.675313,2,why lies?,,UfmFIEh2QjU
Ugwn35G_qGwONspJ_Ih4AaABAg.96nSR6ugw1u98qSpQFvIY4,@396dog8,1591930235.352743,2,Izuku Midoriya I had to learn Spanish and there was a class on French. I did not have an opportunity to learn anything else at school. It must be so amazing to have the choice on which languages you learned.,,UfmFIEh2QjU
Ugxs02VJng7dgnM9RSN4AaABAg,@ktorpen3998,1686538197.557828,2,4:38,,UfmFIEh2QjU
UgzHBG4yc6By2n_4eEB4AaABAg.9AzSWZrQmvo9CxohBI7GPq,@nandasundstrom3426,1623466229.052417,2,I do agree that the health care is very good😊,,UfmFIEh2QjU
UgxLVB7CoQ_oUxE6tnN4AaABAg.92gB8z15Ryc92rhRB-Iw8I,@ForteExpresso,1591930245.412641,2," @sethecx  no like loving our own soul, u have heard Lose you to love me?",,UfmFIEh2QjU
UgzOknYLQcBwk4Gwi714AaABAg.9JmkKpAP9II9LBYhFcsUtq,@CMGThePerson,1623466211.320333,2," @leroux-ianni  education, prisons, looks

It’s better than the US getting nothing right",,UfmFIEh2QjU
UgzOknYLQcBwk4Gwi714AaABAg.9JmkKpAP9II9LoGH7ffZ9R,@tescobakery1927,1623466211.321831,2,Yea the political systems and everything is pretty much different. I hope America can at least make their education system work somehow in their own way cuz it ain't looking good.,,UfmFIEh2QjU
UgzK9UMdX9O-uXDFHXF4AaABAg.9C87qpkvQKY9CG4PsMFdW6,@thehedgy3647,1623466224.761748,2,Mark Armage U.S policies allow big companies to pay much less taxes than other countries. Also i would argue that it’s much more important to have an educated youth than having a big private company (or a couple of them),,UfmFIEh2QjU
UgyBkakNe4Rt_BRAoKR4AaABAg,@zatablet5793,1591930248.08748,2,guys they have the best education because they dont actually exist,,UfmFIEh2QjU
UgwbD-7Nv0604IsaCut4AaABAg.93gZQlgNPpi94HNPbJ6w8I,@ville9738,1591930242.146075,2,God that sounded dumb...,,UfmFIEh2QjU
Ugxe1wqeZVpPR0o44nR4AaABAg.9Imc8jeTfPA9LXMGqS6cF0,@toukosiren9004,1623466212.545525,2,"Mandatory education is about to be increased by three more years, since it's becoming increasingly obvious that amount of education isn't enough in todays world.",,UfmFIEh2QjU
UgxuzIAvheob9gQKonp4AaABAg.95bj_le_-Xh9AzUoi57WUx,@nandasundstrom3426,1623466236.715232,2,Ei koulu silti oo mikään paras meiän ope rytisti ja heitti roskiin yhen kuvistyön...,,UfmFIEh2QjU
UgzAITLXIL38MoL2orl4AaABAg,@junecera8773,1591930245.801952,2,I just came here after watching how is the education system in East Asia specifically South Korea and China.,,UfmFIEh2QjU
Ugymu1kS0EF15XX-6QR4AaABAg,@bread5384,1591930245.797682,2,impossible..,,UfmFIEh2QjU
UgzlIuPJDj5m5Zb1tbF4AaABAg,@eddyrose3254,1591930245.794268,2,wtf is hasan doing here,,UfmFIEh2QjU
UgzgJrKgMpzYWjBSulV4AaABAg,@brundibarz,1591930241.225556,2,My jsme 3!? Kurwa,,UfmFIEh2QjU
UgzsxQVabTTuxOztWZR4AaABAg.9Es_53WOiL_9FxsqjJo2Ak,@Hndjdj400,1623466215.086744,2,Lol i am in India & there's no laptop for mid class students like me. Al i have is a nokia smartphone,,UfmFIEh2QjU
UgyHPS4dTbGF-imPLLJ4AaABAg,@crowsong1,1591930245.788172,2,6.they can,,UfmFIEh2QjU
UgyBmVYn3mnT5WvlPxR4AaABAg,@masonlynch1793,1591930227.330913,2,"Also, Finland is the land of My summer car.",,UfmFIEh2QjU
Ugzwe18_LtEK-0sVei54AaABAg.99SVG48O3Vm9AzT_PrJdQ4,@nandasundstrom3426,1623466231.476166,2, @hikimorisann  not as wonderful as everyone makes it sound😔,,UfmFIEh2QjU
UgxcIuYEZEjKoyMFJnt4AaABAg.9KSeGKPScfs9Kw8Z0yjq-7,@Priya-gm3tk,1623466210.758671,2," @evaisthisiaeclaire6365  Exactly the conditions are more worst if you didn't get good marks, here every individuals think the only way to earn money is to get good job (basically they teach you How to be good servant) and that too Okay but whatever they teach you in school is just useless, they will only provide book knowledge (jo kabhi life me kaam hi nhi aata) they are just wasting the life of children either teach us some practical things which we can use in our future to earn some money, almost every student suffer from this shit",,UfmFIEh2QjU
UgzuGkr29zlHd-ENCvN4AaABAg,@krish.1.2M_views_3_hours_ago,1591930248.09281,2,help each other subs now!!! ​,,UfmFIEh2QjU
Ugx3xpLVMrJgKLM54gx4AaABAg.936g9YtX3oc948DKjEUHYZ,@iapologizeformyselfishbeha4889,1591930243.772917,2, @shalommalca2125  you disgust me. Saying all the finnish people are the same? Drunk people and not nice? Do you also think all of the germans as nazis? You sound pretty racist for a cop. I don't know what you've experienced in your life but you have no right to call finnish people rude or drunk when you don't sound very sober or kind either. You don't even know how to use periods or commas. How did you even pass school with this bad grammar? Are you really a police or just some kid trolling?,,UfmFIEh2QjU
Ugzwe18_LtEK-0sVei54AaABAg.99SVG48O3Vm99XM_f1_-uu,@jurbagarga1410,1591930231.467134,2, @juusomaenpaa7236  suomi perkele,,UfmFIEh2QjU
UgyJmNj3SY-UCQiwFHF4AaABAg.95F46bumGhT95F4Cfqe0Ef,@neru8104,1591930238.041016,2,"It also keeps kids and future adults dumb, in turn giving more money to the rich and powerful",,UfmFIEh2QjU
UgyMF-PvKdJJyfPCtyp4AaABAg.9NgacAFRwUU9PRZyYADYDm,@likemycommentifyournotgay855,1655002205.390559,2,Canada is just like usa,,UfmFIEh2QjU
UgxeWJ_xHCPM9e9IdlB4AaABAg.95QemaqM70Z99EcjQlPil0,@peepeepoopoopeepeepoopoo5164,1591930237.737063,2,How is it overrated,,UfmFIEh2QjU
UgzKs9TBCXfGdXLgd914AaABAg.9NNpE-3SQYl9Pj2T5BAcw1,@swordofsamuel,1655002205.825232,2,"*learn, well i hope you can improve ur english! :)",,UfmFIEh2QjU
UgxqmAQQM2YL39dd0IJ4AaABAg.93TGvkF6Wf9947FBUAifWG,@pablocrespo2072,1591930242.432383,2," @puro7706  naw my man not when the teacher is too lazy to teach anything, you don't learn anything, then you fail the test and in the next grade the next teachers blame you for not knowing any of the stuff you were supposed to. know",,UfmFIEh2QjU
Ugz2TdkNc-UoEJNqvVt4AaABAg.9DEHsloslRB9DXKcanaO7V,@anusha2353,1623466219.410289,2,"stefanieastrid and unlike you, I didn’t claim to be an expert in the language. After all, it isn’t my native language. However, when I do write or speak it, I prefer to do my utmost to do it right. Can’t say the same for you though. And to quote one of my favourites, somewhere out there, there’s a tree whose single purpose on Earth is to replace the oxygen you waste. Go find it and apologize.",,UfmFIEh2QjU
Ugz2TdkNc-UoEJNqvVt4AaABAg.9DEHsloslRB9DXIgqzwHwG,@anusha2353,1623466219.409034,2," @Wandering.Homebody  keep it up dear, haven't seen such an obtuse person in such a long time. Thank you for providing amusement at your expense. Not many adults can do that these days😊",,UfmFIEh2QjU
UgxqmAQQM2YL39dd0IJ4AaABAg.93TGvkF6Wf993TcbWonwBQ,@ninoaho7266,1591930242.430052,2,Kello 4,,UfmFIEh2QjU
UgzjuG4oLAR0tbttuHF4AaABAg.9LxYa0JFkT59QsSOOAlrDz,@crowbirdryuell,1655002209.266404,2,Pumped up kicks started playing,,UfmFIEh2QjU
UgwOJaL0KP-9uVx2TBZ4AaABAg,@aguy2581,1591930245.784067,2,"UAE is trying a take on this
If they succeed with executing this plan, they will rival or take finland's spot",,UfmFIEh2QjU
UgyZSDaPnz2-wpYRCWZ4AaABAg.9NF87l6fif89Nxjgbp6k20,@flyingbanshee8592,1623466206.606646,2,@kobeftw2400 it's actually better than most of the third world education system,,UfmFIEh2QjU
Ugz4i55LKvbzdcPY0Ip4AaABAg.9N1ETPd-36v9QzjmDmPmaC,@pradipchaterjee9576,1655002206.826694,2,"It's a happy country
It's having High living standards
No rat race like Asia, America
No unecessary competition
Good care
No high immigrants nor emigrants
Not much outpulated and VICE versa
..... Still people sleep living the America cannada dream in India 😂😂


They'll don't realise they have Goa, Ooty, Kashmir...",,UfmFIEh2QjU
Ugze3l4LobN2IR8OVS54AaABAg.9MU6h_-Nj6K9MbSuoKuTeH,@avrockairborne5253,1623466207.432134,2," @samuraijosh1595  still that's the best not perfect but best if they move out to another country , they wont have such freedom.!",,UfmFIEh2QjU
UgycSt0dFez1cE2gg4V4AaABAg,@camthedestroyer1490,1591930230.700615,2,U.S.: Finland has the highest graduation rate? Raise the dropout age from 16 to 18!,,UfmFIEh2QjU
Ugz2TdkNc-UoEJNqvVt4AaABAg.9DEHsloslRB9DJBk5UPPZi,@vxsul,1623466219.099231,2, @Wandering.Homebody   ._. Woah jeez calm down,,UfmFIEh2QjU
Ugze3l4LobN2IR8OVS54AaABAg.9MU6h_-Nj6K9NANwnXiwZ4,@aleksi6340,1623466207.441855,2, @marrelouise762  swedish people dont have mandatory finnish in sweden even tho they have finn-swedes. All swede-finns speak finnish well.,,UfmFIEh2QjU
Ugw-silK_VXqhFmFHpl4AaABAg,@federalbureauofinvestigati5588,1623466208.973894,2,Ahhh hasan,,UfmFIEh2QjU
Ugz2TdkNc-UoEJNqvVt4AaABAg.9DEHsloslRB9DITYfYwoUq,@Wandering.Homebody,1623466219.094945,2," @tamaeru  sure, if you think commenting on sth that was being said in the video in the comment thread of the video which i m commenting on, and replying to replies to my comment, is saying sth unrelated to anything, then I m  for sure guilty of that. Well spotted, you, according to your curious, fabricated parameters :)",,UfmFIEh2QjU
Ugz2TdkNc-UoEJNqvVt4AaABAg.9DEHsloslRB9DHCfvgP0iN,@Wandering.Homebody,1623466219.091537,2," @nerdomatic2489  it's this person's job to provide information in a public forum, presumably, or one would hope, in a concise and factually correct manner. He failed to do that, for which I indeed judged him as having done a poor job of it, and additionally took the trouble of pointing it out, too. I don't think this makes me troll, since I also welcome critique on my own job performance, but feel free to think otherwise. If anything, you are the troll here, or perhaps some sort of smug, self righteous sycophant, which is OK too, I suppose, since it takes all sorts, at the end of the day.",,UfmFIEh2QjU
UgwPvhGLBz3Y17DybfZ4AaABAg.9Bu-lHV4rfz9C_n-qV1Ztc,@tvds8350,1623466226.783398,2,"Their approach is not ideal, but they do produce hard working people. Though kids are deprived from an actual childhood and are reprogram to be no stop working bots. To be honest, I think that America is after India, but not just India is like this, other asian countries are too.",,UfmFIEh2QjU
UgyPcfEUlyIFW1aUXu54AaABAg.9AEFzM15CCH9AgaiQNWGLD,@Ukhhh45,1623466230.056052,2,Real shit,,UfmFIEh2QjU
UgzK9UMdX9O-uXDFHXF4AaABAg.9C87qpkvQKY9D70tTWIqiO,@dakingk7813,1623466224.792132,1, @markarmage3776  bro saying nokia is not fully finnish because of american chips is like saying apple is chinese beacause they use chinese chips and the chinese make them.,,UfmFIEh2QjU
UgzK9UMdX9O-uXDFHXF4AaABAg.9C87qpkvQKY9D9fswBzqiI,@dylanaldape2237,1623466224.793672,1, @markarmage3776  the goal of education is not to make the best of the best its to make productive people in society. Not all people can  be the best of the best. This is coming from a student in the top percentile in the u.s,,UfmFIEh2QjU
UgzNDhHsaaJ_G3BDfGl4AaABAg,@andrews1867,1718160597.556761,1,"Now take away their homogeneous society, but I do think they have something that can be used.",,UfmFIEh2QjU
UgzivP5WYjnHsMH7UVp4AaABAg.952PA-gjtGz960Dhdu4DS2,@wooberdooba4019,1591930239.191347,1,Actually if you punish kids they will give you more respect. Not how teachers do it.,,UfmFIEh2QjU
Ugxi5YBxXqK2OJG1_UB4AaABAg.959pzpxp2ET9EAzXpYud_g,@butterscotchlolly3744,1623466238.57417,1,I would join you my friend.,,UfmFIEh2QjU
UgzHBG4yc6By2n_4eEB4AaABAg.9AzSWZrQmvo9BFTnniOpZS,@nandasundstrom3426,1623466229.04977,1, @harmonyvix  np :),,UfmFIEh2QjU
Ugz2RB-BLrcFuBNj58F4AaABAg.95dOEIamaO5990QXDzCeLy,@alcoholic402,1591930236.386579,1," @wooberdooba4019  while I agree with that, it would help a lot if we took a little, tiny bit from the defence budget for the education system",,UfmFIEh2QjU
UgyaQGG0VTo6DMiDUdl4AaABAg.9Agage9T8-w9BeupSCMHQL,@darkmemes7531,1623466229.547919,1,it is wole world problem not only Indians. same in USA,,UfmFIEh2QjU
UgzASOxS6EfC0Du5BNR4AaABAg,@joekenwood4956,1591930230.680375,1,Mükemmel,,UfmFIEh2QjU
UgzjAiSljV85npE0E4p4AaABAg.99lhoZ4Q7aH9AzTCNZDS5c,@nandasundstrom3426,1623466230.975623,1,"Going to school in Finland doesn't mean that you won't have stress or anxiety, a lot of people can make it sound like it's all fun and no one is going to get mad if you get a bad score but a lot of the time right when some adult comes to visit they'll ask ""how is school, are you getting good grades?""",,UfmFIEh2QjU
UgxcF08c_eRgybbFNMt4AaABAg.99jHwnAzsLd9AYY-PgMGKT,@nm1978,1623466231.210828,1, Pablo L.   you must be not so aware of the truth. In darkness you are lost.,,UfmFIEh2QjU
Ugzwe18_LtEK-0sVei54AaABAg.99SVG48O3Vm99WzT8nQZF5,@camiloflorez6169,1591930231.461832,1,NOBODY CARES,,UfmFIEh2QjU
Ugzwe18_LtEK-0sVei54AaABAg.99SVG48O3Vm99bALTIXsQ5,@otaku1_285,1591930231.469185,1, @camiloflorez6169  why are u angry,,UfmFIEh2QjU
Ugzwe18_LtEK-0sVei54AaABAg.99SVG48O3Vm99oUIjmbds6,@cephyy326,1623466231.474668,1,@camilo florez if you don’t care then get outta here,,UfmFIEh2QjU
UgxX8Fa4fpJv5iRg5EN4AaABAg.99L7h4kE1Do9DiFoY50lxa,@sherunswithscissors,1623466232.145584,1,Dreamimgflower D - Canadians shocked too.,,UfmFIEh2QjU
Ugw7S5XycmHpb0VOXQR4AaABAg.993J24XCvYW9AzU2la8hJY,@nandasundstrom3426,1623466232.616806,1,Sadly a lot of teachers don't take it seriously (some do tho),,UfmFIEh2QjU
UgyA3Aahih_mz8tuGSh4AaABAg.98xhE-c_aax9BamaYRixYJ,@I.am.the.real47,1623466233.611659,1,That won't do crap,,UfmFIEh2QjU
UgyA3Aahih_mz8tuGSh4AaABAg.98xhE-c_aax9CAdBEawenT,@GaemingStudios,1623466233.613184,1, @lilbaniaigaming3482  not never would happen india IS poor becuz overpopulation,,UfmFIEh2QjU
Ugxa1Fa4PdO3rMX0sOl4AaABAg.98ZrrWt1gjY99EcQSZIYBU,@peepeepoopoopeepeepoopoo5164,1591930233.953781,1,@Painting Potatoe I live in a tiny ass town my school only has 200 kids and we have cops on campus which is really weird cause were such a small school everybody knows everyone,,UfmFIEh2QjU
Ugxa1Fa4PdO3rMX0sOl4AaABAg.98ZrrWt1gjY99oUlu2xtj6,@cephyy326,1623466233.955307,1,Child abuse,,UfmFIEh2QjU
UgxeWJ_xHCPM9e9IdlB4AaABAg,@slalteredmusic8506,1591930236.136249,1,This is a bit overrated,,UfmFIEh2QjU
UgwwiQYgV2HWdoLr5RZ4AaABAg.97iF8vbQgfY9Av39QZp9i9,@meowstylee,1623466234.766095,1,Because they dont care,,UfmFIEh2QjU
UgwwfQImvDobwkIh3s14AaABAg.96C0qg45a0298yqIQNYP7m,@emeraldmoon8393,1591930235.793248,1,"what really bothered me is that nobody else stood up for the poor guy, they just watched calmly as if this had happened before multiple times. I've seen shit like this before, except student v teacher. I've taken beatings because I stepped in to try and help the victim.",,UfmFIEh2QjU
UgwwfQImvDobwkIh3s14AaABAg.96C0qg45a0298bd1Rjxy8c,@rosebud6116,1591930235.78704,1,"So get this, I get mad easily. I’m supposed to go to a person. And guess what? They make me worse. Once they told me that “No normal kid does this!” And yelled at me. I cannot believe they are the ones trying to make me feel better. Because of that one time they said that, I realized I’m not normal, and most of me just wants to get mad at normal things. I feel like I lost all the friends not because they didn’t care, but I got mad. Even if they just didn’t talk to me. And two friends basically ignored me. So that time I left them. But next school year is the last I have of that school. I’m just glad that the teachers are making an effort. Unlike when I moved for 3rd grade. They just sent me to the principals office and suspended me. A few years later I found out it ran in the family. I feel like they knew, but made no effort for one reason that I won’t know.",,UfmFIEh2QjU
Ugwn35G_qGwONspJ_Ih4AaABAg.96nSR6ugw1u982UHZXPR4M,@snowy_gateaway7583,1591930235.344493,1," @Ricky911_  You have to take both :,(",,UfmFIEh2QjU
UgwwfQImvDobwkIh3s14AaABAg.96C0qg45a02979dA-UgsWK,@kanakrandheer,1591930235.784439,1,Ikr... Just why did they do that to that poor child,,UfmFIEh2QjU
UgzHBG4yc6By2n_4eEB4AaABAg.9AzSWZrQmvo9BExT1GCoP4,@harmonyvix,1623466229.04826,1,Thanks for bringing this up:),,UfmFIEh2QjU
Ugx3xpLVMrJgKLM54gx4AaABAg,@shalommalca2125,1591930241.236886,1,The only way to teach finish people anything is to split the head with the explore the Bible inside and then close it there so stubborn like mules their head is so hard they don't even use a helmet when riding motorcycle,,UfmFIEh2QjU
Ugz2RB-BLrcFuBNj58F4AaABAg.95dOEIamaO599DmGDttmBG,@perc30julio12,1591930236.388951,1,Bob Ross why is the defense system more important??,,UfmFIEh2QjU
UgxOLjPBbqRf6k3_RpF4AaABAg,@yuk4ifi,1623466227.324712,1,We should choose the best educational model in our country,,UfmFIEh2QjU
UgymFHgEr3FmDffNf_J4AaABAg.95F3unsuJq895I4heLKOFC,@someweeb633,1591930238.349361,1,Shibapriya Mukhopadhyay Cries as a Nepali student,,UfmFIEh2QjU
UgxC83kCa0p-YaM6ygB4AaABAg.9C1pr12xo7g9CV0zrpGTJz,@ProudBisayangDako,1623466225.573478,1,"kiddo. it's not right to say that Finland didn't produce anything. They produced:
* Linux - by Linus Torvald
* Nokia - i believe they paved the way for our modern user friendly phones
* Erwise - the very first browser with a GUI (graphical user interface) which paved the way for our modern browsers now
* Heart rate monitor
* IRC (Internet Relay Chat) 
* SMS
and many more.",,UfmFIEh2QjU
UgxC83kCa0p-YaM6ygB4AaABAg.9C1pr12xo7g9CZDXWv2vGu,@ProudBisayangDako,1623466225.580525,1, @ClarksonsinUSA  and USA has way more blind squirrels to find nuts right kiddo?,,UfmFIEh2QjU
UgxC83kCa0p-YaM6ygB4AaABAg.9C1pr12xo7g9EIJ3Ea7IyG,@abrahamtolentino172,1623466225.58155,1,There's only 5 million people in Finland,,UfmFIEh2QjU
UgzkSEg_yRJT5aOol_h4AaABAg.9C13JEx34v49D5hz6zHk1k,@viveksinghal1843,1623466225.897262,1,The whole indian education system. Naya wala to aur bhi ganda h. Load badha diya h,,UfmFIEh2QjU
UgwPvhGLBz3Y17DybfZ4AaABAg.9Bu-lHV4rfz9C0Y4dKkxGQ,@sachinmaurya3259,1623466226.780027,1,"Are you hereafter  ""Abhi and Niyu"" video",,UfmFIEh2QjU
UgwPvhGLBz3Y17DybfZ4AaABAg.9Bu-lHV4rfz9C5Wtd4o1nY,@lachlangmbh8947,1623466226.781866,1,"Come on, Indians are the best in English and computer programming",,UfmFIEh2QjU
UgwPvhGLBz3Y17DybfZ4AaABAg.9Bu-lHV4rfz9GKVivYppt_,@tvds8350,1623466226.786416,1," aastha tyagi  Yeah, I agree, but that pressure shouldn't be considered normal! Also, sure you work hard in Asia, but you have to work twice as hard here because everyone worldwide is trying to get here.",,UfmFIEh2QjU
UgzAPDpri3Jr-pvxzfB4AaABAg,@D3fault16,1623466227.307677,1,Bla Bla Bla education is a waste of time in most cases.,,UfmFIEh2QjU
UgzAPDpri3Jr-pvxzfB4AaABAg.9Bt9v8QJ3mJ9DDyUqe9XNG,@DarkAngleOfAsh,1623466227.539492,1,You sound like someone who sucked in school and now think education is a waste cause it didnt cut out for you,,UfmFIEh2QjU
Ugz2RB-BLrcFuBNj58F4AaABAg.95dOEIamaO599GOOWwLxzr,@perc30julio12,1591930236.391337,1,@The Aesir I’m saying why is the defense budget more important than Educational or Health care system???,,UfmFIEh2QjU
UgzAPDpri3Jr-pvxzfB4AaABAg.9Bt9v8QJ3mJ9DEJ1Jzkjsl,@D3fault16,1623466227.541468,1, @DarkAngleOfAsh  Im still at school and the funny thing is that i dont study and still i get good grades. But its a lot better to self educated and be financialy free then to loose 16 years of my life so i can sell my time for money and be a slave to someone.,,UfmFIEh2QjU
UgzAPDpri3Jr-pvxzfB4AaABAg.9Bt9v8QJ3mJ9DEJL6TnPSs,@D3fault16,1623466227.543352,1,And the most people that i know that suck at school are successful and rich in life and those who i know that study really hard are slaves to their bosses and really good employees.,,UfmFIEh2QjU
Ugxnx8P0HWe1zXXoTBd4AaABAg.95YqFvO4ZG197VfZSGi2Cl,@Bigstickpolicy,1591930237.023417,1,wooba Dooba Living in America is not a flex. You’ve been rick rolled. Your taxes are going to GI bills and more kids are going in for free healthcare. That’s telling,,UfmFIEh2QjU
Ugxnx8P0HWe1zXXoTBd4AaABAg.95YqFvO4ZG196YWOmHhTKu,@indiangirl874,1591930237.022265,1,"I'm not Canadian but still I'm clapping too :,)",,UfmFIEh2QjU
UgxHm3S4kRN5knVUzCV4AaABAg.9Bffqp0_-o19Bp6jr-brTV,@johnnywhite58,1623466228.035287,1,Oh  that's so stupid . White privileged simpleton . Where to start  oh what's the point,,UfmFIEh2QjU
UgxuzIAvheob9gQKonp4AaABAg.95bj_le_-Xh95i6cwgzHqP,@_Queen_Jasmin,1591930236.713381,1, @moustachio05  =))))))))))),,UfmFIEh2QjU
Ugy5f6lPMPfnQ05p7vN4AaABAg.9BCfbzxqAJ99BsGmBBnvKl,@atharvakarawade9054,1623466228.314016,1,"Dude... I am an indian origin guy who shifted to USA 2 years ago. I live in Texas. Dude.. The American edu system is much better than the Indian edu system cuz India gives 0% emphasis on practical knowledge, it only stresses on theory whereas in usa, they do give practical importance too",,UfmFIEh2QjU
Ugy5f6lPMPfnQ05p7vN4AaABAg.9BCfbzxqAJ99BtQ_HCIZlb,@spiderman-xj6yr,1623466228.315512,1," @atharvakarawade9054  now, the govt has finally changed the education policy leading to better stress on practical rather than theory",,UfmFIEh2QjU
Ugy5f6lPMPfnQ05p7vN4AaABAg.9BCfbzxqAJ99BtTglnHc3o,@darkmemes7531,1623466228.317013,1, @atharvakarawade9054  i live in Florida but I'm Pakistani.. i have experienced exams in botg countries and nothing is changed.. Not only Indians but whole world except Finland,,UfmFIEh2QjU
UgzK9UMdX9O-uXDFHXF4AaABAg.9C87qpkvQKY9D5a1LR-wZi,@dakingk7813,1623466224.784226,1,But this is about Finnish elementary middle and high school not about college.,,UfmFIEh2QjU
UgxJQkJLsn9HIixrjUB4AaABAg.9DUXeoSdy6g9NX4B3BWeCL,@aleksi6340,1623466217.361316,1,I as a fin want to be born in an english speaking country instead,,UfmFIEh2QjU
UgzK9UMdX9O-uXDFHXF4AaABAg.9C87qpkvQKY9D42QqqMgqX,@dakingk7813,1623466224.7826,1, @markarmage3776  no big innovaters??????? What about linux you fucktard lots of big companys use it and the best cyber security analysts use it and since your so smart mr mit you should know what linux is.,,UfmFIEh2QjU
UgysD4zo-VFVI6Pn-jd4AaABAg,@kugankandiah9156,1623466208.976003,1,Wow so there are no robots in finland,,UfmFIEh2QjU
UgxcIuYEZEjKoyMFJnt4AaABAg.9KSeGKPScfs9KwgKLvKyQO,@evaisthisiaeclaire6365,1623466210.759974,1," @Priya-gm3tk   Under the present system, we just waste the first 20 years of our life. For what? Mark-driven crap, which I can't even call ""education"".",,UfmFIEh2QjU
UgwswwIWWQ1xpxM7tCF4AaABAg.9LV9KI1MXzL9TsjYMeuqEx,@Aaryarakt,1655002210.197345,1," @Hndjdj400  nothing will change.
Old System needs to be uprooted first",,UfmFIEh2QjU
UgwswwIWWQ1xpxM7tCF4AaABAg.9LV9KI1MXzL9TsgEEDfaec,@Hndjdj400,1655002210.195237,1,Umm i won't say worst but still there needs to be lot of changes in curriculum. Hopefully the new system brings changes,,UfmFIEh2QjU
Ugw1pmJ5GeuOz6vf5mN4AaABAg.9LkrXdMG-mU9MbGaWj5I3n,@aleksi6340,1623466209.920248,1, @samuraijosh1595  On average? i dont know,,UfmFIEh2QjU
Ugw1pmJ5GeuOz6vf5mN4AaABAg.9LkrXdMG-mU9MbFEgcIGll,@aleksi6340,1623466209.917512,1, @samuraijosh1595  what,,UfmFIEh2QjU
UgxS_lJmuafQm-JiS2Z4AaABAg.9LsXGc6edE59attzSvqVCm,@chewyjuice4656,1655002209.601659,1,Welcome:),,UfmFIEh2QjU
UgxS_lJmuafQm-JiS2Z4AaABAg.9LsXGc6edE59Tw129wI5cc,@TiesZijlstra,1655002209.598874,1,"YES OFC I WOULD LOVE TO, OH AND TAKE SOME TICKETS FOR FRIENDS AND FAMILY ASWELL",,UfmFIEh2QjU
UgzjuG4oLAR0tbttuHF4AaABAg.9LxYa0JFkT59Tw0yXtXF3k,@TiesZijlstra,1655002209.268688,1,bro this is so messed up,,UfmFIEh2QjU
UgwBLDl46zkDlTrgllF4AaABAg.9M6sGIz5tmn9_SbBA-buxl,@aada291,1655002208.247111,1,we actually get graded w numbers :),,UfmFIEh2QjU
UgyZSDaPnz2-wpYRCWZ4AaABAg.9NF87l6fif89QFbwofJsBv,@justarandomperson74,1655002206.611604,1,Yeah,,UfmFIEh2QjU
UgwBLDl46zkDlTrgllF4AaABAg.9M6sGIz5tmn9Tw0vCT59hf,@TiesZijlstra,1655002208.244379,1,"so true, i just dont have the will to learn bcs of this shit education system, thats the reason im commenting rn",,UfmFIEh2QjU
Ugze3l4LobN2IR8OVS54AaABAg.9MU6h_-Nj6K9OZVYkYYFUS,@Hhhhhh-sz9ud,1655002207.887008,1,Have you experienced any other education system!,,UfmFIEh2QjU
Ugze3l4LobN2IR8OVS54AaABAg.9MU6h_-Nj6K9NCveJv-Tfl,@aleksi6340,1623466207.885616,1, @marrelouise762  no,,UfmFIEh2QjU
Ugze3l4LobN2IR8OVS54AaABAg.9MU6h_-Nj6K9NCuupSHSEX,@marrelouise762,1623466207.884093,1, @aleksi6340  I'm asking myself do you have something against swede-Finns? or do you just don't like swedes?,,UfmFIEh2QjU
Ugze3l4LobN2IR8OVS54AaABAg.9MU6h_-Nj6K9N44P36KTIk,@aleksi6340,1623466207.439275,1," @marrelouise762  what do you mean, did you write wrong?",,UfmFIEh2QjU
Ugze3l4LobN2IR8OVS54AaABAg.9MU6h_-Nj6K9MkVAehe4rA,@aleksi6340,1623466207.436629,1," @cantankerousmanul  its not needed for anything, almost all of the swedish finns speak finnish, stop lying.",,UfmFIEh2QjU
Ugze3l4LobN2IR8OVS54AaABAg.9MU6h_-Nj6K9MfTIeD0_0N,@aleksi6340,1623466207.433624,1, @avrockairborne5253  What freedom?,,UfmFIEh2QjU
UgzqasD1tzv9Vz8RImR4AaABAg.9MtJWSDP-KF9Xb7Htenv8y,@Jozie88,1655002207.119828,1,Welcome! <3,,UfmFIEh2QjU
Ugwy5BfIWg3PHGHicxF4AaABAg,@ismatara1260,1591930248.085986,1,"guess thats why supercell, nokia and angry birds exists",,UfmFIEh2QjU
UgxcIuYEZEjKoyMFJnt4AaABAg.9KSeGKPScfs9NXSTKN42CC,@thatonekidwhohasnoideawhat5048,1623466210.762356,1," @Priya-gm3tk  yeah I got some B's in my 5th grade report card with no A+'s, just B's and A's and my mom was like: ""This was not expected.""




So for them,
A= Achiever
B= Bad
C and D= Can't achieve anything",,UfmFIEh2QjU
Ugyp7kSjR-nYkEV5AMl4AaABAg.92P8hdIX34192cm9Sg91F9,@Cheezynubz,1591930247.678084,1,Dumbass,,UfmFIEh2QjU
Ugw4SEeVUxXpBWCVvn54AaABAg.9KM7JyKNQph9NX5Ru3cCY3,@tescobakery1927,1623466211.068421,1, @aleksi6340  Opintotuki. Opintolaina josta 40 % on ilmaista rahaa jos valmistut ajoissa.,,UfmFIEh2QjU
UgwcL7DK5moOf5eSoTt4AaABAg.9GxvKxAYKqr9HSZGzvVeun,@mshak395,1623466213.814624,1,"In my school,kids will steal the playstation within one day LMAOOO",,UfmFIEh2QjU
UgzQyyq4ZoM3QIz5zyB4AaABAg.9HZOk2vYPSZ9I1TtDWwnLW,@trevoryin,1623466213.585742,1, @jk8557  yeah.. it make me wonder about the meaning of 'best education system'..,,UfmFIEh2QjU
UgywD1BwoEsNyM3rq1l4AaABAg,@bensalter7997,1623466213.072792,1,Sorry.,,UfmFIEh2QjU
UgwTF1MXFzmGY0BU5hd4AaABAg.9ItlDl1jcjn9Oh-ugtNSDY,@FunGuy5,1655002212.276729,1," @mysafewhoopernsfw8228  yep, and always 
""Remember Who You Are""",,UfmFIEh2QjU
UgzeUgMF45igi73ABGd4AaABAg.92WDZzcDWfG93FelXB64ME,@gurjindersingh3843,1591930246.281433,1,Sounds a lot like Indian Education.,,UfmFIEh2QjU
UgwTF1MXFzmGY0BU5hd4AaABAg.9ItlDl1jcjn9OgzM0IXnGp,@mysafewhoopernsfw8228,1655002212.068004,1," @FunGuy5  Yeah I felt great old YouTube back when theirs no issues with it. Specially the nice calm fandoms Im in, but now a days I see drama videos everywhere, chaotic and toxic people. I really missed it alot and don't worry I also understand you. Modern Days seem to be very hard and scary doe nowadays tbh 🙁 but thanks for reminding me about sticking to my spirits and God🤗.",,UfmFIEh2QjU
UgzeUgMF45igi73ABGd4AaABAg.92WDZzcDWfG953BHj9Fz3w,@eganrac545,1591930246.284813,1,This is the case in Finland as well.,,UfmFIEh2QjU
UgwTF1MXFzmGY0BU5hd4AaABAg.9ItlDl1jcjn9Ogkk-1NbOx,@mysafewhoopernsfw8228,1655002212.063418,1," @FunGuy5  Exactly the point of education is to prepare you for the real world by giving you skill and knowledge on how to get through it. I personally felt learning things that I'm really not interested in is very draining, instead of teaching skills that are really important in life. I never had the time to ask my self this questions until quarantine. Are all of this subjects in my life matter and never did I had the time realize that. Like for example I want to be a musician or be a chef but the system forces to learn things that are not related to that career. I just hope they make the system of education more effective in the future and not like this.",,UfmFIEh2QjU
Ugy-_2MB2_756Q-Apl14AaABAg,@szariq7338,1591930241.244254,1,"3:07 In Poland there's a special rule for this: ZZZ (Zakuć - litterally forge, learn for goddamn sake, Zdać - pass, Zapomnieć - forget, so English version would be said FPF)",,UfmFIEh2QjU
UgwTF1MXFzmGY0BU5hd4AaABAg.9ItlDl1jcjn9Oge3qhXY_o,@FunGuy5,1655002212.059664,1," @mysafewhoopernsfw8228  I feel your pain there and that's way I always trust myself and our Lord and savior Jesus Christ to always be safe and not just being safe, it's being protected from evil and even always doing good deeds for all the people that needed help or need help.",,UfmFIEh2QjU
UgwTF1MXFzmGY0BU5hd4AaABAg.9ItlDl1jcjn9OgbrlsjiCI,@mysafewhoopernsfw8228,1655002212.05787,1, @FunGuy5  I agree and I'm also from Philippines. I honestly don't like system of education here and majority of people here had the mindset get a degree and make your grade high or your failure in life. It's really sad and I really want to become a digital artist and an animator but they don't offer those here. It really sucks,,UfmFIEh2QjU
UgwTF1MXFzmGY0BU5hd4AaABAg.9ItlDl1jcjn9OZbzvsu6z_,@FunGuy5,1655002212.055569,1,"Am from the Philippines as well and I could say is little bit true and even difficult, boring, dumb as well. And the lesson is quite little okay and even what's the meaning of the lesson again or the Life Lesson on this subject again?",,UfmFIEh2QjU
Ugwvke4nSE0JwC4OD2p4AaABAg.92VJ-VIMaHR93QOLzzzzKy,@kushi3764,1591930246.546334,1,Some asian countries like korea and Japan are ranked very high in education but the endless stress and hours they work is incredible and just not worth it.,,UfmFIEh2QjU
UgymX77XFjGaMEXnG1B4AaABAg.9JjluPNKX719LP7cWD2YaC,@maknyc1539,1623466211.528475,1,do it :),,UfmFIEh2QjU
Ugwvke4nSE0JwC4OD2p4AaABAg.92VJ-VIMaHR93Rh_p4J-bU,@caca5222,1591930246.549962,1,"kushi Chowdhury Yeah, feels awful that they have to go trough so much more stress, but i think they learn more devotion to their goals.",,UfmFIEh2QjU
UgzOknYLQcBwk4Gwi714AaABAg.9JmkKpAP9II9L9h5qB10B1,@CMGThePerson,1623466211.316706,1,Mainly because Finland actually does a few things well,,UfmFIEh2QjU
UgwUD9WFFhR0ZRyhH4l4AaABAg.92VCbwj4aUb92uO6VBGer3,@pep590,1591930246.757571,1,They only beat the ones from the ghettos. They don't beat our best.,,UfmFIEh2QjU
Ugx73uccuDvNItWs7qJ4AaABAg,@adambert544,1591930248.105025,1,Not convincing. Not enough explanation.,,UfmFIEh2QjU
UgyAum-jWtxHErLfNbN4AaABAg.92EQescEFrl92LBKzIyhK6,@1000eau,1591930248.37256,1,"Yes, USA have chance to have good gegography lessons for learning that.",,UfmFIEh2QjU
UgwqTfupIf2FqvE4foJ4AaABAg.9GW9gJsqTog9H0j2eGixgL,@agi238,1623466214.285007,1,Why not the government give him the money to move to Finland? What if he doesn’t have the money?,,UfmFIEh2QjU
UgwaAra6qlcvNQJExAR4AaABAg,@JasperTedVidalTale,1686538199.349522,1,0:25 You forgot max payne,,UfmFIEh2QjU
UgwnV6t6nSCZf7V-BGZ4AaABAg.9Xx6L6g30h09_S_j1sg8V3,@aada291,1655002201.177388,1,what,,UfmFIEh2QjU
UgxGqtVFGQ4GdLmKbN54AaABAg.9_DKjkC7mcb9bnULFd2Dam,@martineshamzin7535,1655002200.872168,1,"Its not the schools job to give you recess or lunch. Its too bad that our schools dont have particularly talented teachers, and kids have no discipline, but you can be responsible for your own education. Work harder, and develop your self discipline.",,UfmFIEh2QjU
UgxYMQnuMWt4dJdC_9p4AaABAg.91jC8h2PwRt91z6KVX5YK5,@enriquediaz6765,1591930249.667703,1,I don't even understand your english bro.,,UfmFIEh2QjU
UgyZ5ARI-hJRya4SsAx4AaABAg.9b6ALG9uKfK9bppsUrAgMn,@josephsaint4698,1655002200.096499,1,School you should focus on how to research not what you studied,,UfmFIEh2QjU
Ugw7QVKlj8-n87aWH_B4AaABAg,@wermthewerm,1655002199.368851,1,"""they're rarely assigned homework""
This depends on the teachers and schools so much it's painful.",,UfmFIEh2QjU
UgwD2SgaCZO2E9UXIrh4AaABAg,@trarondahicks188,1655002199.359029,1,I gotta practice my Finnish,,UfmFIEh2QjU
UgwXfN7HyaJkTEPYRYN4AaABAg,@martineshamzin7535,1655002199.353825,1,And they spend less then a 10th per student that we do. So more money for education is not what is needed. And I see absolutely no correlation between making sure students get basic proficiency to schools competing for resources. BTW...so much for diversity being our strength. Just a little joke there...,,UfmFIEh2QjU
UgySRkJuM37mNCQQ0rd4AaABAg,@SaraDeux,1686538199.351025,1,"Hi it’s Finland, I decided my country is the best. Review source? Me.",,UfmFIEh2QjU
UgxYMQnuMWt4dJdC_9p4AaABAg.91jC8h2PwRt953Bu_g1AXB,@eganrac545,1591930250.124819,1," @enriquediaz6765  There is definitely homework, just less of it",,UfmFIEh2QjU
UgyQJytBZE6isR3CT-F4AaABAg.9NRUiPkqZ5G9O_2ghkJrNB,@thesilverwolf1560,1655002205.607381,1,Same,,UfmFIEh2QjU
UgxYMQnuMWt4dJdC_9p4AaABAg.91jC8h2PwRt953FE2bjRWS,@enriquediaz6765,1591930250.127558,1,Little to none.,,UfmFIEh2QjU
UgwL3TIbUFnnH6m9sLR4AaABAg.91Uv0DQzrzF91bYczEfkAX,@uccello297,1591930251.356302,1,How,,UfmFIEh2QjU
UgwL3TIbUFnnH6m9sLR4AaABAg.91Uv0DQzrzF91bZwje23mA,@collegecorginew6936,1591930251.357973,1,where are the avocados? just come to a public school in finland and get instant regret everyrhing sucks,,UfmFIEh2QjU
Ugwv6m2fx7enYV_tf054AaABAg.9jYXilx1k6b9mNWx0uoST7,@mauraharms8315,1686538198.336012,1," @wattstewart9840  just saying. If ""we"" left out the black people, we leave out a lot of great scientists, thinkers, innovators, and possible new friends too.",,UfmFIEh2QjU
UgwL3TIbUFnnH6m9sLR4AaABAg.91Uv0DQzrzF91qzEnSTUM5,@emilvikevainen1148,1591930251.360952,1," @uccello297  
No, private schools aren't better. In fact, only a really small amount of people are in a private school so people don't even know what it's like. I'm Finnish so I think I know this.",,UfmFIEh2QjU
Ugwv6m2fx7enYV_tf054AaABAg.9jYXilx1k6b9mNBHzvX4vD,@mauraharms8315,1686538198.332862,1,I sure bet Neil deGrasse Tyson was really dragging those scores down.,,UfmFIEh2QjU
UgyUDvHTN61mMVoD9Ox4AaABAg,@0sdm,1686538197.564385,1,did they delete Eric's comment ? wtf....,,UfmFIEh2QjU
UgyljHmbH9E_8aSX7Nx4AaABAg,@ktorpen3998,1686538197.55851,1,Zing,,UfmFIEh2QjU
Ugy43uxgB5vEAT7bXat4AaABAg.924dvCGxpe692XKDdtqClb,@xcel8727,1591930249.217175,1,"Indonesia here
7 a.m till 3 p.m",,UfmFIEh2QjU
Ugz-72A9K7pM3h4Ww754AaABAg,@education3511,1655002201.731272,1,What is Finland education administration system ?,,UfmFIEh2QjU
Ugy43uxgB5vEAT7bXat4AaABAg.924dvCGxpe692FR7sQYi_a,@sneakysxn7052,1591930249.215644,1,Komedykid lmao they can. Students stay late studying in school then either go home or cram schools,,UfmFIEh2QjU
UgyCqmegbB7WptP7vNN4AaABAg.9VQFShPIgGU9_S_rrodUB2,@aada291,1655002202.003492,1,yes but be prepared it is really hard,,UfmFIEh2QjU
UgyMF-PvKdJJyfPCtyp4AaABAg.9NgacAFRwUU9PFl00yU9-B,@greybo4034,1655002205.38836,1, @Prisma_Guy  you from india,,UfmFIEh2QjU
UgyMF-PvKdJJyfPCtyp4AaABAg.9NgacAFRwUU9OpOTpy5TUL,@ravenharu3034,1655002205.38606,1, @Prisma_Guy  why?,,UfmFIEh2QjU
UgyMF-PvKdJJyfPCtyp4AaABAg.9NgacAFRwUU9Ogh4WkkTng,@Prisma_Guy,1655002205.382903,1,Canada's education system makes me feel like shit,,UfmFIEh2QjU
UgwZWlIuS7f3Oq-zxaJ4AaABAg.9NoNOnVcXIb9VOE9nQhuFc,@PapiChuIo,1655002205.103669,1, @ratyjoona  yea messed up on the comment,,UfmFIEh2QjU
UgyAum-jWtxHErLfNbN4AaABAg.92EQescEFrl92WDJpeYzdD,@vitamind5710,1591930248.377096,1,Y o s h i k o r/woooosh,,UfmFIEh2QjU
UgwZWlIuS7f3Oq-zxaJ4AaABAg.9NoNOnVcXIb9R-Imu3xZW8,@justenjoy9545,1655002205.096355,1, @kakkssjefkstay4467  it's 60%,,UfmFIEh2QjU
UgwZWlIuS7f3Oq-zxaJ4AaABAg.9NoNOnVcXIb9OcUmniDwbJ,@kakkssjefkstay4467,1655002204.84415,1, FuzzerSky  yeah but finland isnt nowhere near the most capitalist country,,UfmFIEh2QjU
UgwJwwzk5PaGImyUAuZ4AaABAg.927kf-A4LMM92PWASElZcl,@blackcoffeebeans6100,1591930248.837983,1,"Once soviet wanted to conquer Finland,but finns fighted strongly against it and kept it's freedom and independence.  Finland is a free and capitalist country and was never under communism.",,UfmFIEh2QjU
UgwZWlIuS7f3Oq-zxaJ4AaABAg.9NoNOnVcXIb9NxphU7n9Tp,@glensibat8979,1623466204.832221,1,lol,,UfmFIEh2QjU
UgwJwwzk5PaGImyUAuZ4AaABAg.927kf-A4LMM92PqKyZJpqc,@zeynepnecefzade3038,1591930248.841055,1,Magsud Hajiyev ı am from Azerbaijan🇦🇿🇦🇿❤️❤️,,UfmFIEh2QjU
Ugwwi9seQ9GK3b00ES94AaABAg.9OSQ8iuxKtN9QFbjpbRbZx,@justarandomperson74,1655002204.55224,1,Woah my parents say that to- 😔,,UfmFIEh2QjU
UgyQjnN-Yg83BoLwUYl4AaABAg.9P0PK3Kl6LH9eZB87PEjiv,@optimusprime4443,1686538203.890659,1,Welcome to the club,,UfmFIEh2QjU
UgyQjnN-Yg83BoLwUYl4AaABAg.9P0PK3Kl6LH9Tw0Sqzrl9w,@TiesZijlstra,1655002203.887995,1,"this is so true, i want to be able to express my passions, not learn bullshit while hating it at the same time. i want to have time for friends and family and games and my other hobbys its just so messed up",,UfmFIEh2QjU
Ugw6ZdtQmbQfZCg_TC14AaABAg.9RpCk-LYT7F9_DBzQOh8KX,@draczen,1655002203.329222,1,"Moving to Finland would give you a free education in the best universities in The world. 

If you are needing education, healthcare or chill & Happy living Our country can provide that.",,UfmFIEh2QjU
UgwN6psqYxYSJAEBg5F4AaABAg.9SZLkfPZdlB9U0dHLdgpKL,@ivandcpt1721,1655002203.021403,1,What language are you speaking guy?,,UfmFIEh2QjU
Ugz_aHiLkw8q3V-Z1Kp4AaABAg.9S_NuxY-65u9VOMiW_BA3G,@PreciousAlpschindler,1655002202.750745,1," @ratyjoona  oh but yeah I love Denmark, Finland, Sweden, and Norway equally",,UfmFIEh2QjU
UgygEW6-f8pkwaHYJJ94AaABAg.9UZJN7e-5nN9VfCKhiM3AC,@sofiarose6039,1655002202.259005,1,Americans can actually accomplish all that Finnish accomplish by just homeschooling. The American education system is pretty messed up. If you compare Finland's education system to homeschooling it''s pretty similar.,,UfmFIEh2QjU
UgwcL7DK5moOf5eSoTt4AaABAg.9GxvKxAYKqr9IaDhFn63P9,@lauramessy,1623466213.816087,1, @mshak395  it's a culture and morals difference between the countries,,UfmFIEh2QjU
UgwTF1MXFzmGY0BU5hd4AaABAg.9ItlDl1jcjn9OgerjUrfB0,@FunGuy5,1655002212.061626,1," @mysafewhoopernsfw8228  and I agree as well with you and it's not just the education system problem the problem is 'what is teaching you or knowing this information for you'. ""like is this important to life as we grow up as adults or not"" that's the real question to the school education system nowadays",,UfmFIEh2QjU
UgypQ-7YLM9hYWDtV3h4AaABAg.96NUEHPk4dy96NzJmNm4RK,@renji1984,1591930235.552262,1,Tngina may taga APEC amp HAHAHAHAAHHAAHAHAAH,,UfmFIEh2QjU
Ugy5rs7osn6rX0zY-ad4AaABAg.92h6eEs7iS-93THLromQnU,@pablocrespo2072,1591930244.951998,1,Niin,,UfmFIEh2QjU
Ugw1tsrU2EOj_Act_5V4AaABAg.94PpOjTeDGB96nSxWGq3Mf,@snowy_gateaway7583,1591930241.518676,1,"Ite ainaki opiskelen englannin ja ruottin lisäks japanii, ranskaa ja saksaa.",,UfmFIEh2QjU
Ugxokplf8CKmGqjRAjp4AaABAg.9DKv_Hs7IpP9FTyvdybdk9,@reothomas7624,1623466218.028533,1,"No one cares it's ""Americans"" people usually don't say Californians, floridians",,UfmFIEh2QjU
UgyJVHqtkcqnWwQ8JU14AaABAg.943-zNe4nYB9441IuML7UW,@someoneontheinternet3428,1591930241.830398,1,S i agree I got so mad when I saw that,,UfmFIEh2QjU
Ugw39lJ3VFuZLYWj6mN4AaABAg.935goRyycAh93LC1s4LQuE,@milla327,1591930243.99523,1," Get Ass  its not about ""hard"". Its about ""the best"". Ofc school is wayy harder in finland than in usa for example lmaoo",,UfmFIEh2QjU
UgwPx8GdXPIZPGy52VB4AaABAg.9DFaW3dNPEV9DMfYR_oiZ2,@vxsul,1623466218.800659,1, @NoName-bu4xg  Oooh that. Bruh i could reply to any comment a thousand times cuz i have nothing else to do :p And i could relate to your comment too so i guess i just gonna reply (But seriously tho how can i not relate to your comment there's not even anything funny in the comments),,UfmFIEh2QjU
UgzK9UMdX9O-uXDFHXF4AaABAg.9C87qpkvQKY9CDJnnGXq1e,@thehedgy3647,1623466224.21315,1,"Mark Armage yes, the russians export oil. But Neste isn’t finlands biggest company. Also what does it matter if they were refined using American technology. It’s hard for a small country to have much innovation. The Finnish government works well; they know what they are doing",,UfmFIEh2QjU
Ugz2TdkNc-UoEJNqvVt4AaABAg.9DEHsloslRB9DLHngtajvD,@Wandering.Homebody,1623466219.399533,1," @LA-sh9jh  your words, not mine. Pathetic.",,UfmFIEh2QjU
Ugz2TdkNc-UoEJNqvVt4AaABAg.9DEHsloslRB9DLIOq7mWrw,@LA-sh9jh,1623466219.401333,1," @Wandering.Homebody  I mean, yeah, they are my words. So?- 👁👄👁",,UfmFIEh2QjU
Ugz2TdkNc-UoEJNqvVt4AaABAg.9DEHsloslRB9DLKe0kl82_,@Wandering.Homebody,1623466219.403013,1, @LA-sh9jh  so you are bragging on here that you are very smart? And want to have somebody else post about it on reddit? That's incredibly random. But never mind.,,UfmFIEh2QjU
Ugz2TdkNc-UoEJNqvVt4AaABAg.9DEHsloslRB9DLeToosbJe,@jojobizarrelivingstone594,1623466219.405206,1, @Wandering.Homebody  bruh calm the freak down just cuz someone disagreed doesnt mean they are a lazy thinker this guy literally only said 'what',,UfmFIEh2QjU
UgyMuNmaVUXCEQTcnAt4AaABAg.9CEjjAL-G129Csff_u_I6H,@xvh274r,1623466223.9432,1,Or people in 3rd world countries,,UfmFIEh2QjU
UgxqmAQQM2YL39dd0IJ4AaABAg.93TGvkF6Wf994f4u0iEHLZ,@ip815,1591930242.435815,1,"Millä koulutusasteella tullee tuntie verran läksyjä
Mutta joo on paskoja kouluja myös",,UfmFIEh2QjU
Ugx3xpLVMrJgKLM54gx4AaABAg.936g9YtX3oc93xMZs_bvCj,@senxue,1591930243.500313,1,@gold ingot See? This person is just impossible to reason with!,,UfmFIEh2QjU
Ugz2TdkNc-UoEJNqvVt4AaABAg.9DEHsloslRB9GvGSqxCDzp,@BikuchWasHere,1623466219.411569,1, @Wandering.Homebody  r/iamverysmart much?,,UfmFIEh2QjU
Ugxru6lsULg-EkJaGUR4AaABAg.9CFMgLzC_pW9CXenlen5Xw,@limebounce2696,1623466223.432512,1, @pelimies1818  lmao bhhh,,UfmFIEh2QjU
Ugxru6lsULg-EkJaGUR4AaABAg.9CFMgLzC_pW9CLdEh0vB7H,@pelimies1818,1623466223.431218,1,DriftRS You are embarassing our anti-trump movement..,,UfmFIEh2QjU
UgxqmAQQM2YL39dd0IJ4AaABAg.93TGvkF6Wf994fseJckW6I,@MsMRkv,1591930242.436834,1,"+curtainmat You speak English, whereas most Americans can barely speak one language.",,UfmFIEh2QjU
Ugx3xpLVMrJgKLM54gx4AaABAg.936g9YtX3oc93TkXMlSAih,@shalommalca2125,1591930243.491465,1, @pablocrespo2072  you don't understand that's why you don't make any money,,UfmFIEh2QjU
UgzTak1SXqUWAgu6fHh4AaABAg.93B3AzuZxfw94oMbSGG4Hv,@FadingPixel,1591930243.169767,1,Yep,,UfmFIEh2QjU
UgxqmAQQM2YL39dd0IJ4AaABAg.93TGvkF6Wf9953GT4_Ayex,@pablocrespo2072,1591930242.727342,1, @MsMRkv  most Finns also speak English,,UfmFIEh2QjU
Ugxru6lsULg-EkJaGUR4AaABAg.9CFMgLzC_pW9CK-gh2d6im,@DriftRS,1623466223.420634,1,wtf,,UfmFIEh2QjU
UgyqznNFe6j9ozMtE2p4AaABAg.9Coac10Jgu69Gxxl7QhyWf,@vunknownvictory,1623466221.057601,1, @arsalabdullah8500  and your not alone,,UfmFIEh2QjU
UgwR-k1tg7lkskJzxkB4AaABAg,@sherunswithscissors,1623466221.47637,1,"Boy TYT you have really dropped the ball here - an idiotic take on a serious subject.
You should have replayed TYT program on same subject from 8 yrs ago. 
If you think education is a comedy then don’t wonder why you have a buffoon for president.",,UfmFIEh2QjU
Ugy5rs7osn6rX0zY-ad4AaABAg.92h6eEs7iS-92yh1dWBiEM,@nooa6020,1591930244.949053,1,Sama lol,,UfmFIEh2QjU
UgxqmAQQM2YL39dd0IJ4AaABAg.93TGvkF6Wf99DMC6p9J8_2,@pablocrespo2072,1623466242.736109,1, @luxraider5384  doesn't mean it should be ok to wake up so early,,UfmFIEh2QjU
UgzLZLEwOOGchC7RwWR4AaABAg.9G9K8yillAL9GB4saihLCD,@monicaadvenia293,1623466214.528704,1,yes what happened? :( can anyone explain?,,UfmFIEh2QjU
Ugw1tsrU2EOj_Act_5V4AaABAg.94PpOjTeDGB94f4YBRDQcj,@ip815,1591930241.510541,1," Rasmus Vohlakari  Suomi, ruotsi ja englanti = 3",,UfmFIEh2QjU
Ugwvke4nSE0JwC4OD2p4AaABAg,@hieveryone1106,1591930245.790726,1,not any longer， Asian countries will catch up soon，special east Asian！,,UfmFIEh2QjU
Ugx8DVrqmLqEsFjgDqp4AaABAg.9EdnoTDkmBL9Fb4tsg2tJd,@ashwanikumar-gv6ir,1623466215.997956,1,Me too. I hate my life.,,UfmFIEh2QjU
Ugx0DfQgEPdmMN40p_B4AaABAg,@sarujanrupan4831,1591930245.785554,1,He didn't say Finland exists though...,,UfmFIEh2QjU
Ugzlea-WkzEWHHaMjM94AaABAg.9DM96UKon0s9DNh66Ruesx,@hamburgerjehe1787,1623466217.768492,1,BLOXINARON omg i have the exact thought like you do,,UfmFIEh2QjU
UgxLVB7CoQ_oUxE6tnN4AaABAg.92gB8z15Ryc93THViEXIWz,@pablocrespo2072,1591930245.414357,1,This couldn't be further from the truth,,UfmFIEh2QjU
Ugw_Z4TOCDahPA4t3ix4AaABAg.9EIJL5jOeSU9FMn35VEwzO,@elijahizere,1623466216.891347,1,Can you explain why this matters?,,UfmFIEh2QjU
Ugw_Z4TOCDahPA4t3ix4AaABAg.9EIJL5jOeSU9Fxu89BXaUB,@taistaples7034,1623466216.893895,1," @elijahizere  I think what he is trying to say is that since Finland give a free education system it is harder for them to let so many people have a free school. The schools give free hockey courts, ping pong tables, pool tables and ps4's. So giving these additional stuff would also be very hard. So for 330 million people that would be alot of money. Teachers in Finland are also the best in the world and  so having the best teachers for a ton people would be very hard. The facts  i said are true but i dont know if my statement is correct so idk. I dont know about us schools so i could be wrong but hoe this helps.",,UfmFIEh2QjU
UgzsxQVabTTuxOztWZR4AaABAg.9Es_53WOiL_9JAbhq55yEp,@vaibhav3946,1623466215.089552,1, @Hndjdj400  but govt. is giving it in many states. Ofcourse you wont get the most expensive one because we are not in Finland.,,UfmFIEh2QjU
UgyAIWKl2U3YWH_R8xp4AaABAg,@fasgamboa,1591930245.78688,1,Awful?!?!?,,UfmFIEh2QjU
Ugw_Z4TOCDahPA4t3ix4AaABAg.9EIJL5jOeSU9HiFfFYdA0Z,@taistaples7034,1623466216.895034,1,@Ptolemy 1 good point i think the only excuse they can make is that they spend the money on something else even though they should definitely be spending it on schools.,,UfmFIEh2QjU
Ugw1tsrU2EOj_Act_5V4AaABAg.94PpOjTeDGB94g1x6-NK4A,@kimorarobinson4430,1591930241.513058,1,i know 5 as an American.,,UfmFIEh2QjU
Ugw1tsrU2EOj_Act_5V4AaABAg.94PpOjTeDGB94gJVWueE9O,@ip815,1591930241.515025,1," @kimorarobinson4430  Yeah but in Finland there are three mandatory languages you learn; Finnish, Swedish and English. Then there are bunch of languages you can learn from the age of 10 like French or German.",,UfmFIEh2QjU
UgzK9UMdX9O-uXDFHXF4AaABAg.9C87qpkvQKY9CGXDmHVtqL,@thehedgy3647,1623466224.770973,1,Mark Armage You won’t convince me with your “evidence”. You can keep trying but it won’t work cause I know that you are a little koo koo/ brainwashed,,UfmFIEh2QjU
Ugx8DVrqmLqEsFjgDqp4AaABAg.9EdnoTDkmBL9GvGEeOL_4F,@BikuchWasHere,1623466216.007985,1,"don't
get help
your life is worth living
it will get better
you are awesome man, have a free like :)",,UfmFIEh2QjU
UgzU4xN-r4qmYbRfVMJ4AaABAg.94yLqPKWvZ39563oRxTZnY,@heisernsu,1591930239.635126,0,"what is your email? i may be interested to answer your question, although i am not a expert.",,UfmFIEh2QjU
UgxqmAQQM2YL39dd0IJ4AaABAg.93TGvkF6Wf994g27KaU8Ry,@kimorarobinson4430,1591930242.437865,0,Fernando Velásquez i speak 5 and im american.,,UfmFIEh2QjU
UgwwfQImvDobwkIh3s14AaABAg.96C0qg45a0298bf8amh3oV,@Thedhilwar,1591930235.791464,0, @rosebud6116  Sorry! But what you trying to say.  I don't get it.,,UfmFIEh2QjU
UgwL3TIbUFnnH6m9sLR4AaABAg.91Uv0DQzrzF92Zmb_qFd8e,@ASmartNameForMe,1591930251.618899,0," @bread5384  I think you read my comment in the wrong context, I'm saying that compared to the school I go to, schools in the US are really nice",,UfmFIEh2QjU
UgwL3TIbUFnnH6m9sLR4AaABAg.91Uv0DQzrzF91bciRCB6dS,@uccello297,1591930251.359458,0, @collegecorginew6936  so only private schools are good ?,,UfmFIEh2QjU
UgzxJVFwwXoKZ_o_mB54AaABAg.95-VTArnFfj99DpTVLsJLd,@perc30julio12,1591930239.425286,0,"Me E the problem is that the states and cities all have separate Boards of Education. Where as in Sweden everyone is the same. But then, you have to look at the population difference 300 million vs 10 million. It’s a complicated situation. Personally I think project based learning is better for the Americans, it’s more engaging, and effective. I know because I have family in the US.",,UfmFIEh2QjU
UgzxJVFwwXoKZ_o_mB54AaABAg.95-VTArnFfj99Do4URkGb1,@perc30julio12,1591930239.422479,0,"@Me E I hate when people do this. Considering how much the US has contributed to the world. Cell Phones, Airplanes, Medicine, Computers, Photographic Film,  Modernized electricity. Social Media (YouTube) #1 in music, #1 in Film #1 in Cancer treatment . American Colleges rank higher in terms of research. The only difference is Europeans get things for free the Americans don’t. Let’s not forget  the contributions the US has shared with the world, so to say 330 million people are lacking in education based off of propaganda is wrong. I’m not even American, but stop generalizing them.",,UfmFIEh2QjU
UgwL3TIbUFnnH6m9sLR4AaABAg.91Uv0DQzrzF92ZBE5lvMl-,@ASmartNameForMe,1591930251.367688,0," @bread5384  I did, my aunt works there and compared to my Irish schools they're paradise",,UfmFIEh2QjU
Ugy43uxgB5vEAT7bXat4AaABAg.924dvCGxpe6926VWTZewKF,@Komedykid,1591930249.210662,0, @amaplesyrup6861  well he is lying they don't stay until midnight. They cant,,UfmFIEh2QjU
Ugy43uxgB5vEAT7bXat4AaABAg.924dvCGxpe6924hzszaqR4,@Komedykid,1591930249.206094,0,thats only 4 hours,,UfmFIEh2QjU
UgxqmAQQM2YL39dd0IJ4AaABAg.93TGvkF6Wf996ke-gpBvR2,@Entuudestaantuttu,1591930242.729935,0, @pablocrespo2072  vittu sä oot idiootti ajatteleppas nyt järkevästi monessa maassa saa ilmasta kouluruokaa ja ilmasen koulutuksen,,UfmFIEh2QjU
UgwL3TIbUFnnH6m9sLR4AaABAg.91Uv0DQzrzF92ZpfurYEwm,@bread5384,1591930251.621546,0, @ASmartNameForMe  That's what I just said..,,UfmFIEh2QjU
UgxqmAQQM2YL39dd0IJ4AaABAg.93TGvkF6Wf99DIY6a9y1rA,@luxraider5384,1623466242.734408,0, @pablocrespo2072  every child in the workd wakes up at 6:30 to go to school...,,UfmFIEh2QjU
UgwL3TIbUFnnH6m9sLR4AaABAg.91Uv0DQzrzF92ZlrdQIQL7,@bread5384,1591930251.368966,0," @ASmartNameForMe  U must be in a school that's actually good then. Unfortunately for the bunch of us, schools in US are horrible",,UfmFIEh2QjU
UgxYMQnuMWt4dJdC_9p4AaABAg.91jC8h2PwRt92NVgKHj2Rh,@ally6721,1591930249.675523,0, @enriquediaz6765  Wait what?,,UfmFIEh2QjU
UgxYMQnuMWt4dJdC_9p4AaABAg.91jC8h2PwRt92I_mw80WPj,@ally6721,1591930249.669563,0, @20somethingsworld97  Oxford university isn't American,,UfmFIEh2QjU
UgxYMQnuMWt4dJdC_9p4AaABAg.91jC8h2PwRt92IagE6_Tsc,@20somethingsworld97,1591930249.671065,0,The Pinklightning the level of prestigiousness from schools applies to any country. Ik oxford isn’t,,UfmFIEh2QjU
Ugw1tsrU2EOj_Act_5V4AaABAg.94PpOjTeDGB94hBo07y7CB,@ip815,1591930241.516759,0," Rasmus Vohlakari  En tiedä mitä tarkotti, selvensin vaan kun oletan nyt että tarkotti kaikkea kolmea.",,UfmFIEh2QjU
UgyJABZSY9k1K_Yb6HR4AaABAg.91YKpQ9vY-I9MecI3WRGWl,@user-nn5dh3cs9s,1623466251.007095,0,As an American I agree,,UfmFIEh2QjU
UgyJABZSY9k1K_Yb6HR4AaABAg.91YKpQ9vY-I9LX38P3bJmx,@alfeas6728,1623466251.00478,0,99% of humans would most likely agree with you,,UfmFIEh2QjU
UgztcTW_bcKdP4eMNgd4AaABAg.91cUhhD3vYi940LAf250un,@AM-vt7hw,1591930250.432124,0,Omg accurate. List down every single thing they said and you'll get a perfect score lol,,UfmFIEh2QjU
UgxYMQnuMWt4dJdC_9p4AaABAg.91jC8h2PwRt9DIZ5XusLt0,@luxraider5384,1623466250.130105,0,School ranking is pretty weird since if you accept only the best scores it s way normal to have the best results. It s just a business model to make people go to their schools and rise fees,,UfmFIEh2QjU
UgxqmAQQM2YL39dd0IJ4AaABAg.93TGvkF6Wf99DMFcIVcSYm,@luxraider5384,1623466242.738105,0," @pablocrespo2072  if you go to sleep earlier there just no difference. actually, even while being in holidays i enjoy waking up like 7am (i sleep like 7 to 8 hours) and i find myself really productive and in a good shape.  All of this: waking up early is just psychological  but if you just move out your sleep schedule in a more healthy way it's just way better. Actually school may learn us a very healthy way to live but the problem is that we always only take the bad side of things and are like (oh no i don't want to wake early and take my responsabilty to not go to sleep early) At the end of the day, if you follow this way of living u'll just end up destroying your sleep schedule and being tired everyday",,UfmFIEh2QjU
UgxYMQnuMWt4dJdC_9p4AaABAg.91jC8h2PwRt92kbOdSYu3C,@jarshoowa,1591930249.676816,0, @ally6721  Im from south america and education is very bad,,UfmFIEh2QjU
UgwbD-7Nv0604IsaCut4AaABAg.93gZQlgNPpi94p2Z0w4Tgf,@meghnayesmin6340,1591930242.149968,0,I too think u are wrong. Think yourself peacfully that why u are not  right in this case,,UfmFIEh2QjU
UgwbD-7Nv0604IsaCut4AaABAg.93gZQlgNPpi94tElyUvtdF,@amirkhalili280,1591930242.151239,0,That is not how it works my dude,,UfmFIEh2QjU
UgxqmAQQM2YL39dd0IJ4AaABAg.93TGvkF6Wf99474smhB_lR,@puro7706,1591930242.431219,0,Lazy teacher? That's good,,UfmFIEh2QjU
UgwHc6SiuCnn_IYmxtF4AaABAg.94gnQ5PXpzR960DtPbO7oE,@wooberdooba4019,1591930240.754233,0,The U.S never leaves lier.,,UfmFIEh2QjU
UgwL3TIbUFnnH6m9sLR4AaABAg.91Uv0DQzrzF91qzk2vjSc4,@uccello297,1591930251.362446,0, @emilvikevainen1148  that's sad I was planning to go and live there 😢,,UfmFIEh2QjU
UgwL3TIbUFnnH6m9sLR4AaABAg.91Uv0DQzrzF926gxp671jN,@rp3706,1591930251.365133,0,Can you explain how Finland is worst,,UfmFIEh2QjU
UgwL3TIbUFnnH6m9sLR4AaABAg.91Uv0DQzrzF92PV5h5v5zj,@bread5384,1591930251.366414,0,Just try USA schools..,,UfmFIEh2QjU
UgxYMQnuMWt4dJdC_9p4AaABAg.91jC8h2PwRt92Iet58tcL-,@ally6721,1591930249.672575,0," @20somethingsworld97  Ah, ok. It's just as you said 'because America is good at..' anyway alright. I think the reason they're all hyped up is because they have better passing rates or something. The kids  probably put more pressure on each other/themselves because of that.",,UfmFIEh2QjU
UgyJVHqtkcqnWwQ8JU14AaABAg.943-zNe4nYB94eVbmw3iVV,@SatumainenOlento,1591930241.831991,0,It was absolutely crazy!!!,,UfmFIEh2QjU
Ugxnx8P0HWe1zXXoTBd4AaABAg.95YqFvO4ZG1985MdCEH-bK,@wooberdooba4019,1591930237.026813,0, @Ricky911_  I would be a Zoomer,,UfmFIEh2QjU
UgwJwwzk5PaGImyUAuZ4AaABAg.927kf-A4LMM92cmMlfPcFF,@Cheezynubz,1591930248.84377,0,🇷🇺🇷🇺🇷🇺,,UfmFIEh2QjU
Ugxnx8P0HWe1zXXoTBd4AaABAg.95YqFvO4ZG199DmP3NM-58,@perc30julio12,1591930237.0299,0,wooba Dooba literally every other country in Europe has Freedom.,,UfmFIEh2QjU
Ugx3xpLVMrJgKLM54gx4AaABAg.936g9YtX3oc96v3guBB46V,@iapologizeformyselfishbeha4889,1591930243.780641,0," @cinderellaandstepsisters  Yeah, I think I will.",,UfmFIEh2QjU
Ugzg2Gdr7thOUO7V5q54AaABAg.9339W_fweeq9AgZJ6BQlNU,@FyodorUshakovSuka,1623466244.268617,0,Why do you write only capital letters? That's rude and dum.,,UfmFIEh2QjU
Ugz2RB-BLrcFuBNj58F4AaABAg.95dOEIamaO5960DHUQRkHo,@wooberdooba4019,1591930236.384052,0,The defense budget is more important.,,UfmFIEh2QjU
UgzYT7mTwCuv05luyP54AaABAg.92sucuYFdCu95GRAqBExcy,@theonly3649,1591930244.466433,0,Arey bhai bhai bhai..!!!,,UfmFIEh2QjU
Ugy2RIlMNFFEnVlOewp4AaABAg.92QP16z2Lfl9Bs0Eb7osED,@b3rnrd,1623466247.453953,0,"That sounds awful for me because my mother is very mentally unwell and very uneducated so I would definitely prefer a shitty school to learning at home with her, but I guess that could be a good idea for people with stable parents but I haven't looked in to the benefits of home schooling so I don't really know",,UfmFIEh2QjU
UgyYEipisVIY4Ievhh14AaABAg.92SiPpEmb3C92iijU5xrcH,@roel9314,1591930247.247855,0,ssech that doesn’t mean anything you idiot,,UfmFIEh2QjU
UgzlIuPJDj5m5Zb1tbF4AaABAg.92URaqJ6Kqc92aAJ2zjV7F,@harrybrowski,1591930247.002155,0,Because he is a Young Turk ! ....,,UfmFIEh2QjU
Ugy-_2MB2_756Q-Apl14AaABAg.92gvhCPKu3Z93n21IxfJnP,@bloodtraptrap5095,1591930245.174736,0,"Szariq ta zasada działa też w Niemczech, gdzie mieszkam. Na lekcjach na przykład angielskim uczymy się going to future XD

Ps będąc w 6 klasie",,UfmFIEh2QjU
Ugy-_2MB2_756Q-Apl14AaABAg.92gvhCPKu3Z93nqOAmdfmB,@szariq7338,1591930245.17765,0," @bloodtraptrap5095  Z tego, co jeszcze pamiętam, to miałem takiego pana od anglika, że w 7 klasie znałem już każdy czas.",,UfmFIEh2QjU
UgzeUgMF45igi73ABGd4AaABAg.92WDZzcDWfG95GRMd6WQRa,@theonly3649,1591930246.286306,0,Indian education : isn't that cute??,,UfmFIEh2QjU
UgxLVB7CoQ_oUxE6tnN4AaABAg.92gB8z15Ryc92kcohr01VL,@sethecx,1591930245.41067,0,like sexually? wtf,,UfmFIEh2QjU
UgzeUgMF45igi73ABGd4AaABAg.92WDZzcDWfG93QNvyNWiCs,@kushi3764,1591930246.28324,0,"This is also like British education.

Here in England we prepare our primary school life for SATS ( age 11) and they mean nothing once you start secondary.

Most schools start at 8:30 and finish at 3:30

In secondary school we prepare for our GCSE'S (when we're 16 of age)
(Ahh and dont forget all those topic test that determine our sets and endless competition and stress when we dont meet our HIGH expectations)

Then we do A levels and thats when we're 18 in either a college or 6th form

(this is optional) but some of us then get a degree (roughly 21 or 22 of age)

British education system is ranked 15th in science and 17th in maths so compared to America (27th) it isnt as bad...

But it is very STRESSING and is difficult with the amount of content that we are expected to regurgitate.
As an example, ( secondary school ) for english literature alone we are expected to know quotes of 3 peices of text (each rougly 30 pages long),15poems and anylise them to a good extent.
Thats one subject and an average student has to learn 9 or more. Some subjects have even more content like history.

Korea and Japan are even harder but higher on the list.
But I'm not sure if its worth all this stress.",,UfmFIEh2QjU
UgwExOxnK3VepZv9s9p4AaABAg,@peppito9158,1591930245.777006,0,Nice cz is third,,UfmFIEh2QjU
UgzeUgMF45igi73ABGd4AaABAg.92WDZzcDWfG92oaYvV5O4Q,@heythere_696,1591930246.279537,0,America is a continente.,,UfmFIEh2QjU
UgzeUgMF45igi73ABGd4AaABAg.92WDZzcDWfG92kabhj-sVD,@jarshoowa,1591930246.277795,0, @aIkaIi  im from south america and its worst than america education Xd,,UfmFIEh2QjU
UgzeUgMF45igi73ABGd4AaABAg.92WDZzcDWfG92_DfZwiFHC,@aIkaIi,1591930246.27581,0," @ASmartNameForMe  Yes, I agree. America definitely isn't the worst school system out there.",,UfmFIEh2QjU
UgzeUgMF45igi73ABGd4AaABAg.92WDZzcDWfG92ZAef-CLzw,@ASmartNameForMe,1591930246.273398,0,"I remember going to England an thinking ""wow, the schooling here is so similar"" which made sense seeing as I'm irish and are practically next door neighbours with the Brits, but then my aunt in Florida showed me around the school and oh my god, it was so nice. Like maybe this was a special case but the state as a whole was just better and nicer than where I was from. Like I could take a walk to the main Street and not worry about being killed despite guns literally being legal, and the school was no different. It was run so much better overall and the building was bigger and cleaner than anything at home (aswell you didn't have to buy uniforms for far more than they're worth) so I get your point, but it's not so bad over there at least",,UfmFIEh2QjU
UgwOJaL0KP-9uVx2TBZ4AaABAg.92Zveix-UKa92akxf4COIi,@verywarmsoda,1591930245.997693,0,I live in UAE and studied here my whole life and tbh no,,UfmFIEh2QjU
Ugxnx8P0HWe1zXXoTBd4AaABAg.95YqFvO4ZG198rk8RI6c_C,@wooberdooba4019,1591930237.027847,0,@F0ldedKristal Your taxes pay for healthcare so it is not really free. And the only problem with America is the liberal population.,,UfmFIEh2QjU
Ugxnx8P0HWe1zXXoTBd4AaABAg.95YqFvO4ZG197vVmN4z332,@Ricky911_,1591930237.024559,0, @wooberdooba4019  ok boomer,,UfmFIEh2QjU
Ugxnx8P0HWe1zXXoTBd4AaABAg.95YqFvO4ZG1985MbYKbf9Q,@wooberdooba4019,1591930237.025695,0, @Bigstickpolicy  Here in America we have something called FREEDOM witch I bet your country does not have.,,UfmFIEh2QjU
Ugxnx8P0HWe1zXXoTBd4AaABAg.95YqFvO4ZG198rqlnkDinT,@wooberdooba4019,1591930237.028869,0,@F0ldedKristal Our taxes do not go to healthcare.,,UfmFIEh2QjU
Ugx3xpLVMrJgKLM54gx4AaABAg.936g9YtX3oc95AxbZVUaHp,@cinderellaandstepsisters,1591930243.779489,0, @iapologizeformyselfishbeha4889  He is a troll and idiot. Just ignore.,,UfmFIEh2QjU
UgwJwwzk5PaGImyUAuZ4AaABAg.927kf-A4LMM92PqgjOWPfI,@mullim9860,1591930248.84248,0, @zeynepnecefzade3038  Çox yaxşı😃,,UfmFIEh2QjU
Ugxnx8P0HWe1zXXoTBd4AaABAg.95YqFvO4ZG199DmbbO27Gm,@perc30julio12,1591930237.03093,0,wooba Dooba they should. But ok,,UfmFIEh2QjU
Ugzr7eJ2Z9GlqUsYfF54AaABAg.9565LTkDdSk956Cm3QRs0U,@bruna3620,1591930238.962133,0,There are some more prepared for some stuff,,UfmFIEh2QjU
UgxqmAQQM2YL39dd0IJ4AaABAg.93TGvkF6Wf99ENrySNFwhp,@pablocrespo2072,1623466242.739938,0, @luxraider5384  can't sleep earlier cuz I have homework I have to do,,UfmFIEh2QjU
UgwqeTqxfWYatzhElLt4AaABAg.93Ef0_IrEy493NSJKaZQvu,@mofo9886,1591930242.956431,0,"Is that why Finland invented the internet, Facebook, flight, electric lights???
Or did Finland invent Nazi appeasement???",,UfmFIEh2QjU
UgymFHgEr3FmDffNf_J4AaABAg.95F3unsuJq8960DZ_SCRNi,@wooberdooba4019,1591930238.352963,0, @Shubham-dg3rb  Okay. Have fun living in a country where you are not free.,,UfmFIEh2QjU
UgzMbDqMoWDrsAvzskl4AaABAg.92D9XZVY8io92X984vXK4P,@JaszLcookie,1591930248.588153,0,Finally someone speak my language,,UfmFIEh2QjU
UgyAum-jWtxHErLfNbN4AaABAg.92EQescEFrl92gSaVbeFca,@kalle_s04,1591930248.378583,0, @vitamind5710  r/ihavereddit,,UfmFIEh2QjU
UgymFHgEr3FmDffNf_J4AaABAg.95F3unsuJq895IFni4fNc6,@strugglingsciencestudent5970,1591930238.351788,0, @someweeb633  lol,,UfmFIEh2QjU
UgymFHgEr3FmDffNf_J4AaABAg.95F3unsuJq895IC0hPwTJp,@Shubham-dg3rb,1591930238.350624,0,Lol US education system is luxury for us😂😂 our teachers always give examples of how good US education system is😂,,UfmFIEh2QjU
Ugxo-RQfYjdvIlJ9d7l4AaABAg,@laurentiudiconescu9596,1591930245.799917,0,why did you have to talk like that?,,UfmFIEh2QjU
UgyAum-jWtxHErLfNbN4AaABAg.92EQescEFrl92U0_BxizZ5,@mojiznaqvi8524,1591930248.375597,0,"Thy Støufers Læsagne I guess when people have good educational systems, they lose their ability to realise humour








And btw r/wooooshhh",,UfmFIEh2QjU
Ugx3xpLVMrJgKLM54gx4AaABAg.936g9YtX3oc93Vsq69LHvI,@shalommalca2125,1591930243.494641,0, @iapologizeformyselfishbeha4889  stop playing games I woke as a policeman in Stockholm Sweden 1975 to 1980 and there was so many drunk finish you're not such a nice people you know there was still million of your in Sweden shame on you,,UfmFIEh2QjU
UgyAum-jWtxHErLfNbN4AaABAg.92EQescEFrl92SRK8xQOSy,@talalations,1591930248.374113,0,Dumbass yes it does,,UfmFIEh2QjU
Ugx3xpLVMrJgKLM54gx4AaABAg.936g9YtX3oc93x8plGwLu2,@shalommalca2125,1591930243.497629,0,@gold ingot nothing is over game is not over yet I'm not down with you,,UfmFIEh2QjU
UgwbKmtDoafCYVJQbvR4AaABAg.95XwuAz29Ra9PzdEmTJGTy,@Pyovali,1655002237.470356,0,There are bullies tho,,UfmFIEh2QjU
Ugx3xpLVMrJgKLM54gx4AaABAg.936g9YtX3oc93x8tfer-OG,@shalommalca2125,1591930243.499016,0, @senxue  your IQ is 160 below zero,,UfmFIEh2QjU
UgwbKmtDoafCYVJQbvR4AaABAg.95XwuAz29Ra9AzUz6axUty,@nandasundstrom3426,1623466237.467436,0,They do attack each other tho...,,UfmFIEh2QjU
Ugxnx8P0HWe1zXXoTBd4AaABAg.95YqFvO4ZG199MoYTJ1aFo,@lolxd357,1591930237.279015,0, @wooberdooba4019  actually In finlan we have much More freedom,,UfmFIEh2QjU
Ugx3xpLVMrJgKLM54gx4AaABAg.936g9YtX3oc94--E4rLMjD,@shalommalca2125,1591930243.771378,0,A long way Jose,,UfmFIEh2QjU
Ugx3xpLVMrJgKLM54gx4AaABAg.936g9YtX3oc94g1adpURTk,@shalommalca2125,1591930243.774313,0, @iapologizeformyselfishbeha4889  The Finnish people get drunk when they step on a wine bottle Coke,,UfmFIEh2QjU
Ugx3xpLVMrJgKLM54gx4AaABAg.936g9YtX3oc94mLg_aA48X,@pablocrespo2072,1591930243.776913,0, @shalommalca2125  use commas and fullstops lol,,UfmFIEh2QjU
Ugx3xpLVMrJgKLM54gx4AaABAg.936g9YtX3oc94mMIn6-glB,@pablocrespo2072,1591930243.778198,0, @shalommalca2125  I'm sorry that I'm not a world class decoder. oh and you can't assume how much money I make based on my ability to decipher a blob of text which lacks any fullstops commas and correct spelling for words.,,UfmFIEh2QjU
Ugx3xpLVMrJgKLM54gx4AaABAg.936g9YtX3oc93MNTGwsMxN,@shalommalca2125,1591930243.487586,0, @jhusk14809  kova paa,,UfmFIEh2QjU
UgzK9UMdX9O-uXDFHXF4AaABAg.9C87qpkvQKY9CG4yN0mlDR,@markarmage3776,1623466224.763856,0,"@cat grips Doesn't matter where you live,  your arguments are still bad.",,UfmFIEh2QjU
Ugwn35G_qGwONspJ_Ih4AaABAg.96nSR6ugw1u98qS_LwTkkb,@396dog8,1591930235.350723,0,Ricky911 It is on a different continent. Why learn a language from a different continent.,,UfmFIEh2QjU
UgwTF1MXFzmGY0BU5hd4AaABAg.9ItlDl1jcjn9OgoSh7pPQr,@FunGuy5,1655002212.065002,0," @mysafewhoopernsfw8228  I agree with'ya, not gonna lie though nowadays school education system is now like opposite I wanna be at",,UfmFIEh2QjU
UgzsxQVabTTuxOztWZR4AaABAg.9Es_53WOiL_9F1X5llMNMZ,@TheKeithvidz,1623466215.073231,0,@zeetos25 Russell Fernandes that tells me nothing,,UfmFIEh2QjU
UgzzR2AP72hp4zqenh14AaABAg.9FcORKH5e499MbF8ccV3dY,@samuraijosh1595,1623466214.760281,0," @taistaples7034  lmao, I'm still confused after reading the translation (maybe due to shitty Google translation). What do you think is the essence his comment..?",,UfmFIEh2QjU
UgzzR2AP72hp4zqenh14AaABAg.9FcORKH5e499Fo9L3xMedP,@motokisano9827,1623466214.754165,0,@sevilmaoo me 2,,UfmFIEh2QjU
UgwqTfupIf2FqvE4foJ4AaABAg.9GW9gJsqTog9YF5_Pr5SQU,@neonxnational,1655002214.289516,0,"shows how USA education system ruined ur thinking, great job for being an example",,UfmFIEh2QjU
UgwqTfupIf2FqvE4foJ4AaABAg.9GW9gJsqTog9QzlXWS8Scq,@pradipchaterjee9576,1655002214.28804,0,"Haha ask any indian, Korean, american dp you like school: no

Do you have to go to school:yes

Do not go to school Go to Finland: no",,UfmFIEh2QjU
UgzQyyq4ZoM3QIz5zyB4AaABAg.9HZOk2vYPSZ9QzlXgw-HQx,@trevoryin,1655002213.593677,0, @pradipchaterjee9576  i know what you mean.. but only that rat race is behind the innovation.. thats why country like US got innovative power..,,UfmFIEh2QjU
UgzQyyq4ZoM3QIz5zyB4AaABAg.9HZOk2vYPSZ9QzktBs7NQc,@pradipchaterjee9576,1655002213.591705,0," @trevoryin  if you're talking about achievement it's just a awesome rat race 😂😂
.

Finland ranks 1 in quality of life
Living standards, peacefulness
 #1 in education...


And#1 in worth living for 😂😂 

It's just out of the rat race where every
Kid's just has to live so that it has to win a Nobel and  Olympics gold medals
Get high salary and all'






Get Outta your dream 🙏",,UfmFIEh2QjU
UgzQyyq4ZoM3QIz5zyB4AaABAg.9HZOk2vYPSZ9IN2t7TTHCX,@trevoryin,1623466213.587989,0,"@David AZ If your understanding of the best education system is that happy and relax class room, then what you say may be true. Europe education system is generally  more relax than the east. Or is it about producing best leader, scientist, doctors, philosopher and so on..",,UfmFIEh2QjU
UgzQyyq4ZoM3QIz5zyB4AaABAg.9HZOk2vYPSZ9HkYDNHoujE,@trevoryin,1623466213.582903,0,@Big blue whale Like what ? Just tell me 1 or 2 . Something well known in international level. Its very hard to find 'Made in Finland'.,,UfmFIEh2QjU
Ugx_JmWtEECNthS1Qul4AaABAg.9IkITRr5yk39aWxMuy_V79,@eikeksimimea1071,1655002213.338757,0, @neptune0909  Where?,,UfmFIEh2QjU
Ugx_JmWtEECNthS1Qul4AaABAg.9IkITRr5yk39XuInMEHtTs,@ninjapirate123,1655002213.337602,0,Uh Im so jealous now,,UfmFIEh2QjU
UgwTF1MXFzmGY0BU5hd4AaABAg.9ItlDl1jcjn9VT9USQV9Iv,@akuilaopo3231,1655002212.279727,0,"Yoo hello neighbor,Indonesian same as well XD",,UfmFIEh2QjU
UgwTF1MXFzmGY0BU5hd4AaABAg.9ItlDl1jcjn9Oh-X408sqv,@FunGuy5,1655002212.069523,0," @mysafewhoopernsfw8228  yep, and always                          ""Remember Who You Are""",,UfmFIEh2QjU
UgwTF1MXFzmGY0BU5hd4AaABAg.9ItlDl1jcjn9Ogq0llkB8Z,@FunGuy5,1655002212.066495,0, @mysafewhoopernsfw8228  I agree with'ya. And the school education system nowadays is like YouTube nowadays and YouTube back then they were the good memories or even a golden days of the internet back then. And even a Chad YouTube back then and nowadays YouTube is like no more fun nowadays. And I don't know what happened to YouTube nowadays. But like at least you understand me and I do really appreciate after all.,,UfmFIEh2QjU
UgwTF1MXFzmGY0BU5hd4AaABAg.9ItlDl1jcjn9J2utryDWsz,@SynnefaAsteria,1623466212.052906,0,Now schoolwork is now being done at home. Lets ALL FLY TOGETHER THERE.,,UfmFIEh2QjU
Ugz2TdkNc-UoEJNqvVt4AaABAg.9DEHsloslRB9DXJNbKr1Ll,@Wandering.Homebody,1623466219.409663,0," @anusha2353  but since you brought it up, shouldn't it be basic grammar and sentence structure evade you, though, without an s, since the verb shouldn't be conjugated to third person singular but plural? So I guess the most basic imaginable grammar eludes you, above all.",,UfmFIEh2QjU
Ugzz3C2JYc1vs_IlwRB4AaABAg.9IyWShXpJSk9JXE09xEZrw,@Jgjfjwjsb,1623466211.748045,0, @jamssy3409  In which grade were you at that time ??,,UfmFIEh2QjU
Ugzz3C2JYc1vs_IlwRB4AaABAg.9IyWShXpJSk9JA5Z0Qh0SA,@jamssy3409,1623466211.74608,0, @SLUURPTV  why do you ask?,,UfmFIEh2QjU
Ugzz3C2JYc1vs_IlwRB4AaABAg.9IyWShXpJSk9JA1CFjVOA6,@SLUURPTV,1623466211.743462,0,What age are you?,,UfmFIEh2QjU
UgymX77XFjGaMEXnG1B4AaABAg.9JjluPNKX719MUA7GsX3RI,@aleksi6340,1623466211.531264,0,"this is bullshit, the only way finland school system is better is because you dont have to pay for college",,UfmFIEh2QjU
UgzOknYLQcBwk4Gwi714AaABAg.9JmkKpAP9II9LAiiTiPrEd,@leroux-ianni,1623466211.318795,0, @CMGThePerson  Finland does few things well !... for example?,,UfmFIEh2QjU
Ugw4SEeVUxXpBWCVvn54AaABAg.9KM7JyKNQph9QzkWbjHdav,@pradipchaterjee9576,1655002211.072272,0," @rrickarr  😂😂😂😂 Finland cares about it's people
They rank the happiest
They rank#1 in education



And talking about contribution
Your TOTAL country is built by immigrants right

Indian's, Chinese, Koreans, African.. 😂😂.          


If contribution is the reason then the world should also acknowledge india and Greece the cradle of every scientific achievement started in ancient India
The Basis of mathematical sciences started in Greece
.
Where's the country condition now 😂😂.",,UfmFIEh2QjU
Ugw4SEeVUxXpBWCVvn54AaABAg.9KM7JyKNQph9NX6KbueVhb,@aleksi6340,1623466211.070431,0," @tescobakery1927  Eihän se ole sitä että sulle annetaan rahaa vaan se on siihen tarkotukseen että pystyt asumaan omassa talossa ja opiskelemaan ilman että sun tarttee tehdä töitä, sillä pärjää vain juuri ja juuri ja ei edes täydellisesti. Muistutan että suomessa on tosi suuret verot.",,UfmFIEh2QjU
Ugw4SEeVUxXpBWCVvn54AaABAg.9KM7JyKNQph9NX3k2gf1cF,@aleksi6340,1623466211.066569,0,Saatko oikeesti rahaa siitä? Miten niin,,UfmFIEh2QjU
Ugw4SEeVUxXpBWCVvn54AaABAg.9KM7JyKNQph9Kjx_VtkDer,@rrickarr,1623466211.058732,0,and what do you then contribute to the world.   Socialism at its worst!,,UfmFIEh2QjU
UgxcIuYEZEjKoyMFJnt4AaABAg.9KSeGKPScfs9Oeeo-KYXhX,@Msh4566,1655002210.765839,0, @anime2315  Do you know nokia born from Finland😂😂😂😂😂??? It is established in 1879,,UfmFIEh2QjU
UgxcIuYEZEjKoyMFJnt4AaABAg.9KSeGKPScfs9NauiP8E3_O,@anime2315,1623466210.764679,0, @evaisthisiaeclaire6365  fortunately my school teachers are good and friendly and understanding but still education is bad here,,UfmFIEh2QjU
UgxcIuYEZEjKoyMFJnt4AaABAg.9KSeGKPScfs9NaudSyxjbd,@anime2315,1623466210.763534,0, @evaisthisiaeclaire6365  bro here is worst and my cousin is studying in usa and believe me it's also worst there...I thought maybe I could go to that country for higher studies if possible but situation is no good anywhere except few places... politics is the main role for the destruction of education in every country,,UfmFIEh2QjU
UgxcIuYEZEjKoyMFJnt4AaABAg.9KSeGKPScfs9MgA6FK71ZS,@gamer-zk6lz,1623466210.761206,0,@Big Whimper you are right,,UfmFIEh2QjU
UgxcIuYEZEjKoyMFJnt4AaABAg.9KSeGKPScfs9KvcLX8nQAm,@gamer-zk6lz,1623466210.757377,0,No but from pakistan,,UfmFIEh2QjU
UgzsxQVabTTuxOztWZR4AaABAg.9Es_53WOiL_9FTyijR7WIR,@reothomas7624,1623466215.077904,0,You guys have laptops?,,UfmFIEh2QjU
UgzsxQVabTTuxOztWZR4AaABAg.9Es_53WOiL_9FTykGS28rB,@reothomas7624,1623466215.079864,0, @vandal5372  true,,UfmFIEh2QjU
UgzsxQVabTTuxOztWZR4AaABAg.9Es_53WOiL_9FjjJOpRYtw,@TheKeithvidz,1623466215.0818,0, Douglas Keen  u put I in ignorant.,,UfmFIEh2QjU
UgzsxQVabTTuxOztWZR4AaABAg.9Es_53WOiL_9Fjn00dA3S4,@TheKeithvidz,1623466215.083619,0, Douglas Keen  boy i needn't explain to brick walls.,,UfmFIEh2QjU
Ugz2TdkNc-UoEJNqvVt4AaABAg.9DEHsloslRB9DRtsGIRdDP,@tamaeru,1623466219.407146,0, @Wandering.Homebody  your words are more pathetic 👁👄👁,,UfmFIEh2QjU
Ugz2TdkNc-UoEJNqvVt4AaABAg.9DEHsloslRB9DR0O9tqflC,@Zacalacking,1623466219.406512,0,Nerdomatic248 who is?,,UfmFIEh2QjU
Ugz2TdkNc-UoEJNqvVt4AaABAg.9DEHsloslRB9DQxRN9cRet,@Zacalacking,1623466219.405871,0,stefanieastrid damn calm tf down,,UfmFIEh2QjU
Ugz2TdkNc-UoEJNqvVt4AaABAg.9DEHsloslRB9DF_3EnHuUY,@Wandering.Homebody,1623466219.085145,0," @Zacalacking  this is what the presenter claims, when talking about the Finnish school system, and it just seems unlikely to me, that this is true, with this level of absoluteness. It probably just means that the presenter is a lazy thinker (like you :)), and sloppy speaker, who uses words wrongly, and doesn't mind making unsubstantiated claims in a public forum. Gross, and unbecoming, but  of course hardly the end of the world.",,UfmFIEh2QjU
UgwPx8GdXPIZPGy52VB4AaABAg.9DFaW3dNPEV9DdmiJHF_We,@vxsul,1623466218.803238,0, @buniowu8859  0-0 wut-,,UfmFIEh2QjU
UgwPx8GdXPIZPGy52VB4AaABAg.9DFaW3dNPEV9Ddc2VheQTx,@buniowu8859,1623466218.801952,0,"Here, throws water is this not dry enough for you?",,UfmFIEh2QjU
UgwPx8GdXPIZPGy52VB4AaABAg.9DFaW3dNPEV9DMa0CX-8zq,@NoName-bu4xg,1623466218.799354,0," @vxsul  replying to my comment, not many people take the time to do that",,UfmFIEh2QjU
UgwPx8GdXPIZPGy52VB4AaABAg.9DFaW3dNPEV9DMXSK5aP_p,@vxsul,1623466218.798055,0, @NoName-bu4xg  Np ._. But what are you thanking me for again?,,UfmFIEh2QjU
UgwPx8GdXPIZPGy52VB4AaABAg.9DFaW3dNPEV9DMWF3a9rFL,@NoName-bu4xg,1623466218.796553,0, @vxsul  ty,,UfmFIEh2QjU
UgwPx8GdXPIZPGy52VB4AaABAg.9DFaW3dNPEV9DJC-kroXfE,@vxsul,1623466218.795001,0,;-; true,,UfmFIEh2QjU
UgzRMa77WcujKxQKwdp4AaABAg.9DG5CtEI8Wr9DpIG1UtFUH,@SaikeeKonosukeLuc,1623466218.383696,0, @behuman3811  nope,,UfmFIEh2QjU
UgzRMa77WcujKxQKwdp4AaABAg.9DG5CtEI8Wr9Dp7X76Dzk9,@behuman3811,1623466218.380909,0,You got the point. All of that are problems in my country education. Are you Finn btw?,,UfmFIEh2QjU
Ugzlea-WkzEWHHaMjM94AaABAg.9DM96UKon0s9DO2B3aAvkY,@bloxinaron3803,1623466217.776268,0,We are all different 😊,,UfmFIEh2QjU
Ugzlea-WkzEWHHaMjM94AaABAg.9DM96UKon0s9DO28DAU8Q3,@bloxinaron3803,1623466217.774976,0, @muhammadihsanyarda5409  alr XD suit urself buddy.. But.. One thing.. Don't judge without rlly trying with love lol,,UfmFIEh2QjU
Ugzlea-WkzEWHHaMjM94AaABAg.9DM96UKon0s9DNqMVD2ARK,@bloxinaron3803,1623466217.77348,0,I have much more details to help u but I have way much learning to do now xD,,UfmFIEh2QjU
Ugzlea-WkzEWHHaMjM94AaABAg.9DM96UKon0s9DNpIjpUanX,@bloxinaron3803,1623466217.771967,0, @hamburgerjehe1787  Oh I get it... I'll tell u an advice.. Considering I like homework and I see u don't.. Don't focuz on the homework more. Than learning itself.. Bcz when u learn the lesson itself.. It will rlly easy for u to do the homework and ull enjoy applying what u know.. So never get stressed out abt homework.. Just try to live the lesson.. Try comparing it with real life.. See when it is used.. And ull like it even if it's social studies xD. The point is.. Look for the magic within the subject itself and try to love it... And ur way of searching the internet for learning is actually rlly inspiring.. U can understand better.. And learn more than u do at school.. I learnt that from u :) all u have to do is.... Change ur attitude.. Try to like it.. And don't stress abt homework bcz when u learn the lesson.. And didn't do the homework.. It doesn't matter.. Bcz u know u can do the homework whenever u like.. Don't do it for teacher or school.. Do it for urself focuz on that,,UfmFIEh2QjU
UgxJQkJLsn9HIixrjUB4AaABAg.9DUXeoSdy6g9GySaWKn-Nr,@vunknownvictory,1623466217.356736,0, __  yeah,,UfmFIEh2QjU
UgxrScIhm0S4vYdHcpl4AaABAg.9D_Fq5pDO679IOndi8yxB_,@klif4755,1623466217.114601,0,That's 3 things,,UfmFIEh2QjU
Ugw_Z4TOCDahPA4t3ix4AaABAg.9EIJL5jOeSU9RdPfLGwbAL,@cubeit6922,1655002216.896184,0," @taistaples7034  yeah, if America spent those 2 trillion dollars in education rather than in Afghanistan, both Afghanistan and America would have been better now",,UfmFIEh2QjU
Ugx8DVrqmLqEsFjgDqp4AaABAg.9EdnoTDkmBL9GxtQYe6cIx,@vunknownvictory,1623466216.009343,0,Well thank god i got effected by the corona virus,,UfmFIEh2QjU
Ugx8DVrqmLqEsFjgDqp4AaABAg.9EdnoTDkmBL9GqIbRhECe1,@believemeimeverywhere5682,1623466216.006506,0," @teenielimz  Let them do whatever they want...
     ""Live a life with no regrets...""
               -Portgas D. Ace",,UfmFIEh2QjU
Ugx8DVrqmLqEsFjgDqp4AaABAg.9EdnoTDkmBL9GBTp-tiCCo,@teenielimz,1623466216.005012,0, @madsharkz8640  u gonna seek halp????,,UfmFIEh2QjU
Ugx8DVrqmLqEsFjgDqp4AaABAg.9EdnoTDkmBL9GBS3y8qDPK,@madsharkz8640,1623466216.003347,0,aight,,UfmFIEh2QjU
Ugx8DVrqmLqEsFjgDqp4AaABAg.9EdnoTDkmBL9FeobtoGsPy,@sappy.3xe,1623466216.001519,0,Same lmao,,UfmFIEh2QjU
UgzsxQVabTTuxOztWZR4AaABAg.9Es_53WOiL_9McN0XmQwsi,@samuraijosh1595,1623466215.416989,0," @markr1550  Doesn't make sense to me, sorry.",,UfmFIEh2QjU
UgzsxQVabTTuxOztWZR4AaABAg.9Es_53WOiL_9MbqHrhnEF-,@markr1550,1623466215.414506,0, @samuraijosh1595  Not sure what you're asking.  My comment was pretty straight forward.,,UfmFIEh2QjU
UgzsxQVabTTuxOztWZR4AaABAg.9Es_53WOiL_9MbFIHMIsCp,@samuraijosh1595,1623466215.411762,0, @markr1550  what?,,UfmFIEh2QjU
UgzsxQVabTTuxOztWZR4AaABAg.9Es_53WOiL_9GwjZd9SIvx,@markr1550,1623466215.088248,0, @Hndjdj400  And I bet you value education,,UfmFIEh2QjU
UgzsxQVabTTuxOztWZR4AaABAg.9Es_53WOiL_9FkRxotNLX4,@herramirtsaaja9032,1623466215.085244,0, Douglas Keen  well I never got that free laptop but it is necessary for high school and not everybody can afford it.,,UfmFIEh2QjU
UgxcIuYEZEjKoyMFJnt4AaABAg.9KSeGKPScfs9KVUFDABFCW,@vijeshkumar692,1623466210.754711,0,Came after watching brut video on teachers,,UfmFIEh2QjU
UgwHcbJvbqCuKzYkC6R4AaABAg.9KjxWse_7nL9Qzk9THMVj7,@pradipchaterjee9576,1655002210.477671,0,"And Finland ranks#1 in the world in terms of quality of Life

And people want to get into Harvard 😂😂",,UfmFIEh2QjU
UgwHcbJvbqCuKzYkC6R4AaABAg.9KjxWse_7nL9MbDooJbR5e,@samuraijosh1595,1623466210.476154,0,"Yeah, the last bit doesn't make sense. People SHOULD be running to study in a Finnish university.",,UfmFIEh2QjU
UgwnV6t6nSCZf7V-BGZ4AaABAg.9Xx6L6g30h09hLq4x_TwGQ,@jotrai,1686538201.179816,0,Yeah,,UfmFIEh2QjU
UgyTtDXZKlgSfS4oeHV4AaABAg.9_hFGixSbrc9bppZVndGRx,@josephsaint4698,1655002200.59303,0, @martineshamzin7535  in the information age the old capitalist school systems are bloated and have a huge C02 footprint .,,UfmFIEh2QjU
UgyTtDXZKlgSfS4oeHV4AaABAg.9_hFGixSbrc9bnU6e-9UlP,@martineshamzin7535,1655002200.589593,0,"NO! That would cost us much more money. We cant hire teachers to be there any time that parents and teachers decide its a good time to go learn. The one thing we can learn from all of the schools that do better then us( which is almost all, because we have the 37th worst students) is that kids need more discipline. Especially kids that come from single parent homes just have very little ability to follow rules. What we need is to actually start teaching, raise expectations, more standardized testing, more competition so kids stay engaged. School isnt day care.",,UfmFIEh2QjU
UgzMvJtPcdNaBwC-64l4AaABAg.9ax9Wiv5fxh9npfWnW8C3C,@ruptro6658,1686538200.319183,0,"the school sytems in american began in a time where working in a factory was paramount. I/E, the physiology of the American education system revolved around pumping out workers",,UfmFIEh2QjU
UgzMvJtPcdNaBwC-64l4AaABAg.9ax9Wiv5fxh9i_b8FhgnSz,@Fluffycakez5,1686538200.316441,0,"True, and there’s also just genuinely shitty students that ruin it for everyone",,UfmFIEh2QjU
UgzMvJtPcdNaBwC-64l4AaABAg.9ax9Wiv5fxh9bnTa__dgm4,@martineshamzin7535,1655002200.313549,0,"Not always. America used to be rates no 2 best in the world in education in the 1970's. After Carter started the Dept of Education, and the Teachers Union started, we went down to no 37. We pay almost 10X more per student then most of these countries too.  Of course we have more single parent homes, and that means less discipline, but our teachers are still crap.",,UfmFIEh2QjU
UgyZ5ARI-hJRya4SsAx4AaABAg.9b6ALG9uKfK9nhqEcUBXfp,@herecomedatboi1260,1686538200.099682,0,Whatever school you went to did not teach this stop making things up,,UfmFIEh2QjU
Ugzigy8ZdYQWh0NhSPd4AaABAg.9dWJFbFHtzx9fY9UEzZP34,@luckyea7,1686538199.595852,0, @NazriB  Where is the lie?,,UfmFIEh2QjU
Ugzigy8ZdYQWh0NhSPd4AaABAg.9dWJFbFHtzx9fXaviyNiPo,@NazriB,1686538199.593517,0,Lies again? Nashville Dallas Black Red,,UfmFIEh2QjU
Ugy8dxJpqB9T8uSYMwh4AaABAg.9iD-J56IGFa9iKpQcLfQK6,@pvahanen,1686538198.925904,0,"Finland's ranking is dropping at a breakneck pace. Education had been independent in schools. Now Politicians and senior officials make themselves important and, in their own opinion now, “invent” good new methods and projects to make the system more efficient. The teaching is now mixed up. The ranking will drop drastically.
Even officials sites block all commets.",,UfmFIEh2QjU
Ugwv6m2fx7enYV_tf054AaABAg.9jYXilx1k6b9npesxIMpSv,@ruptro6658,1686538198.625746,0, @wattstewart9840  those statistical numbers simply dont exist,,UfmFIEh2QjU
Ugwv6m2fx7enYV_tf054AaABAg.9jYXilx1k6b9npekcQYu7-,@ruptro6658,1686538198.624457,0, @wattstewart9840  you're just wasting your energy on this,,UfmFIEh2QjU
Ugwv6m2fx7enYV_tf054AaABAg.9jYXilx1k6b9npefluqzQa,@ruptro6658,1686538198.62314,0," @wattstewart9840  literally not true, this hypothetical will never exist.",,UfmFIEh2QjU
Ugwv6m2fx7enYV_tf054AaABAg.9jYXilx1k6b9nnUY0EHyRv,@illansuu9572,1686538198.621641,0,​ @wattstewart9840  you are a stupid worthelss racist. But atleast you are openly racist i guess,,UfmFIEh2QjU
Ugwv6m2fx7enYV_tf054AaABAg.9jYXilx1k6b9njjbC4gdiQ,@wattstewart9840,1686538198.620156,0," @wayback1010  yeah, okay, it's the whites that are driving the average down.  Sure.",,UfmFIEh2QjU
Ugwv6m2fx7enYV_tf054AaABAg.9jYXilx1k6b9njizBwJd3u,@wayback1010,1686538198.618663,0,"if we left just you out, we'd probably be top 10",,UfmFIEh2QjU
Ugwv6m2fx7enYV_tf054AaABAg.9jYXilx1k6b9niuvZ84rNk,@blasianking4827,1686538198.617112,0, @wattstewart9840  Lol no arguments? Jesus christ you mfs can't deal with the fact that your bullshit isn't adhered to by any reputable scientist anymore.,,UfmFIEh2QjU
Ugwv6m2fx7enYV_tf054AaABAg.9jYXilx1k6b9niqHGcTr9K,@wattstewart9840,1686538198.615223,0, @blasianking4827  sure.,,UfmFIEh2QjU
Ugwv6m2fx7enYV_tf054AaABAg.9jYXilx1k6b9nipgo8K2cw,@blasianking4827,1686538198.613039,0," @wattstewart9840  IQ scores are heavily affected by the environment, racial IQ differences have been debunked time and time again. The racial IQ gap that does exist is due to socioeconomic differences, and is closing over time because of the Flynn effect. 

That's not even to mention how the idea of race as a biologically valid concept is also bunk, no modern reputable geneticist or human biologist uses race as a scientific category anymore, clines are hip now. The only actual significant differences between races are phenotypical. Otherwise, all purported racial differences in say, crime, behavior, intelligence, etc. have all been repeatedly demonstrated through decades of research to be environmental.",,UfmFIEh2QjU
Ugwv6m2fx7enYV_tf054AaABAg.9jYXilx1k6b9nAmQ5P5OTY,@wattstewart9840,1686538198.34042,0," @mikecarlton9000  Haha, you literally just made up a bunch of statistics that state the exact opposite of what the real statistics state.  High income/highly educated blacks have about the same IQ and crime rates as low income/low IQ blacks.  Blacks raised since birth by white parents have no higher IQ than blacks raised in the ghetto and are just as likely to commit crime.",,UfmFIEh2QjU
Ugwv6m2fx7enYV_tf054AaABAg.9jYXilx1k6b9mN_zOOmkCS,@wattstewart9840,1686538198.337494,0, @mauraharms8315  unless we can seperate the .0001% of the good ones then I just say we leave them out.,,UfmFIEh2QjU
Ugwv6m2fx7enYV_tf054AaABAg.9jYXilx1k6b9mNEK0DMook,@wattstewart9840,1686538198.334511,0," @mauraharms8315  yeah, like one ""genius"" black compensates for their average 85 IQ population.",,UfmFIEh2QjU
Ugwv6m2fx7enYV_tf054AaABAg.9jYXilx1k6b9kfetXhx86a,@wattstewart9840,1686538198.33102,0,@fraser nope.  Just two eyes and a brain.,,UfmFIEh2QjU
Ugwv6m2fx7enYV_tf054AaABAg.9jYXilx1k6b9kfOxc7avWV,@wattstewart9840,1686538198.32892,0,@fraser sure,,UfmFIEh2QjU
Ugwv6m2fx7enYV_tf054AaABAg.9jYXilx1k6b9kfLWIIN95S,@wattstewart9840,1686538198.326452,0,@fraser it's true.,,UfmFIEh2QjU
Ugz-JHnT9ayu0lUL_l54AaABAg.9kewx7aEjECA0eb88_gn-5,@zigaudrey,1718160598.050797,0,"Finland is best at everything: school system, happiest country, video games...",,UfmFIEh2QjU
Ugz-JHnT9ayu0lUL_l54AaABAg.9kewx7aEjEC9kpV7LwBdSz,@Romaldochristopher5572,1686538198.047991,0,No 1 GDP,,UfmFIEh2QjU
UgzjegvCsw5-x59cCcR4AaABAg.9lTxQCInZf_9nh7-8-aWZf,@Cosin14,1686538197.798309,0, @tldredhistory8391  😭😭😭😭,,UfmFIEh2QjU
UgzHWr_VBkiVXDkU-Ch4AaABAg,@monarch2394,1686538197.56899,0,FINLAND HERE I COME!!!!!!!!!!🥶🥶🥶,,UfmFIEh2QjU
Ugw870fHvXMr6kVCRgl4AaABAg,@archiefromuno,1686538197.559175,0,ZING,,UfmFIEh2QjU
UgyTtDXZKlgSfS4oeHV4AaABAg.9_hFGixSbrc9bppifQxsvn,@josephsaint4698,1655002200.595403,0, @martineshamzin7535  .In modern school you should focus on how to research not what you studied,,UfmFIEh2QjU
UgzCPxvZLGBlCq33hsh4AaABAg,@lubnakhan3271,1655002201.723986,0,"Do it Debra, pull the trigger",,UfmFIEh2QjU
UgwswwIWWQ1xpxM7tCF4AaABAg.9LV9KI1MXzL9VT9G6oRc9e,@akuilaopo3231,1655002210.199433,0,As an Indonesian I know your feel,,UfmFIEh2QjU
Ugw-zLqs1aTiO0REUXV4AaABAg,@education3511,1655002201.732401,0,What is Finland education administration system,,UfmFIEh2QjU
UgwswwIWWQ1xpxM7tCF4AaABAg.9LV9KI1MXzL9NXRpe65P8B,@thatonekidwhohasnoideawhat5048,1623466210.192787,0,Yeah -_-,,UfmFIEh2QjU
Ugw1pmJ5GeuOz6vf5mN4AaABAg.9LkrXdMG-mU9VOEezZq53n,@ratyjoona,1655002209.921528,0, @samuraijosh1595  Might depend on region,,UfmFIEh2QjU
Ugw1pmJ5GeuOz6vf5mN4AaABAg.9LkrXdMG-mU9MbFaYojpf0,@samuraijosh1595,1623466209.91895,0, @aleksi6340  how welcoming are the Finnish to foreigners (especially non-english speaking people).......?,,UfmFIEh2QjU
Ugw1pmJ5GeuOz6vf5mN4AaABAg.9LkrXdMG-mU9MbDbQqVASu,@samuraijosh1595,1623466209.915988,0," @aleksi6340  And, how good do you think it is for people whose first language isn't English.?",,UfmFIEh2QjU
UgwZodWr9eKP2qHgs-p4AaABAg,@raosuresh2475,1623466208.981992,0,"Lousy b/g music and BAD sense of humor. If the focus is on finland's  educational system, why does this bozo sell merchandise at the end of the video? Is he American?",,UfmFIEh2QjU
Ugze3l4LobN2IR8OVS54AaABAg.9MU6h_-Nj6K9QshuwO4JAi,@sarahietalahti3215,1655002207.889619,0, @avrockairborne5253  in Finland we have Swedish and English then later on 8th grade you can choose to add Spanish French or German (at least that's how it is in my school),,UfmFIEh2QjU
Ugze3l4LobN2IR8OVS54AaABAg.9MU6h_-Nj6K9QshjsjLTVy,@sarahietalahti3215,1655002207.888318,0," @aleksi6340  ""all swede-finns speak Finnish aswell"" I am a swede-finn and speak both languages.. in my school only 2 out of 7 classes have people who talk fluent Finnish in my class it's 8 out of 21 who can speak Finnish and from the other class it's about 10 out of 20 so with that being said. You're wrong :D",,UfmFIEh2QjU
Ugze3l4LobN2IR8OVS54AaABAg.9MU6h_-Nj6K9NAMuDJKeao,@marrelouise762,1623466207.440562,0,5% of the Finnish population is speaking Swedish as there native language. 95% of Finnish people speak Finnish i live in Finland and if i talk Swedish in a store nobody understands.,,UfmFIEh2QjU
Ugze3l4LobN2IR8OVS54AaABAg.9MU6h_-Nj6K9N08nJTiFMn,@marrelouise762,1623466207.437976,0," @aleksi6340  you need Finnish for Swedish speaking in a Finnish country (Finns like me) and Swedish is actually dying out in Finland, more Finns don't want to learn other languages. like Swedish is slowly dying out bc of Finns that don't want to learn Swedish and trust me i dont need Finnish but it's a must in school",,UfmFIEh2QjU
UgzqasD1tzv9Vz8RImR4AaABAg.9MtJWSDP-KF9VOE87U1wo9,@ratyjoona,1655002207.117126,0,Welcome!,,UfmFIEh2QjU
UgyZSDaPnz2-wpYRCWZ4AaABAg.9NF87l6fif89Tw0nXugFYl,@TiesZijlstra,1655002206.615673,0,but its still shit like any other education system in the world except finland,,UfmFIEh2QjU
UgyZSDaPnz2-wpYRCWZ4AaABAg.9NF87l6fif89QzjVBrSXZ0,@pradipchaterjee9576,1655002206.613702,0," @Hhhhhh-sz9ud  what's the difference actually
Something' is averagely bad.and the other thing is fully bad
This education system rankings checks the best among the baddest 😂😂😉",,UfmFIEh2QjU
UgwdHgfv8t93CCHEE2h4AaABAg.9NJVku7p5Vh9bEep-uMfxZ,@billionairexd4977,1655002206.199216,0,Ikr ;(,,UfmFIEh2QjU
UgwdHgfv8t93CCHEE2h4AaABAg.9NJVku7p5Vh9Tw0fkwFU1l,@TiesZijlstra,1655002206.196572,0,"lmao, india is so messed up.",,UfmFIEh2QjU
UgzKs9TBCXfGdXLgd914AaABAg.9NNpE-3SQYl9QFbrvtK3wQ,@justarandomperson74,1655002205.827261,0,Yes,,UfmFIEh2QjU
UgyQJytBZE6isR3CT-F4AaABAg.9NRUiPkqZ5G9OOc2Gez3sy,@AmroseZ21,1623466205.604635,0,Ye,,UfmFIEh2QjU
UgwZWlIuS7f3Oq-zxaJ4AaABAg.9NoNOnVcXIb9VODt6S9TGc,@ratyjoona,1655002205.102184,0, @PapiChuIo  you mean social democracy?,,UfmFIEh2QjU
UgwZWlIuS7f3Oq-zxaJ4AaABAg.9NoNOnVcXIb9VODlSaOSX3,@ratyjoona,1655002205.100455,0,"Finland is capitalist country tho. With social safety net. So, it's bit of a mix but economic system is of course capitalism.",,UfmFIEh2QjU
UgwZWlIuS7f3Oq-zxaJ4AaABAg.9NoNOnVcXIb9R0NNFnGbqS,@kakkssjefkstay4467,1655002205.098507,0, @justenjoy9545  nope :D,,UfmFIEh2QjU
UgwZWlIuS7f3Oq-zxaJ4AaABAg.9NoNOnVcXIb9ORGmevmIce,@theotherview1716,1623466204.841578,0,Finland is missing out on diversity 😂,,UfmFIEh2QjU
Ugwwi9seQ9GK3b00ES94AaABAg.9OSQ8iuxKtN9i_bxCITRpN,@Fluffycakez5,1686538204.556454,0,"You’ll also need a lot of money to move counties, fill in some legal fees… etc…",,UfmFIEh2QjU
Ugwwi9seQ9GK3b00ES94AaABAg.9OSQ8iuxKtN9b6-EriW_6y,@AnStupidForgetful_Person,1655002204.554495,0,I feel bad for you guys😞,,UfmFIEh2QjU
UgyQjnN-Yg83BoLwUYl4AaABAg.9P0PK3Kl6LH9enrPINDx5u,@TiesZijlstra,1686538203.89596,0, @User40919  LMAOOOOOO,,UfmFIEh2QjU
UgyQjnN-Yg83BoLwUYl4AaABAg.9P0PK3Kl6LH9eZLwVsQQs0,@User40919,1686538203.893485,0, @TiesZijlstra  Dude I took 2 of the most difficult subjects in my school 😂😭 the stress levels exceed the empire state building's height,,UfmFIEh2QjU
Ugz_aHiLkw8q3V-Z1Kp4AaABAg.9S_NuxY-65u9VODINX-AaK,@ratyjoona,1655002202.748514,0," @PreciousAlpschindler  Ok, but remember that Finland isn't mostly located in Scandinavia.",,UfmFIEh2QjU
Ugz_aHiLkw8q3V-Z1Kp4AaABAg.9S_NuxY-65u9TcWoZFR_2G,@PreciousAlpschindler,1655002202.745922,0,"While in America it’s F Joe Biden 
Seriously I want to move to Scandinavia",,UfmFIEh2QjU
UgyZe7IWIB-7kteLxhR4AaABAg.9Tqccf5pLVz9nhSbKNpgCt,@classiccal5741,1686538202.499715,0,And then proceeded to create literal concentration camps for Mexican immigrants seeking asylum and forcing people who are literally as young as 18 months to represent themselves in court to justify why they “deserve” to come to America. (This is a violation of both basic human rights to seek asylum AND international law btw),,UfmFIEh2QjU
UgygEW6-f8pkwaHYJJ94AaABAg.9UZJN7e-5nN9XwGe_vjlaW,@ninjapirate123,1655002202.262419,0,"Yes and there are no exams and tests in Finland schools until the end of the academic year. This means you wouldn't have to study for exams and tests until the end of the academic year. Theres basically no competition, no rankings or punishment in finland schools. But if a student does something naughty they get sent home and let their parents deal with them.",,UfmFIEh2QjU
UgyCqmegbB7WptP7vNN4AaABAg.9VQFShPIgGU9WGJB3DFTRv,@wobbly_bubbly1235,1655002201.998742,0,Yes?,,UfmFIEh2QjU
Ugz2TdkNc-UoEJNqvVt4AaABAg.9DEHsloslRB9DXIQSZ7o1Z,@Wandering.Homebody,1623466219.4084,0," @anusha2353  if you have mastered YOUR third language to the point that I have mastered English, as an adult, I will for sure tell you ""hats off"", and not try and put you down if you happen to make some minor mistakes :)",,UfmFIEh2QjU
Ugz2TdkNc-UoEJNqvVt4AaABAg.9DEHsloslRB9DXNCet5jsr,@Wandering.Homebody,1623466219.410921,0," @anusha2353  you must be referring to someone else, then. I am neither an expert in languages nor do I claim to be. If you have yet to master basic verb conjugation I don't think you should be attacking fellow language learners' proficiency though, that's all.",,UfmFIEh2QjU
Ugwn35G_qGwONspJ_Ih4AaABAg.96nSR6ugw1u98aDBA9Rtbs,@abdulhaleemdomado3132,1591930235.348474,0,"School just doesnt care about victims on bullying :( your lucky to have that school
-no lazy teachers
-free lunch
-less bullying 
-good stuff from school
-strict about bullying too",,UfmFIEh2QjU
UgxC83kCa0p-YaM6ygB4AaABAg.9C1pr12xo7g9CVC5-CM2DN,@ClarksonsinUSA,1623466225.574753,0," @ProudBisayangDako  even a blind squirrel, can find a nut once in a while! :)",,UfmFIEh2QjU
Ugx8U55xbGhPOF8HqJR4AaABAg.9BsJAx2fmZP9DliE9vQlEI,@goranmilic442,1623466227.813562,0," @atharvakarawade9054  See, now you proved your statement. Before you didn't.",,UfmFIEh2QjU
Ugx8U55xbGhPOF8HqJR4AaABAg.9BsJAx2fmZP9Dkyuxgc-iy,@atharvakarawade9054,1623466227.812221,0," @ginduniha  uh... Not software, any job but mostly engineering and medicine. All Indians don't go for software.
And yeah, about masters degree, you are right...",,UfmFIEh2QjU
Ugx8U55xbGhPOF8HqJR4AaABAg.9BsJAx2fmZP9Dky_gFnm8e,@atharvakarawade9054,1623466227.810903,0," @goranmilic442  well wait, maybe you are right... But dude, why is it that the US is super advanced in all of the fields, be it technology, be it finance, be it commerce or any other field, USA is always among the top! This definitely has something to do with its education system right? Better the edu system, better educated population and better the advancement. The fact that most of the top universities are in the USA supports this.",,UfmFIEh2QjU
Ugx8U55xbGhPOF8HqJR4AaABAg.9BsJAx2fmZP9DQ_Zewt84x,@ginduniha,1623466227.809574,0,"I don't think all Indians go to for top class education they go for jobs a masters degree is just an helpful in getting a job
I don't think they actually seriously study anything soemone told me that they just have a few classes in  a week rest of the time they do jobs 
Very few people are  serious about the subject they study rest all just get into whatever course they get in to get a software job
But yes it is still better than indian system",,UfmFIEh2QjU
UgzAPDpri3Jr-pvxzfB4AaABAg.9Bt9v8QJ3mJ9DOGuh0fD-q,@D3fault16,1623466227.546574,0, @LazarJaksic  I did say EDUCATION not Self-education. Start thinking a little bit.,,UfmFIEh2QjU
UgzAPDpri3Jr-pvxzfB4AaABAg.9Bt9v8QJ3mJ9DOAUxCVXwn,@LazarJaksic,1623466227.545064,0, @D3fault16  Self-education is still education. So I'm guessing you just made a typo in your first statement.,,UfmFIEh2QjU
UgwPvhGLBz3Y17DybfZ4AaABAg.9Bu-lHV4rfz9GKXnTqEgeF,@tvds8350,1623466226.789128,0, aastha tyagi  Pakistan,,UfmFIEh2QjU
UgwPvhGLBz3Y17DybfZ4AaABAg.9Bu-lHV4rfz9GKWa_OMLEw,@tvds8350,1623466226.787815,0, aastha tyagi  yes,,UfmFIEh2QjU
UgwPvhGLBz3Y17DybfZ4AaABAg.9Bu-lHV4rfz9GKVaUYOF4q,@tvds8350,1623466226.784905,0," aastha tyagi  Haha, do what I love? Are you serious? My parents have already planned my future for me, and btw people from Asia and other immigrants have made America prosperous. 40% of the doctors in this country are Indian. We do still have to work hard, but the pressure to do well or their hard work is nothing is very, very high. My family has the ”American dream story,” and here I am, barely able to cope with the constant yelling and abuse from my parents. If I get a B, how is that fair? It's not; I am thankful I have enough money and excellent education, but people yelled at always isn't ok.",,UfmFIEh2QjU
UgxC83kCa0p-YaM6ygB4AaABAg.9C1pr12xo7g9F01bpcLtFN,@LazarJaksic,1623466225.583606,0, @ClarksonsinUSA  How are you not a loser then when you have BARELY 10 views per video? Even my mothers facebook pictures have more then that...,,UfmFIEh2QjU
UgxC83kCa0p-YaM6ygB4AaABAg.9C1pr12xo7g9EJ6-qUbe9g,@ClarksonsinUSA,1623466225.582578,0," @abrahamtolentino172  I know, about the population of South Carolina or Alabama!",,UfmFIEh2QjU
UgxC83kCa0p-YaM6ygB4AaABAg.9C1pr12xo7g9CVvMyBnOrp,@ClarksonsinUSA,1623466225.579354,0," @kasperi7421  i have proof of a life,you have no proof of a life..Ill type slow,YOUTUBE!:)",,UfmFIEh2QjU
UgxC83kCa0p-YaM6ygB4AaABAg.9C1pr12xo7g9CVuLdyYu6-,@ClarksonsinUSA,1623466225.578196,0, @kasperi7421  =This channel doesn't have any content=Loser!,,UfmFIEh2QjU
UgxC83kCa0p-YaM6ygB4AaABAg.9C1pr12xo7g9CVu5Zm6q_N,@ClarksonsinUSA,1623466225.577056,0," @kasperi7421  I know 3 Germans from Rifenhauser that became US citizens,they keep much more of that $250,000 they make each year..They said they could not wait to pay American taxs ,because the were much lower!",,UfmFIEh2QjU
UgxC83kCa0p-YaM6ygB4AaABAg.9C1pr12xo7g9CCJt8GHjxu,@thehedgy3647,1623466225.572184,0,ClarksonsinUSA when did i ever start talking about exports. Context is useful!,,UfmFIEh2QjU
Ugz2TdkNc-UoEJNqvVt4AaABAg.9DEHsloslRB9GvRA2-AVrq,@Wandering.Homebody,1623466219.412203,0, @BikuchWasHere  are you?,,UfmFIEh2QjU
UgxC83kCa0p-YaM6ygB4AaABAg.9C1pr12xo7g9CCJHNwFFtl,@ClarksonsinUSA,1623466225.570893,0," @thehedgy3647  top of the Heap/King of the Hill...Europe/east Asia /Russia /China are dying...Those places have the smallest millennial generation ever, America's millennials are Our Largest ever!  Who says this matters, Math Does!  America controls 80% of the global supply chain, and extracts 80% of the profits!  And that's a fact!",,UfmFIEh2QjU
UgxC83kCa0p-YaM6ygB4AaABAg.9C1pr12xo7g9CCIQQRfNXN,@thehedgy3647,1623466225.569612,0,ClarksonsinUSA failed system? We what do you call your system then?,,UfmFIEh2QjU
UgxC83kCa0p-YaM6ygB4AaABAg.9C1pr12xo7g9CCHrQuCZk2,@ClarksonsinUSA,1623466225.568256,0,"​Whos mad???? I like to be direct and to the point! The European system is a failed system, that takes from its productive citizens and gives it to the unproductive citizens..Great example my 3 German friends/from Rifenhauser that left Germany, and became US citizens because they were tired of the Mafia/German government taxing them to death!

Do I enjoy poking our European Fremys in the Eye,I do..But I'm never mad when I do it, several of my friends do the same thing!",,UfmFIEh2QjU
UgxC83kCa0p-YaM6ygB4AaABAg.9C1pr12xo7g9CBKnky-6wV,@ClarksonsinUSA,1623466225.56527,0,"​ @thehedgy3647  in the time of Rome,do you think Romans sat around at night and asked each other??? Do you think the Barbarians like US!!I don't think so!",,UfmFIEh2QjU
UgxC83kCa0p-YaM6ygB4AaABAg.9C1pr12xo7g9CBKaL2MIbt,@ClarksonsinUSA,1623466225.563761,0, @TameTheMind  why do not have self-made videos?,,UfmFIEh2QjU
UgxC83kCa0p-YaM6ygB4AaABAg.9C1pr12xo7g9CBKS3qU8hO,@ClarksonsinUSA,1623466225.562134,0, @TameTheMind  I'm multi-tasking while working! :),,UfmFIEh2QjU
UgxC83kCa0p-YaM6ygB4AaABAg.9C1pr12xo7g9CBIQMhg2yo,@TameTheMind,1623466225.560337,0," @ClarksonsinUSA  ""has-ben""  should be ""has-been""",,UfmFIEh2QjU
UgxC83kCa0p-YaM6ygB4AaABAg.9C1pr12xo7g9C8V-kL9U8D,@ClarksonsinUSA,1623466225.235527,0," @goranmilic442  
Money is Freedom, to Do what you want /when you want!!!
Trump understands his Base, and that's why we Love Him So!
Would you prefer comparing GDP per capita!

1	 Luxembourg (EU)	113,196 Micro economy.
2	  Switzerland	83,716 Small economy
—	 Macau	81,151 Micro economy!
3	 Norway	77,975 Small economy!
4	 Ireland (EU)	77,771 small economy!
5	 Qatar	69,687 Micro economy!
6	 Iceland	67,037 Micro economy!
7	 United States	65,111  The American economy is a Macro Economy, as you said as big as a continent!  My wife and I for example made $101,000 last year!
8	 Singapore	63,987
9	 Denmark (EU)	59,795
10	 Australia	53,825
11	 Netherlands (EU)	52,367
12	 Sweden (EU)	51,241
13	 Austria (EU)	50,022
—	 Hong Kong	49,334
14	 Finland (EU)	48,868  a superior educational system produces financial results!
15	 San Marino	47,279
16	 Germany (EU)	46,563
17	 Canada	46,212
18	 Belgium (EU)	45,175
19	 Israel	42,823
20	 France (EU)	41,760
21	 United Kingdom	41,030
22	 Japan	40,846
23	 New Zealand	40,634
24	 United Arab Emirates	37,749
25	 Bahamas, The	33,261
26	 Italy (EU)	32,946
—	 Puerto Rico	31,538
27	 Korea, South	31,430
28	 Malta (EU)	30,650
29	 Spain (EU)	29,961
30	 Kuwait	29,266
31	 Brunei	27,871
32	 Cyprus (EU)	27,719
33	 Slovenia (EU)	26,170
—	 Aruba	25,976
34	 Bahrain	25,273
—	 Taiwan	24,827
35	 Estonia (EU)	23,523
36	 Czech Republic (EU)	23,213
37	 Portugal (EU)	23,030
38	 Saudi Arabia	22,865
39	 Greece (EU)	19,974
40	 Slovakia (EU)	19,547
41	 Lithuania (EU)	19,266
42	 Saint Kitts and Nevis	18,245
43	 Latvia (EU)	18,171
44	 Antigua and Barbuda	18,109
45	 Barbados	18,069
46	 Oman	17,791
47	 Hungary (EU)	17,463
48	 Seychelles	17,052
49	 Uruguay	17,029
50	 Palau	16,736
51	 Trinidad and Tobago	16,365
52	 Panama	16,245
53	 Chile	15,399
54	 Maldives	15,562
55	 Croatia (EU)	14,949
56	 Poland (EU)	14,901
57	 Romania (EU)	12,482
58	 Costa Rica	12,014
59	 Grenada	11,381
60	 Mauritius	11,360
—	 World	11,355
61	 Russia	11,162
62	 Malaysia	11,136
63	 Saint Lucia	11,075
64	 Mexico	10,118
65	 China	10,098
66	 Argentina	9,887
67	 Lebanon	9,654
68	 Bulgaria (EU)	9,518
69	 Kazakhstan	9,139
70	 Turkey	8,957
71	 Equatorial Guinea	8,927
72	 Brazil	8,796
73	 Montenegro	8,703
74	 Dominican Republic	8,629
75	 Dominica	8,380
76	 Nauru	8,270
77	 Gabon	8,112
78	 Botswana	7,859
79	 Turkmenistan	7,816
80	 Thailand	7,791
81	 Saint Vincent and the Grenadines	7,750
82	 Serbia	7,397
83	 Peru	7,046
84	 Belarus	6,603
85	 Colombia	6,508
86	 Fiji	6,379
87	 Suriname	6,310
88	 Ecuador	6,249
89	 South Africa	6,100
90	 North Macedonia	6,096
91	 Namibia	5,842
92	 Bosnia and Herzegovina	5,741
93	 Iraq	5,738
94	 Paraguay	5,692
95	 Iran	5,506
96	 Jamaica	5,460
97	 Albania	5,372
98	 Guyana	5,252
99	 Libya	5,019
100	 Belize	4,925
101	 Tonga	4,862
102	 Azerbaijan	4,689
103	 Guatemala	4,616
104	 Armenia	4,527
105	 Samoa	4,500
—	 Kosovo	4,442
106	 Jordan	4,386
107	 Georgia	4,289
108	 Eswatini	4,176
109	 Indonesia	4,163
110	 Mongolia	4,132
111	 El Salvador	4,008
112	 Algeria	3,980
113	 Sri Lanka	3,946
114	 Marshall Islands	3,924
115	 Tuvalu	3,834
116	 Micronesia[6]	3,717
117	 Bolivia	3,670
118	 Cape Verde	3,598
119	 Ukraine	3,592
120	 Bhutan	3,423
121	 Morocco	3,345
122	 Moldova	3,300
123	 Philippines	3,294
124	 Tunisia	3,287
125	 Vanuatu	3,260
126	 Egypt	3,046
127	 Angola	3,037
128	 Djibouti	2,936
129	 Papua New Guinea	2,742
130	 Vietnam	2,740
131	 Laos	2,670
132	 Honduras	2,548
133	 Venezuela	2,547
134	 Congo, Republic of the	2,534
135	 East Timor	2,262
136	 Solomon Islands	2,246
137	 Ghana	2,223
138	 Nigeria	2,222
139	 India	2,171
140	 Kenya	1,997
141	 São Tomé and Príncipe	1,933
142	 Nicaragua	1,919
143	 Bangladesh	1,905
144	 Uzbekistan	1,831
145	 Côte d'Ivoire	1,691
146	 Cambodia	1,620
147	 Kiribati	1,574
148	 Cameroon	1,514
149	 Senegal	1,427
150	 Mauritania	1,392
151	 Pakistan	1,388
152	 Comoros	1,349
153	 Lesotho	1,338
154	 Zambia	1,307
155	 Kyrgyzstan	1,292
156	 Myanmar	1,244
157	 Benin	1,216
158	 Tanzania	1,104
159	   Nepal	1,047
160	 Guinea	981
161	 Ethiopia	953
162	 Yemen	943
163	 Mali	924
164	 Tajikistan	877
165	 Chad	861
166	 Zimbabwe	859
167	 Rwanda	824
168	 Guinea-Bissau	786
169	 Haiti	784
170	 Uganda	770
171	 Gambia, The	755
172	 Burkina Faso	717
173	 Sudan	714
174	 Liberia	703
175	 Togo	671
176	 Sierra Leone	546
177	 Afghanistan	513
178	 Congo, Democratic Republic of the	500
179	 Mozambique	484
180	 Madagascar	463
181	 Central African Republic	447
182	 Niger	405
183	 Malawi	370
184	 Eritrea	342
185	 Burundi	309
186	 South Sudan	275",,UfmFIEh2QjU
UgxC83kCa0p-YaM6ygB4AaABAg.9C1pr12xo7g9C4Myr2i_dZ,@ClarksonsinUSA,1623466225.233189,0,"@aaron molayal yet they are all American companies, why isn't there European equivalent facebook/intel/google/or amazon???  :)",,UfmFIEh2QjU
UgxC83kCa0p-YaM6ygB4AaABAg.9C1pr12xo7g9C4MKoQxM1z,@ClarksonsinUSA,1623466225.232033,0," @yurigansmith  the golden age was during the Weimar republic, really..:)",,UfmFIEh2QjU
UgxC83kCa0p-YaM6ygB4AaABAg.9C1pr12xo7g9C4LrzghIn2,@ClarksonsinUSA,1623466225.230783,0,@aaron molayal could you name some?,,UfmFIEh2QjU
UgxC83kCa0p-YaM6ygB4AaABAg.9C1pr12xo7g9C4LkirE6Ik,@ClarksonsinUSA,1623466225.229465,0," @goranmilic442  Nokia is a has-ben , its owned first  by Micro-soft then owned by Foxconn!Silence!! I looked at your youtube account..:) No content= loser!",,UfmFIEh2QjU
UgzK9UMdX9O-uXDFHXF4AaABAg.9C87qpkvQKY9GMwaYtrQIe,@miriii_6066,1623466224.999116,0," @markarmage3776  why do you speak so arrogantly plus in a condescending manner? Whatever education type you receive, whatever grades you get, the best gifts of life are happiness, love, and respect for all. Kudos to you for all of your achievements, but you shouldnt go around telling people that theyre stupid and privileged brats. Knowing a lot doesnt automatically make you the best person in the house. Its the attitude. Be kind pls 😁",,UfmFIEh2QjU
UgzK9UMdX9O-uXDFHXF4AaABAg.9C87qpkvQKY9D9lE829lAw,@dylanaldape2237,1623466224.79736,0, @markarmage3776  my last fact Fact had nothing to do with the argument I just wanted to point it out,,UfmFIEh2QjU
Ugx8U55xbGhPOF8HqJR4AaABAg.9BsJAx2fmZP9Dlqirv0Fdz,@atharvakarawade9054,1623466227.814773,0, @goranmilic442  yupp maybe you're right! 😅,,UfmFIEh2QjU
Ugx8U55xbGhPOF8HqJR4AaABAg.9BsJAx2fmZP9OegfQmggTM,@Msh4566,1655002227.81592,0, @atharvakarawade9054  why Finland is top placed among all countries in patent  rights,,UfmFIEh2QjU
UgxHm3S4kRN5knVUzCV4AaABAg.9Bffqp0_-o19CYGTE8-C4c,@johnnywhite58,1623466228.03679,0," Dra O  let me get this straight. You are saying measures to help poor black families ""spoilt them ""? Hilarious. What is far left ideology to you ? DO YOU MEAN SOCIALISM ? OH MY GOD ! YOU DO ! so funny to talk directly to a big right wing republican ? I'm assuming you're American ? You got a flag outside your house ? So funny !",,UfmFIEh2QjU
Ugy5f6lPMPfnQ05p7vN4AaABAg.9BCfbzxqAJ99BitSSWjmD4,@darkmemes7531,1623466228.31226,0, @spiderman-xj6yr  ok,,UfmFIEh2QjU
Ugwn35G_qGwONspJ_Ih4AaABAg.96nSR6ugw1u98ZFL7Sovcd,@Esther-sf1vc,1591930235.346535,0,"Gosh how I wish I was born in Finland, school is way harder here in the Netherlands. From what I've seen at least",,UfmFIEh2QjU
Ugwn35G_qGwONspJ_Ih4AaABAg.96nSR6ugw1u97vVaurTV2n,@Ricky911_,1591930235.341855,0,So you have to take Swedish but you don't have to take English? Is that true?,,UfmFIEh2QjU
UgwL6jM-jzJ21YA27k14AaABAg.97K2oedpsnL995KAXvbUp8,@gettingshotsomeonesgonnapa8635,1591930235.088536,0, @eljudah6582  dont watch,,UfmFIEh2QjU
UgwL6jM-jzJ21YA27k14AaABAg.97K2oedpsnL995JlJe1KQ0,@eljudah6582,1591930235.086803,0," @gettingshotsomeonesgonnapa8635  Anime music videos, or you don't watch anime",,UfmFIEh2QjU
UgwL6jM-jzJ21YA27k14AaABAg.97K2oedpsnL995JCXAmO7V,@gettingshotsomeonesgonnapa8635,1591930235.084899,0, @eljudah6582  what is amv s,,UfmFIEh2QjU
UgwL6jM-jzJ21YA27k14AaABAg.97K2oedpsnL995IRdiVzTW,@eljudah6582,1591930235.083051,0," @gettingshotsomeonesgonnapa8635  I guess you're right, I am just comparing mine with the American system that's all, btw do u watch AMV's",,UfmFIEh2QjU
UgwL6jM-jzJ21YA27k14AaABAg.97K2oedpsnL995HbJ4zRiC,@gettingshotsomeonesgonnapa8635,1591930235.081154,0, @eljudah6582  no. You dont know about turkey. You thğnk you system is the worst. But try to see the other countries other than america italy frace and england.,,UfmFIEh2QjU
UgwL6jM-jzJ21YA27k14AaABAg.97K2oedpsnL995GHpeuh1O,@eljudah6582,1591930235.078957,0,Still better than British system tho,,UfmFIEh2QjU
UgwL6jM-jzJ21YA27k14AaABAg.97K2oedpsnL98kiXWNynB9,@gettingshotsomeonesgonnapa8635,1591930235.076046,0,you never seen turkey before,,UfmFIEh2QjU
UgzMM_E4fSQUPZpUGkV4AaABAg.97xz1pzIUm49XwGpxA4PJF,@ninjapirate123,1655002234.441551,0,"In Finland, we don't do any exams or tests until the end of the academic year",,UfmFIEh2QjU
Ugz0aYR3KHK_aEtjLnR4AaABAg.98-DboRSF369DT2d1itNj6,@cvjyothi6357,1623466234.207655,0, @lilpro6046  who is CEO of google idiot and he is from which country,,UfmFIEh2QjU
Ugz0aYR3KHK_aEtjLnR4AaABAg.98-DboRSF3699aFCCazpOU,@shubhsaxena8745,1591930234.205827,0,@Naman Surana look at our education system and finnish,,UfmFIEh2QjU
Ugz0aYR3KHK_aEtjLnR4AaABAg.98-DboRSF3698b7qTiryNi,@lilpro6046,1591930234.204018,0,@Naman Surana that's a fact bro India is the worst country.,,UfmFIEh2QjU
Ugz0aYR3KHK_aEtjLnR4AaABAg.98-DboRSF3698R5tEn86L9,@lilpro6046,1591930234.201861,0,America sucks but India is a garbage country.,,UfmFIEh2QjU
Ugxa1Fa4PdO3rMX0sOl4AaABAg.98ZrrWt1gjY99oXBwsUJoV,@ANTINATALIST_lewis,1623466233.956858,0, @cephyy326  😳🙊,,UfmFIEh2QjU
UgzTAPrp5ebpt_pBa794AaABAg.98zoYH0bY2699Wf3KcnjLL,@patriklauk8556,1591930233.026595,0,I was thinking the same.,,UfmFIEh2QjU
UgwUVBuH6_WgsIVQHGt4AaABAg.998KvnsRgCc9BamRxg7fIJ,@I.am.the.real47,1623466232.345412,0,Be black,,UfmFIEh2QjU
UgxX8Fa4fpJv5iRg5EN4AaABAg.99L7h4kE1Do9Gjbm3HKj03,@turalto9324,1623466232.147856,0,Dude this is torture,,UfmFIEh2QjU
UgwryYNy5woGQysShVV4AaABAg.99Q1CqfCJaT99Q4sB26tvj,@catonmars9852,1591930231.946766,0, @jacobday1794  ya think i dont know that?,,UfmFIEh2QjU
UgwryYNy5woGQysShVV4AaABAg.99Q1CqfCJaT99Q2JlK5kpJ,@jacobday1794,1591930231.945204,0,cat on mars this is JACOB,,UfmFIEh2QjU
UgwryYNy5woGQysShVV4AaABAg.99Q1CqfCJaT99Q237cO0R_,@catonmars9852,1591930231.943399,0,agreed,,UfmFIEh2QjU
UgwryYNy5woGQysShVV4AaABAg.99Q1CqfCJaT99Q1EwTq2qz,@jacobday1794,1591930231.941252,0,Btw im an american student,,UfmFIEh2QjU
UgyOFT1WvMeJ04u4Ehh4AaABAg.99Q1JtGioKo99qY7GqCrVg,@jenelyncraste9529,1623466231.691694,0,Ok,,UfmFIEh2QjU
Ugzwe18_LtEK-0sVei54AaABAg.99SVG48O3Vm99faN0daWmy,@hikimorisann,1591930231.47305,0,What's it like there?,,UfmFIEh2QjU
UgzZChfKdAG2EQNAGV14AaABAg.99wSI1D58WA9AWXl-cXp7R,@azztereris,1623466230.267685,0,Why pepeLaugh i lack critical info,,UfmFIEh2QjU
UgxS6l238WYWedTSIGJ4AaABAg.9ASBoUAoC0N9PzfLGZ1o1z,@Pyovali,1655002229.743202,0,She was black,,UfmFIEh2QjU
UgyaQGG0VTo6DMiDUdl4AaABAg.9Agage9T8-w9Agq261hKN7,@Ukhhh45,1623466229.546279,0, @deviantreaper5841  true😥,,UfmFIEh2QjU
UgwnyQQ-8R3l2owLlHB4AaABAg.9B67uqW_Dd99C3FDL2kxw1,@goranmilic442,1623466228.723245,0,How did authors of video proved Finland has more patience in education?,,UfmFIEh2QjU
Ugy5f6lPMPfnQ05p7vN4AaABAg.9BCfbzxqAJ99IuMDAdOW9W,@Byrzzaa,1623466228.318508,0,There are a lot of Indian students living here in Finland. I live near to the university and like 80% of foreign people here are Indians.,,UfmFIEh2QjU
UgzK9UMdX9O-uXDFHXF4AaABAg.9C87qpkvQKY9D9kxfBZDDs,@dylanaldape2237,1623466224.796624,0," @markarmage3776  i agree that that the finnish have no innovation , but their education system is working for them, because its helping them be succesfull or at least well off. The poverty rate in finland is 5% or about 700,000 compared  to the u.s which has a poverty rate of 12% or about 40,000,000 americans. Finnish people are also way happier overall than americans",,UfmFIEh2QjU
UgzK9UMdX9O-uXDFHXF4AaABAg.9C87qpkvQKY9D9hVPn6APv,@markarmage3776,1623466224.795888,0," @dakingk7813  There are no wrong facts, they're facts. wake up, pal. 
  Education leader that produces absolutely nothing.",,UfmFIEh2QjU
UgzK9UMdX9O-uXDFHXF4AaABAg.9C87qpkvQKY9D9h5yx-52K,@markarmage3776,1623466224.795152,0," @dylanaldape2237  So where are these productive people in Finland?
  They're so productive that they achieved zero innovation, is that it?
  Pal, by any sane measure of education, Finland has no standing. What is the criteria here?
  Most average education? Least breakthroughs? Anything?
  I don't need all people, but at least there has to be some. Finland has zero, shocking.",,UfmFIEh2QjU
UgzK9UMdX9O-uXDFHXF4AaABAg.9C87qpkvQKY9CDTqph2l3F,@markarmage3776,1623466224.752036,0," @thehedgy3647  Nice try, pal. Neste is the biggest Finland company. Calculate the profit, pal.
  Revenue of Nokia might be big, but because it's Nokia, the profit margin is no where near.
   It matters because somehow the best education in the world is relying solely on technology developed by countries that are ""inferior"" in education.
  Does that make sense?
  You don't have any innovation. And because you're small, your government works well. The technology we gave you and the needs of the Russians for you,  plus the xenophobic attitude you have to immigrants, those are the reasons where you little socialist paradise can come true. You're living parasitically
  You're not superior in education, if you're that superior, you wouldn't have had to live parasitically.
  Face the truth, pal. It's kind of weird where your education is the best but nothing good ever comes out of the country?",,UfmFIEh2QjU
UgzK9UMdX9O-uXDFHXF4AaABAg.9C87qpkvQKY9CCXon7JfGp,@markarmage3776,1623466224.208612,0," @thehedgy3647  You're really bad at this huh?  Neste,  search it up.",,UfmFIEh2QjU
UgzK9UMdX9O-uXDFHXF4AaABAg.9C87qpkvQKY9CCXmUxxX08,@markarmage3776,1623466224.207099,0," @apuapustaja3655  Neste,  kid. 
 Do some research.",,UfmFIEh2QjU
UgyMuNmaVUXCEQTcnAt4AaABAg.9CEjjAL-G129DF_bazp06H,@NoName-bu4xg,1623466223.950744,0,No :),,UfmFIEh2QjU
UgyMuNmaVUXCEQTcnAt4AaABAg.9CEjjAL-G129D4KUIrWyes,@BartSimpson-jd2vs,1623466223.949351,0," @BitchChill  , was",,UfmFIEh2QjU
UgyMuNmaVUXCEQTcnAt4AaABAg.9CEjjAL-G129D1Hn05xrll,@jellohunter7981,1623466223.947848,0, @georgez8485  lol,,UfmFIEh2QjU
UgyMuNmaVUXCEQTcnAt4AaABAg.9CEjjAL-G129D-GKEqasDk,@BitchChill,1623466223.944868,0,It is,,UfmFIEh2QjU
Ugxru6lsULg-EkJaGUR4AaABAg.9CFMgLzC_pW9DF_ZmQ7DlN,@NoName-bu4xg,1623466223.705682,0,DriftRS lol but stop saying wtf,,UfmFIEh2QjU
Ugxru6lsULg-EkJaGUR4AaABAg.9CFMgLzC_pW9D04T9_a1Rl,@Walai,1623466223.433812,0,"Ahh... Trump.. Someone said that, Great minds don't talk about people 🤔",,UfmFIEh2QjU
Ugxru6lsULg-EkJaGUR4AaABAg.9CFMgLzC_pW9CLciAU-UaU,@DriftRS,1623466223.429928,0, @pelimies1818  wtf i just told you I'm against you and d trump,,UfmFIEh2QjU
Ugxru6lsULg-EkJaGUR4AaABAg.9CFMgLzC_pW9CLbrlo8t9y,@pelimies1818,1623466223.428573,0,"DriftRS If you do not even know, what side you’re on; your not the sharpest pen yourself :D",,UfmFIEh2QjU
Ugxru6lsULg-EkJaGUR4AaABAg.9CFMgLzC_pW9CLXQEkgJX0,@DriftRS,1623466223.427081,0, @pelimies1818  wtf u and d trump are so dumb,,UfmFIEh2QjU
Ugxru6lsULg-EkJaGUR4AaABAg.9CFMgLzC_pW9CLWWDg1juN,@pelimies1818,1623466223.425601,0,DriftRS Happy to help you!,,UfmFIEh2QjU
Ugxru6lsULg-EkJaGUR4AaABAg.9CFMgLzC_pW9CLTxYtT9vw,@DriftRS,1623466223.424104,0, @pelimies1818  lol thats the dumbest thing I've heard but ok,,UfmFIEh2QjU
Ugzss3104BYpxOHbWGF4AaABAg.9CV1anZau6O9ChV2BQwqtp,@SHEESHAW100,1623466222.787831,0,I think he was joking.,,UfmFIEh2QjU
UgzHmbdrf9BMysCeAPl4AaABAg.9CVgP_0_w_f9GySmRaAIDI,@vunknownvictory,1623466222.478348,0,Your so lucky,,UfmFIEh2QjU
UgwVBHfTnbVYFpt1OHx4AaABAg.9Cn4KTwHX5K9LygToeD8C5,@eeshapopat4067,1623466221.792189,0,"I know school stopped being fun after like first grade. I’m a sophomore in high school now and it’s really boring, we won’t even use half this stuff later in life and the workload is insane",,UfmFIEh2QjU
UgwVBHfTnbVYFpt1OHx4AaABAg.9Cn4KTwHX5K9DO2Mt37Qty,@bloxinaron3803,1623466221.790381,0,It's not their fault.. It's just their job.. Other than that they wouldn't want..,,UfmFIEh2QjU
UgwVBHfTnbVYFpt1OHx4AaABAg.9Cn4KTwHX5K9DDowXQsq6l,@pascalcoole2725,1623466221.786332,0,"It's not necessarily the teachers that fail. In general it's the system that fails for reasons mentioned in this video.
I'm Dutch and although our system is far less retarded it also suffers from bureaucratic nonsense and political correctness in stead of exploring students talents....
Even if we would change the system today, it would take a long time before profits arise... that's long after decision makers have change and are replaced with 'experts' that have new idea's that let them shine",,UfmFIEh2QjU
UgyqznNFe6j9ozMtE2p4AaABAg.9Coac10Jgu69GxwaUTLO0F,@arsalabdullah8500,1623466221.055344,0, @vunknownvictory  exactly,,UfmFIEh2QjU
UgyqznNFe6j9ozMtE2p4AaABAg.9Coac10Jgu69GxtqzC3i8i,@vunknownvictory,1623466221.053168,0,And you feel like you want to go in the finland,,UfmFIEh2QjU
Ugz9XPR2kvoEdLMOzzV4AaABAg.9CpuBQXklIP9FgDfREpoXu,@dylanaldape2237,1623466220.84525,0,@syntikkamies its not a gif,,UfmFIEh2QjU
Ugz9XPR2kvoEdLMOzzV4AaABAg.9CpuBQXklIP9EWDB-DDuw1,@dylanaldape2237,1623466220.843062,0,@syntikkamies maybe it's a regional thing,,UfmFIEh2QjU
Ugwpy-kujddYyQxbXel4AaABAg.9CyvyUDITZN9D7fZENTjgC,@abinothayyilsanoj4182,1623466220.530369,0,🤫,,UfmFIEh2QjU
UgxW2A5SUF7fBine6v54AaABAg.9CzxdQMe3U_9GxtfWOm463,@vunknownvictory,1623466220.252956,0,Wait for me,,UfmFIEh2QjU
UgyiPZIoORlbK5TorBZ4AaABAg.9DAbcyuXNvz9Gxtby114gd,@vunknownvictory,1623466219.825965,0,Ahhahahaa,,UfmFIEh2QjU
Ugzgdk05p437JxS8R7t4AaABAg.9DAc-h8d7u-9IQKDsvq6C1,@greenleafyman1028,1623466219.613604,0,Tama ka. Nakakabobo education system sa Pinas.,,UfmFIEh2QjU
Ugz2TdkNc-UoEJNqvVt4AaABAg.9DEHsloslRB9NX4N3sIwdV,@aleksi6340,1623466219.414157,0,actually most of the people are left behind,,UfmFIEh2QjU
Ugz2TdkNc-UoEJNqvVt4AaABAg.9DEHsloslRB9NX4JM_XM3m,@aleksi6340,1623466219.413504,0,Its absolutely not true. I'm finnish.,,UfmFIEh2QjU
Ugz2TdkNc-UoEJNqvVt4AaABAg.9DEHsloslRB9KfMP24Bo3F,@denisrichter4921,1623466219.412852,0," @Wandering.Homebody  I can smell that you have a complex related to your own intellectual abilities. Starting a pointless argument on the internet with desire to express your intellectual superiority over somebody you do not know at all is simply pathetic. It is even more laughable and pathetic since you stated you are an adult. Somebody who is aware of his intelligence does not have the need to express it publicly under a video not related to the topic at all. That makes a conclusion, that you are insecure about yourself. Could it possibly be compensating your bad physique or somebody in your life degrades your mental capacity (bad parents, older sibling) or just simply you are a bad person who does not have friends irl and tries to make others feel bad because you are the one who feels bad inside.",,UfmFIEh2QjU
UgzK9UMdX9O-uXDFHXF4AaABAg.9C87qpkvQKY9CDGWYbz1io,@markarmage3776,1623466224.211662,0," @thehedgy3647  Yeah,  you happens to be ranked that by overly privileged dummies.
  Neste,  your main energy company, it doesn't export oil because the company has overseas branches. 
  It refines oil, using American technology given to you by Americans. So that's your innovation. So innovative that your biggest company is built on other people's innovation.
  And even more shocking, the only reason that company survives is due to the Russians,  the Russian are the main ones who provide you with raw oil, because the Americans won't give the technology to the Russians. 
  Life is harsh, huh?",,UfmFIEh2QjU
UgzK9UMdX9O-uXDFHXF4AaABAg.9C87qpkvQKY9CF7AOMh7Fi,@markarmage3776,1623466224.754652,0," @sherunswithscissors  And that men decimated ISIS, you're welcome, put China back into place, stop them from cheating the world economy. 
  Got the lowest black unemployment, massive economic growth, remove Obamacare individual mandate.
  Guess that your education system isn't that good because you're immune to facts,huh?",,UfmFIEh2QjU
UgzK9UMdX9O-uXDFHXF4AaABAg.9C87qpkvQKY9D9gIpL2nrD,@dakingk7813,1623466224.794418,0, @markarmage3776  even though your agressive and some points are wrong i accept my defeat in this argument,,UfmFIEh2QjU
UgzK9UMdX9O-uXDFHXF4AaABAg.9C87qpkvQKY9CF7UwFu-_j,@markarmage3776,1623466224.755947,0," Get Ass  Yes, and that's why their international academic medals are so vast that they barely have anything?
   And is it their education that led to how their economy has no innovation and their biggest company is based on American given technology and Russian oil?
  What is this? You're blind to facts?",,UfmFIEh2QjU
UgzK9UMdX9O-uXDFHXF4AaABAg.9C87qpkvQKY9D7Cy4fZNXB,@markarmage3776,1623466224.792905,0," @dakingk7813  American chip means the things inside a Nokia was developed by American companies, kid. 
 Not manufacturing, learn the difference. 
  If you best example of Finland result is a company that ""used to be big"",  that's just sad. 
  Nokia is a proof for Finland failure. 
  In case you haven't noticed,  Nokia is a failure.",,UfmFIEh2QjU
UgzK9UMdX9O-uXDFHXF4AaABAg.9C87qpkvQKY9D70fGqVrJT,@dakingk7813,1623466224.791352,0, @markarmage3776  I never said i was finnish,,UfmFIEh2QjU
UgzK9UMdX9O-uXDFHXF4AaABAg.9C87qpkvQKY9D6lXt4W_sn,@markarmage3776,1623466224.790579,0," @dakingk7813  Unfortunately, Linux was written on C and Nokia,  plus the entire phone industry was built American chip technology. 
  So pal,  if you're done typing fictional achievements,  it's time to get back to reality. 
   Your superiority education produces nothing except for Nokia? 
  A failed brand that lost the market while at the top? 
  And of course, Linux,  something that wasn't even created in Finland? 
  Not sufficient products. 
  If you have superiority in high school education, that will lead to superiority of those students in college. Where are the results?  Or is it you're saying that the Finnish students only capability is high school level knowledge?",,UfmFIEh2QjU
UgzK9UMdX9O-uXDFHXF4AaABAg.9C87qpkvQKY9D6h-mwaLa_,@dakingk7813,1623466224.789804,0, @markarmage3776  Yeah and I am talking about pre 18 schools americas colleges are the best harvard itself is better than all the finnish colleges,,UfmFIEh2QjU
UgzK9UMdX9O-uXDFHXF4AaABAg.9C87qpkvQKY9D6grDdp8Ac,@dakingk7813,1623466224.789033,0, @markarmage3776  Also many american inventions are upgrades of ther. Nokia was finnish and it and linux is the groundwork of some of the best tech today,,UfmFIEh2QjU
UgzK9UMdX9O-uXDFHXF4AaABAg.9C87qpkvQKY9D5eSpQ_-2A,@markarmage3776,1623466224.787463,0," @dakingk7813  The Jewish population after WW2 is about 10 millions. 
  And what they have achieved, far exceed any Finland achievement, and the shocking thing is that those had nothing to do with Israel. 
  Pal,  one person in that country took part in the development of Linux,  but it has nothing to do with Finland. That person rejected Finland. Wake up. 
   Where are the results if you claim superiority in education? 
  Even Linux was written using C,  which is shockingly, another American invention. 
  It isn't about college, it's about students in those colleges, and of course, those students achieved nothing.",,UfmFIEh2QjU
UgzK9UMdX9O-uXDFHXF4AaABAg.9C87qpkvQKY9D5bIx8Rrpr,@dakingk7813,1623466224.786656,0, @markarmage3776  also they have a population of 5.5 million the fact that the person who created what might be the most influential operating system is from there itself is amazimg,,UfmFIEh2QjU
UgzK9UMdX9O-uXDFHXF4AaABAg.9C87qpkvQKY9D5b4J-DcuJ,@dakingk7813,1623466224.78585,0, @markarmage3776  you know that this isnt about college,,UfmFIEh2QjU
UgzK9UMdX9O-uXDFHXF4AaABAg.9C87qpkvQKY9D5ahuJGjKw,@markarmage3776,1623466224.785038,0," @dakingk7813  Well,  then where are these Finland genius in highschool academics? 
  Pal,  look at the result itself. 
  No innovators,  the majority of the highschool students will go and study in Finland universities, and look at the results? 
  What's the point of high school education if your college education is bad? 
  A superior education that produces nothing. Get back to reality, pal.",,UfmFIEh2QjU
UgzK9UMdX9O-uXDFHXF4AaABAg.9C87qpkvQKY9D4870R_W4r,@markarmage3776,1623466224.783412,0," @dakingk7813  Even the guy who created Linux left Finland for American Institution and completed his work in America. 
  Kid,  he rejected Finland. 
  Marie Curie is not a symbol of Poland superiority in science, it's a symbol of France superiority in science,  because only in France can she finish her research. 
  Linux is the proof that Finland is the worst place for innovation, because the Finnish who invented Linux abandoned Finland, kid.",,UfmFIEh2QjU
UgzK9UMdX9O-uXDFHXF4AaABAg.9C87qpkvQKY9CLRgNm_NC5,@apuapustaja3655,1623466224.781771,0, @thehedgy3647  No siis täähän se ois. Kerrankin kun jossain muussa maassa asiat on paremmin nii pitää ruveta valittaan xD,,UfmFIEh2QjU
UgzK9UMdX9O-uXDFHXF4AaABAg.9C87qpkvQKY9CGoz0_Sare,@markarmage3776,1623466224.780888,0,"@cat grips It has bad grades compared to the Asian educational system.
  What do you think they learn in Finland?
  High level mathematics that are taught in Asian high school are only taught in Western universities, and those math are incredibly difficult that in order to comprehend the problems, you'll have to study like  a college students to get high grades. And that is not pleasant at all.
  So the nonsense of Finland being on the same level, no chance.
  Wake up, pal. They don't know much, like I pointed out, their education system have achieved a big zero in academic success and economic success.
  Their biggest company is Neste, a parasitic company living off American technology.",,UfmFIEh2QjU
UgzK9UMdX9O-uXDFHXF4AaABAg.9C87qpkvQKY9CGmi0dBh-W,@markarmage3776,1623466224.780018,0,"@cat grips Yeah, you're in a bubble if you'tr not looking at facts.
  Having good grades mean that you're much more skilled than other people.
  The difference between an engineer and a beggar is that the engineer knows what an engineer knows.
  So think again, pal. You must be very young to come up with such ignorant points.
  The point of education isn't to make you smart, it's to prepare you for life.
  Having good grades mean you're capable of doing the math, capable of understanding it, and therefore capable of studying more advance stuff, such as engineering or programming. It has nothing to do with making people smart, that is genetic lottery.
  The Finland education surely doesn't make anybody smart, because you won't be anymore skilled than other people if you do nothing.",,UfmFIEh2QjU
UgzK9UMdX9O-uXDFHXF4AaABAg.9C87qpkvQKY9CGiyIF20RE,@markarmage3776,1623466224.779158,0,"@cat grips Well, you're arguing for Finland.
   I never aimed anything at you, I'm pointing out the fact of Finland bad education, that's all.",,UfmFIEh2QjU
UgzK9UMdX9O-uXDFHXF4AaABAg.9C87qpkvQKY9CGfiKCcv8t,@markarmage3776,1623466224.778291,0,"@cat grips You are, the privileged children are the ones who think that they can be superior despite doing absolutely nothing.
  Education that doesn't produce any results, it's called bad education.
  The people in Finland seemingly living in a bubble where they think that as long as the child are happy then they're doing a good job.
  That is insane. The only reason this bubble stand is because Finland, like many other Scandinavian countries, are sustaining their social bubbles with parasitic companies they got from the US, and their country is not depended on the kids whom they educated.
  That is not good, it's an illusion and a bubble.",,UfmFIEh2QjU
UgzK9UMdX9O-uXDFHXF4AaABAg.9C87qpkvQKY9CGamR7PVwx,@thehedgy3647,1623466224.777427,0,Mark Armage it is what you think tho.,,UfmFIEh2QjU
UgzK9UMdX9O-uXDFHXF4AaABAg.9C87qpkvQKY9CGaRtqqBM7,@markarmage3776,1623466224.776564,0," @thehedgy3647  If you have no argument, better to stay quiet pal, trolling is very bad.
  It's not what I think, it's actual fact.
  Finland produces absolutely nothing, zero academic achievements as well as medals, and Neste, Finland biggest company is a parasitic company.
  Where do you think they get the technology for oil refining? Santa Claus?",,UfmFIEh2QjU
UgzK9UMdX9O-uXDFHXF4AaABAg.9C87qpkvQKY9CGZUM5rwRq,@markarmage3776,1623466224.774732,0," @fbitheagentguy8781  Putting time in studying and reading makes you like that. 
  Unlike the dummies in Finland, I can't afford to be dumb and nice.",,UfmFIEh2QjU
UgzK9UMdX9O-uXDFHXF4AaABAg.9C87qpkvQKY9CGZFUD85T5,@markarmage3776,1623466224.773793,0," @thehedgy3647  Doesn't matter what you think,  because those are facts. 
  And most people think so as well, the proof is absolutely clear. You produces nothing. 
  
  You're just really stupid, pal.",,UfmFIEh2QjU
UgzK9UMdX9O-uXDFHXF4AaABAg.9C87qpkvQKY9CGZB8qrYM2,@markarmage3776,1623466224.772851,0," @thehedgy3647  If you have no argument, go back to school, kid. 
  Those are facts,  have nothing to do with what you believe.
  You can keep living in a bubble but that's just pitiful.",,UfmFIEh2QjU
UgzK9UMdX9O-uXDFHXF4AaABAg.9C87qpkvQKY9CGWj1FWFZ6,@thehedgy3647,1623466224.770028,0,"Mark Armage I’m not trolling, and I’m pretty sure i know my country better than you. Also how is it that only Americans think so about Finland?",,UfmFIEh2QjU
UgzK9UMdX9O-uXDFHXF4AaABAg.9C87qpkvQKY9CGVemf-PrB,@markarmage3776,1623466224.768984,0," @thehedgy3647  Taken from my SAT scores and my alma mater, MIT, I'm pretty sure I'm among the top. 
  But keep living in your bubble. 
  Your biggest company Neste,  lives off American oil refining technology and Russian oil sources, it's pretty parasitic to me. 
  Pal,  if you have no argument, I suggest you stop trolling. 
  You're the superior education that produces absolutely nothing. 
  Bravo.
  And even worse, you took out United Nations,  a dummy organization that also like Finland, does absolutely nothing. 
  Way to go pal,",,UfmFIEh2QjU
UgzK9UMdX9O-uXDFHXF4AaABAg.9C87qpkvQKY9CGNIEAC2zA,@markarmage3776,1623466224.76693,0,"   Wrong,  Japanese have Toyotas,  Hondas,  Mitsubishi, Nuclear Energy,  they're leading in railroads and Mag-lev
  Finland has Neste, a parasite company that relies on American intellectual resources and Russian oil.",,UfmFIEh2QjU
UgzK9UMdX9O-uXDFHXF4AaABAg.9C87qpkvQKY9CGN-wKqYxc,@markarmage3776,1623466224.765901,0,"@cat grips It had gone up,  but that's natural selection. If it's not for those exceptional people who went through hardship to achieve excellence and develop the technology which your country uses to live,  for example, Neste,  then your country would be much worse. 
  People with weak immune system gets killed by common cold,  people with weak mental health, even though they're unfortunate, that is life. 
  Like I pointed out, life is not easy,  is the point of education not to get the children suicidal or is the point of education to produce a better generation than the ones before to advance human life? 
  Like I pointed out, your superior education produces nothing.",,UfmFIEh2QjU
UgzK9UMdX9O-uXDFHXF4AaABAg.9C87qpkvQKY9CG7Lxalb9Q,@markarmage3776,1623466224.764875,0,"@cat grips You learn the same thing?  Oh, that's adorable.
 Get out of the bubble, kid. 
  Whatever you teach in Western highschool, the Asians studied it in middle school. 
  And their basic high school program have went up to college second year. 
  Wake up, kid. 
  The superior education that produces absolutely nothing. 
  Who told you that?  CNN?",,UfmFIEh2QjU
UgzK9UMdX9O-uXDFHXF4AaABAg.9C87qpkvQKY9CG4facLF-F,@markarmage3776,1623466224.762829,0," @thehedgy3647  Because the US students are free to fail. 
 That's what liberty is.  
  The average score shows nothing, because the average in the US is the combination of a very very small percentage of excellence and a massive chunk of pathetic. 
  They're free to fail. But that kind of educational system brings out the best of the best. 
  So it's your choice, having 100% average or 1% of excellence  and 99% of incompetent. 
  But compare yourselves to the Asians,  you're a joke.
  I'm not the average American students, I'm the top of the American students. 
  I've seen your top Finnish students, like I pointed out, they're surprisingly average.",,UfmFIEh2QjU
UgzK9UMdX9O-uXDFHXF4AaABAg.9C87qpkvQKY9CFvfakx0cK,@markarmage3776,1623466224.759456,0," @thehedgy3647  Oh, poor pal. Why is it harder if the people there are so superior in education?
   Nice joke, pal.
   There isn't even any big Finnish Entrepreneur, so stop with the nonsense of you having the best education in the world.
  Because you have one of the most average outcome in economics terms in the world.
  And of course, your educational system are so good that you produces zero notable academic leaders ever since 1945.
  Your most famous person, is Linus Torvalds, but of course, that  person also neglect Finland superior educational system and went to America.
  By common sense, if the Finland educational system is the best, it has to produce the best students, going on to be the best leaders, the best academics, and then those people would create the best companies.
  So if your educational system produces zero outcome, why do you think that you're the best? It makes people happy? 
  What kind of bubble you're living in to think that life is full off ""sugar, spice and everything nice""?
  Why is it your superior educational system produces highly average human beings? Shocking.",,UfmFIEh2QjU
UgzK9UMdX9O-uXDFHXF4AaABAg.9C87qpkvQKY9CFuVoIs-My,@thehedgy3647,1623466224.758304,0,Mark Armage it’s significantly harder to start a business in finland than in the u.s. That’s why there isn’t that many big companies coming from Finland.,,UfmFIEh2QjU
UgzK9UMdX9O-uXDFHXF4AaABAg.9C87qpkvQKY9CFHBuanJON,@markarmage3776,1623466224.757136,0,"@cat grips No,  I pointed out the true statistics. 
  Your ""best"" education produces next to zero innovation and next to zero academic medals. 
  Pal, I don't know how you privileged brats think,  but making people feel happy is not the point of education, life is not happy, kid.",,UfmFIEh2QjU
UgwL3TIbUFnnH6m9sLR4AaABAg.91Uv0DQzrzF92ZqJWds-sn,@ASmartNameForMe,1591930251.623821,0, @bread5384  ok now im confused.,,UfmFIEh2QjU
