{"cid": "UgwpViNLZADGdPOFS1V4AaABAg", "text": "Anak sendiri akan ada lebih kawalan sikit. Jangan harapkan orang sangat. Quran pun tak lancar2 juga harapkan orang. Kalau duit lagi penting mungkin elok duduk asing2 sahaja. Dua tahun juga nak siapkan rumah yang sepatutnya 6 bulan. Takdir rasanya.", "time": "4 hari lalu", "author": "@kawaito_pixel", "channel": "UCca_0hp-Eq-1asvr12A7HTw", "votes": "0", "replies": "", "photo": "https://yt3.ggpht.com/TP6JKLs619hVPxPoV07M2czAgHbiOBY93ABCRV1RDgrw8QjQs0PN28rbdABZ-tttsZz2vmSpyq8=s88-c-k-c0x00ffffff-no-rj", "heart": false, "reply": false, "time_parsed": 1746673675.867753}
{"cid": "UgzyhzyQVHyljCcJOKV4AaABAg", "text": "Why malaysia trying to learn english and include it in thier education? While Philippines is using english as second national labguage but it was impose on us.", "time": "2 minggu lalu", "author": "@RyanBlanco22", "channel": "UCnrAykgtif4mYu_N9waIXAQ", "votes": "0", "replies": "", "photo": "https://yt3.ggpht.com/ytc/AIdro_ktgf3psRkAgKqgtBrHqhFCpTwn8CtlBGMPzkRqQ28gVAm_OArHXAgXv_ztPUnBWg1sIA=s88-c-k-c0x00ffffff-no-rj", "heart": false, "reply": false, "time_parsed": 1745809675.869067}
{"cid": "UgzwoB0IAsUTysP-3Qt4AaABAg", "text": "All thanks to Mahathir!!!!!!!!!!", "time": "1 bulan lalu", "author": "@kennylee9413", "channel": "UCeUuUlwmDaSEJPzrqKfo_jQ", "votes": "0", "replies": "", "photo": "https://yt3.ggpht.com/ytc/AIdro_kBybGUhI60udLXVw6ZjfLBm70DQBmPnBrVC2lm6eg=s88-c-k-c0x00ffffff-no-rj", "heart": false, "reply": false, "time_parsed": 1744427275.870105}
{"cid": "UgxQdSAe5k_xOwZXwpV4AaABAg", "text": "In discussions about educational responsibility, parents are often blamed for students' shortcomings, yet teachers also share responsibility. I’ve witnessed instances of physical discipline that foster fear and harm a student's emotional well-being and learning ability. A student’s emotional health, motivation, and self-esteem play crucial roles in their performance. We should consider all factors affecting students rather than solely blaming parents or teachers, as this broader perspective can lead to more effective support solutions.", "time": "1 bulan lalu", "author": "@Koko-f7i", "channel": "UC3B8s1oesd-Hu7HpeWvhNGA", "votes": "0", "replies": "", "photo": "https://yt3.ggpht.com/5BzQCasav8aARg8-xVRUWgNWj0WWmh0Dgo2_AP4DOakjv5AOYab2aNF-hs_qBXe76QdS3ViLRg=s88-c-k-c0x00ffffff-no-rj", "heart": false, "reply": false, "time_parsed": 1744427275.871049}
{"cid": "UgwN9EriQRUY0gJyMPZ4AaABAg", "text": "Only 5 out of 23 countries that have above OECD average marks teach Math and Science in English. I agree with you that the quality of teachers should be screened.", "time": "1 bulan lalu", "author": "@kinkobidoba9010", "channel": "UCr3MlCM_pcGrExDGMMrSZqg", "votes": "0", "replies": "", "photo": "https://yt3.ggpht.com/ytc/AIdro_kWLaAyTypu8sAnzgn7DhhDupycsYT_1aLn8xxTfiiUpw=s88-c-k-c0x00ffffff-no-rj", "heart": false, "reply": false, "time_parsed": 1744427275.87189}
{"cid": "UgzN1OokksaiY0uIoDJ4AaABAg", "text": "Pisa", "time": "1 bulan lalu", "author": "@jasonkhoo6054", "channel": "UCEP25fOoZiVOdKi5ePRVI8Q", "votes": "0", "replies": "", "photo": "https://yt3.ggpht.com/ytc/AIdro_lcthxAhtnZ5xs_BvtFdLPkqpKM_mMUlhXJ41tPSa8d=s88-c-k-c0x00ffffff-no-rj", "heart": false, "reply": false, "time_parsed": 1744427275.872717}
{"cid": "UgwLX5YNZk6d1D2fxI14AaABAg", "text": "Only Malaysia have lock down and pandemic, neighbouring countries don't have. But Politics get involve with education, that is what happens...", "time": "2 bulan lalu", "author": "@isaaclee1634", "channel": "UCK2HZ6TMWhdyt3t_lz7veDA", "votes": "0", "replies": "", "photo": "https://yt3.ggpht.com/U3l-VwJQ0I0W6zSh68BPQVxUHCcFG4HOExhLY3n4RIVp0R8yAw9LS6_nKKsNMs-46t45tLH--Q=s88-c-k-c0x00ffffff-no-rj", "heart": false, "reply": false, "time_parsed": 1741748875.873566}
{"cid": "UgzijK4KYN85xU7YBXF4AaABAg", "text": "Pisa", "time": "2 bulan lalu", "author": "@angelbaby6389", "channel": "UCUHPjIJqnE2011kaQSrG5ww", "votes": "0", "replies": "", "photo": "https://yt3.ggpht.com/ytc/AIdro_l_UbywFPy3kyuRrn4PCV3ad4ObfuIyh-tSWIatw1g=s88-c-k-c0x00ffffff-no-rj", "heart": false, "reply": false, "time_parsed": 1741748875.874403}
{"cid": "UgyeMQnj83gK6_03oLB4AaABAg", "text": "Malaysia bodoh.", "time": "3 bulan lalu", "author": "@Goldengoal1070", "channel": "UCTB16ayir2PULi5ZKp8Wybg", "votes": "1", "replies": "", "photo": "https://yt3.ggpht.com/ytc/AIdro_mJUxkkmi665AmRCz4ilJfPTAan1TU452g2UM5ek9PklkcAAb7dnzzInZhXZe_Ftp4s2g=s88-c-k-c0x00ffffff-no-rj", "heart": false, "reply": false, "time_parsed": 1739329675.875237}
{"cid": "UgxekAE_NYzOJKr1Zwd4AaABAg", "text": "PISA", "time": "3 bulan lalu", "author": "@qaia2147", "channel": "UCQ2VUcFQ_NXctTVh0s6Yl7A", "votes": "0", "replies": "", "photo": "https://yt3.ggpht.com/UyQrAmVGjqO5gAV3d6sr28uRCOZ8TiOa6MwerPwFKvk9fESmOtHR9rGXWSpN9zD6_iyIEwTaHg=s88-c-k-c0x00ffffff-no-rj", "heart": false, "reply": false, "time_parsed": 1739329675.876059}
{"cid": "UgyA9vKFkucQWycMSY14AaABAg", "text": "guys, i know the problem, its because they most likely hire women.", "time": "4 bulan lalu", "author": "@winniemun8642", "channel": "UCCqlnhWmBQ0vwQv4OS_xJlw", "votes": "0", "replies": "", "photo": "https://yt3.ggpht.com/ytc/AIdro_nzBKRaMEoP6EsSFYUj0sgp3z_Sh-lnAuH-ipPRkrSLI7yl=s88-c-k-c0x00ffffff-no-rj", "heart": false, "reply": false, "time_parsed": 1736651275.876895}
{"cid": "UgxhjdkasmGocTRAgrF4AaABAg", "text": "You asked any Malaysian they tell you Malaysian education is far better than any country in the world, even far better than Singapore, to them Singapore is far behind malaysian. I can hardly disagree with them just to avoid getting into an endless debate 😊😊😊", "time": "4 bulan lalu (diedit)", "author": "@YanQi.", "channel": "UCnMpfUeuFMfA4VFDgWVxZMg", "votes": "0", "replies": "", "photo": "https://yt3.ggpht.com/KacmgnO04jsGvzNKRwrZ4VeQIP94Vau_eAm1GzvrUAeiz2jow3WlxhFfSl-ChMKeUQXvteUJxs4=s88-c-k-c0x00ffffff-no-rj", "heart": false, "reply": false, "time_parsed": 1736651275.877729}
{"cid": "UgxBAIat54DuYxUxOgF4AaABAg", "text": "And also to add on. The grading marks for the current examination has been brought tremendously down. Due to this, the SPM students are so daringly saying, ‘teacher don’t worry, the ministry will bring down the grades so that all of us will pass easily’🤦🏽‍♂️", "time": "5 bulan lalu", "author": "@rattnakaanthan6914", "channel": "UC4cnPTKS8CcXdG9sRw8fMHQ", "votes": "1", "replies": "", "photo": "https://yt3.ggpht.com/ytc/AIdro_md6fTjNnid13h8jVcO4ycMzyb0YVy5W00F_mpP0sIGrOY=s88-c-k-c0x00ffffff-no-rj", "heart": false, "reply": false, "time_parsed": 1733972875.878559}
{"cid": "UgyBh215VVjv2Qfqr2Z4AaABAg", "text": "Our education system is not bothered about understanding and gaining knowledge but just scoring A's, by reducing the passing marks", "time": "5 bulan lalu", "author": "@akiraikura", "channel": "UC5U_TfJpb408xuz_F2evr7Q", "votes": "2", "replies": "", "photo": "https://yt3.ggpht.com/ytc/AIdro_mdDoqIBOCfkB1MxU-c6zc3JL2bihubR9tv3MFgdmOEAw=s88-c-k-c0x00ffffff-no-rj", "heart": false, "reply": false, "time_parsed": 1733972875.879381}
{"cid": "Ugw55RQHtAwoVXL-eSJ4AaABAg", "text": "If Malaysian become too smart, nobody will work in Malaysia too. Not only education is failed but working environment is corrupt and collapse", "time": "5 bulan lalu (diedit)", "author": "@marcuslct", "channel": "UCwobUCKruxr3p1ICXMDPC5Q", "votes": "2", "replies": "", "photo": "https://yt3.ggpht.com/ytc/AIdro_lXVPRtc_lNAq4937s_9DiQOIdenZW3RLBubACZEnGVYxs=s88-c-k-c0x00ffffff-no-rj", "heart": false, "reply": false, "time_parsed": 1733972875.880209}
{"cid": "Ugxps1c5_xNWNubOnOZ4AaABAg", "text": "The British left us with a good educatin system but politics killed it.Cambridge to spm what a shame.", "time": "5 bulan lalu", "author": "@StanleyDorairaj", "channel": "UCicYFK6jtNQtblqVIDwtEXQ", "votes": "1", "replies": "", "photo": "https://yt3.ggpht.com/ytc/AIdro_mJWnsy-4D0HHK7e70lAjKZZtXkBBcCBOJGArgGB83flQAgJc3mP46709hKr12KPbfx0A=s88-c-k-c0x00ffffff-no-rj", "heart": false, "reply": false, "time_parsed": 1733972875.881209}
{"cid": "UgzlZ54A7rZdsHIX3Ft4AaABAg", "text": "They dont bother  about that wat they want u know i inow i know", "time": "5 bulan lalu", "author": "@ARIDASGOVINDARAJU", "channel": "UCyj7mEi7t5Ee6n8JiVz7uAA", "votes": "0", "replies": "", "photo": "https://yt3.ggpht.com/ytc/AIdro_k489dbUjVHiavMXCVBLGMHjuZ1MbGhFgMATRJyE25ZAk1KhQl3s6Hf7REnBDXFhbKjBA=s88-c-k-c0x00ffffff-no-rj", "heart": false, "reply": false, "time_parsed": 1733972875.882123}
{"cid": "Ugzaa1LWxbHGB9N98Xl4AaABAg", "text": "Why is in malay speaking test, we have to make essay?", "time": "5 bulan lalu", "author": "@AiSH77", "channel": "UCxcRPVHp6oHQsVOxB-sX-FA", "votes": "0", "replies": "", "photo": "https://yt3.ggpht.com/C5I6_ittTGxp9EUHClD0jsWc7Yq1zw2Ji2SPKzrJ4nUO9pyeuQMoKeFXfIXWfqcLLe8-5c87=s88-c-k-c0x00ffffff-no-rj", "heart": false, "reply": false, "time_parsed": 1733972875.882979}
{"cid": "UgxJuzJWES1m2fnHcON4AaABAg", "text": "The old saying that \"A fish rots from the head\" is totally applicable to the Malaysian education system.  Poor performance of students and teachers, and the civil servants in the Ministry of Edycation has gone downhill so fast because education is used as a political tool.  So forget frying to improve it. As long as  Malay politicians are in control of education policies and practices, Malays will always be thrid world citizens in a third world country.", "time": "6 bulan lalu", "author": "@PeteIskandar", "channel": "UCsO21PNn7jCBNGAyh5HqYXQ", "votes": "1", "replies": "", "photo": "https://yt3.ggpht.com/ytc/AIdro_l7--8N1dMl5s2Y7zAPpZhCVTS_QeXoQF2D7PYdPOA=s88-c-k-c0x00ffffff-no-rj", "heart": false, "reply": false, "time_parsed": 1731380875.883984}
{"cid": "UgxGDeqzBmTSGL_X76t4AaABAg", "text": "The title of this video proves the failure 💀😂", "time": "6 bulan lalu", "author": "@lingy74", "channel": "UC-hH751KgOTxOpXkqaZu4Zw", "votes": "0", "replies": "", "photo": "https://yt3.ggpht.com/ytc/AIdro_mtHkj3YeV4FqUhQ-PRjoz3XuyKoe1nM1i2NPQVG8gE8-M=s88-c-k-c0x00ffffff-no-rj", "heart": false, "reply": false, "time_parsed": 1731380875.884853}
{"cid": "UgzT8KN_8Da9_rtg3v54AaABAg", "text": "Teachers were bogged down with so much admin, they are worn out. Also teachers aren't taken care of. Partly to do with society ...", "time": "6 bulan lalu", "author": "@BKLau70", "channel": "UCxAyLgmJIbHcQGgkzgcAgYA", "votes": "0", "replies": "", "photo": "https://yt3.ggpht.com/ytc/AIdro_krXCIENggFdA8jS3RhlyUt6iDAF5ZytFeW3TiCQcA_M6CZ=s88-c-k-c0x00ffffff-no-rj", "heart": false, "reply": false, "time_parsed": 1731380876.40594}
{"cid": "UgwsUaa0YrYVTBje6jd4AaABAg", "text": "Malaysia education been injected with Politics and Religion ... Weaponised for special interest groups ...", "time": "6 bulan lalu", "author": "@BKLau70", "channel": "UCxAyLgmJIbHcQGgkzgcAgYA", "votes": "1", "replies": "", "photo": "https://yt3.ggpht.com/ytc/AIdro_krXCIENggFdA8jS3RhlyUt6iDAF5ZytFeW3TiCQcA_M6CZ=s88-c-k-c0x00ffffff-no-rj", "heart": false, "reply": false, "time_parsed": 1731380876.408161}
{"cid": "Ugz2o-tfL6KaZgC3_KJ4AaABAg", "text": "How to be a developed nation with such bottom bad education system ? No hope coz of religion meddling", "time": "6 bulan lalu", "author": "@sgedit-r", "channel": "UChinbgMgLbgZSuGnhSzV9Hg", "votes": "1", "replies": "", "photo": "https://yt3.ggpht.com/gA6_7HzYRbmCFyLaKcnQ3G010t-RhgMOy7bz3IrAIcO-jpnPqkgRzkT7aTu2qnuCMUWoiMJdNw=s88-c-k-c0x00ffffff-no-rj", "heart": false, "reply": false, "time_parsed": 1731380876.410262}
{"cid": "UgwnzeFiWiR0ONkt6lF4AaABAg", "text": "Many things are failures, MAS, tabung Haji, felda, LCS navy ships, GISBHD, anti corruption system, 1mdb and the list goes on and on. Many leaders and their supporters are not human.", "time": "7 bulan lalu", "author": "@sflee7249", "channel": "UCylWhYTr-IslZPs_CrMWYsw", "votes": "0", "replies": "", "photo": "https://yt3.ggpht.com/ytc/AIdro_m5Y5g3Ehv8HRHsgwDfecio2DI6Qbb5oATpuqnLJt8=s88-c-k-c0x00ffffff-no-rj", "heart": false, "reply": false, "time_parsed": 1728702476.412085}
{"cid": "Ugys27qviwg9fAVAcWZ4AaABAg", "text": "Standards pulled down to accommodate the weak. ENGLAND cannot b handled.😂😂😂 Graduates cannot even speak than complain kena  sidelined by big Co.", "time": "7 bulan lalu", "author": "@mossagate66", "channel": "UCSk8X35UzONgGlu2yKv7WBQ", "votes": "0", "replies": "", "photo": "https://yt3.ggpht.com/ytc/AIdro_l9Utoc3RbBiA_yuCDi1tnWYa6sSAutoEXldl9-ibYB-g8=s88-c-k-c0x00ffffff-no-rj", "heart": false, "reply": false, "time_parsed": 1728702476.413862}
{"cid": "Ugw85blXFgbgB0pTPhx4AaABAg", "text": "Let's be real ... Shit started going downhill when they changed PMR to PT3", "time": "7 bulan lalu (diedit)", "author": "@JustinHirendranKandy", "channel": "UC0qhs7Pi0jVqGD3MesjXzxw", "votes": "1", "replies": "", "photo": "https://yt3.ggpht.com/ytc/AIdro_m3yH3CkDYbBlrEro0QnKb_ItobeFHLwKuQcGuP0f6Bn7OoKZ8W5OF5gGcuK2Gkd9LxEg=s88-c-k-c0x00ffffff-no-rj", "heart": false, "reply": false, "time_parsed": 1728702476.415623}
{"cid": "UgxiKKFXFnwsZrvWbot4AaABAg", "text": "I really think that Malaysian are not ready to have English as medium but observing the current economy situation in Malaysia today is it vital for students to at least try to study in English. \n\nWe have to start somewhere.Now it’s year 2024 the new generation must speak English and able to take  those Science subjects in English also.Otherwise Malaysian can’t compete globally.We can learn from Singapore.❤", "time": "7 bulan lalu", "author": "@semadisait9432", "channel": "UClscP8niJVvQdt4tK2PIvfg", "votes": "0", "replies": "", "photo": "https://yt3.ggpht.com/ZYZAEAGnNHuMMBMa9hq4XVEbulIcwBYxzPo-lSuuyxaIAHDfYQRPgjC2SZLRoNHrMSwNInGTQA=s88-c-k-c0x00ffffff-no-rj", "heart": false, "reply": false, "time_parsed": 1728702476.417297}
{"cid": "UgxtJsz4q_TZe9fzTld4AaABAg", "text": "I think that Malaysian education system has been failed...Students nowadays didn't apply critical thinking in their lives due to the corrupted education system which mainly focuses on the memorisation of the facts and unorganized syllabus... For example when I was doing STPM, Sejarah subject was the hardest to cover ... This is because there are too many topics that must be covered in quicker time making students to face imminent pressure to score well in the subject... Luckily I got A- in the subject... In Conclusion, I think that the government must do some reforms to improve the quality of our education system", "time": "7 bulan lalu", "author": "@shahrmillan2132", "channel": "UCIcVxjX0n1N-CQtuTLedTxg", "votes": "0", "replies": "", "photo": "https://yt3.ggpht.com/ytc/AIdro_lYcZ0VxYWgX_zoOeGXFPTZrtO43VruoXQ3yhfrWmM=s88-c-k-c0x00ffffff-no-rj", "heart": false, "reply": false, "time_parsed": 1728702476.418897}
{"cid": "UgwysYT7mlDjc2NKgD54AaABAg", "text": "Look - AI is here and smarter than you. White collar jobs are gone. Brace yourselves. Time for the masses to return to trades or farming.", "time": "7 bulan lalu (diedit)", "author": "@lingy74", "channel": "UC-hH751KgOTxOpXkqaZu4Zw", "votes": "0", "replies": "", "photo": "https://yt3.ggpht.com/ytc/AIdro_mtHkj3YeV4FqUhQ-PRjoz3XuyKoe1nM1i2NPQVG8gE8-M=s88-c-k-c0x00ffffff-no-rj", "heart": false, "reply": false, "time_parsed": 1728702476.420469}
{"cid": "Ugxp86tvvgNXvByxoFJ4AaABAg", "text": "I’ve met more than my share of ‘lecturers’ who can’t hold an intelligent conversation about our economy or politics. That tells me all I need to know.", "time": "7 bulan lalu", "author": "@lingy74", "channel": "UC-hH751KgOTxOpXkqaZu4Zw", "votes": "0", "replies": "", "photo": "https://yt3.ggpht.com/ytc/AIdro_mtHkj3YeV4FqUhQ-PRjoz3XuyKoe1nM1i2NPQVG8gE8-M=s88-c-k-c0x00ffffff-no-rj", "heart": false, "reply": false, "time_parsed": 1728702476.422019}
{"cid": "UgyviSvEmFCIF0h5D_x4AaABAg", "text": "Politics played a very important role in the education system of Malaysia.why?¿?? In 1985 all subjects in primary n secondary School were taught in Bahasa Malaysia except English.At that time Anwar Ibrahim was the education minister.He is the one that changed the corriculum.Today very day what happened to our standard of English.zero!!!", "time": "7 bulan lalu", "author": "@PeterEven-og5fj", "channel": "UC6UwzObFdYR9DHnBI0rjwcg", "votes": "0", "replies": "", "photo": "https://yt3.ggpht.com/ytc/AIdro_kQb66_r-tkBEn2iZDFhJ2GG4iHBNhSUfLuMmYXH4kfLpzB1eRO46tXEjwegiB59Ph2gg=s88-c-k-c0x00ffffff-no-rj", "heart": false, "reply": false, "time_parsed": 1728702476.423453}
{"cid": "Ugy_e4CtFS_0bN6LDER4AaABAg", "text": "Too busy holding Solidarity Week mah", "time": "7 bulan lalu", "author": "@muhammadfaridwongabdullah9539", "channel": "UCnn89GYua0JkfGP6Su_pENA", "votes": "1", "replies": "", "photo": "https://yt3.ggpht.com/ytc/AIdro_mu710nuyCpjkscD9HfwIUA0dX0F2px-V3qSRYKIaA=s88-c-k-c0x00ffffff-no-rj", "heart": false, "reply": false, "time_parsed": 1728702476.424854}
{"cid": "UgzHBZIHAwBx-mwppe14AaABAg", "text": "Tan Chye, don’t blame religious education. Even those countries which don’t emphasize religious studies have the same problem. You need to do more serious research before jumping into conclusion. Your prejudice is showing.", "time": "8 bulan lalu", "author": "@AbdurRahim-lb7cd", "channel": "UCAC-c-cPLqBCXKEIOiwbpXw", "votes": "0", "replies": "", "photo": "https://yt3.ggpht.com/ytc/AIdro_kxTpwtMRSXz7HCORTlnNPcquuMZ7VBilJ_bcONDas=s88-c-k-c0x00ffffff-no-rj", "heart": false, "reply": false, "time_parsed": 1726110476.426276}
{"cid": "UgwbqF1nSpJXIyPPbtF4AaABAg", "text": "Why Malaysia Education System Is A Failure?  Becooos of the Malay hatred toward Western. After independent, Malaysian government started to abandon the world language for knowledge, that's is English and put less study in maths, science and technology but put more money on research regarding bigot religious study to give more job for themselves and more radical like Taliban. The rest is history.", "time": "8 bulan lalu", "author": "@WatsonTelajan-oc6bl", "channel": "UCNNXOR8PiKZlLpFfp-UU3Lg", "votes": "1", "replies": "", "photo": "https://yt3.ggpht.com/ytc/AIdro_kyKYN6nMKhyF6lfsxaBhBggLTm_UXP4uFvN9PMRyshUwp-sjIgLnMzEEoqVfCofXlIcQ=s88-c-k-c0x00ffffff-no-rj", "heart": false, "reply": false, "time_parsed": 1726110476.427686}
{"cid": "UgwvbW18OESOELTsZot4AaABAg", "text": "Indeed, we lack reading culture.", "time": "8 bulan lalu", "author": "@armanfaed9110", "channel": "UCW7_gQSqyjgK2f3If3b9Beg", "votes": "0", "replies": "", "photo": "https://yt3.ggpht.com/ytc/AIdro_nmbr-u5feWY6q5a_R7TxKvlI9coaI3_RFsm19BErA=s88-c-k-c0x00ffffff-no-rj", "heart": false, "reply": false, "time_parsed": 1726110476.429018}
{"cid": "UgxdUlUmKXKm1rfbpgp4AaABAg", "text": "Look at those mainstream schools' teachers. Don't let your kids died.", "time": "8 bulan lalu", "author": "@MrRedguy09", "channel": "UC8L_MHGKxMrDekDKSxlf3jw", "votes": "0", "replies": "", "photo": "https://yt3.ggpht.com/ytc/AIdro_n--yJ_YOOi7SRsAQYdsu3pUhkigCK0BbcAUGv9bcE=s88-c-k-c0x00ffffff-no-rj", "heart": false, "reply": false, "time_parsed": 1726110476.43029}
{"cid": "UgwhD14iQ8792-KnolN4AaABAg", "text": "HAHAHAAA! Malaysia prioritises life for the HEREAFTER with agama lessons more than English,  Mathematics & Sciences to have 1 idiot who said the earth in shared like a doughnut!!! 🤣🤣🤣🤣🤣🤣WTF!!!", "time": "8 bulan lalu", "author": "@alexlim4525", "channel": "UCbHpPyuL7BO-h4PFHmofjnA", "votes": "1", "replies": "", "photo": "https://yt3.ggpht.com/ytc/AIdro_l3BZZH1pGlhKHBcr2FMSvRwTHaTtC4YrD1IcG84aY=s88-c-k-c0x00ffffff-no-rj", "heart": false, "reply": false, "time_parsed": 1726110476.431555}
{"cid": "UgyQ8LMO85Utu5xJbdJ4AaABAg", "text": "English is the key. National language of Spore is also Malay but Spore's emphasis and working language is English . English is the international language of the world", "time": "8 bulan lalu", "author": "@Peter-o1v2p", "channel": "UCpy6FBNMF87o-Yuk-6elyWw", "votes": "0", "replies": "", "photo": "https://yt3.ggpht.com/ytc/AIdro_mYhDDsCA9NfTG2PgzluZfHQpG5ifmMgJPfOK61kjZldvH8THXl33B8Pu__NmTzyraUXQ=s88-c-k-c0x00ffffff-no-rj", "heart": false, "reply": false, "time_parsed": 1726110476.432816}
{"cid": "UgwGMZuyrbkHHxTNfA14AaABAg", "text": "With nothing short of absolute due respect and with no malice or ill-thoughts whatsoever, and since this video clip is touching on the very essence of why Malaysia failed miserably and pathetically in the recent PISA score, based on the fact that this YouTube video clip will be circulated worldwide, may I humbly suggest that Mr Money himself brushes up his L2 spoken English in his next video clip on YouTube/Tik Tok/FB etc. Thank you.", "time": "9 bulan lalu", "author": "@kiethfaron", "channel": "UCZE2JhpHJ5_Z6INzb7lmZ0g", "votes": "0", "replies": "", "photo": "https://yt3.ggpht.com/ytc/AIdro_lvNEpiQJiH1oJvO3va7r6KICQH8hy77i0Os_k0tNmKtcU=s88-c-k-c0x00ffffff-no-rj", "heart": false, "reply": false, "time_parsed": 1723432076.434074}
{"cid": "Ugy62iRYl2BEX_hEv8p4AaABAg", "text": "It's because our priority is not to educate our young but on R&R nationalism.", "time": "9 bulan lalu", "author": "@wk9378", "channel": "UC7NKot4AQHPn9_9QQvgVf8A", "votes": "1", "replies": "", "photo": "https://yt3.ggpht.com/ytc/AIdro_nDdiKQuU_MPnUNJTotfmkHNBDMVGm5sWWZvsK_9oFhHRU=s88-c-k-c0x00ffffff-no-rj", "heart": false, "reply": false, "time_parsed": 1723432076.435261}
{"cid": "Ugw6PNyswuxMrXMqZfJ4AaABAg", "text": "Rasist policy ends up failures in every field. Pending conquer by foreign power again.", "time": "9 bulan lalu", "author": "@kchong1944", "channel": "UCqHHBK9fxzK-zCZHaCrOJ7w", "votes": "0", "replies": "", "photo": "https://yt3.ggpht.com/ytc/AIdro_lAVn02t_cFvxlZzYzfJh6ofT8uHd7gPIxjeD5jvGU=s88-c-k-c0x00ffffff-no-rj", "heart": false, "reply": false, "time_parsed": 1723432076.746821}
{"cid": "Ugyd4fs7kZYIcHdoTPR4AaABAg", "text": "education should be free from colored. add more assistance to B40 groups instead. if the majority of people think that their income level is still below average, then helping all the B40 group would help the majority (it serves the same purpose while not neglecting minority B40 as well), and there is no need to implement a color policy. Some people will take advantage of colored policy even if they are very rich,", "time": "9 bulan lalu", "author": "@Cubs3344", "channel": "UCvYNIyldvtIyPekyUotQRbg", "votes": "0", "replies": "", "photo": "https://yt3.ggpht.com/ytc/AIdro_miAAAPZKICt45qLVk9PCfhKibQpsxJuYKJ1jCv5OhzuED7_B4kfBYRTHdu6Lm8ocHlAQ=s88-c-k-c0x00ffffff-no-rj", "heart": false, "reply": false, "time_parsed": 1723432076.748911}
{"cid": "UgwJTiTq0PCDAZDW8NZ4AaABAg", "text": "Dobt look far ...Look at CNA where Singapore wrote and expressed them with maturity and intelligence. \nLook at Malaysia utube where Malaysian wrote sms style writing being lazy abd worst silly comments. This is the standard Malaysian are at. Talking of high income nation like Talking in the coffee shop.", "time": "9 bulan lalu", "author": "@xzdrtxyzxvn", "channel": "UCYg7yQIk1IEeEfjksQ_tMag", "votes": "0", "replies": "", "photo": "https://yt3.ggpht.com/ytc/AIdro_nkMQvnwxyr8NrUtp20CYsJyI23GNpso7j2EJV5XBTMaQdwxMYn-6v7r8clpD54LdAYYA=s88-c-k-c0x00ffffff-no-rj", "heart": false, "reply": false, "time_parsed": 1723432076.75087}
{"cid": "UgzpS0n_DbbHBnniHBJ4AaABAg", "text": "PISA  many thanks", "time": "9 bulan lalu", "author": "@michellekhoo8713", "channel": "UC_M7kSx_OurrUxOBxbuCtIA", "votes": "0", "replies": "", "photo": "https://yt3.ggpht.com/ytc/AIdro_mqzWzFUOCTgYwS5T-3-uv5v8icb1bjdS9ccbH1W0g=s88-c-k-c0x00ffffff-no-rj", "heart": false, "reply": false, "time_parsed": 1723432076.752601}
{"cid": "UgzAEx0oD28cy1JQ8SR4AaABAg", "text": "Malaysia's national education system is dying and it is a good time to change and incoporate with International education syllabus. For example, like Singapore; they do have their very own O Level (IGCSE) and A Level which they are consistent with the UK syllabus (IGCSE/GCSE and A Level). Also, not all teachers in Malaysia are like what you said, only the government school teachers behave such. There are many private school teachers in Malaysia are on heavy competitions in day by day, week by week, without you knowing it, so that they can keep their rice bowls. Worse yet, some private schools in Malaysia expect to have full package from the teachers, means that if the teachers go for interviews, they are expected to have full package (such as experience, skills, qualifications, know-how on teaching, pedagogy, and syllabus of the IGCSE/A Level/IB/etc). Why such a high expectation? It is because the private schools want to cut down the cost of labour, by reducing on training cost and expect high productivity (results delivered in schools). If you do your research right, they are many students in Malaysia do excellently well in their IGCSE, A Level, and IB/UEC/etc. In conclusion, just change the existing education system and incorporate with International education syllabus, thus we definitely will get huge increase in that PISA statistics and more better workforce in the future.", "time": "9 bulan lalu (diedit)", "author": "@FTKP", "channel": "UC4PReV0RSzI6iswK1_wxSkw", "votes": "1", "replies": "", "photo": "https://yt3.ggpht.com/ytc/AIdro_m8OBqaW7WFMqyHyBq3iqPbCZK00KYOCJty647NH1izMA=s88-c-k-c0x00ffffff-no-rj", "heart": false, "reply": false, "time_parsed": 1723432076.75434}
{"cid": "Ugz9323phZvbSXGEWEJ4AaABAg", "text": "Its getting even worse with school based or class based exam. Teacher prepare paper. The quality so low , just so the grade look goodand no one questions", "time": "9 bulan lalu", "author": "@bumblebee4550", "channel": "UCK-BSjHY8ts-rjSXnnf6Ufg", "votes": "0", "replies": "", "photo": "https://yt3.ggpht.com/ytc/AIdro_nrL5FxYDxyTbgMY4p9MkczmQOKArmbh6RTZ8KZyZ4Oew=s88-c-k-c0x00ffffff-no-rj", "heart": false, "reply": false, "time_parsed": 1723432076.756074}
{"cid": "Ugxd6awU5G0Xfs_E7nF4AaABAg", "text": "I have worked as a government teacher for 14 years and I cannot stress how tired I am with our education system.😂", "time": "9 bulan lalu", "author": "@alimichalkan8046", "channel": "UCsRAJR_kuTT3EAMoAuvNjjQ", "votes": "0", "replies": "", "photo": "https://yt3.ggpht.com/jdo8_zntNNNV60xhRXZev1oPXPv-iswx4q5Y2G4SCrlTe05Uyc6zcv3vIw45nfpz_rziA1DHTCs=s88-c-k-c0x00ffffff-no-rj", "heart": false, "reply": false, "time_parsed": 1723432076.75774}
{"cid": "UgyJVt2ViA0JF9yLc554AaABAg", "text": "NONMUSLIM  PLS CONTINUE TO SPONSOR N SUPPORT  FINANCIALLY TO CHINESE N INDIAN  SCHOOLS  AS PH GIVE PENANUT TO NONMUSLIM SCHOOL.  THANK NONMUSLIM  TO STAND UP AKMAL RACISTS  N PAS RACISTS..\nIF GOVTS GIVE SUFFI3 FYNDS FOR INDIAN N CHINESE  WHY WE NEEDS PRIVATE  FU DS..\nKEEP YHE SPONSOR  N GIVE MORE TO CHINESE  N INDIAN SCHOOL'S.  \nPH GOVT BUKA MULUT ..BOHONG. SO DONT TRUST THEM. EPS.. MALAY PKR LEADERS  ..USELESS FOR NONMUSLIM  COMMUNITY..\n2027 ELECTIONS  PKR MALAY LEADERS  WILL M.P ELECTIONS  IN MAJORITY  NONMUSLIMS..\nFOR 60 YEARS WHICH MALAY PARTY COME TO POWER.  THEY WILL STAB. INDIAN N CHINESE  IN THE BACK AFTER WINNING THE ELECTIONS.. SATU CONTOH. NOW.. PMX  ANWAR IBRAHIM..USELESS FOR NONMUSLIM  WHO VOTE PRK FOR 40 YEARS  NOW  PMX BERLAGAK. YA.. TAK APA 2027 ELECTIONS  NONMUSLIM  DONT VOTE  FOR PKR MALAYS LEADER 😅IN..PENANG  N  PERAK  N JOHOR N SELANGOR..BUNGKUS\n LAH PRK MALAY LEADER ....\n😅", "time": "9 bulan lalu", "author": "@raymondraj3469", "channel": "UCOvakfoD4z7dNrB7JVnf4xg", "votes": "1", "replies": "", "photo": "https://yt3.ggpht.com/ytc/AIdro_lTsn_SEf4XL2vXIaaoqLUud5NQ9oq-8qVva6nli6qHfYKIw450e_k2BCXQMQ4EGZfOvw=s88-c-k-c0x00ffffff-no-rj", "heart": false, "reply": false, "time_parsed": 1723432076.759282}
{"cid": "Ugye7ODt_owe7rLSTnV4AaABAg", "text": "Mamak99 spoilt education😁😝😁😝😁😝", "time": "9 bulan lalu", "author": "@tharungowrappan4042", "channel": "UCdxWS4Wr01ChuF3NbBC2Hwg", "votes": "0", "replies": "", "photo": "https://yt3.ggpht.com/ytc/AIdro_npW37A_HJh7ZWay5OdBe10uzPV6Kj_5SwXq4RxWH0=s88-c-k-c0x00ffffff-no-rj", "heart": false, "reply": false, "time_parsed": 1723432076.760827}
{"cid": "Ugx-VX_tH43mRLvXdfl4AaABAg", "text": "Our malaysians leaders are more concerned about, races, Islamic, and cheap political gains. Boycott,  halal product. And so on", "time": "9 bulan lalu", "author": "@utiriamsebastian8756", "channel": "UCKHoj406nFnuhsNFbcPXhMw", "votes": "0", "replies": "", "photo": "https://yt3.ggpht.com/ytc/AIdro_lMVG1BebXeh3SRZ2sk0-MUiFw9DcLd21CGzyeXpKA=s88-c-k-c0x00ffffff-no-rj", "heart": false, "reply": false, "time_parsed": 1723432076.762357}
{"cid": "UgyJ4IOJc0C9_L01Kkt4AaABAg", "text": "As much as teacher are to blame, lets not forget, it's the parents fault as well. \nKids nowadays have no manners at all, and doesnt respect their teachers.\n\nNow, if you were in their shoes, would you be passionate about teaching then?\nEducation should start from within the house", "time": "9 bulan lalu", "author": "@kickof1", "channel": "UCG_ptRlDh7e4HjM1oiGfslA", "votes": "0", "replies": "", "photo": "https://yt3.ggpht.com/ytc/AIdro_mS5u3gpGzaZiEM5rbnliNAKqoTVdm2VrLZXGgJ17E=s88-c-k-c0x00ffffff-no-rj", "heart": false, "reply": false, "time_parsed": 1723432076.763736}
{"cid": "UgzdYn6W7K1048bDq2Z4AaABAg", "text": "The education job apartheid system is the problem here. There is a quota for teachers: 95% must be Malay because it is a civil service. If there is no SJKTC (Sekolah Jenis Kebangsaan ), that number will become even worse if no sjktc. The government now has to employ Mandarin and Tamil subject fluent teachers. But in SK (Sekolah Kebangsaan) there are no non-Malay teachers nowadays. In the 1970s, in my SK school, the headmaster was Indian and later Chinese. We studied Tamil, Mandarin, and Ugama during the school timetable. Now, no more. My son's headmaster cunningly said he only can conduct Tamil classes after school hours if at least 30 parents request it. The parents cannot provide transport after school at 2:30 pm, and the Tamil class was canceled because there were no students.The malay headmaster was very happy to cancel the class as no student this is how they play with the system.", "time": "9 bulan lalu (diedit)", "author": "@Rshan-x7c", "channel": "UChFwPWMITPnlKNhGXJe86aA", "votes": "0", "replies": "", "photo": "https://yt3.ggpht.com/ytc/AIdro_nG4SbiRinF1vfW-o9Rnw5llJVk7TkcI6fsy_QOXjoibee1KSsh76gul9To0U7W2NWuBQ=s88-c-k-c0x00ffffff-no-rj", "heart": false, "reply": false, "time_parsed": 1723432076.765127}
{"cid": "UgxmINWJESgY3GodbH14AaABAg", "text": "Now there is too much emphasis on rrligious activities & islamizatiin has even resulted in students not wanting to learn english becos they were told tht its a \" ksfir\" lsnguage by uztad/ ustazah. How to solve this tht hss been i grsined in thm.   Sometimes maths & science lessons cancelled to make way for   islamic sctivities in schools.", "time": "10 bulan lalu", "author": "@nancyhon406", "channel": "UCUN1AIfqqhKdSSv1Fh6nK0Q", "votes": "0", "replies": "", "photo": "https://yt3.ggpht.com/ytc/AIdro_kimiqOtZFGXTJL1TFNnfCTzdBrPAuGb6qRyeVo2qjJtVc=s88-c-k-c0x00ffffff-no-rj", "heart": false, "reply": false, "time_parsed": 1720753676.766703}
{"cid": "Ugy-A8n4xCm-YnuGtJh4AaABAg", "text": "I tauhht for35 yrs\n Trust me tht there are enough training programs for teachers  . Its a waste of tax payers money.   You cannot patch up teachers who are not able to communicate well in their trained fields. \n  the rule shld be : Fire incompetent, non performing teachers. REHIRE ppl who are skilled.\n Eg. For teaching english.  trachers hav a degree  but cannot speak english.  Thry csn erite BUT CANNOT SPESK BASIC ENGLISH. They end up relyi g on textbook & cannot teach correct grammar OR  correct students who are weak. Get competent people to do the job.", "time": "10 bulan lalu", "author": "@nancyhon406", "channel": "UCUN1AIfqqhKdSSv1Fh6nK0Q", "votes": "0", "replies": "", "photo": "https://yt3.ggpht.com/ytc/AIdro_kimiqOtZFGXTJL1TFNnfCTzdBrPAuGb6qRyeVo2qjJtVc=s88-c-k-c0x00ffffff-no-rj", "heart": false, "reply": false, "time_parsed": 1720753676.768183}
{"cid": "UgyLjD37GZncq8AeUQR4AaABAg", "text": "Many students can't even build proper sentence. That is why many can't write an essay.\nAlso, some teachers can't even speak proper English so it is a big problem when asked to teach Maths and Science in English.", "time": "10 bulan lalu (diedit)", "author": "@vivieneng9882", "channel": "UCv4EZFcVsC0aFpkhIQi4hBQ", "votes": "0", "replies": "", "photo": "https://yt3.ggpht.com/ytc/AIdro_mUnjIMTnDzKkoxxMUw3oRY7RwvyeDuRmXgZ9qvuvfPHjQ=s88-c-k-c0x00ffffff-no-rj", "heart": false, "reply": false, "time_parsed": 1720753676.769514}
{"cid": "Ugwty_q8p4R1JcwUPV14AaABAg", "text": "We are the best where the longkang otak is cause by otak longkang and otak kangkong. All is fine just use pufferfish effect. Why change when everyone win win for some. All are equal but some are more equal than others. Some work so hard yet become transparent when come perks and promotion.", "time": "10 bulan lalu", "author": "@kawkawliang9959", "channel": "UCUNxjtodJY8MKNg-dDZxN4Q", "votes": "0", "replies": "", "photo": "https://yt3.ggpht.com/ytc/AIdro_ki1RlXk9CxgllTCtCbjCTLPj5tJGtvSAfP6JokGes=s88-c-k-c0x00ffffff-no-rj", "heart": false, "reply": false, "time_parsed": 1720753676.770845}
{"cid": "UgyMThQXMAQ6InSlhl94AaABAg", "text": "Absolutely true.", "time": "10 bulan lalu", "author": "@JohnWangkod", "channel": "UCBsCbw3KEgnCQMa87zWrcqg", "votes": "0", "replies": "", "photo": "https://yt3.ggpht.com/ytc/AIdro_nbnIwyYsF5KGzS2pWd-Bbv2zgtWKXIXYtKtnh9Q669BzQAGM9gxLELfbqgp3aEheu7BQ=s88-c-k-c0x00ffffff-no-rj", "heart": false, "reply": false, "time_parsed": 1720753676.772174}
{"cid": "Ugyk873264mzdgMTOMR4AaABAg", "text": "Chinese and Indian had a wide and broad thinking minded especially education.😊\nMy late mummy words that i never forget and waste my time.", "time": "10 bulan lalu", "author": "@qyu...976", "channel": "UCB67sDte0E9syrRmYk7-rdQ", "votes": "0", "replies": "", "photo": "https://yt3.ggpht.com/ytc/AIdro_k5x2bXVjFF7VHnTkfHJD9ptJy5fbZKd5PYWqA2AbEe3c5A-6pHZkhb9zHr03G_oNKeog=s88-c-k-c0x00ffffff-no-rj", "heart": false, "reply": false, "time_parsed": 1720753676.773493}
{"cid": "Ugz2gJNeLznn_E9D4dJ4AaABAg", "text": "Why so emotional ! Talk nicely !", "time": "10 bulan lalu", "author": "@leebooee9642", "channel": "UC5pEfsWu-12OO0rQQAFajcQ", "votes": "0", "replies": "1", "photo": "https://yt3.ggpht.com/ytc/AIdro_n1hHNFfhXBR4BASbMAHa8CRJOT-_7vV_OG-i3RKWwWIZ-j-3B7Fl4iapOfpamSrb2qYA=s88-c-k-c0x00ffffff-no-rj", "heart": false, "reply": false, "time_parsed": 1720753676.774814}
{"cid": "UgzKjK7s4bCWzKchazV4AaABAg", "text": "Why so unstable...you want us tobe like Singapore...we are good enough dont compare...we are happy.Singaporeans are not happy with their life even though some of them are rich..not enough space cant even have big family.", "time": "11 bulan lalu", "author": "@mazenahmohamed4497", "channel": "UCJ99T21xTYQjE7bOxPj-Xmg", "votes": "0", "replies": "", "photo": "https://yt3.ggpht.com/ytc/AIdro_lOlHdNoAOlqRhtFv8PX1fShTWJ_bosbp1bfmIrZ3I=s88-c-k-c0x00ffffff-no-rj", "heart": false, "reply": false, "time_parsed": 1718161676.776136}
{"cid": "Ugz2gJNeLznn_E9D4dJ4AaABAg.A4tW41HZuyeA5ChxQQmY0K", "text": "Smart people focus on content，superficial people focus surface like you😅", "time": "10 bulan lalu", "author": "@petery1294", "channel": "UCuFekNqdSfEn9f6G8I376mQ", "votes": "0", "replies": "", "photo": "https://yt3.ggpht.com/ytc/AIdro_lXZATiSU94AudKCeqOS-aak7Qi50J9-N9s4qqnF2E7CRmgta6gS959E91ZM-ms0kpswQ=s88-c-k-c0x00ffffff-no-rj", "heart": false, "reply": true, "time_parsed": 1720753677.007183}
{"cid": "UgysMp9x2XyswrBNoW54AaABAg", "text": "Latest world bank report - april 2024, indicated total year of schooling of our kid is 12.5 years, of which 8.9 years are effective learning. That mean 3.6 years are wested. Recent SPM result, Tahfiz school pahang is top school. What it mean national school system is a failure and the system was wasted time of students.", "time": "11 bulan lalu", "author": "@kamarudinisa3756", "channel": "UCYyJM8ZVnm0EOMHRAlajNgQ", "votes": "0", "replies": "", "photo": "https://yt3.ggpht.com/ytc/AIdro_mUCVMZBk6AMJhFj-y-bM15ahW6lHEF5yByRq6nfSs=s88-c-k-c0x00ffffff-no-rj", "heart": false, "reply": false, "time_parsed": 1718161677.352221}
{"cid": "UgxdL576Jfm78BGViWl4AaABAg", "text": "Most of them doesn't even learn proper history too, hence why they always make a False and spread fake history about Sarawak and brooke history, that's why i came here, They also feel sensitive when they see a little Cross too! Government should solve this issue!", "time": "11 bulan lalu", "author": "@NormanThe_FreedomHope22-5", "channel": "UC4u_qi9jikjtZIp7CLCSR-A", "votes": "0", "replies": "", "photo": "https://yt3.ggpht.com/cxnaWamDLowhXNf2FwPuivdJzNgW24ReOtoK9oVhNZHX5yzMotTZWubxGHRJkJFRDd6wU2XaMQ=s88-c-k-c0x00ffffff-no-rj", "heart": false, "reply": false, "time_parsed": 1718161677.354659}
{"cid": "UgytpMannB4Icrnvz-54AaABAg", "text": "Nak tahu sistem pendidikan merosot lihat IQ jauh ketinggalan .", "time": "11 bulan lalu", "author": "@liowpohhuat9107", "channel": "UCRb5ERfu959TqBOLsIgjBsw", "votes": "0", "replies": "", "photo": "https://yt3.ggpht.com/ytc/AIdro_k9XrKEjeqnVQ_ExBSkLiNtUAbq9qlCdjlKe0ywClY98iY03q7dSB_WmMajNAsA2n6ytg=s88-c-k-c0x00ffffff-no-rj", "heart": false, "reply": false, "time_parsed": 1718161677.356777}
{"cid": "UgyS-XIyLWO7X66d6xd4AaABAg", "text": "Our education system is dying you can say close to death situation. The education minister is appointed randomly without really testing them properly.", "time": "11 bulan lalu", "author": "@karthigeyanarunasalam3700", "channel": "UCo9wW8GgaDb5xuem575m0DA", "votes": "0", "replies": "", "photo": "https://yt3.ggpht.com/ytc/AIdro_lstB3YH641mvD7c0F5CsIK1VohS5sGjDHznzqAxeFzDrKoh35mwiEQPb1tQwNdxYWaWA=s88-c-k-c0x00ffffff-no-rj", "heart": false, "reply": false, "time_parsed": 1718161677.358754}
{"cid": "UgxlUCLqg7OUFhOJaW94AaABAg", "text": "PMX & PH should bring back govt-run English medium schools.", "time": "11 bulan lalu", "author": "@Fjkll434", "channel": "UCp2BDPIbpe_-qkQlWx5gmlQ", "votes": "0", "replies": "", "photo": "https://yt3.ggpht.com/ytc/AIdro_mr14687pzjAoaduvrGdQmA3f0rkmAEs_0h6p8hrd3PE61i_BhbOBebpISCMGfchRPFkA=s88-c-k-c0x00ffffff-no-rj", "heart": false, "reply": false, "time_parsed": 1718161677.360569}
{"cid": "UgxX76sFEsfW17nEVSN4AaABAg", "text": "Education ministry humiliate STPM education and students.\nEven don’t care of the result for university entry..\nFor them matriculation is priority to load peoples. You know why..", "time": "11 bulan lalu", "author": "@pincominco6996", "channel": "UCVgsivrWNUXHzCPzWUxQnfA", "votes": "0", "replies": "", "photo": "https://yt3.ggpht.com/ytc/AIdro_kOZSnzrpY_JCwI3v-addaGaNfo5Ke_PPPaaLhl7oHDivc=s88-c-k-c0x00ffffff-no-rj", "heart": false, "reply": false, "time_parsed": 1718161677.362389}
{"cid": "UgxO9rTkg3ZVFXmqVIl4AaABAg", "text": "It is easier to fully put the blame on teachers. Maybe you could try to be a relieved teacher for a year to understand the problems faced by teachers before you judge them. Be in their shoes!", "time": "11 bulan lalu", "author": "@yeohlaykimkpm-guru8965", "channel": "UCImsSmEhHYHO41stcaN1V2Q", "votes": "0", "replies": "", "photo": "https://yt3.ggpht.com/ytc/AIdro_lGhyoJCcZISxeI4W_KDtu9DnFyjHjCbp47kCaXZQVl4gM=s88-c-k-c0x00ffffff-no-rj", "heart": false, "reply": false, "time_parsed": 1718161677.36414}
{"cid": "UgzSXRM0O0MNsk_efkR4AaABAg", "text": "my old teacher used to search on yt for answers to the latihan she gives us", "time": "11 bulan lalu", "author": "@eggbo1", "channel": "UC_aSRG-XIEUL_TSjtx28LLQ", "votes": "0", "replies": "", "photo": "https://yt3.ggpht.com/gebERQOL0DfTBLlACli1cDb_TEFkxi5-ud7F6GQYRkE7VH1B0aVZiU5bjjFfmhJ1FV1ZtWSZoA=s88-c-k-c0x00ffffff-no-rj", "heart": false, "reply": false, "time_parsed": 1718161677.365767}
{"cid": "UgwNdROWy0i97aHRylV4AaABAg", "text": "Obsession over race and its identity is preventing us from doing what is actually important", "time": "1 tahun lalu", "author": "@ArahTao", "channel": "UCVTRE9NnkI9qCbfdJcY6ZfQ", "votes": "2", "replies": "", "photo": "https://yt3.ggpht.com/AErpt_0eBMZyh_jZU5DrxZ5fQZx4kdkwpkzztj0y0lH-WMi-x5J_a2p4vsqEvJQzsnNIGjzJ3Q=s88-c-k-c0x00ffffff-no-rj", "heart": false, "reply": false, "time_parsed": 1715483277.367225}
{"cid": "UgzhmDmE8QqVEWWOeUV4AaABAg", "text": "pass Sejarah to pass SPM? what a ironic joke", "time": "1 tahun lalu", "author": "@AnotherAcharaAlt", "channel": "UCwbjQxCwkUdJE2ycDCf-bag", "votes": "0", "replies": "", "photo": "https://yt3.ggpht.com/ytc/AIdro_njMp9P5pDrqRaj4oHRodXslSma01EB2tIA4mBbGR7rDJoi92M1smujcI3N84wSKYdkGA=s88-c-k-c0x00ffffff-no-rj", "heart": false, "reply": false, "time_parsed": 1715483277.368624}
{"cid": "Ugw1DWbVpovYErudMDh4AaABAg", "text": "Usahlah percaya dgn orang asing ...", "time": "1 tahun lalu", "author": "@nonama1000", "channel": "UCw71FgzYQOY3H2B0gAWAhrA", "votes": "0", "replies": "", "photo": "https://yt3.ggpht.com/ytc/AIdro_ls05GlP4-DsvOy8revtK45pPgUL1kFgh4LGuYfvV-O3nyWoRp3CJzDqI8Ctf7Dywg_LQ=s88-c-k-c0x00ffffff-no-rj", "heart": false, "reply": false, "time_parsed": 1715483277.369948}
{"cid": "UgyJnp1_8RGnBoEhAnB4AaABAg", "text": "Why is this a surprise  ??? 🥱", "time": "1 tahun lalu", "author": "@samgooi1905", "channel": "UCArLmoms7Z2_zs1sOvUn9_w", "votes": "0", "replies": "", "photo": "https://yt3.ggpht.com/ytc/AIdro_l06-lUYjcuO87hiaK--wpxNvrkt6eJ_zPGxfXysc0=s88-c-k-c0x00ffffff-no-rj", "heart": false, "reply": false, "time_parsed": 1715483277.371187}
{"cid": "UgwyFH_mbPRzlePICfB4AaABAg", "text": "the education minister weak thats why", "time": "1 tahun lalu", "author": "@yw3957", "channel": "UC18Q7xvSWgtfrmerlqzqcwQ", "votes": "0", "replies": "", "photo": "https://yt3.ggpht.com/ytc/AIdro_kRem7YyXScA3mVAXyGPapcupsI2CUtcLxtfTDmat28-lA=s88-c-k-c0x00ffffff-no-rj", "heart": false, "reply": false, "time_parsed": 1715483277.37243}
{"cid": "UgyG3HrcX012zwNre094AaABAg", "text": "Malaysian education too democratic", "time": "1 tahun lalu", "author": "@saidkahar5414", "channel": "UCMN4DJrEgcf6CAtSce-yIpw", "votes": "0", "replies": "", "photo": "https://yt3.ggpht.com/ytc/AIdro_lsh9iGqhpEHkF2xwPevfdUZQgw-EEid0r0Tr8k4R8=s88-c-k-c0x00ffffff-no-rj", "heart": false, "reply": false, "time_parsed": 1715483277.373679}
{"cid": "UgxCcSZE_Xu6gN3ijyp4AaABAg", "text": "Komen meruntuh bukan membina. Kaki komplen.", "time": "1 tahun lalu", "author": "@ismailmohamed7404", "channel": "UCo-up7L_BNgMTxqH9yiqD2Q", "votes": "0", "replies": "", "photo": "https://yt3.ggpht.com/ytc/AIdro_kgfkeNymx6SfCBLfr5AEYAppxpl63wQh99220XKX-H6A0=s88-c-k-c0x00ffffff-no-rj", "heart": false, "reply": false, "time_parsed": 1715483277.374926}
{"cid": "UgxuOr5q6JAOwIcs8Bt4AaABAg", "text": "Totally agree", "time": "1 tahun lalu", "author": "@susangan7320", "channel": "UCmGhG3Q2Hh7gU5YdYfpgPnw", "votes": "0", "replies": "", "photo": "https://yt3.ggpht.com/ytc/AIdro_kzUzogiXs9QFOnQkqapFVMgByncWWoGogsiCVU2pM=s88-c-k-c0x00ffffff-no-rj", "heart": false, "reply": false, "time_parsed": 1715483277.376088}
{"cid": "UgzJ525Izs01LYN3sEh4AaABAg", "text": "Cannot be laaaa. Look at d public exams results 9 As. My time 3 As waaaa. our teachers aiyaa, speak oso so longkang", "time": "1 tahun lalu", "author": "@lucyvalentine1417", "channel": "UC9_EjKYpiApL-qFuk1grILQ", "votes": "0", "replies": "", "photo": "https://yt3.ggpht.com/ytc/AIdro_mA4QpFFlfE6U2TfsDNI6ZcBYmkb2RdvB51uQwSftAGDv4=s88-c-k-c0x00ffffff-no-rj", "heart": false, "reply": false, "time_parsed": 1715483277.377228}
{"cid": "Ugy3VPiz1RhQelspwZh4AaABAg", "text": "Singapore is the best country in asia at education system and also economic growth even singapore was a tiny piece of country in asia pacific compare to malaysian country. Malaysian minister of education ,their children they send to overseas studies inother to give their children studying english yet the the minister of education let our citizen to studying fucking local malay language so that the poor local citizen cannot become a international educated people and the same time local people will always become their sarven forever.", "time": "1 tahun lalu", "author": "@lucasenjat2726", "channel": "UCMRLGhvgUgWgANxSuqz-_3Q", "votes": "0", "replies": "", "photo": "https://yt3.ggpht.com/ytc/AIdro_k9XrKEjeqnVQ_ExBSkLiNtUAbq9qlCdjlKe0ywClY98iY03q7dSB_WmMajNAsA2n6ytg=s88-c-k-c0x00ffffff-no-rj", "heart": false, "reply": false, "time_parsed": 1715483277.378354}
{"cid": "UgxT5j3V3gwBFGUpRj14AaABAg", "text": "I ,m lucky because i ,m english medium study in 19 70 to 1983. In my time in school we have only one single malay language subject. I,m not so familier in malay even i was a malaysian but not a malay native.Thanks to my former english teacher even i just a LCE  qulifide but i can speak fillent english.Study malay langusge in school is useless for all student now a days because malay language only can be used inside malaysian country only. Its more a less like a frog under a coconut shell.", "time": "1 tahun lalu", "author": "@lucasenjat2726", "channel": "UCMRLGhvgUgWgANxSuqz-_3Q", "votes": "0", "replies": "", "photo": "https://yt3.ggpht.com/ytc/AIdro_k9XrKEjeqnVQ_ExBSkLiNtUAbq9qlCdjlKe0ywClY98iY03q7dSB_WmMajNAsA2n6ytg=s88-c-k-c0x00ffffff-no-rj", "heart": false, "reply": false, "time_parsed": 1715483277.379483}
{"cid": "UgxlkJ4jOZ5L0z46d8Z4AaABAg", "text": "Say thank you to Tun Abdul Razak on his NEP and Bumiputera policy. Also say thank you to Mamak Kutty on his Vision 2020.", "time": "1 tahun lalu", "author": "@6047874", "channel": "UCpSuXyQ_fWo-hFNSort2rxw", "votes": "0", "replies": "", "photo": "https://yt3.ggpht.com/ytc/AIdro_lB0RiadwfYcem_fXp8RBM8zakSiO32OUNmkW12AKE=s88-c-k-c0x00ffffff-no-rj", "heart": false, "reply": false, "time_parsed": 1715483277.380627}
{"cid": "UgzKRJvxyT_mm21fBPV4AaABAg", "text": "Budak2 main tiktok dengan moto je kerja diaorang", "time": "1 tahun lalu", "author": "@De_Séchelles", "channel": "UCSVZE_F1055IJfVVDZhGJ0g", "votes": "0", "replies": "", "photo": "https://yt3.ggpht.com/VjVV_A50n_yCXKwb-bnim2QbnhyDVZV82ZyyJVbGb1Ntb5jow5cl6l44BgibOaAPStHONpQ8zg=s88-c-k-c0x00ffffff-no-rj", "heart": false, "reply": false, "time_parsed": 1715483277.839095}
{"cid": "UgxFqDhqJut6NyECj8Z4AaABAg", "text": "Pisa", "time": "1 tahun lalu", "author": "@SarojaKannusamy", "channel": "UCcbGvif_Ixy54uU05b6QiIA", "votes": "0", "replies": "", "photo": "https://yt3.ggpht.com/ytc/AIdro_nlK0XZCHPihWVQ4ZXtf5b8YpsaViKGdlcNQOujPdbuOV75OJmCMvjy0UMhDlldDDfeTw=s88-c-k-c0x00ffffff-no-rj", "heart": false, "reply": false, "time_parsed": 1715483277.841154}
{"cid": "Ugy37jnRZFqMW30cylF4AaABAg", "text": "vernacular education system is bullshit  🐖🐖🐖🐖", "time": "1 tahun lalu", "author": "@VivoY17-t2e", "channel": "UCKzm7Qw5O898I6VqxlqHqiA", "votes": "0", "replies": "", "photo": "https://yt3.ggpht.com/ytc/AIdro_mC2odFZ1kGPBUChuHWNZ1JK_4mjJVCvc5a2ByyMf41phParpcxezeBnRCMYVoX50n2Bw=s88-c-k-c0x00ffffff-no-rj", "heart": false, "reply": false, "time_parsed": 1715483277.842961}
{"cid": "UgxtZWC1YNiSHnukvjp4AaABAg", "text": "Malaysian boleh boleh boleh", "time": "1 tahun lalu", "author": "@tantw1108", "channel": "UC8eAAtEmZOUjR_FGXDMY8Uw", "votes": "0", "replies": "", "photo": "https://yt3.ggpht.com/ytc/AIdro_l7UFVyGS2ERkeRHvvwwhQ8pP_GPK0ay4lXzhWc_Sk=s88-c-k-c0x00ffffff-no-rj", "heart": false, "reply": false, "time_parsed": 1715483277.844763}
{"cid": "UgxkWLFlDcDpX1a-JQh4AaABAg", "text": "5:00 You guys do it the same lame way like malaysian teachers. The bottom part of the test at your screenshot is cut, therefore there's no description of the figure 3. Very poor work, very malaysian😅", "time": "1 tahun lalu", "author": "@doughszynk6143", "channel": "UC9A8eHWGw-2n6aeybmtAXqg", "votes": "0", "replies": "", "photo": "https://yt3.ggpht.com/ytc/AIdro_nEhBk44YOz4VcwEVtdPURHnXvxrY0qKEePuKir238=s88-c-k-c0x00ffffff-no-rj", "heart": false, "reply": false, "time_parsed": 1715483277.846548}
{"cid": "UgwHUlTc3APTewZDVbt4AaABAg", "text": "I stopped my child from education because there’s no subject in English here. \n\nThere are convent schools here that are for girls but for boys there aren’t any. My child is sitting at home since 3 years. \n\nBecause every subject here is in Malay and Chinese. But no English. This is just so bad. Language barrier is even making it hard for every child to study. \n\nThe teachers don’t even cooperate with children. \n\nThey should really do something about our education system.", "time": "1 tahun lalu", "author": "@ritusharma8574", "channel": "UC-zSm2GOGS4uo4edUY5UmNQ", "votes": "0", "replies": "", "photo": "https://yt3.ggpht.com/ytc/AIdro_ltdGvYHt4JKCYSr0QjkKzE64uGjzJD7_NeJwJrhffz=s88-c-k-c0x00ffffff-no-rj", "heart": false, "reply": false, "time_parsed": 1715483277.848173}
{"cid": "UgwCDzriysbw6IDgo9B4AaABAg", "text": "Gagal sbb xdk menguasai bahasa kebangsaan 🇲🇾 melayu....", "time": "1 tahun lalu", "author": "@mohamadeffendyhakim7945", "channel": "UClB-W7XFC8jVC1ueqX0P7lg", "votes": "0", "replies": "1", "photo": "https://yt3.ggpht.com/ytc/AIdro_k0PVo4Ayjzf9FlRcdjZAQYBwK430_hLvWlP9jgikQjC65W-ONDWjkk4dykteuHJ96HgQ=s88-c-k-c0x00ffffff-no-rj", "heart": false, "reply": false, "time_parsed": 1715483277.849744}
{"cid": "Ugw6LzJktAjdqvmCXXN4AaABAg", "text": "Failure because still so many malaysians not be able to speak malay language as our national language of TANAH MELAYU malaysia!!!", "time": "1 tahun lalu (diedit)", "author": "@miekidek5031", "channel": "UCIXf6gVIvMPA12_C-1zyT9g", "votes": "0", "replies": "", "photo": "https://yt3.ggpht.com/ytc/AIdro_lQSV_zf_Lqx84hCWT2fY_d2B0Z1KtWlLgFdQ-LETg=s88-c-k-c0x00ffffff-no-rj", "heart": false, "reply": false, "time_parsed": 1715483277.851302}
{"cid": "UgwjnhDhZOBI-SUVisp4AaABAg", "text": "Being a retireed teacher, l must admit that the Malaysian System of Education is enough for survival  living skills, but never toake a career out pf it.", "time": "1 tahun lalu", "author": "@ageeibc6029", "channel": "UCpJHsxyJy_z1DS_1CnzV0Yw", "votes": "0", "replies": "", "photo": "https://yt3.ggpht.com/ytc/AIdro_mH57PIe_AqNpCBb-FdmXlyE0XWp7WT8epWXJAn0E8=s88-c-k-c0x00ffffff-no-rj", "heart": false, "reply": false, "time_parsed": 1715483277.852819}
{"cid": "UgyU_v_Sbp-aBGEsCWF4AaABAg", "text": "Because of Chinese schools", "time": "1 tahun lalu", "author": "@CutiePie-hh3gg", "channel": "UCrA0qIn1kITDQjrHLO2JLpg", "votes": "1", "replies": "", "photo": "https://yt3.ggpht.com/ytc/AIdro_ktqy1O9ZMmtieFCVhktcadGmGeip91BZeI6raorAXQdqX547fkG-1ICr6To3C9zosJlQ=s88-c-k-c0x00ffffff-no-rj", "heart": false, "reply": false, "time_parsed": 1715483277.854198}
{"cid": "UgyMf84Hy6xTZcLFGgt4AaABAg", "text": "melantik menteri cap ayam inilah jadinya", "time": "1 tahun lalu", "author": "@wanj2", "channel": "UCN0r-VtficyWLjynp6YDdqA", "votes": "0", "replies": "", "photo": "https://yt3.ggpht.com/Amy-GZTuTV1dInjcW90J2FuF9pTogG47Zmumv0TP5vixjYHLulXCfdFnepn6LSKvRJe7IvTMVDM=s88-c-k-c0x00ffffff-no-rj", "heart": false, "reply": false, "time_parsed": 1715483277.855577}
{"cid": "UgzxfnvQ4UoLIm_V6Bl4AaABAg", "text": "Surprise Surprise Surprise....\n\nWhen meritocracy does not exist...\n\nWhat do you expect...", "time": "1 tahun lalu", "author": "@wk3960", "channel": "UCWhoGXXCdaoIGnE7H7OoJLQ", "votes": "0", "replies": "", "photo": "https://yt3.ggpht.com/ytc/AIdro_kW-yieoe5m2mY2SC6BEIXn4CZSR3tAsDcVZOFSY7a-adT5MDk93EKVoISTS-UESjjfbRk=s88-c-k-c0x00ffffff-no-rj", "heart": false, "reply": false, "time_parsed": 1715483277.856959}
{"cid": "UgxUv_zyQrdKbg-DMrl4AaABAg", "text": "I'm one of the example with Bad Education...\n❤😂🎉😢😮😅😊😂❤", "time": "1 tahun lalu", "author": "@taymingshu4330", "channel": "UC00ufgUTv-81tUdkp9GlqGg", "votes": "0", "replies": "", "photo": "https://yt3.ggpht.com/ytc/AIdro_l5NweXJYDMUL4Ncn_AgAXWEG5IsQ3CS0rSRX1cu7g=s88-c-k-c0x00ffffff-no-rj", "heart": false, "reply": false, "time_parsed": 1715483277.858354}
{"cid": "UgylC18k7dRDc6eb9Wh4AaABAg", "text": "Yes.... well said we need good qualification teachers for schools. Good education can bring up good malaysia citizens and leaders. But at the end of the day who is taking the responsibility....no changes in the education system.\nwe as parents feeling sad for our childrens and for our country future.", "time": "1 tahun lalu (diedit)", "author": "@gracenathan2427", "channel": "UCKurtrQ8owetvNhkvYrN9AQ", "votes": "0", "replies": "", "photo": "https://yt3.ggpht.com/ytc/AIdro_n7kH6xaz0WIqW9f5ILTthbMHQDr6KALRYcq_OTA-E=s88-c-k-c0x00ffffff-no-rj", "heart": false, "reply": false, "time_parsed": 1715483277.859589}
{"cid": "UgxNGKOj3X2buKZlFe54AaABAg", "text": "Education is one of those things that need HEAVY upfront investment before it will reap dividends down the road. The problem is Malaysia is dead broke. Do not say training up human capital to teach even the public schools are mainly run down. If things that are easier controlled is already out of controlled jangan harap human factors can easily be fixed. Thats a reason why Malaysians particularly JB people would rather endure the commute to send their children to a NORMAL neighborhood school near the causeway.", "time": "1 tahun lalu", "author": "@wanwall151", "channel": "UCaJJ3G3om7kcIByZbRAePTw", "votes": "1", "replies": "", "photo": "https://yt3.ggpht.com/ytc/AIdro_nCWdtPNLQi7WIkQFg4wXjTuhJtXXPom8KuCv32rqQ57Q=s88-c-k-c0x00ffffff-no-rj", "heart": false, "reply": false, "time_parsed": 1715483277.860823}
{"cid": "Ugxh-mLzc6SvUiaL7D94AaABAg", "text": "PISA", "time": "1 tahun lalu", "author": "@hc2nyc", "channel": "UCGaFZnR5mfGY04LiU2ZV2DA", "votes": "0", "replies": "", "photo": "https://yt3.ggpht.com/ytc/AIdro_nsYrZbuCAHCqx-6VH6I2jcdvJxBWhuMwqmjRu3svA=s88-c-k-c0x00ffffff-no-rj", "heart": false, "reply": false, "time_parsed": 1715483277.86206}
{"cid": "Ugx_xp6GEepith0luyl4AaABAg", "text": "60+ years gone......... do not know what to say.", "time": "1 tahun lalu", "author": "@ntong7288", "channel": "UCUhGLt2wI_6GPZ7iwXlHNAQ", "votes": "0", "replies": "", "photo": "https://yt3.ggpht.com/ytc/AIdro_n19Aun9bppFUmMlEPHoobnNS-7yzH_onfEjM44Wpk=s88-c-k-c0x00ffffff-no-rj", "heart": false, "reply": false, "time_parsed": 1715483277.863294}
{"cid": "UgwQsf3llT_GfD2s2_14AaABAg", "text": "Great video. The most efficient way to teach the next generation is to lead by example. 😊", "time": "1 tahun lalu", "author": "@muntattyap1981", "channel": "UCmZ4_sDTOA3cIOXIcbqr8-A", "votes": "0", "replies": "", "photo": "https://yt3.ggpht.com/ytc/AIdro_kHPDQy_rI3gJ_uEMGm40rRW4fGz1f7KO4KvmmDfWaTosw=s88-c-k-c0x00ffffff-no-rj", "heart": false, "reply": false, "time_parsed": 1715483277.864502}
{"cid": "UgzGutOo56SIE1HWCOR4AaABAg", "text": "Unqualified and lazy  teachers. Talks  a lot do little. These could be one of reason our education system moving south wards year by year.", "time": "1 tahun lalu (diedit)", "author": "@dev8653", "channel": "UCW2M9tcriUFEgZTUJj-gy2w", "votes": "0", "replies": "", "photo": "https://yt3.ggpht.com/6wGenGFVElAaOFTnpqTtzg5hpX1ZpXIssFmiAHbZcWOlxJ7Lta_fF5pO6X8pThUOAzAsQQCrow=s88-c-k-c0x00ffffff-no-rj", "heart": false, "reply": false, "time_parsed": 1715483277.865648}
{"cid": "UgzNJTSYlyoHYE9D0fV4AaABAg", "text": "buat subject tambahan baru yang ada kaitan dengan perpaduan bukan menuduh satu sama lain kerana phobia", "time": "1 tahun lalu", "author": "@meenachisundarmsinniah2439", "channel": "UCKd5RCpQWbgOwmfVbJiFkYg", "votes": "0", "replies": "", "photo": "https://yt3.ggpht.com/ytc/AIdro_mNkj4pW6jUvChG4gBzsrYlBtzdpsU-SuNMu6MPKVmDoCxY2_D05vAOfPJE2IATJUm0Sw=s88-c-k-c0x00ffffff-no-rj", "heart": false, "reply": false, "time_parsed": 1715483277.866795}
{"cid": "UgwCDzriysbw6IDgo9B4AaABAg.A2jMZN1wrR2A2lbAClIL2N", "text": "Sbb budak main moto dengan tiktok jeeeeee", "time": "1 tahun lalu", "author": "@De_Séchelles", "channel": "UCSVZE_F1055IJfVVDZhGJ0g", "votes": "1", "replies": "", "photo": "https://yt3.ggpht.com/VjVV_A50n_yCXKwb-bnim2QbnhyDVZV82ZyyJVbGb1Ntb5jow5cl6l44BgibOaAPStHONpQ8zg=s88-c-k-c0x00ffffff-no-rj", "heart": false, "reply": true, "time_parsed": 1715483278.133359}
{"cid": "UgwS8ztiU4VqAUktkyN4AaABAg", "text": "mungkin sekolah perpaduan yang memupuk masalah perpaduan dan bukan sekolah lain . sila buat kajian sebab ramai yang membantah dan berikan masalah adalah daripada sekolah kebangsaan", "time": "1 tahun lalu", "author": "@meenachisundarmsinniah2439", "channel": "UCKd5RCpQWbgOwmfVbJiFkYg", "votes": "0", "replies": "", "photo": "https://yt3.ggpht.com/ytc/AIdro_mNkj4pW6jUvChG4gBzsrYlBtzdpsU-SuNMu6MPKVmDoCxY2_D05vAOfPJE2IATJUm0Sw=s88-c-k-c0x00ffffff-no-rj", "heart": false, "reply": false, "time_parsed": 1715483278.453167}
{"cid": "Ugwl5XJbZhcE2KuL6eV4AaABAg", "text": "Past government children send overseas to study, they don't bother citizens Malaysian at all.", "time": "1 tahun lalu", "author": "@daveyeefong", "channel": "UC-3Ek93baRjNnWQ-oYOOa9Q", "votes": "0", "replies": "", "photo": "https://yt3.ggpht.com/ytc/AIdro_m5kfSN-qM3LFCPuFdzJ_GRGE3Ymh1oYWZTCwGMl031BnFJX5PQ0TQghEnYfXRjJl6eqg=s88-c-k-c0x00ffffff-no-rj", "heart": false, "reply": false, "time_parsed": 1715483278.455308}
{"cid": "UgytUS6DX3gDWSxoawx4AaABAg", "text": "You should also do a video as to why more and more non malay students are not in SK & SM schools. Even in Major town like Bukit Tniggi Klang, Kota Kemuning, Seremban 2. Why parents are choosing to send children to private schools. Why more and more private school are getting established in Malaysia.", "time": "1 tahun lalu", "author": "@miguel6703", "channel": "UCHo5JTP97z-YUs-7WMp73Fg", "votes": "0", "replies": "", "photo": "https://yt3.ggpht.com/ytc/AIdro_kfNr3_NCwM0EtOXjied05_dMM2Z2yBiD1TIHkl_4fpE84=s88-c-k-c0x00ffffff-no-rj", "heart": false, "reply": false, "time_parsed": 1715483278.457119}
{"cid": "UgwlEBw4vU00NkW-oz94AaABAg", "text": "PISA!", "time": "1 tahun lalu", "author": "@watching2341", "channel": "UCV_lsJUArVKndj2KCUfLURQ", "votes": "0", "replies": "", "photo": "https://yt3.ggpht.com/ytc/AIdro_nF1dmpISL9sc28t_s_Z8NZyPNfMP9AgshwPiW02iU=s88-c-k-c0x00ffffff-no-rj", "heart": false, "reply": false, "time_parsed": 1715483278.45893}
{"cid": "Ugye9IET4nkDe8dG21J4AaABAg", "text": "Praying  five times  a day will increase your education.  \nBut six times is even better to reach heaven...", "time": "1 tahun lalu", "author": "@Gwendoline965", "channel": "UCyj6s-bmlVj1RLsMp7QtSYw", "votes": "1", "replies": "", "photo": "https://yt3.ggpht.com/tu6-YodvAeEEjk-RwGkWHA4Jvw1aLaPKMNkOVHxYdTeywbdRWuvy4F3-QalxMTWqQLM6mv7y4FE=s88-c-k-c0x00ffffff-no-rj", "heart": false, "reply": false, "time_parsed": 1715483278.460494}
{"cid": "UgzyD9JihJOuOqY8eKd4AaABAg", "text": "Be patient and wait for your rewards of 72 virgins jn the  Syurga. Education is  secondary to  virgins", "time": "1 tahun lalu", "author": "@Gwendoline965", "channel": "UCyj6s-bmlVj1RLsMp7QtSYw", "votes": "1", "replies": "", "photo": "https://yt3.ggpht.com/tu6-YodvAeEEjk-RwGkWHA4Jvw1aLaPKMNkOVHxYdTeywbdRWuvy4F3-QalxMTWqQLM6mv7y4FE=s88-c-k-c0x00ffffff-no-rj", "heart": false, "reply": false, "time_parsed": 1715483278.462054}
{"cid": "UgzPcmlxGlCHuLWJDWR4AaABAg", "text": "Allah will take care of education...", "time": "1 tahun lalu", "author": "@Gwendoline965", "channel": "UCyj6s-bmlVj1RLsMp7QtSYw", "votes": "2", "replies": "", "photo": "https://yt3.ggpht.com/tu6-YodvAeEEjk-RwGkWHA4Jvw1aLaPKMNkOVHxYdTeywbdRWuvy4F3-QalxMTWqQLM6mv7y4FE=s88-c-k-c0x00ffffff-no-rj", "heart": false, "reply": false, "time_parsed": 1715483278.463604}
{"cid": "UgzrJ-cNRUn6ShQCf4J4AaABAg", "text": "Send your children overseas education I possible, they will thank you for it.", "time": "1 tahun lalu", "author": "@TheAdventureFun100", "channel": "UCrBO6Sj7kE5uOv_KiRP-3GA", "votes": "0", "replies": "", "photo": "https://yt3.ggpht.com/ytc/AIdro_nGhMipN4wXhC1IN_FY3COf6umJ60cQDweXS3-ZXW0=s88-c-k-c0x00ffffff-no-rj", "heart": false, "reply": false, "time_parsed": 1715483278.46511}
{"cid": "Ugxng_Nq5xaLqdy6S8t4AaABAg", "text": "Pisa.", "time": "1 tahun lalu", "author": "@davidsoo100", "channel": "UCpRNAx0ggZgQkH8UDx45NmQ", "votes": "0", "replies": "", "photo": "https://yt3.ggpht.com/ytc/AIdro_niT1zxQBAAwmfa5hyaGCrMuydOmR9jqdK03PO0e8d-1II=s88-c-k-c0x00ffffff-no-rj", "heart": false, "reply": false, "time_parsed": 1715483278.46648}
{"cid": "UgzgqV1zs9dxa1MQltd4AaABAg", "text": "The problem is our politicians influenced too much in our Education system. They should leave it to qualified acadamicians of multiple races. Focus on STEMS to be taught & not religious subjects.", "time": "1 tahun lalu", "author": "@jeffkl6751", "channel": "UCKxwm0BbwRDNY7Nfnb7aPEg", "votes": "1", "replies": "", "photo": "https://yt3.ggpht.com/ytc/AIdro_lGuGvsPCC7IfzE5aB8wBWBWNE8aQ9Shr7AQy4n3D0=s88-c-k-c0x00ffffff-no-rj", "heart": false, "reply": false, "time_parsed": 1715483278.46788}
{"cid": "UgyGzut8Hd33_tVcByl4AaABAg", "text": "Racism & religious blindness leads to their failure in governance and educational system. Desperately failed", "time": "1 tahun lalu", "author": "@ronaldlee4067", "channel": "UCrLnaGnekywKLWeWQ4jcoew", "votes": "0", "replies": "", "photo": "https://yt3.ggpht.com/ytc/AIdro_l3eSdJrs9xkcAFM7kExUd2KzasO2x_y1BOcwBOQFRsO4jhq02GQpbHzLNdWF64M9fNlQ=s88-c-k-c0x00ffffff-no-rj", "heart": false, "reply": false, "time_parsed": 1715483278.469266}
{"cid": "UgyUEPDHPsNJFXNjb3t4AaABAg", "text": "Malaysia has the same problem as USA. The moment you educate to suit the standards of the lowest / slowest student you are in trouble. In USA they have to tune their education system to the lowest common denominator. Education should try to educate as many as possible to the established minimum standard.", "time": "1 tahun lalu", "author": "@Gemini73883", "channel": "UCKgRJZd863sALjY0gWsnQXg", "votes": "0", "replies": "", "photo": "https://yt3.ggpht.com/ytc/AIdro_mW0HX8nY-Aegy1UXDgfTB3j4snP03S3Xy5MBGZkW1hUbbYoGKtw-0B2eroA56mHZ8mFQ=s88-c-k-c0x00ffffff-no-rj", "heart": false, "reply": false, "time_parsed": 1715483278.470638}
{"cid": "UgzxqXsrqRkBxWmbzml4AaABAg", "text": "Boleh no worries slowly slow no panic wait gov give marks", "time": "1 tahun lalu", "author": "@berzmenta8447", "channel": "UCUAqDMQ4TOH26hxWZDqkNKg", "votes": "0", "replies": "", "photo": "https://yt3.ggpht.com/ytc/AIdro_kOpCOYNfH9wa0z4CNO3g-OCrbR333jgwCB4nBwg1wLSg=s88-c-k-c0x00ffffff-no-rj", "heart": false, "reply": false, "time_parsed": 1715483278.471883}
{"cid": "Ugy8klpy5aJemSDnOXF4AaABAg", "text": "Bring bac English schools the educated will send thei children to elite school's", "time": "1 tahun lalu", "author": "@gopinathan4859", "channel": "UCujXELPnfoR16nHBxkZRahQ", "votes": "0", "replies": "", "photo": "https://yt3.ggpht.com/ytc/AIdro_nCbkqR5L8XBTe4XCJ_CGAF_BMQnod_Ph10C0HnAs_dPjEFlD7f9eQZxca1IKA1n77VZw=s88-c-k-c0x00ffffff-no-rj", "heart": false, "reply": false, "time_parsed": 1715483278.47312}
{"cid": "UgzgPoU2l-PgfnIaX1t4AaABAg", "text": "Still many teacher is katak under the well fail to open student mind. But some are the brilliant one . Producing brilliant thinker but mostly had migrate la cash is king ma", "time": "1 tahun lalu", "author": "@meouby2", "channel": "UCLjoKOmB-_d0_MOccr4XR4Q", "votes": "0", "replies": "", "photo": "https://yt3.ggpht.com/ytc/AIdro_n9bzQt37h4ypZpyhP2-chl-yoRtfjSpN73t9BqlHk=s88-c-k-c0x00ffffff-no-rj", "heart": false, "reply": false, "time_parsed": 1715483278.474358}
{"cid": "UgwtN4IRbC_OtCX9WyZ4AaABAg", "text": "Malaysia muslim educators believe firmly Islam can offers complete solution perfect for everything in this world. They offer perfect islam medical system. Best islamic education, advanced islamic technologies, islamic financial is the best and fair. The best for their children is islam from Middle East Arab Saudi.", "time": "1 tahun lalu", "author": "@chingcheewoo913", "channel": "UCAI5cWkHu8d8xYhaT-8obxg", "votes": "0", "replies": "", "photo": "https://yt3.ggpht.com/ytc/AIdro_lpQ-yZ9Nm97kmVBCZQXe5pOvaMZ9W-Q-y6omG5wgI=s88-c-k-c0x00ffffff-no-rj", "heart": false, "reply": false, "time_parsed": 1715483278.475595}
{"cid": "UgxAkKogSY0OBtuKItZ4AaABAg", "text": "Education in Malaysia contaminated with religion and religious misinformation and political interventions. Privileges is the level playing fields, quota is quick and easy formula, bumiputera and islam in government and glcs policies became new apartheid policies. Janji protect competition from other race Dan dapat banyak bantuan.", "time": "1 tahun lalu (diedit)", "author": "@chingcheewoo913", "channel": "UCAI5cWkHu8d8xYhaT-8obxg", "votes": "0", "replies": "", "photo": "https://yt3.ggpht.com/ytc/AIdro_lpQ-yZ9Nm97kmVBCZQXe5pOvaMZ9W-Q-y6omG5wgI=s88-c-k-c0x00ffffff-no-rj", "heart": false, "reply": false, "time_parsed": 1715483278.476827}
{"cid": "UgyZhAbBEA4FpCbCsRB4AaABAg", "text": "Race is not problem. The changes of system when the change of minister and new ministry come out with new system. Thats the matter and education base on exam. Rather than understand they memorize the subject. Very few understand what they study.", "time": "1 tahun lalu", "author": "@thanavallikuppusamy6806", "channel": "UCmmFSZmrsySvgfVRafCpI1w", "votes": "0", "replies": "", "photo": "https://yt3.ggpht.com/ytc/AIdro_nJ_tWOSz3JH6vBXRAkPgkHh_9bvac-5sWi4AytJOE=s88-c-k-c0x00ffffff-no-rj", "heart": false, "reply": false, "time_parsed": 1715483278.477983}
{"cid": "UgyNRPdIt8pcTm2CDUV4AaABAg", "text": "Malaysia no future at all la .", "time": "1 tahun lalu", "author": "@Star-zi4ez", "channel": "UCsO_ibIj5U0CQsM-Q9hSAqg", "votes": "2", "replies": "", "photo": "https://yt3.ggpht.com/ytc/AIdro_maoi_iFm4xEd2WPC8CCxlYpvCy0U5gc8gUs0FjM-8=s88-c-k-c0x00ffffff-no-rj", "heart": false, "reply": false, "time_parsed": 1715483278.479125}
{"cid": "UgytJLTucZwQvp1lZJ54AaABAg", "text": "This was the very old  mamak(VOM) way of trying to make makaysia into his mamak land. Now this VOM is going to bed with the old goat from the past hopingto produce off spring that us talented with his visiin 2020. Unfortunately the VOM is fast losing his thing to be up & is now requesting the old goat to support him through his bangsat malasia called.", "time": "1 tahun lalu", "author": "@kanpakloykan7105", "channel": "UCp_A9IoHjzimJdza4D058sw", "votes": "1", "replies": "", "photo": "https://yt3.ggpht.com/ytc/AIdro_n7T2HLU7JQUvDRxPv3L4O8Bt6iJvjdFI3DbJCb2haaET6FyolDnJdpfFCiEZLMcXsZpw=s88-c-k-c0x00ffffff-no-rj", "heart": false, "reply": false, "time_parsed": 1715483278.480251}
{"cid": "UgxsV_QCDe1561O-fnJ4AaABAg", "text": "I can see only w.p. kuala lumpur(maybe penang) can apply singapore education system. Other state are not ready yet because of culture and facilities.", "time": "1 tahun lalu", "author": "@muhammadazimabubakar2692", "channel": "UCrMcg_UCHoOWUw6ajfa-gPg", "votes": "3", "replies": "", "photo": "https://yt3.ggpht.com/snOGxXl4W50coZ3i28pcLEu9VJAGTKS2LR38mE0fZfhIvX_rxnfMwQ5ZxTSosYWuCjjReL0=s88-c-k-c0x00ffffff-no-rj", "heart": false, "reply": false, "time_parsed": 1715483278.759359}
{"cid": "Ugz5tAtpPgO7CAvSe714AaABAg", "text": "Teachers time are spend more on recording all kinds of data which are not beneficial to the student core business are not done as it used to be.Rushing to meet the dateline filling all kinds of record.As long as no effort to minimize it our education standard will remain like what it is now", "time": "1 tahun lalu", "author": "@mounseyspenceraling5468", "channel": "UC7aPNYHPG4DuGbLRjKdXJHw", "votes": "0", "replies": "", "photo": "https://yt3.ggpht.com/ytc/AIdro_mW4Si2IVjFfkOsVoHViRpe4riUIUCzBCyjTTZgldg=s88-c-k-c0x00ffffff-no-rj", "heart": false, "reply": false, "time_parsed": 1715483278.761453}
{"cid": "UgzV0_BK5ze0MH4dfYR4AaABAg", "text": "The problem with Malaysia is the non-bumiputas who refuse to integrate to malay culture and pose a constant irritation with their self-entitlement behaviour that insists on diluting the malay character of malaysia. No nation can move forward if half the population tries to walk the opposite way to Xhina and 3ndia.", "time": "1 tahun lalu", "author": "@mohammadbinmahbub9160", "channel": "UCBoN7kMkS_ldzBL-kRRXveQ", "votes": "1", "replies": "", "photo": "https://yt3.ggpht.com/ytc/AIdro_kmYTHzBVxSKZbBWLuF-E4zORIooc9WEGFBYz3U-q8Tfw=s88-c-k-c0x00ffffff-no-rj", "heart": false, "reply": false, "time_parsed": 1715483278.76331}
{"cid": "UgxXy_D1ei-S7uleNwV4AaABAg", "text": "This one I do agree with, all this poor study system in school can't get the new generation to perform well in the future.", "time": "1 tahun lalu (diedit)", "author": "@jerine1516", "channel": "UCNPyK1yUqgETQUNw1ZY72-A", "votes": "1", "replies": "", "photo": "https://yt3.ggpht.com/ytc/AIdro_nsHD4wZn9AqxlnyOZvHUi8pGHYgNiwLa2IE2FNT_mLt0Q=s88-c-k-c0x00ffffff-no-rj", "heart": false, "reply": false, "time_parsed": 1715483278.765139}
{"cid": "UgwbVCek5gGFGApQ_xd4AaABAg", "text": "PISA", "time": "1 tahun lalu", "author": "@meowsiangkhor1", "channel": "UCGypL4Ewt_wdUFxNZNgbmbg", "votes": "0", "replies": "", "photo": "https://yt3.ggpht.com/ytc/AIdro_mRnImAyGJ8BD_W9VRbA_iFesU_L69VkYUhCuJpVu9pEy3s=s88-c-k-c0x00ffffff-no-rj", "heart": false, "reply": false, "time_parsed": 1715483278.766913}
{"cid": "UgxxCXaU7xvoz1-lWkV4AaABAg", "text": "The current system should be changed, and the one in charge should be changed also.  There should be a few Professionally trained to hold the post, or very senior experienced dedicated teachers.  They need to go to the schools frequently, to check how the teachers are teaching.  English should be the Main Language for ALL the Schools, then comes the 2nd Language, because IT subjects are mainly in English. Not forgetting that English is an International Language also!!!  China and Singapore can achieve to be on the top list, we can also!!!  Good planning and implementation are very important!!!!\n Teachers MUST be dedicated, loving, and caring towards their students. Teachers also must be creative to make their teaching interesting and lively.  Teachers must be willing to give extra lessons during holidays, to walk the extra mile! Building a good rapport with the students is very important and they will remember you forever.  Show clips of poor students who became great because of their teachers' encouragements, love and understanding.  MALAYSIA BOLEH !!!!!!!!", "time": "1 tahun lalu", "author": "@theresayongly", "channel": "UCdHktFJm6YVRClu7riCU_fA", "votes": "0", "replies": "", "photo": "https://yt3.ggpht.com/TfzP6Px49UmbJLMUoeefaMJTtXdVlZz8f8q6GU_oxdMHrLVUaebhmXNx5ScwumQ3jtiIHRYo=s88-c-k-c0x00ffffff-no-rj", "heart": false, "reply": false, "time_parsed": 1715483278.768532}
{"cid": "UgzaUVc-lNGvs78HGGd4AaABAg", "text": "I'm 60 years. About 50yrs ago, I learn to make paper plate, paper planes, lighting bulb with batteries, paper body skeleton etc class project. In 2023, my nieces in standard 5(sekolah Klang)  were given similar class project. Our education never changed or improve.", "time": "1 tahun lalu", "author": "@subramaniamkmathvan3661", "channel": "UCAm_aoctezv0-EfQERTewhw", "votes": "0", "replies": "", "photo": "https://yt3.ggpht.com/ytc/AIdro_lDeBciwg4pFpAKny7jB6ezAaXp-ZELcrVBA-DDTUA=s88-c-k-c0x00ffffff-no-rj", "heart": false, "reply": false, "time_parsed": 1715483278.770121}
{"cid": "UgzY0Oyy_H36ap24_Up4AaABAg", "text": "Just cross over to Singapore for your children's education. All problems solved.🤣😂😅", "time": "1 tahun lalu", "author": "@s.falcon4962", "channel": "UCknTv2jBP9gml1DdxU2IBDQ", "votes": "1", "replies": "", "photo": "https://yt3.ggpht.com/unsJvBhgVnENTPfaqco7qPEElHcOCppummngn2jFveUMRA5TMR_VBmfTJnfBrOsRrW1WvDgMzw=s88-c-k-c0x00ffffff-no-rj", "heart": false, "reply": false, "time_parsed": 1715483278.771682}
{"cid": "UgyLYkCAMwB05HbAoYV4AaABAg", "text": "Indeed from your English, malaysia needs to really\nImprove lol", "time": "1 tahun lalu", "author": "@90taetaeya", "channel": "UCNsJnfAy8yn-TIhbCihBgag", "votes": "0", "replies": "", "photo": "https://yt3.ggpht.com/ytc/AIdro_n0oQGh8YeiGp4XICp9YOVaMqvgYlM8B4ScBlkAyEc9PQ=s88-c-k-c0x00ffffff-no-rj", "heart": false, "reply": false, "time_parsed": 1715483278.773143}
{"cid": "UgwgHJ01UupNk_vlZ-t4AaABAg", "text": "To qiote from late South African president and Nobel Prize Laureate, Nelson Mandela ;\" The collapse of education is the collapse of a nation.\"", "time": "1 tahun lalu", "author": "@songyong2395", "channel": "UC10DG2i-Xb31CNbfBuHTY2g", "votes": "0", "replies": "", "photo": "https://yt3.ggpht.com/ytc/AIdro_kw4yjhz8fTRM9l6hxmO5XLcSEYhw4x-StuRfMCwzw=s88-c-k-c0x00ffffff-no-rj", "heart": false, "reply": false, "time_parsed": 1715483278.774571}
{"cid": "UgzsQ4UzVEul1Mz-BUx4AaABAg", "text": "PISA", "time": "1 tahun lalu", "author": "@jyhhoetan6307", "channel": "UCW11ocMEsVtghbzLYYoW_oA", "votes": "0", "replies": "", "photo": "https://yt3.ggpht.com/ytc/AIdro_k5QyQ8LeZBTbyhSfkoO6MR1Yj62_e6J9qqBgp6QAHaLqBT=s88-c-k-c0x00ffffff-no-rj", "heart": false, "reply": false, "time_parsed": 1715483278.775963}
{"cid": "UgwLDvTANSvC4v5yB-h4AaABAg", "text": "So, what is the education minister going to do about improving things? Nothing much after over 1 year. Don't expect much with this education minister...", "time": "1 tahun lalu", "author": "@juannlja", "channel": "UCbCx-n51d0oUR82pXfRYKxg", "votes": "0", "replies": "", "photo": "https://yt3.ggpht.com/ytc/AIdro_laSDOdXWFIl53OjkX5Dt5fipLV8RdDpNUqGHjqoYQ=s88-c-k-c0x00ffffff-no-rj", "heart": false, "reply": false, "time_parsed": 1715483278.777336}
{"cid": "UgzkK1ednF4LaLHTm7t4AaABAg", "text": "8:54 yeah my teachers in form 2 are really lazy people they don't even show up to class half the time", "time": "1 tahun lalu", "author": "@Lololotus2709", "channel": "UCrUNJI97dghnSMZSECcg_4A", "votes": "0", "replies": "2", "photo": "https://yt3.ggpht.com/57McgQnnUeNtLJ5U79GFnk6tWtXWc2D66K2RwX9Il9XS1NAkhVtoaljs4w0y1iw9-kZjcYBKRiM=s88-c-k-c0x00ffffff-no-rj", "heart": false, "reply": false, "time_parsed": 1715483278.778702}
{"cid": "UgwxIvmu0Ir2qshcrk14AaABAg", "text": "nNICELY SAID BUT YOU ARE WASTING YOU ENERGY TO SAY WHAT YOU HAD SAID. mALAYSIA EDUCATIONAL SYSTEM IS JUST SHIT... \" YOU NO SEE SEE ME L;ONG LONG TIME .. YOUY ME FRIENDS/////// fuok fuok uuuu allll ....;", "time": "1 tahun lalu", "author": "@davidwee6927", "channel": "UC506wnlVslGRIQOYzT07Ypg", "votes": "0", "replies": "", "photo": "https://yt3.ggpht.com/ytc/AIdro_kK07Ml9vtMhUDmL2eWHI4BOxbxTq0RlbBs28dRVwpfsA3IgJAJj3zvCLBlnO6T9Ui8Dg=s88-c-k-c0x00ffffff-no-rj", "heart": false, "reply": false, "time_parsed": 1715483278.779937}
{"cid": "Ugyy7sGHpoQS_7QoavF4AaABAg", "text": "lISTEN TO THE SINGAPORIANS SPEAKING ENGLISH.....SHEER WONDER JUST TO LISTEN. mALAYSIAN ENGLISH ARE SMELLING JUST LIKE SHIT.", "time": "1 tahun lalu", "author": "@davidwee6927", "channel": "UC506wnlVslGRIQOYzT07Ypg", "votes": "0", "replies": "", "photo": "https://yt3.ggpht.com/ytc/AIdro_kK07Ml9vtMhUDmL2eWHI4BOxbxTq0RlbBs28dRVwpfsA3IgJAJj3zvCLBlnO6T9Ui8Dg=s88-c-k-c0x00ffffff-no-rj", "heart": false, "reply": false, "time_parsed": 1715483278.781176}
{"cid": "UgzgpEDJJaTqfEwY4jB4AaABAg", "text": "Why didn't you say the real thing? what is taught in National Schools? last i heard more than 70% of the times were on that religion studies, why Education Ministry insisted on so much times spent on religion studies? and why only one religion only? come on, if you really want to do a video on Education in Malaysia, say the truth, and tell the truth which every one knows, it has nothing to do with whether it is in Malay or English or Mandarin languages to teach the students,", "time": "1 tahun lalu", "author": "@bodhi8668", "channel": "UCqRQVGGnsfCD6irdMwwRiow", "votes": "0", "replies": "", "photo": "https://yt3.ggpht.com/ytc/AIdro_nPu-xAMOce87p4uLKtt9I0AiDCdl8j8uEpQJI8tP5dLQ=s88-c-k-c0x00ffffff-no-rj", "heart": false, "reply": false, "time_parsed": 1715483278.782411}
{"cid": "UgzIUuv6GZia-h2pENN4AaABAg", "text": "Last two years, the 150,000, local gradients were facing very tough times looking for jobs.  \"you no come come to see me... i no like you me no nh0o friends ????{\" that's the english they are spoking now to friends.THAT our education system now.", "time": "1 tahun lalu", "author": "@davidwee6927", "channel": "UC506wnlVslGRIQOYzT07Ypg", "votes": "0", "replies": "", "photo": "https://yt3.ggpht.com/ytc/AIdro_kK07Ml9vtMhUDmL2eWHI4BOxbxTq0RlbBs28dRVwpfsA3IgJAJj3zvCLBlnO6T9Ui8Dg=s88-c-k-c0x00ffffff-no-rj", "heart": false, "reply": false, "time_parsed": 1715483278.78365}
{"cid": "Ugy6Y1ErElnEEVeCIZ54AaABAg", "text": "pisa", "time": "1 tahun lalu", "author": "@phongy45", "channel": "UC0vzScbmj3XAwMfLEWvxWow", "votes": "0", "replies": "", "photo": "https://yt3.ggpht.com/ytc/AIdro_m9GVi85cIspthggRYUcr3SPe9I-a01v-RzMTCEuIpelFfK=s88-c-k-c0x00ffffff-no-rj", "heart": false, "reply": false, "time_parsed": 1715483278.784835}
{"cid": "UgzdzbrbJLdELIBGHfF4AaABAg", "text": "Malaysia 404 not found", "time": "1 tahun lalu", "author": "@chewzhengwei5722", "channel": "UCg0Gy_medYrSp1icIhj2R6w", "votes": "1", "replies": "", "photo": "https://yt3.ggpht.com/ytc/AIdro_nk7h-50ieJ2laEGKbDkmpYzZoF0qaTC29DIumtHTkzRPRT=s88-c-k-c0x00ffffff-no-rj", "heart": false, "reply": false, "time_parsed": 1715483278.785974}
{"cid": "UgyaDpw5eeUQP8LolJl4AaABAg", "text": "Malaysia Education System Is A Failure? if so, sinkapo gohmen oso a failure, bcoz sinkapo gohmen recruite 500,000 malaysia educated malaysians to work in sinkapore, from technicians to IT to engineer to doctors", "time": "1 tahun lalu", "author": "@stevenlim9640", "channel": "UCN5BnK6l3XBTLPTKlcmC7yw", "votes": "0", "replies": "", "photo": "https://yt3.ggpht.com/ytc/AIdro_k88mFELjgy5yA809cYfn779VME3LD8ZV5x5IQAuQI=s88-c-k-c0x00ffffff-no-rj", "heart": false, "reply": false, "time_parsed": 1715483278.787098}
{"cid": "UgzkK1ednF4LaLHTm7t4AaABAg.A0RixkRqZJOA0RjOCm9zzX", "text": "I had a two temporary teachers that were dating each other when they were supposed to sub a class they just ran of to an empty classroom and started talking. The classroom they were in belonged to my friends class and they had physical Ed so they were in the field ,mlater my friend came to his class and saw them. He said nothing ,just went on with his day", "time": "1 tahun lalu", "author": "@Lololotus2709", "channel": "UCrUNJI97dghnSMZSECcg_4A", "votes": "0", "replies": "", "photo": "https://yt3.ggpht.com/57McgQnnUeNtLJ5U79GFnk6tWtXWc2D66K2RwX9Il9XS1NAkhVtoaljs4w0y1iw9-kZjcYBKRiM=s88-c-k-c0x00ffffff-no-rj", "heart": false, "reply": true, "time_parsed": 1715483279.055823}
{"cid": "UgzkK1ednF4LaLHTm7t4AaABAg.A0RixkRqZJOA0RjushJQLs", "text": "10:33 yeah one of my science teachers had to stop teaching us because she had to teach form 4 and 5 students for spm. Her replacement was so bad she could barely teach in English so most of my class couldn't understand what she was talking about\n(Yes I'm a dlp student)", "time": "1 tahun lalu", "author": "@Lololotus2709", "channel": "UCrUNJI97dghnSMZSECcg_4A", "votes": "0", "replies": "", "photo": "https://yt3.ggpht.com/57McgQnnUeNtLJ5U79GFnk6tWtXWc2D66K2RwX9Il9XS1NAkhVtoaljs4w0y1iw9-kZjcYBKRiM=s88-c-k-c0x00ffffff-no-rj", "heart": false, "reply": true, "time_parsed": 1715483279.058669}
{"cid": "UgxLeMdmuVEOnszbaIJ4AaABAg", "text": "The core failure is the bumiputera system 95% varsity quota for malays besides 50 branches UITM 100% for Malays, non Malay top scorer kick out at UPU application ,all govt scholarship is for malays. Serious worst Aparthied education system will cause serious damage to country, its happening now ringgit worst 4.8 vs 1usd, price increase, private salary stagnant for 5 years.All because this cunning bumiputera system.The curses of non Malay will definately retard Malaysia to worst situation and the Melayus will sonner feel the heat.Unemployment, incompetant of bumiputera dominated public sector.", "time": "1 tahun lalu", "author": "@justiceseeker3213", "channel": "UC0cUEK4oBQbtCg9DQT9MWRQ", "votes": "1", "replies": "", "photo": "https://yt3.ggpht.com/ytc/AIdro_nvCGG9cGn2LhOgIasnpHt5_HrUKVtDqNaFBAThPWJZSyfO-e9dBiL6d1nivf887HmArw=s88-c-k-c0x00ffffff-no-rj", "heart": false, "reply": false, "time_parsed": 1715483279.375554}
{"cid": "Ugwk0L6lsY9pn39oGix4AaABAg", "text": "I can't wait to learn how this system have lead the Malaysian bachelor to be successful and shatter the Mario community.", "time": "1 tahun lalu", "author": "@zigaudrey", "channel": "UCo3KHjhMBNrlrp3bXfxxHKw", "votes": "0", "replies": "", "photo": "https://yt3.ggpht.com/ytc/AIdro_nhTMlo_WYl6dec3Thd4Wxd0XgpaTSbd1Hy09HT5Qy0zQ=s88-c-k-c0x00ffffff-no-rj", "heart": false, "reply": false, "time_parsed": 1715483279.37759}
{"cid": "UgwvWohb7_SBtJvkWYZ4AaABAg", "text": "Useless  Pmx and useless cap ayam caninet.What do you expect from dead woods of cause nothing at all Not fit to even compare with other country, can't even speak simple English", "time": "1 tahun lalu", "author": "@FJerryFJerry", "channel": "UCHxogMwXdqBZFX462MctOJg", "votes": "0", "replies": "", "photo": "https://yt3.ggpht.com/ytc/AIdro_kCw1cGAC5UPRVwP7-ISoshe0B_bhGMt1MWrywWrjk=s88-c-k-c0x00ffffff-no-rj", "heart": false, "reply": false, "time_parsed": 1715483279.379428}
{"cid": "UgxxfKIsFSZ2FhVL6vJ4AaABAg", "text": "Low quality teachers being the first reason.", "time": "1 tahun lalu", "author": "@franciswoon2130", "channel": "UCBv09HMsac1paS0VGQ9cLRA", "votes": "0", "replies": "", "photo": "https://yt3.ggpht.com/ytc/AIdro_nIbnRdrxx8kxYEjbvKf42p-nCdtDBzy9KJimTtZps=s88-c-k-c0x00ffffff-no-rj", "heart": false, "reply": false, "time_parsed": 1715483279.381149}
{"cid": "Ugxs1x-QSlvNkgLSL0p4AaABAg", "text": "yeah learn from Singapore... there are no sjkc and sjkt there...", "time": "1 tahun lalu", "author": "@studio2888", "channel": "UCWxUYN3H1IW7XB1AJ02rQ0w", "votes": "1", "replies": "1", "photo": "https://yt3.ggpht.com/eKFKjt-ERfh-IBp_ds5wWj7G6a02fZSZu52vneHTLb-Xm01aMTUQP8YBxIAmII-FTnI3-CNb7A=s88-c-k-c0x00ffffff-no-rj", "heart": false, "reply": false, "time_parsed": 1715483279.38269}
{"cid": "UgzD_jXnB9okkthHDTh4AaABAg", "text": "no work will be available...too many expats filling professionals fields and too many foreign workers enters for 3ds jobs but doing non 3ds jobs...plus the bullshit minimum pays.... workers needs to form the union excluding hr peps... the salaries must be transparent must not be PNC so no racials gap pay.... the pay should be via performance, skill and knowledge not by racial....and ministry of hr should monitors all company salaries...", "time": "1 tahun lalu", "author": "@studio2888", "channel": "UCWxUYN3H1IW7XB1AJ02rQ0w", "votes": "0", "replies": "", "photo": "https://yt3.ggpht.com/eKFKjt-ERfh-IBp_ds5wWj7G6a02fZSZu52vneHTLb-Xm01aMTUQP8YBxIAmII-FTnI3-CNb7A=s88-c-k-c0x00ffffff-no-rj", "heart": false, "reply": false, "time_parsed": 1715483279.384238}
{"cid": "UgyLhJ0US3q5HsUSWpl4AaABAg", "text": "But some non bumi never get any scholarship to go overseas even though good results and this is also because of the politics on how these bastard destroy the non bumi's future", "time": "1 tahun lalu (diedit)", "author": "@djgamingclub4708", "channel": "UCEmDWKPTWF-5HAgylGhPW_w", "votes": "0", "replies": "", "photo": "https://yt3.ggpht.com/HusX6ZfVlCwrnVu0pWEOIt0_lnFdTK6rWYnPAj7eWJmuTbkrIOEout5IsRKPbuZeAFoaFMmYHA=s88-c-k-c0x00ffffff-no-rj", "heart": false, "reply": false, "time_parsed": 1715483279.385798}
{"cid": "Ugz13wmfWi_quTj9e414AaABAg", "text": "Shut up please...try to understand the level of students in school.Dont expect all students to be Straight As students.Theres nothing wrong with the teachers...If you dont like our education system and compare with the system in Singapore.There are more than the  academic excellence in life.We are ok.you dont like go and live in Singapore.", "time": "1 tahun lalu", "author": "@mazenahmohamed4497", "channel": "UCJ99T21xTYQjE7bOxPj-Xmg", "votes": "0", "replies": "", "photo": "https://yt3.ggpht.com/ytc/AIdro_lOlHdNoAOlqRhtFv8PX1fShTWJ_bosbp1bfmIrZ3I=s88-c-k-c0x00ffffff-no-rj", "heart": false, "reply": false, "time_parsed": 1715483279.387346}
{"cid": "UgzDD8oZRY2s4e5g7K54AaABAg", "text": "1957 till years ...msia  education was  simply based  on race ..religion...killing off english has churned out ediots in this country !", "time": "1 tahun lalu", "author": "@gabrielravi8776", "channel": "UCCu3p8SXmww79gYvWXozjmg", "votes": "0", "replies": "", "photo": "https://yt3.ggpht.com/ytc/AIdro_k03BBlsGk00tlkSq_lGVOQQdCtcXSEI7srwO3d34Fg2T3i=s88-c-k-c0x00ffffff-no-rj", "heart": false, "reply": false, "time_parsed": 1715483279.388879}
{"cid": "UgzPojgyIplMBnAGD4x4AaABAg", "text": "Actually its more of race based politics and  Islam phobia in schools  rather thn teaching the right subjects to b world recognised.", "time": "1 tahun lalu", "author": "@AmbiRathnam", "channel": "UC4HpTCONmsapuECCVgyYkiQ", "votes": "0", "replies": "", "photo": "https://yt3.ggpht.com/ytc/AIdro_lqybv1ymmQZzV-g7nROuYqYvRtqWJrzgIBL02smStPjjYqrzc547dVBcr4Ak5lP7MDAg=s88-c-k-c0x00ffffff-no-rj", "heart": false, "reply": false, "time_parsed": 1715483279.390263}
{"cid": "Ugy7XA6TTt5IAv0TxIZ4AaABAg", "text": "The brain drain in Malaysia with tonnes of highly-educated going away should be a major factor too.", "time": "1 tahun lalu", "author": "@marktn9851", "channel": "UC4-bklK--CJKNmHnKOkPsSw", "votes": "0", "replies": "", "photo": "https://yt3.ggpht.com/ytc/AIdro_k7KiWF0yR_xCbV11F5QorSqeFPV4AuFNNgrFZcQFc=s88-c-k-c0x00ffffff-no-rj", "heart": false, "reply": false, "time_parsed": 1715483279.391634}
{"cid": "UgyA92bENldkbletX_J4AaABAg", "text": "PISA", "time": "1 tahun lalu", "author": "@agilanrajahsingam8542", "channel": "UCpcyh2dgpm2YrMo1dFre5Iw", "votes": "0", "replies": "", "photo": "https://yt3.ggpht.com/ytc/AIdro_lDbHmJNBX-fdqfp9TEc059sYboSiSA4zeE2ORt1_4=s88-c-k-c0x00ffffff-no-rj", "heart": false, "reply": false, "time_parsed": 1715483279.393011}
{"cid": "UgxkmSkng4OwB9Fh67p4AaABAg", "text": "Race based politics poisoning the whole education system. Affirmative action against the minorities, who consistently happen to be the brightest nationals of the country have to go elsewhere. Therefore, a big factor of the Malaysian brain-drain.", "time": "1 tahun lalu", "author": "@sjv9147s", "channel": "UCdV0cMuWySg3Ni5JIPwc3UQ", "votes": "0", "replies": "", "photo": "https://yt3.ggpht.com/ytc/AIdro_k-PO_0TJ3wX9csbJE-3T-8vAf1vheOmUovLtBexamzP44w=s88-c-k-c0x00ffffff-no-rj", "heart": false, "reply": false, "time_parsed": 1715483279.394394}
{"cid": "UgwigK0RlBzg4yKjnS14AaABAg", "text": "👏👏👏👏👏", "time": "1 tahun lalu", "author": "@misscherie4915", "channel": "UCxoAiEbKs_dcp9-xKJ2lNrg", "votes": "0", "replies": "", "photo": "https://yt3.ggpht.com/ytc/AIdro_mYZ_tqyVkqW8dhdbVzuvtTqElhGbYM8kbbeqVphfKgXg=s88-c-k-c0x00ffffff-no-rj", "heart": false, "reply": false, "time_parsed": 1715483279.395651}
{"cid": "UgxJKIjE4YHrJS1EkJJ4AaABAg", "text": "Many of our MMuslim fanatical & hypocritical leaders cared only for themselves & their children whom they have planned to be the ones to take over & continue to manage or rather mismanage the nation!!! Their future are guaranteed   aren't they?😫😱😱🥶🥶🤬🤬🤬🤬🤬", "time": "1 tahun lalu", "author": "@hengheanlim9258", "channel": "UChhrNFLntgZy4A7eQgYTtNA", "votes": "0", "replies": "", "photo": "https://yt3.ggpht.com/ytc/AIdro_nRD9z_0T7cdFN6O1NO_ucfJFxA9iOhJ2Q4kywmoWclsZmxoRho6WAgrB2lx-azSlMAeg=s88-c-k-c0x00ffffff-no-rj", "heart": false, "reply": false, "time_parsed": 1715483279.396893}
{"cid": "Ugy5wtFxJUQ-RHU5ONF4AaABAg", "text": "Don't be discouraged at least better than India they don't even dare to take part. Maybe they give others a chance as most of them able to speak English well.", "time": "1 tahun lalu", "author": "@balloonbuster", "channel": "UC4oqoZWzZ_K-FrfE0muhlIA", "votes": "0", "replies": "", "photo": "https://yt3.ggpht.com/ytc/AIdro_lya4RpqdFu9Eeajy2b_bQbcO104PwvZWdqdYqgaPZ2RDFHwl3N_xO2SmB5wghHsKFWLg=s88-c-k-c0x00ffffff-no-rj", "heart": false, "reply": false, "time_parsed": 1715483279.398153}
{"cid": "UgxHFmhMw58UKfX86zV4AaABAg", "text": "Malaysia teaches in Malay. Thailand teaches in Thai. Nothing wrong leh.", "time": "1 tahun lalu", "author": "@balloonbuster", "channel": "UC4oqoZWzZ_K-FrfE0muhlIA", "votes": "0", "replies": "", "photo": "https://yt3.ggpht.com/ytc/AIdro_lya4RpqdFu9Eeajy2b_bQbcO104PwvZWdqdYqgaPZ2RDFHwl3N_xO2SmB5wghHsKFWLg=s88-c-k-c0x00ffffff-no-rj", "heart": false, "reply": false, "time_parsed": 1715483279.399401}
{"cid": "Ugx2ukFTU6dULyC4X714AaABAg", "text": "pisa", "time": "1 tahun lalu", "author": "@coralfied3983", "channel": "UCKH5_nsrNVP42qchRdXIvgg", "votes": "0", "replies": "", "photo": "https://yt3.ggpht.com/MzSkUUtJnVl84tq62nqheMseg-l6qRM5yOmfESdtWeIB1v8lrYdr0w9dnLE-pCh78rQGGdlrag=s88-c-k-c0x00ffffff-no-rj", "heart": false, "reply": false, "time_parsed": 1715483279.400618}
{"cid": "UgwDqTxLS9z6MEf-NSl4AaABAg", "text": "HOW COULD IT BE WHEN WE HAVE SOME MANY A IN EXAM...BETTER QUESTIONS ABOUT EXAM SYSTEM PASSING RATE???", "time": "1 tahun lalu", "author": "@马国通靈人", "channel": "UCothoczFX07HsY2k4LqI6-g", "votes": "0", "replies": "", "photo": "https://yt3.ggpht.com/ytc/AIdro_ng-czg0azhfrsK9vDRTyd_gfAq97fooqX6iKKDhOVXVA=s88-c-k-c0x00ffffff-no-rj", "heart": false, "reply": false, "time_parsed": 1715483279.401742}
{"cid": "UgzMIMgDMvEJKAv30El4AaABAg", "text": "The education system is too political & racial oriented, not based on merit or result oriented at all.\n\n Good to have the Pisa assessments to show the world how screwed the system is. No worries, there will be excuses again, next Pisa will be years away.", "time": "1 tahun lalu", "author": "@ctChan-xj6fz", "channel": "UCFcBcnmKqEIBLfKRmaA6liA", "votes": "1", "replies": "", "photo": "https://yt3.ggpht.com/ytc/AIdro_mbgWvf73-C-FRp9x8oTZAvYyPQ2RoZy0uQcWAA9TdGYb8=s88-c-k-c0x00ffffff-no-rj", "heart": false, "reply": false, "time_parsed": 1715483279.402869}
{"cid": "Ugxs1x-QSlvNkgLSL0p4AaABAg.A0N95RVBCJRA0QvacZYlt0", "text": "all english school, all people is banana people", "time": "1 tahun lalu", "author": "@drk7016", "channel": "UCNAgYwJg0CaF6D9nazxpBLQ", "votes": "0", "replies": "", "photo": "https://yt3.ggpht.com/ytc/AIdro_nc7bFk-4BBx0ZhfmCamyiPqI4pNjVvvoiqkkpj9f8=s88-c-k-c0x00ffffff-no-rj", "heart": false, "reply": true, "time_parsed": 1715483279.643874}
{"cid": "UgzBpsbYlmAdjbSeDIh4AaABAg", "text": "You are wrong to classify them as English, Bahasa, Mandarin etc. The word bahasa means language. It should be replaced with Malay or Malaysia (i.e. Bahasa Malaysia). I am not a language expert. Sorry brother.😁", "time": "1 tahun lalu", "author": "@introvertlyadam", "channel": "UCmsLG5GSd6XEbcAWqi_3v1A", "votes": "0", "replies": "", "photo": "https://yt3.ggpht.com/Ng-mQH6sEq7nSwRojOstzCLAcxcAKR2S8jjHoHNJn6F28Ir_TOw7ZA_q5NmVNDI-Y7I7RiPE=s88-c-k-c0x00ffffff-no-rj", "heart": false, "reply": false, "time_parsed": 1715483279.966172}
{"cid": "UgxIikO7DIFisynIdCx4AaABAg", "text": "Why are you talking now as spill milkshake uncontrollably. SMiLE 😀", "time": "1 tahun lalu", "author": "@kentyee4138", "channel": "UCeSkZIFTpiN4EYpOwe6bISw", "votes": "0", "replies": "", "photo": "https://yt3.ggpht.com/ytc/AIdro_k7pVnapfit9EORVmbhNFuivhrA97y9xdLol4Qv8zI=s88-c-k-c0x00ffffff-no-rj", "heart": false, "reply": false, "time_parsed": 1715483279.968463}
{"cid": "Ugzy172uNjQecvXFoSt4AaABAg", "text": "We will fail till thy kingdom come", "time": "1 tahun lalu", "author": "@paulseng6579", "channel": "UC_QGDU8isfJyMr_V775lraA", "votes": "1", "replies": "", "photo": "https://yt3.ggpht.com/ytc/AIdro_mfu8jom1eMwgtBfkILlp5VTcH5zi1IYpGJIAnXTsQ=s88-c-k-c0x00ffffff-no-rj", "heart": false, "reply": false, "time_parsed": 1715483279.970434}
{"cid": "UgzI6JGW_s4eA5Wku394AaABAg", "text": "Learn from your neighbour.  You are so lucky to have a well performing neighbour, but have not taken the trouble to learn from them or work with them.", "time": "1 tahun lalu", "author": "@josephyeo6966", "channel": "UCerL-gqd4epKZR7Ps2Yhi0g", "votes": "1", "replies": "", "photo": "https://yt3.ggpht.com/ytc/AIdro_k0De-dgzY7GX-2QoPdMwgTyerd6EOciBhP2EjAvEI=s88-c-k-c0x00ffffff-no-rj", "heart": false, "reply": false, "time_parsed": 1715483279.972275}
{"cid": "UgxltMLzyj_aENei_sp4AaABAg", "text": "What is your educational level?", "time": "1 tahun lalu", "author": "@leebarry5686", "channel": "UCeHh4uHC2AtoJ_CbjqpLFGw", "votes": "0", "replies": "", "photo": "https://yt3.ggpht.com/ytc/AIdro_kPDMU8J-5OP_YtAcKVXOoReR_tew_AUnKDv_uWHEeEUrz_hb-YzHO526b6KJ0TceMuJQ=s88-c-k-c0x00ffffff-no-rj", "heart": false, "reply": false, "time_parsed": 1715483279.97391}
{"cid": "UgxMcMg0EBaHT_ksKQd4AaABAg", "text": "Don’t compare with others, for the criteria is not the same. Why always use others’ standards?  \nDo you really understand education?", "time": "1 tahun lalu", "author": "@leebarry5686", "channel": "UCeHh4uHC2AtoJ_CbjqpLFGw", "votes": "0", "replies": "", "photo": "https://yt3.ggpht.com/ytc/AIdro_kPDMU8J-5OP_YtAcKVXOoReR_tew_AUnKDv_uWHEeEUrz_hb-YzHO526b6KJ0TceMuJQ=s88-c-k-c0x00ffffff-no-rj", "heart": false, "reply": false, "time_parsed": 1715483279.975486}
{"cid": "UgwVrIQXbOUvCYlV02R4AaABAg", "text": "Every move made by the ex minister of education is to make money, nothing concerns PISA.", "time": "1 tahun lalu", "author": "@LimSeongKang", "channel": "UCe2lJz9sgPnA2tyDnFUbNkA", "votes": "0", "replies": "", "photo": "https://yt3.ggpht.com/ytc/AIdro_nZhB8D-pmLw0DqfYYSJFmO6XZZYdn3UbwQeS1q0z1D58l2icD3fRIfUNwuWHdj8M2-MA=s88-c-k-c0x00ffffff-no-rj", "heart": false, "reply": false, "time_parsed": 1715483279.977035}
{"cid": "UgxZy2M701Fxa0iITeZ4AaABAg", "text": "Those without proper knowledge teachers became department heads and even minister of education and professors.", "time": "1 tahun lalu", "author": "@LimSeongKang", "channel": "UCe2lJz9sgPnA2tyDnFUbNkA", "votes": "0", "replies": "", "photo": "https://yt3.ggpht.com/ytc/AIdro_nZhB8D-pmLw0DqfYYSJFmO6XZZYdn3UbwQeS1q0z1D58l2icD3fRIfUNwuWHdj8M2-MA=s88-c-k-c0x00ffffff-no-rj", "heart": false, "reply": false, "time_parsed": 1715483279.978599}
{"cid": "UgzJgkISG_B4TBxo5vJ4AaABAg", "text": "The blind leading the blind", "time": "1 tahun lalu", "author": "@choonwoonngo5943", "channel": "UCuuBMm9tVvmJ6zwWstdHHeQ", "votes": "1", "replies": "", "photo": "https://yt3.ggpht.com/ytc/AIdro_kerMtJCB4BDTg0AKO6WqPiXvNJGmLom1yuiwEcVxg=s88-c-k-c0x00ffffff-no-rj", "heart": false, "reply": false, "time_parsed": 1715483279.979989}
{"cid": "Ugzz3hWgtiWrz6M9pZZ4AaABAg", "text": "What  failure?15 Malaysian students won  Gold medal  in  Maths Olympics a few days ago...", "time": "1 tahun lalu", "author": "@kevintan4321", "channel": "UCggxnWLFakoqHieo0ddpUoQ", "votes": "0", "replies": "", "photo": "https://yt3.ggpht.com/ytc/AIdro_lhcLtkprKzEghG-sE1f2OOabe33SnEohlbEtznPPhTALw=s88-c-k-c0x00ffffff-no-rj", "heart": false, "reply": false, "time_parsed": 1715483279.981367}
{"cid": "UgyYS4Ywf3JRFX2RlJJ4AaABAg", "text": "Politically a failure", "time": "1 tahun lalu", "author": "@adamsksof.348", "channel": "UCSS1JNrjzGUFAoaMBVTGu6g", "votes": "0", "replies": "", "photo": "https://yt3.ggpht.com/ytc/AIdro_mAkgsZ3hOCdF6xotMP7DKitjvN3eL8fgBsxj5jxQU=s88-c-k-c0x00ffffff-no-rj", "heart": false, "reply": false, "time_parsed": 1715483279.982731}
{"cid": "UgxIYsGEPBGHClk37IV4AaABAg", "text": "I was a pre independence kid I know the real value and power of the British system of education till1969.Thank god I was the last batch of it.  HURREY  !!!!😂😂😂", "time": "1 tahun lalu", "author": "@subrakolandai5463", "channel": "UCiaBHGrO_Ts7ts9jMyVyUcg", "votes": "0", "replies": "", "photo": "https://yt3.ggpht.com/ytc/AIdro_ngwARQtQXLIjL_2M_DFibUSwgwOKcWPzPsbuYPhVk=s88-c-k-c0x00ffffff-no-rj", "heart": false, "reply": false, "time_parsed": 1715483279.9841}
{"cid": "UgyShQdD6-FdSVQtamN4AaABAg", "text": "It was and is down in the drain.  Yet very proud about the system .. nonsense 😂😂😂", "time": "1 tahun lalu", "author": "@subrakolandai5463", "channel": "UCiaBHGrO_Ts7ts9jMyVyUcg", "votes": "0", "replies": "", "photo": "https://yt3.ggpht.com/ytc/AIdro_ngwARQtQXLIjL_2M_DFibUSwgwOKcWPzPsbuYPhVk=s88-c-k-c0x00ffffff-no-rj", "heart": false, "reply": false, "time_parsed": 1715483279.985425}
{"cid": "UgznHIUkl-2DQVggA6J4AaABAg", "text": "Mahathir don't want malaysian to become more educated than him or his family.He want malaysian to be naive and poor especially the malays and the bumis .", "time": "1 tahun lalu", "author": "@saohmarong2240", "channel": "UC8Tez6YNY12r5OOlcZMXsZQ", "votes": "0", "replies": "", "photo": "https://yt3.ggpht.com/ytc/AIdro_mODu-akU9zZ8OYzQCCnc6sOGhD7mE4dJSfAU5Sw-w=s88-c-k-c0x00ffffff-no-rj", "heart": false, "reply": false, "time_parsed": 1715483279.98665}
{"cid": "UgxIUQ-H3d2GiNCw6xl4AaABAg", "text": "BECAUSE OF DEMONIC MAHATHIR HE KEEP ON CHANGING FROM ENGLISH TO MALAY AND AFTER CHANGE AGAIN FROM MALAY TO ENGLISH BECAUSE HE WANTS TO THE MALAY TO PASS", "time": "1 tahun lalu", "author": "@SunnyLpk-n5u", "channel": "UCnE3IW72VliVnA0B5HmJY4g", "votes": "0", "replies": "", "photo": "https://yt3.ggpht.com/se5wYz7WBSGJXCUvvsu0N16DNwq81wvyG9AmFYoaJKaJksaDln7TZPf1oQkkUeH-1ZUeqtkD=s88-c-k-c0x00ffffff-no-rj", "heart": false, "reply": false, "time_parsed": 1715483279.987916}
{"cid": "Ugw0LH4IntMil5UZcjN4AaABAg", "text": "Our education level went into the rubbish bin mode when they abolished the UPSR and PMR exams and passed everybody who slept from std. 1 to F5..", "time": "1 tahun lalu", "author": "@wongpohchan9485", "channel": "UCWXnM2E-SaX1LWfp2oXY-yQ", "votes": "0", "replies": "", "photo": "https://yt3.ggpht.com/ytc/AIdro_ncc_1atoHiqRmZ1QzxDirwop-tgbSjHddlQ0mWFIU=s88-c-k-c0x00ffffff-no-rj", "heart": false, "reply": false, "time_parsed": 1715483279.989146}
{"cid": "Ugwf86jzbvVe7CLDXn14AaABAg", "text": "I am Singaporean.  I went to Malaysia and I heard a Chinese parent speak to his son around 4yo in Malay. I was like why not English.  Maybe I am wrong cos malay is Malaysia nation language and they need to do it right.", "time": "1 tahun lalu", "author": "@hoglenn7469", "channel": "UCc4H5zyMXiZhi1SGHfeZdmQ", "votes": "0", "replies": "", "photo": "https://yt3.ggpht.com/ytc/AIdro_mET8TBsGOWbkU74gkzqz2tmvuGV7SysA-ohZ46n-Eg0g=s88-c-k-c0x00ffffff-no-rj", "heart": false, "reply": false, "time_parsed": 1715483279.990371}
{"cid": "UgwEf-qu2n_PVo1jpFV4AaABAg", "text": "If the kids are stupid, the seniors have less competition in the job market. #joke", "time": "1 tahun lalu (diedit)", "author": "@minma02262", "channel": "UCa9g_A3rMEyo4nxnhj2Jv6g", "votes": "0", "replies": "", "photo": "https://yt3.ggpht.com/ytc/AIdro_mc4Y9gQCEiemTFxftMBzkVs4f2dFVKIi2EzfEXVVougJ-byH1unVlcX4jadECPvzh2lg=s88-c-k-c0x00ffffff-no-rj", "heart": false, "reply": false, "time_parsed": 1715483279.99149}
{"cid": "UgyLYWk1Q5C5svAP8zx4AaABAg", "text": "PISA", "time": "1 tahun lalu", "author": "@umbrodiscord8265", "channel": "UCojsTWCue_f6EJbQj21bfbA", "votes": "0", "replies": "", "photo": "https://yt3.ggpht.com/Oaj9uh0ux9EOBCDpbpb5r-uOnjUxIPh3on6ML3UBqsBQTpTv1euuCDXF--QEzv8klc-hubEK=s88-c-k-c0x00ffffff-no-rj", "heart": false, "reply": false, "time_parsed": 1715483279.992605}
{"cid": "UgziVEombyg5RiVNvjd4AaABAg", "text": "Tbh some random guy on YouTube is better than some of my secondary school teachers", "time": "1 tahun lalu", "author": "@kj851", "channel": "UCj5ytPi2-nmrzRxURXehGoQ", "votes": "0", "replies": "", "photo": "https://yt3.ggpht.com/ytc/AIdro_lYuWmGL_XyXyKTCAjlRt9AF8HwIDWENaX-C5thO5h2JzM5=s88-c-k-c0x00ffffff-no-rj", "heart": false, "reply": false, "time_parsed": 1715483279.993728}
{"cid": "UgxwKWdbe3D9LqWD39d4AaABAg", "text": "Science, Maths and Reading.", "time": "1 tahun lalu", "author": "@hmahendran", "channel": "UCswCR_77fHXp3wgARzuM8kg", "votes": "0", "replies": "", "photo": "https://yt3.ggpht.com/ytc/AIdro_kaBoj5zlaMejNpeT4O888A1wP-O20fTZv2z87xB3pQqaQ=s88-c-k-c0x00ffffff-no-rj", "heart": false, "reply": false, "time_parsed": 1715483280.397691}
{"cid": "Ugwi45LsFcIwKOHlAxR4AaABAg", "text": "pisa", "time": "1 tahun lalu", "author": "@midgetmarcusbutbetter100x", "channel": "UCTASrhdGJa1auxPHo4SC_OA", "votes": "0", "replies": "", "photo": "https://yt3.ggpht.com/6A_6zb-mxN6A4WHNE9ZLC_8jB6SDToXnsz4BlXjxU7o3wpqo5ZXSCGMnTyTUCN-nNvPE7igt=s88-c-k-c0x00ffffff-no-rj", "heart": false, "reply": false, "time_parsed": 1715483280.39988}
{"cid": "UgxLYD9nXhEyl-Odvq94AaABAg", "text": "bring back UPSR", "time": "1 tahun lalu", "author": "@Comm2.0", "channel": "UCtFUoiaZVL6G8KhyeyFtddw", "votes": "0", "replies": "1", "photo": "https://yt3.ggpht.com/1fsqcYP0xF3WHLgT6Olv-yrpmvKEEEVUvkJysTwreXaSfEnCxgeUT0cxYz75cXjmwJZEzCy1F8o=s88-c-k-c0x00ffffff-no-rj", "heart": false, "reply": false, "time_parsed": 1715483280.401667}
{"cid": "UgwIm3Fj_dltVcIVx7B4AaABAg", "text": "If you let Malays, this is what exactly will happen.", "time": "1 tahun lalu", "author": "@PRAVINRAAJRAAJ", "channel": "UCkspKbn5Wc1rfEGYph6r5cQ", "votes": "0", "replies": "", "photo": "https://yt3.ggpht.com/ytc/AIdro_nusKmZATTFepe_OlKa8JyO-6iYOa1X47MpI9Y2RzmxHnb3yNgJRjgNAhXoZlMjqL8eQA=s88-c-k-c0x00ffffff-no-rj", "heart": false, "reply": false, "time_parsed": 1715483280.403466}
{"cid": "UgxMyd8JhUzBRuDzLKV4AaABAg", "text": "Islam controls education in msia", "time": "1 tahun lalu", "author": "@jeejabaiapraghavanpillai3071", "channel": "UCxQA6BIQV5BSGMEaKmD2OLw", "votes": "0", "replies": "", "photo": "https://yt3.ggpht.com/ytc/AIdro_n4__XyEsV2T4FN3Wl2n6GXxBKOwzL2vZkPWgMj89o=s88-c-k-c0x00ffffff-no-rj", "heart": false, "reply": false, "time_parsed": 1715483280.405063}
{"cid": "UgytXGlyN1yADw5NuuZ4AaABAg", "text": "Create more race quota system (not on merit) and Keep lowering the passing mark, we will have good results to present to the whole world, but remember never disclose the passing mark. We will have a better race in the future. And, the person in-charge of education will be well rewarded.", "time": "1 tahun lalu", "author": "@jeremyfoo272", "channel": "UCcpzf2WnBz-G-rbPuTtaX8g", "votes": "0", "replies": "", "photo": "https://yt3.ggpht.com/ytc/AIdro_nVR7Ngs9Q5_M59mq6KFbbIdCCJQ2zBiqZAUhSqVHE=s88-c-k-c0x00ffffff-no-rj", "heart": false, "reply": false, "time_parsed": 1715483280.406592}
{"cid": "Ugzy739oxA4OMPFAP8B4AaABAg", "text": "We need 50% non bumi to teach in malaysia.........", "time": "1 tahun lalu", "author": "@teohsoonkeat3058", "channel": "UCiWn6HWMjigHZthJaDCfUzA", "votes": "0", "replies": "", "photo": "https://yt3.ggpht.com/ytc/AIdro_mX59S6_N2PlDTAOtNsU6BDkN0V0In__G_DXwnlY8Y=s88-c-k-c0x00ffffff-no-rj", "heart": false, "reply": false, "time_parsed": 1715483280.408152}
{"cid": "UgwqBMVnLIvdIE_QUZ14AaABAg", "text": "The Malaysian education system has already gone in the last 40 years. All talk and cannot even produce any skilled workers. All students nowadays are hopeless and useless.\n Is there any education system in Malaysia? When I studied math and science 40 years ago, the standard That I learned was Form 3 now students study them in Form 5 and Upper Six. How can you catch up?", "time": "1 tahun lalu", "author": "@richardliu7499", "channel": "UCncI5YPVlEjBrW-ef7OctSQ", "votes": "1", "replies": "", "photo": "https://yt3.ggpht.com/ytc/AIdro_m6P161ymH7WAZgI-aIPYCA9oBxtPh8FNFmsPACVF93Gg=s88-c-k-c0x00ffffff-no-rj", "heart": false, "reply": false, "time_parsed": 1715483280.40971}
{"cid": "UgxbQsl4FwrIrhKxniF4AaABAg", "text": "Politics, religion and race are more important than education in Malaysia.", "time": "1 tahun lalu", "author": "@F3arlessWarriorMindset", "channel": "UC-55-u3Y9Gk-kJ4jU_lE4pA", "votes": "0", "replies": "", "photo": "https://yt3.ggpht.com/Vd6pZeriGh3BR5MmIb6_4z1VPaRIfyUss7EkxJCryJnQ2U3aneHU58t0ncNa2DYoHkvFRUy5TQ=s88-c-k-c0x00ffffff-no-rj", "heart": false, "reply": false, "time_parsed": 1715483280.411243}
{"cid": "Ugzlh32NXoKXphzAWpx4AaABAg", "text": "Lame excuses forever. If the future of this country is not properly nurtured it will go down the drain.", "time": "1 tahun lalu", "author": "@dennischai4831", "channel": "UC1ycIjgztBdGlOVscAHZgew", "votes": "1", "replies": "", "photo": "https://yt3.ggpht.com/ytc/AIdro_lnFQ9EXQtoV_sdtA5euF-6vUGLS8iINOCpLvsO3NaMil0=s88-c-k-c0x00ffffff-no-rj", "heart": false, "reply": false, "time_parsed": 1715483280.412668}
{"cid": "UgyTw_zfwjdnPPCgEX94AaABAg", "text": "Agreed. Can recommend u into the education ministry..i want the best for my grand children.", "time": "1 tahun lalu", "author": "@TonyA-i3l", "channel": "UCAN05L8cQY04cQWSW7tIgWA", "votes": "0", "replies": "", "photo": "https://yt3.ggpht.com/ytc/AIdro_m-BQ9cHAlq1jZsVv0311NimqUYlE4g7_EsWTQQtm7eQuBVngvypJrk2Wkalb5TxAxiCQ=s88-c-k-c0x00ffffff-no-rj", "heart": false, "reply": false, "time_parsed": 1715483280.414037}
{"cid": "Ugyk1fYi17ZothoHQ4p4AaABAg", "text": "our edu minister is an idiot, what does she dooo???", "time": "1 tahun lalu", "author": "@fingerwaverz", "channel": "UCQW2ykPFgjK-5JCAVNbJcvQ", "votes": "0", "replies": "", "photo": "https://yt3.ggpht.com/ytc/AIdro_lEkTdFNPbz2MPFZZuy9n2a4REso9Ltvs68S-1ktYQwe4Y=s88-c-k-c0x00ffffff-no-rj", "heart": false, "reply": false, "time_parsed": 1715483280.415407}
{"cid": "UgzedB1yAdezFtaCXwV4AaABAg", "text": "Its already been failure since we have sekolah jenis kebangsaan which divide all type of race", "time": "1 tahun lalu", "author": "@shakirghazali2890", "channel": "UCFQM7QnOWY9Wev8nwL8Plew", "votes": "0", "replies": "", "photo": "https://yt3.ggpht.com/Rh7laJsGWpGIIan-jLCW8Hv_R5lIEuVhQgy8__Yr2sgSlJsDWSewFI-zn2sfhQkSHlKnKeHsxA=s88-c-k-c0x00ffffff-no-rj", "heart": false, "reply": false, "time_parsed": 1715483280.416769}
{"cid": "UgwcSrNF9_Z4EK4K9Q14AaABAg", "text": "Pizza", "time": "1 tahun lalu", "author": "@frontseated5983", "channel": "UCL2w8S5GxfGn5yJaKeM92Fg", "votes": "1", "replies": "", "photo": "https://yt3.ggpht.com/ytc/AIdro_kH-AcwNT5arxg7Aae5xOwjxAgsdW-kcacjQ2vkqMQ=s88-c-k-c0x00ffffff-no-rj", "heart": false, "reply": false, "time_parsed": 1715483280.418069}
{"cid": "UgyS2Njx6zM5YCRTvNh4AaABAg", "text": "PISA", "time": "1 tahun lalu", "author": "@edwardthtan", "channel": "UCFmHwn2gZPdmNKOVXiSagyQ", "votes": "0", "replies": "", "photo": "https://yt3.ggpht.com/ytc/AIdro_ksgllCuJFa5a5oDgFhxR7GyOoq8fmZgHBadOppjuA=s88-c-k-c0x00ffffff-no-rj", "heart": false, "reply": false, "time_parsed": 1715483280.419315}
{"cid": "UgxcqjlGN0i0BBTflKJ4AaABAg", "text": "Well, they feel if US can simply print her dollars, why can't Malaysia print diplomas for her students? By feeling good with their printed diplomas, at least they can have some gaya in life.", "time": "1 tahun lalu", "author": "@PahatRout", "channel": "UCo9yoswoulbAVnF2So8tIzw", "votes": "0", "replies": "", "photo": "https://yt3.ggpht.com/ytc/AIdro_kQb66_r-tkBEn2iZDFhJ2GG4iHBNhSUfLuMmYXH4kfLpzB1eRO46tXEjwegiB59Ph2gg=s88-c-k-c0x00ffffff-no-rj", "heart": false, "reply": false, "time_parsed": 1715483280.420532}
{"cid": "Ugwql_mPYouqSyv1fs14AaABAg", "text": "The issue is that almost everyone has lost trust in the Government education system. So families with money are opting for private or qasi-private Chimes schools etc.. The problem with this is that the rural poor and even the som urban poor cannot opt out. So a dual level education system has occurred Govt schools are basically Malay..  Perhaps Malaysia should consider the use of Vouchers with perhaps Rural students having more \"Voucher Money\" provided because thay have greater needs. This should lead to better private \"Voucher Schools\" and the failure of any schools that do not provide reasonable education outcomes. Parents will always have the interests of their children at heart. The elephant in the room is Religous Education and Religous Schools. This is perfectly valid and parents in most cases will desirte it to occur. However, In order for partents to choose that need information. They need to be able to choose between the Academy with an 5 out of 10 for religion and 9 out of 10 for STEM vs a Religous school with 9 out oif 10 for Religion and 5 out of 10 for STEM. Let the parents decide their children's eduction  by providing them with a choice.", "time": "1 tahun lalu", "author": "@peterbrooke8207", "channel": "UCKuCFkXwEf6bEiPj0_PybkQ", "votes": "0", "replies": "", "photo": "https://yt3.ggpht.com/RGQMZz3HgN8286hbJn4msDbSAc5A6zb0Zu1JbalKw33vfhq7iEtkuc44IOLWFHmQ8BAa5wd8xA=s88-c-k-c0x00ffffff-no-rj", "heart": false, "reply": false, "time_parsed": 1715483280.421751}
{"cid": "UgyX4ycNjOYLJ1Kx-FJ4AaABAg", "text": "Well said Mr Money! Good video", "time": "1 tahun lalu", "author": "@avrilyap6507", "channel": "UClkGVAqOgxJTkmrcPdHsC9w", "votes": "1", "replies": "", "photo": "https://yt3.ggpht.com/ytc/AIdro_n1Kk3BwpYTMvS1rD_xeGkT1kiaMyibrEtSh3iyI-9bty9q=s88-c-k-c0x00ffffff-no-rj", "heart": false, "reply": false, "time_parsed": 1715483280.422975}
{"cid": "UgwN6qsZZ1I-ASXPAIl4AaABAg", "text": "I was a teacher teaching science in a secondary school before retired in 2015.\nAs I followed this video from the start till the end, I found out what was mentioned in the video was correct although inconclusive. \nI totally agree with the video that the Standard of English in some (in fact majority) of the teachers teaching science in my area (the state of Kelantan) is quite (really, perhaps) low, to the extend that they cannot convey the necessary facts to their students, in English. So in mine perspective, I would like the emphasis to be taken some how or rather, by the government, to be more on the standard of English, right from the educations of the said and future teachers who are presently teaching or going to teach the subjects in English.\nI also noticed in the present batch of so called “teachers” who can easily get a place in the local universities to study and get a degree to \"up-grade\" their so called status in schools so as to get a higher salary, rather than serving better to the student's education. This measure is like simply adding graduate teachers without really emphasizing on the real tusk the teachers who are supposed to carry towards upgrading their teaching (in the classrooms). I am not saying that their degrees are worthless but I feel the ways of getting the degrees are to easy (sorry to say that) without thinking of the needs and eventual outcomes of the usefulness of the degrees held in their hands. So by holding a degree which is merely to get a higher salary is a waste of the country's tax payers' money and the creation of a bleak young Malaysians' future (in education).\nThank you very much.", "time": "1 tahun lalu", "author": "@chongsengchuah", "channel": "UCvOHbvEGihfJhTyOESZniaA", "votes": "6", "replies": "", "photo": "https://yt3.ggpht.com/ytc/AIdro_mkzLbAVEZQoaTRuzbh2Prgc62vuObEh9K0XwNYXjuCMy1PD0omUz3LdAVNSj04GEGCcA=s88-c-k-c0x00ffffff-no-rj", "heart": false, "reply": false, "time_parsed": 1715483280.424123}
{"cid": "UgzZ0VpC_0iVzcrhv794AaABAg", "text": "Why Malaysia education system is a failure? One word ..\nRACISM", "time": "1 tahun lalu", "author": "@genbond7459", "channel": "UCP0NIKggH-NorcPkZDNo2pw", "votes": "0", "replies": "", "photo": "https://yt3.ggpht.com/ytc/AIdro_mOlsgwea8EuVKtSWWBGPprYpaJ3ABGLE-6xcRkc0Pv0eB5KGX5SrKX2B1RGWTU5OGDNw=s88-c-k-c0x00ffffff-no-rj", "heart": false, "reply": false, "time_parsed": 1715483280.425253}
{"cid": "UgxLYD9nXhEyl-Odvq94AaABAg.A00wEtUS5HcA04oQmPFDS7", "text": "& PT3", "time": "1 tahun lalu", "author": "@Malia0009", "channel": "UC050ofGiLoOKRZK7J1r-d9g", "votes": "0", "replies": "", "photo": "https://yt3.ggpht.com/wo2ITOudmnh4ZfSLZXnJVceTTG8ZzqTII5z03ylSsvGmlOrms2jkxcXCxEX1857ZXo0FkS6jag=s88-c-k-c0x00ffffff-no-rj", "heart": false, "reply": true, "time_parsed": 1715483280.61638}
{"cid": "UgyyzIfDy645tpXILKx4AaABAg", "text": "Those days whn the teachers were more of Indians and Chinese and whn English was the main subject  the standard of Education was great. Nowadays 90% r Malays and not at all qualified to excellent teachers. All  they prioritise is \"islam\" and brainwashing the non Malays on Islam", "time": "1 tahun lalu", "author": "@AmbiRathnam", "channel": "UC4HpTCONmsapuECCVgyYkiQ", "votes": "0", "replies": "", "photo": "https://yt3.ggpht.com/ytc/AIdro_lqybv1ymmQZzV-g7nROuYqYvRtqWJrzgIBL02smStPjjYqrzc547dVBcr4Ak5lP7MDAg=s88-c-k-c0x00ffffff-no-rj", "heart": false, "reply": false, "time_parsed": 1715483280.909288}
{"cid": "UgwuGecuLVKfURpGZJ14AaABAg", "text": "thanks to the beloved doktor M😛😛", "time": "1 tahun lalu", "author": "@quinntrinh5206", "channel": "UCGj4Hb9b4_ei9zHFT-wkShQ", "votes": "0", "replies": "", "photo": "https://yt3.ggpht.com/ytc/AIdro_kalS_r8iLDV_LQ3nh9sKXAt_Vq_iMVCDiyjpKAezs=s88-c-k-c0x00ffffff-no-rj", "heart": false, "reply": false, "time_parsed": 1715483280.911465}
{"cid": "UgwmU0rJWF1bZgj4OWB4AaABAg", "text": "Because of UMNO leadership playing RACIAL & RELIGIOUS CARD..while romancing with PAS ARAB wannabe..\nAnd UMNO LEADERS send their children / grandchildren to oversea for WESTERN FULL BOARDING EDUCATION..", "time": "1 tahun lalu", "author": "@ishamkader2696", "channel": "UCVpgj1EW7vDziAScloEzM9g", "votes": "0", "replies": "", "photo": "https://yt3.ggpht.com/ytc/AIdro_nNr1AOC9FJjrhfWjm4T7dQ4FDrpF-bUmMUWm2lFqGsNoA=s88-c-k-c0x00ffffff-no-rj", "heart": false, "reply": false, "time_parsed": 1715483280.913248}
{"cid": "UgxKwBVwnw5f2uegXJt4AaABAg", "text": "Pisa deep diving please!", "time": "1 tahun lalu", "author": "@WenNuh2021", "channel": "UC2NzOA0HhuCPM2gCtyy3uPQ", "votes": "0", "replies": "", "photo": "https://yt3.ggpht.com/ytc/AIdro_kyKYN6nMKhyF6lfsxaBhBggLTm_UXP4uFvN9PMRyshUwp-sjIgLnMzEEoqVfCofXlIcQ=s88-c-k-c0x00ffffff-no-rj", "heart": false, "reply": false, "time_parsed": 1715483280.915031}
{"cid": "Ugzol5DGj-0ysCluY9Z4AaABAg", "text": "Do you know that in Malaysia the Master Race and the Pendatangs (Immigrants) are marked and graded under different BELL CURVE? Also before the STPM ... SPM ... the Master Race are given extra TUTORIAL CLASSES where the questions and answers for the exam papers are given? And from your exams ID numbers they know you're the Master Race or Immigrants and thus graded respectively? I rest my case!", "time": "1 tahun lalu", "author": "@genbond7459", "channel": "UCP0NIKggH-NorcPkZDNo2pw", "votes": "0", "replies": "", "photo": "https://yt3.ggpht.com/ytc/AIdro_mOlsgwea8EuVKtSWWBGPprYpaJ3ABGLE-6xcRkc0Pv0eB5KGX5SrKX2B1RGWTU5OGDNw=s88-c-k-c0x00ffffff-no-rj", "heart": false, "reply": false, "time_parsed": 1715483280.916626}
{"cid": "UgwUY8Nc_VUqekd7DY54AaABAg", "text": "Can scream till the cows come home. Nothing will ever work. Majority of teachers are only interested in monthly salary and easy easy life, without working. Very SAD", "time": "1 tahun lalu", "author": "@selvarajmuthu5578", "channel": "UCf7bmdeT-hXSt9JdseLUU3w", "votes": "0", "replies": "", "photo": "https://yt3.ggpht.com/ytc/AIdro_ljWpkEDtmgiTpah23ectSK5NeT7eE1B7WaRMt1uBs=s88-c-k-c0x00ffffff-no-rj", "heart": false, "reply": false, "time_parsed": 1715483280.918188}
{"cid": "UgxaL3ePZqF3pMmia_l4AaABAg", "text": "issue arises from start was not being enforce as English as a second language regardless of Malay,Chinese, Indians and others.", "time": "1 tahun lalu", "author": "@lyekhuenhoh3499", "channel": "UCDA7k5i1AIzeUc9qtT2r9IA", "votes": "0", "replies": "", "photo": "https://yt3.ggpht.com/ytc/AIdro_m2lEBa3WfnuwsJsyKRwtpr4k4l2YLr_PGLqdngxBvLp5I=s88-c-k-c0x00ffffff-no-rj", "heart": false, "reply": false, "time_parsed": 1715483280.919739}
{"cid": "UgzAJkcx2HmbsAOmx1V4AaABAg", "text": "If the solution so easy...you become Edu minister liau. Talk is easy le.", "time": "1 tahun lalu", "author": "@JayChiew", "channel": "UCD8UFRKf-Kcer2jFVxyTc9A", "votes": "0", "replies": "", "photo": "https://yt3.ggpht.com/ytc/AIdro_kN8uD8DDcOl222EOC5aUi_w3uPMxW7czL78_ec9CGF849B=s88-c-k-c0x00ffffff-no-rj", "heart": false, "reply": false, "time_parsed": 1715483280.921279}
{"cid": "UgxlKtXjmyLwZLbjXQ54AaABAg", "text": "PISA", "time": "1 tahun lalu", "author": "@BakhtiarJaffar", "channel": "UCF2wQM14q3ofz3OPM4Eb3JQ", "votes": "0", "replies": "", "photo": "https://yt3.ggpht.com/ytc/AIdro_k2Z6xibrg89ceTOo7QwIhmWgTtrF_4kXgPI5mFtPQPS_pSZElk3qsj1WdP_NCQ-9WqQw=s88-c-k-c0x00ffffff-no-rj", "heart": false, "reply": false, "time_parsed": 1715483280.922656}
{"cid": "Ugwzo8zfaeoj9pGIGu94AaABAg", "text": "Drop in Education --> drop in currency exchange -->  SGD 1 = MYR  4 soon.\n\nWhat is there not to dislike from SG side !", "time": "1 tahun lalu", "author": "@joekerr0108", "channel": "UC7ldWmiwI0-XLHt2bXrv5pQ", "votes": "0", "replies": "", "photo": "https://yt3.ggpht.com/9m9ThaaMoymgXAn__Mk0TybU-bprRBfZonLvNGsEgnu_rTM_tSaHsoCs_kTqnsQj9VTo-4sfyME=s88-c-k-c0x00ffffff-no-rj", "heart": false, "reply": false, "time_parsed": 1715483280.92402}
{"cid": "UgzuyIIQkvP64ZoQFQR4AaABAg", "text": "There is no HOPE. \nStop barking !\nAs the non-Malay population dropped further and with  the rise of the Talibans, Malaysia is fked !", "time": "1 tahun lalu", "author": "@joekerr0108", "channel": "UC7ldWmiwI0-XLHt2bXrv5pQ", "votes": "0", "replies": "", "photo": "https://yt3.ggpht.com/9m9ThaaMoymgXAn__Mk0TybU-bprRBfZonLvNGsEgnu_rTM_tSaHsoCs_kTqnsQj9VTo-4sfyME=s88-c-k-c0x00ffffff-no-rj", "heart": false, "reply": false, "time_parsed": 1715483280.925389}
{"cid": "UgwejO0veKoNtuAWBth4AaABAg", "text": "Malaysian Talibans want more to be educated in the 6th century teachings !", "time": "1 tahun lalu", "author": "@joekerr0108", "channel": "UC7ldWmiwI0-XLHt2bXrv5pQ", "votes": "0", "replies": "", "photo": "https://yt3.ggpht.com/9m9ThaaMoymgXAn__Mk0TybU-bprRBfZonLvNGsEgnu_rTM_tSaHsoCs_kTqnsQj9VTo-4sfyME=s88-c-k-c0x00ffffff-no-rj", "heart": false, "reply": false, "time_parsed": 1715483280.926742}
{"cid": "UgxOaj1PlrHDrQ1Amxd4AaABAg", "text": "NOT JUST A FAILURE...ACTUALLY IT IS A TOTAL DISASTER ...", "time": "1 tahun lalu", "author": "@norlina7", "channel": "UCTUWbTeqLuUR-coy4IWSnhQ", "votes": "0", "replies": "", "photo": "https://yt3.ggpht.com/ytc/AIdro_kLUAI5fu7ZWHV25JAZGITBDEPIv0vApnKVOwAsCYM=s88-c-k-c0x00ffffff-no-rj", "heart": false, "reply": false, "time_parsed": 1715483280.928113}
{"cid": "UgyXeScd949KZFXezXt4AaABAg", "text": "All this started from the 10 % pass...", "time": "1 tahun lalu", "author": "@kwok2940", "channel": "UCOV0O3sAPiOHmo3GEIpiaMA", "votes": "0", "replies": "", "photo": "https://yt3.ggpht.com/ytc/AIdro_lzeUuDoPFqER7Wuibcr0bextVDAngJtk-Kh2gUcD8=s88-c-k-c0x00ffffff-no-rj", "heart": false, "reply": false, "time_parsed": 1715483280.929437}
{"cid": "Ugwyvj4agFkIOzmc8CB4AaABAg", "text": "The main cause is lousy candidates are taken in as teachers due to the quota system.", "time": "1 tahun lalu", "author": "@franciswoon2130", "channel": "UCBv09HMsac1paS0VGQ9cLRA", "votes": "1", "replies": "", "photo": "https://yt3.ggpht.com/ytc/AIdro_nIbnRdrxx8kxYEjbvKf42p-nCdtDBzy9KJimTtZps=s88-c-k-c0x00ffffff-no-rj", "heart": false, "reply": false, "time_parsed": 1715483280.93066}
{"cid": "UgzM_x_9Jj9NXF9o6Hp4AaABAg", "text": "So that cant read Pandora papers.", "time": "1 tahun lalu", "author": "@App743", "channel": "UC-keSIRo0Ps90JJtABPc9gA", "votes": "0", "replies": "", "photo": "https://yt3.ggpht.com/ytc/AIdro_lYd2JQXArpAtICMh_0QQBNyWmjLNLAKdHTwzxLlAjJ-4YXhh8jOtldhmzLKDNl66kw5Oc=s88-c-k-c0x00ffffff-no-rj", "heart": false, "reply": false, "time_parsed": 1715483280.931878}
{"cid": "UgwcSRCd7LHErT3ZI714AaABAg", "text": "As a Malaysian student myself, I agree Malaysian education is not good to say the least. One problem I have is that the STEM subjects are lacking behind, especially in middle school. I am currently about to go to Form 2 (Grade 8) and the textbooks regarding the STEM subjects are far behind others. For instance, in Science textbooks for Form 2 we are going to learn topics such as PhD and the Solar System, asteroids, comets and etc. The same topics can be found in SJKC Standard 6 (Grade 6) textbooks which means for students that went to a Chinese primary school you would need to spend two years (three years if you are forced to study in remove) relearning everything and causes you to fall behind. And I can tell you English here is basically a free A grade. Even if you do not pay attention to class and do 0 homework (~20% mark deduction for not doing homework), you can still get a pass without breaking a sweat.\n\nAnd for the teachers, I can't say much about them considering the fact that I might be put on a school watchlist after this, just know that they can be a mixed bag. Some teachers are genuinely passionate about teaching, and some of them don't even come into class whatsoever.", "time": "1 tahun lalu", "author": "@phanomega", "channel": "UCxUt-XO7WCbBcNLEOCPez4w", "votes": "0", "replies": "", "photo": "https://yt3.ggpht.com/dvo73bVKTBok2CGW8CDEBgEPJFXClYrIMZcuWz2l6ezfhb5v3SkyO20teiZXv0HG19RonNoEjg=s88-c-k-c0x00ffffff-no-rj", "heart": false, "reply": false, "time_parsed": 1715483280.933094}
{"cid": "UgzS55IJUZ7FRu1448N4AaABAg", "text": "I have been a trainer for the last 30 years in tertiary institute in SG. Personally I have high regards for Malaysian students studying in SG. During my university education in SG quite a number of my professors and lecturers were from Malaysia. There is no shortage of talents in Malaysia. May be you should look at how you pick your student representatives to take part in the PISA competition.", "time": "1 tahun lalu", "author": "@allankor1116", "channel": "UCMoYuS38sFw30r6L8lQ1adA", "votes": "0", "replies": "", "photo": "https://yt3.ggpht.com/ytc/AIdro_kUScfmZMOXI9fvhZpNe-gAuLHMgQRlojWosfcgHfY=s88-c-k-c0x00ffffff-no-rj", "heart": false, "reply": false, "time_parsed": 1715483280.934332}
{"cid": "UgyXC0alYKcTtqPfISx4AaABAg", "text": "💯 agree. My daughter's teacher is so blur. Half of the class gagal in maths science in form 1, tapi dia boleh cakap to parents nothing to worry about. Results tu normal. Betulke??!?", "time": "1 tahun lalu", "author": "@norhaizanomar2926", "channel": "UCEhj3n6FiFRv-lIjaeaR05w", "votes": "0", "replies": "", "photo": "https://yt3.ggpht.com/ytc/AIdro_klhg9qgJQwhuUCEhUu-pMdetZQmAY0pJgzOAUqLcFg1QU=s88-c-k-c0x00ffffff-no-rj", "heart": false, "reply": false, "time_parsed": 1715483280.93552}
{"cid": "UgxNX_QI6sI-yPHCua14AaABAg", "text": "stu pid malasial 😂😂😂😂", "time": "1 tahun lalu", "author": "@Natalie_Chu-SG", "channel": "UCvDVcilyEY0_S3SIXi_8n0Q", "votes": "1", "replies": "", "photo": "https://yt3.ggpht.com/ytc/AIdro_mS7ZW0HsPy6zl7d6yquO4kWn1m9yms6J3Bqqkkgj1i98jeLCXdXmySJ_MzX2tbjRBORA=s88-c-k-c0x00ffffff-no-rj", "heart": false, "reply": false, "time_parsed": 1715483280.93663}
{"cid": "UgygHhLIqyDTAOHHu2h4AaABAg", "text": "Nothing to do with the 🇲🇾 education.\nThe 🇲🇾 IQ ranking shows is is no better .", "time": "1 tahun lalu (diedit)", "author": "@wjj7488", "channel": "UCZbjPUjxia-q7dreqvbNipw", "votes": "0", "replies": "1", "photo": "https://yt3.ggpht.com/ytc/AIdro_kAT5i-DdwrmaUgLF3wCVa1fCr5BP0EMT_0Jnmxg_4=s88-c-k-c0x00ffffff-no-rj", "heart": false, "reply": false, "time_parsed": 1715483281.319643}
{"cid": "UgxRLhpcoDc6AQa_6uh4AaABAg", "text": "Ehh…I would like to point out that you have a typo with the phrase Problem Solving in your video…😅", "time": "1 tahun lalu", "author": "@chiaolim7773", "channel": "UCLYP2rW21afK7E-8FNh5_nw", "votes": "0", "replies": "", "photo": "https://yt3.ggpht.com/ytc/AIdro_mMo1uprD-gJsJ6pepjty3bmITlaspQg7LerkB2wVjOFeY=s88-c-k-c0x00ffffff-no-rj", "heart": false, "reply": false, "time_parsed": 1715483281.32188}
{"cid": "UgwxO9F_50sJBvacAYB4AaABAg", "text": "Quality of education in Malaysia is really half-past six.", "time": "1 tahun lalu", "author": "@sktoh4469", "channel": "UCgofSO0sIwak7BVB_9efJrQ", "votes": "1", "replies": "", "photo": "https://yt3.ggpht.com/ytc/AIdro_kQz06X4ztRDVQ5-LSIgN8ZJkBhNK88hTY1x57FcxY=s88-c-k-c0x00ffffff-no-rj", "heart": false, "reply": false, "time_parsed": 1715483281.323774}
{"cid": "UgzNQ3jXdKLQouj65gV4AaABAg", "text": "The Philippines is doing much worse but it is currently the fastest rising economy in southeast asia and will overtake thailand before the end of this decade. I believe there is no direct correlation between education and having a weak workforce. Although education is vital for each individual not all people with good education end up or willing to be part of the country's workforce. I just saw  a news about a guy from troubled southern philippines who had no education at all, he came to capital manila few years ago lived under a bridge for sometime but he now is one the most successfull \"Pares streetfood\" owner boasting a new house and a car. The resiliency and success of a person is not measured by his education, rather his determination to succeed in life.", "time": "1 tahun lalu", "author": "@jojobuenaflor3568", "channel": "UCmlnLiSEKhl9C7cRDRvIdOA", "votes": "0", "replies": "2", "photo": "https://yt3.ggpht.com/ytc/AIdro_kbQppSF2XNFHMeOO3AIpv6eD9Gb3Ln2IOFW7_klnyl8BQ=s88-c-k-c0x00ffffff-no-rj", "heart": false, "reply": false, "time_parsed": 1715483281.32556}
{"cid": "UgyVH3TrgrYfhqVeas54AaABAg", "text": "It's a total failure!!!! You are very right!!!!", "time": "1 tahun lalu", "author": "@knights7256", "channel": "UCHViyHxmmMbO7VwyF-RDRxw", "votes": "2", "replies": "", "photo": "https://yt3.ggpht.com/ytc/AIdro_mBL0sRt9hNmqljodSPF8SGRpl5x4xNg8WWSGZkJB8=s88-c-k-c0x00ffffff-no-rj", "heart": false, "reply": false, "time_parsed": 1715483281.327342}
{"cid": "UgwRLp1vyVGt05s7gAt4AaABAg", "text": "i transferred to an international school and im learning great here but its literally way to expensive. great education and great teachers tho compared to the gov schools,i was quite literally scolded by my teacher because i didnt know how to do it despite him just reading a book thinking i understand rather than actually connecting to students,made me stand up during all lesons he taught because apparantly i didnt know chinese well enough..shows that these teachers they hired are just people picked from the streets. ADDING ON (EDIT) the gov schools gave like 6-7 hw a day when i was literally just in 5th grade. and all these homeworks were like essays or literally 10-15 pages long it was so stressfull.", "time": "1 tahun lalu (diedit)", "author": "@alexmeowytofficial9294", "channel": "UCEL1gRotPM3Xlv9wkyOVMhg", "votes": "0", "replies": "", "photo": "https://yt3.ggpht.com/SyZeeiGPjSrjEbso93Xc_ceqF-d5aFSZzvdF7D4WT8jbWevv_OtWDQ-0JxmTA_zw8z30syjQ=s88-c-k-c0x00ffffff-no-rj", "heart": false, "reply": false, "time_parsed": 1715483281.329042}
{"cid": "UgyMSxfGf1mo1PKSXSx4AaABAg", "text": "Oh God.", "time": "1 tahun lalu", "author": "@silvarajoomuniandy4316", "channel": "UCjjwprR5-5u0e5WLmrL0DDw", "votes": "0", "replies": "", "photo": "https://yt3.ggpht.com/ytc/AIdro_nRKxrzwPiFPkC85_Pi-En8Zd2QbBC5-qu9d_b16Sk=s88-c-k-c0x00ffffff-no-rj", "heart": false, "reply": false, "time_parsed": 1715483281.330578}
{"cid": "UgyvtwthhYQRpGusB0x4AaABAg", "text": "Are we going down.", "time": "1 tahun lalu", "author": "@silvarajoomuniandy4316", "channel": "UCjjwprR5-5u0e5WLmrL0DDw", "votes": "0", "replies": "", "photo": "https://yt3.ggpht.com/ytc/AIdro_nRKxrzwPiFPkC85_Pi-En8Zd2QbBC5-qu9d_b16Sk=s88-c-k-c0x00ffffff-no-rj", "heart": false, "reply": false, "time_parsed": 1715483281.332107}
{"cid": "UgzMsxu14nQNtJYgyPd4AaABAg", "text": "When mahatir was PM he wanted the education system to dwindle so he can rule over the peopke who ate without much knowledge.", "time": "1 tahun lalu", "author": "@silvarajoomuniandy4316", "channel": "UCjjwprR5-5u0e5WLmrL0DDw", "votes": "0", "replies": "", "photo": "https://yt3.ggpht.com/ytc/AIdro_nRKxrzwPiFPkC85_Pi-En8Zd2QbBC5-qu9d_b16Sk=s88-c-k-c0x00ffffff-no-rj", "heart": false, "reply": false, "time_parsed": 1715483281.33364}
{"cid": "UgxErGIQpnokBJLOnWZ4AaABAg", "text": "As a 15 years old highschooler i agree that our education system is broken. The negligence of upsr and pt3 make students believes that they only jave to worried about SPM. Not to mention the fact that allowing 13 years old to start using calculator is already a problem at the end of it self. In my opinion we have to expose to students about algebra in early stages like 12 years old instead of 13. Right now completing a math question felt like a chore but it shouldn't be that way it should be fun. There is something broken in our teaching system because these days i cant even see 12 year olds doing simple multiplication like 5 x 9 \n.Maybe a reward base system could encourage students to do better. Day by day going to school actually felt like going to work  and pressured to become the the best or better.\n\n\nAlso I would like to add that when students are interested or wanna know more some teachers shut them down by telling \"oh juts ask your parents or Google it\" when the things are about their teaching subjects. Sometimes when we get our answers wrong the teacher did not encourage us to be better instead they would say stuff like \"don't waste my time if you are not getting it right\" or \"if you fail or pass I still get paid\".", "time": "1 tahun lalu (diedit)", "author": "@blaze1019", "channel": "UCwGRK4kISTVffNVa89TIa4A", "votes": "6", "replies": "", "photo": "https://yt3.ggpht.com/ytc/AIdro_m1lKZBYOpWL3WId4639dGN6tP7tBLkRM23CeAZprDXTCA=s88-c-k-c0x00ffffff-no-rj", "heart": false, "reply": false, "time_parsed": 1715483281.335056}
{"cid": "Ugz6cBfvPieoTMN5kKR4AaABAg", "text": "cos...the ultimate objective after may 1969...was to make all you fellas bodoh bangang so that all of you will be sheep to the slaughter. Looks the plan worked. Country lost trillions. Semua jadi grab driver. Merdeka ! Merdeka ! Merdeka ! Kepala hotak merdeka. What a scam....", "time": "1 tahun lalu", "author": "@reubensher8144", "channel": "UCBqBzsnpZ2yrDg8Ns5oWZ1Q", "votes": "0", "replies": "", "photo": "https://yt3.ggpht.com/ytc/AIdro_mqJFF8NlYXATehmiDFju2yaswT6OuL9s63O079uTQ=s88-c-k-c0x00ffffff-no-rj", "heart": false, "reply": false, "time_parsed": 1715483281.336432}
{"cid": "Ugw_ibPIO5cJUZj1r-h4AaABAg", "text": "YOUR POLICY OF SOCIAL EXCULSION IS THE CAUSE FOR ALL.THE PROBLEM.", "time": "1 tahun lalu", "author": "@kandaiyahsuppiah4874", "channel": "UCYTsFyNjIp5HrdKG8Q3FlVQ", "votes": "0", "replies": "", "photo": "https://yt3.ggpht.com/ytc/AIdro_ngRB5573lCQQCDbttqKt5LEuTnYqNqtCJm8hBKhROgzctp8kdESRIcRFD2r9DO68HznQ=s88-c-k-c0x00ffffff-no-rj", "heart": false, "reply": false, "time_parsed": 1715483281.337811}
{"cid": "UgyEZ7X2dn1_VvAwo1F4AaABAg", "text": "How to pick up.\nWe want to change.\nNgo melayu bising bising ini tanah melayu can not change.😂", "time": "1 tahun lalu", "author": "@Masterckn", "channel": "UC4rL8dR0sPgwPwJtAj3I5Kw", "votes": "0", "replies": "", "photo": "https://yt3.ggpht.com/ku9-rP5839dO1Q2JIbyTc-ixWZVJ0vtWuRZeYTuBUmctlQpwh8M7rqRGw_1aR3ALVR2BsVYfllw=s88-c-k-c0x00ffffff-no-rj", "heart": false, "reply": false, "time_parsed": 1715483281.339195}
{"cid": "UgzxM5Vlds0wzcYjyxZ4AaABAg", "text": "So backward, no wonder our ringgits keep go down.laughable", "time": "1 tahun lalu", "author": "@raylee9234", "channel": "UCNtfdMnX_R61MMEuw6oDJ_A", "votes": "0", "replies": "", "photo": "https://yt3.ggpht.com/ytc/AIdro_mE_H0Mh1heZhj25qG1HErb5ddSIoD5PcMqryNiHY9lRN1jAxzJ3XRWlthWPtfOk86zXQ=s88-c-k-c0x00ffffff-no-rj", "heart": false, "reply": false, "time_parsed": 1715483281.340475}
{"cid": "UgzWuMWplGTJZCg3TBd4AaABAg", "text": "Malaysian students set back due to COVID?Other countries also suffer from COVID.come on minister of education,wake up up stop talking crap", "time": "1 tahun lalu", "author": "@raylee9234", "channel": "UCNtfdMnX_R61MMEuw6oDJ_A", "votes": "1", "replies": "", "photo": "https://yt3.ggpht.com/ytc/AIdro_mE_H0Mh1heZhj25qG1HErb5ddSIoD5PcMqryNiHY9lRN1jAxzJ3XRWlthWPtfOk86zXQ=s88-c-k-c0x00ffffff-no-rj", "heart": false, "reply": false, "time_parsed": 1715483281.341701}
{"cid": "UgymTYkUZtpfC3x9YP54AaABAg", "text": "Why bother, just invest more and double down in the Tidak Apa and Relakla Brade culture. Also, because the English language is evil.", "time": "1 tahun lalu (diedit)", "author": "@resekai", "channel": "UClIppXa6eM8WRCutL1MKh_w", "votes": "0", "replies": "", "photo": "https://yt3.ggpht.com/wE3MP9WQfhY4ke2DosU-xqu4-2LOFTmynVNCQ9Q7vmqiabQ96wlJT6Bxgrn26Wrmn7MH4bJpFfw=s88-c-k-c0x00ffffff-no-rj", "heart": false, "reply": false, "time_parsed": 1715483281.34292}
{"cid": "UgxWMLw70kF1dqBl2G14AaABAg", "text": "Looking back at my time in public education, there is a massive difference in teachers that are qualified and capable vs those that are not. Only in form 4 & 5 do we get actually decent teachers and thats for stem classes only", "time": "1 tahun lalu", "author": "@NinoPanino", "channel": "UC95sAx5Ikjf4uXxD6o8jVjA", "votes": "0", "replies": "", "photo": "https://yt3.ggpht.com/Z-w7117uZAVBBMw4rJ9-gvhaSIe-7zElygONfhIU4wWMhcu6Qvpdr8iKZ7PL5u3U5PRl3VWs0gk=s88-c-k-c0x00ffffff-no-rj", "heart": false, "reply": false, "time_parsed": 1715483281.344145}
{"cid": "UgxtXfMS77RZA1c2BCZ4AaABAg", "text": "I seriously hope the authorities don't arrest you for this video. In Malaysia, we cannot criticise anything govt related. There are also those who will tell you \"kalau take suka kat Malaysia, gi duduk negara lain\" \n\nI am neither disappointed nor angry at that but rather happy and thankful. \n\nIt's less competition for us and we will always be ahead of the pack 😂", "time": "1 tahun lalu", "author": "@SubzeroPaul", "channel": "UClE87IR7e6qXaIFt4kF6Whg", "votes": "2", "replies": "", "photo": "https://yt3.ggpht.com/ytc/AIdro_mY1K8EA9FO3rUSfqAoBuMxZHPJBxBdMtRtIfKxNbc6TA=s88-c-k-c0x00ffffff-no-rj", "heart": false, "reply": false, "time_parsed": 1715483281.345369}
{"cid": "UgzhYNnkATjdONRt4Yl4AaABAg", "text": "நல்ல அறிவாளிகள் இல்லை?ஊழல் என்றால் பேர் போனவர்கள்", "time": "1 tahun lalu", "author": "@vivihaha8213", "channel": "UCUe2VhSAUxGYrAN8S_ysjLQ", "votes": "0", "replies": "", "photo": "https://yt3.ggpht.com/ytc/AIdro_m1Hu3ivWIhB3HqWynDMzioSOdFj59b3480j10aEP_9I8f9s2Sbqh3WxiwdOVFdJfLD-g=s88-c-k-c0x00ffffff-no-rj", "heart": false, "reply": false, "time_parsed": 1715483281.346516}
{"cid": "UgxEb51A1XdxE0gc6Pp4AaABAg", "text": "Since 1976, many thanks to ATUK policies. Thanks to Arabian Nationalism. Divide and Rule policies for 40 years damaged 2 generations.  Already downed the longkang la", "time": "1 tahun lalu", "author": "@jimmy8mbb", "channel": "UCSfeNoqxTx9mgA8EQSP9lNA", "votes": "0", "replies": "", "photo": "https://yt3.ggpht.com/hzWWGw24C7wnJHJAQu8eePOe6-2_IIA-1tRX6ZhddiI3Hmyv5P_nncFam8DXOrFto9FLE-Fu=s88-c-k-c0x00ffffff-no-rj", "heart": false, "reply": false, "time_parsed": 1715483281.347664}
{"cid": "UgygHhLIqyDTAOHHu2h4AaABAg.A-dS--ImKdSA-ehHXEtjoh", "text": "stu pid mala si al 🤮🤮🤮😂😂😂", "time": "1 tahun lalu", "author": "@Natalie_Chu-SG", "channel": "UCvDVcilyEY0_S3SIXi_8n0Q", "votes": "0", "replies": "", "photo": "https://yt3.ggpht.com/ytc/AIdro_mS7ZW0HsPy6zl7d6yquO4kWn1m9yms6J3Bqqkkgj1i98jeLCXdXmySJ_MzX2tbjRBORA=s88-c-k-c0x00ffffff-no-rj", "heart": false, "reply": true, "time_parsed": 1715483281.541762}
{"cid": "UgzNQ3jXdKLQouj65gV4AaABAg.A-b071kjoRfA-quXWEoTgP", "text": "Copium", "time": "1 tahun lalu", "author": "@yawaka3412", "channel": "UCMjQIVcy37PxMbUlC5sFZwg", "votes": "0", "replies": "", "photo": "https://yt3.ggpht.com/ytc/AIdro_lXQCuLK8WuHP333F1j0MenAW-CybxCgGSZFZO81n8=s88-c-k-c0x00ffffff-no-rj", "heart": false, "reply": true, "time_parsed": 1715483281.737504}
{"cid": "UgzNQ3jXdKLQouj65gV4AaABAg.A-b071kjoRfA-qyfgCOg1p", "text": " @yawaka3412  Ignorant", "time": "1 tahun lalu (diedit)", "author": "@jojobuenaflor3568", "channel": "UCmlnLiSEKhl9C7cRDRvIdOA", "votes": "0", "replies": "", "photo": "https://yt3.ggpht.com/ytc/AIdro_kbQppSF2XNFHMeOO3AIpv6eD9Gb3Ln2IOFW7_klnyl8BQ=s88-c-k-c0x00ffffff-no-rj", "heart": false, "reply": true, "time_parsed": 1715483281.740897}
{"cid": "Ugwz8OyvSlWDJci9dH54AaABAg", "text": "Education, Moral, Justice = FAILED with flying colors :face-green-smiling::face-green-smiling::face-green-smiling:", "time": "1 tahun lalu", "author": "@spaideman440", "channel": "UCiH3MxsaeBARM79rbOpYbmg", "votes": "0", "replies": "", "photo": "https://yt3.ggpht.com/ytc/AIdro_k1izx_ESjtLhJsVmFr9TDOj3Ro1-leN30uFcqqJv54IOw=s88-c-k-c0x00ffffff-no-rj", "heart": false, "reply": false, "time_parsed": 1715483282.140037}
{"cid": "UgyGnfiFRHJL5Gl2QLJ4AaABAg", "text": "Acknowledge UEC as that provides all the talent. Thanks.", "time": "1 tahun lalu", "author": "@leealex24", "channel": "UCCienV9O2Jkl3bcSyz04L1Q", "votes": "0", "replies": "", "photo": "https://yt3.ggpht.com/ytc/AIdro_k4oWz01IEHmmAJD8Za7cyMZuA66jBofSPqUMOeb7k=s88-c-k-c0x00ffffff-no-rj", "heart": false, "reply": false, "time_parsed": 1715483282.142252}
{"cid": "UgzDe2pU4pnnJp1bmrB4AaABAg", "text": "Yaaa when Madani choose a non educated.education knowledge...system..a not even a X Teacher...X Prof..but just choose a lawyer to be a leader of E\nEducation system ..brain drain our education. Malusia bolehhhhhhh", "time": "1 tahun lalu", "author": "@nan4u372", "channel": "UCnouy3uuOqKEyCZDpuqKRcQ", "votes": "0", "replies": "", "photo": "https://yt3.ggpht.com/ytc/AIdro_mYRc_f-8H49SzQfOlCOsjj53KURfd1RSeIbbm6yeFgCwsm=s88-c-k-c0x00ffffff-no-rj", "heart": false, "reply": false, "time_parsed": 1715483282.144037}
{"cid": "UgxdzzFB7SoZ7XUvdsh4AaABAg", "text": "Always EXCUSES !!!", "time": "1 tahun lalu", "author": "@beelichoong2143", "channel": "UCBhbxJwP7UAtWvRQHfovxUg", "votes": "0", "replies": "", "photo": "https://yt3.ggpht.com/ytc/AIdro_k1ZEWtX7ZdMd6eMquYo2zteIajDtmohm0A8grHvaU=s88-c-k-c0x00ffffff-no-rj", "heart": false, "reply": false, "time_parsed": 1715483282.145827}
{"cid": "UgzwqeQwTGYIf60jPGx4AaABAg", "text": "Kept practicing this bumiputra system in Malaysia educational system, this country will continue to stagnate and rot.", "time": "1 tahun lalu", "author": "@michaellee3314", "channel": "UCnaEGFxtEI9BVjsO6gIkArQ", "votes": "0", "replies": "", "photo": "https://yt3.ggpht.com/ytc/AIdro_nu0LnexKNGljhwStBvTfXHnRKRgFmwxgqpmNY1uVc=s88-c-k-c0x00ffffff-no-rj", "heart": false, "reply": false, "time_parsed": 1715483282.147411}
{"cid": "UgwVAnU2Dzhv45-I1A54AaABAg", "text": "pisa", "time": "1 tahun lalu", "author": "@superppsurprise_", "channel": "UCXPLuVpSQkMtabV-DBSi-fA", "votes": "0", "replies": "", "photo": "https://yt3.ggpht.com/cUFey03ro6Ulr5XA35eXALMw1xnqpukFqYzOnNrgWe_bpHR5UIpXPaGgGWbfIDa_-9gH2ufIiQ=s88-c-k-c0x00ffffff-no-rj", "heart": false, "reply": false, "time_parsed": 1715483282.149008}
{"cid": "Ugxs6qQwYEsD1FyKcB94AaABAg", "text": "Get back Malaysia pr from Singapore to teach if they want. Even though the pressure and stress level are so much higher but the efficiency and salary with annual incremental increase enticed them to stay on nevertheless.", "time": "1 tahun lalu (diedit)", "author": "@alexlim4508", "channel": "UC2BHxOjWMO0nTEeng9xaOSw", "votes": "0", "replies": "", "photo": "https://yt3.ggpht.com/ytc/AIdro_n6ZBBa_3wssvZ-3uYejR-pYif7bZ3F-sJr33JSyktwwYCCLRkkFCHIjZW7Up1yAzVU4w=s88-c-k-c0x00ffffff-no-rj", "heart": false, "reply": false, "time_parsed": 1715483282.150548}
{"cid": "Ugx9wuJB5l7Y2PtKWLN4AaABAg", "text": "Pisa. Pisa. Pisa.🎉", "time": "1 tahun lalu", "author": "@alexlim4508", "channel": "UC2BHxOjWMO0nTEeng9xaOSw", "votes": "0", "replies": "", "photo": "https://yt3.ggpht.com/ytc/AIdro_n6ZBBa_3wssvZ-3uYejR-pYif7bZ3F-sJr33JSyktwwYCCLRkkFCHIjZW7Up1yAzVU4w=s88-c-k-c0x00ffffff-no-rj", "heart": false, "reply": false, "time_parsed": 1715483282.152082}
{"cid": "Ugyft1tqywkpHNIhaJF4AaABAg", "text": "I've had teachers that worked as a teacher only because teachers are required to work less than other jobs due to school holidays,and even during school holidays were they ever paid.\nSome even taught badly on purpose so students will require additional tuition that the teachers conveniently provide after school", "time": "1 tahun lalu", "author": "@xiaosky123", "channel": "UCAB8OfXQjNSuwbqMlQV5X8g", "votes": "0", "replies": "", "photo": "https://yt3.ggpht.com/ytc/AIdro_n9QzLCXp_mdmWMXgUQ4yb3MGIcQOT1U5czqz_knGg=s88-c-k-c0x00ffffff-no-rj", "heart": false, "reply": false, "time_parsed": 1715483282.153623}
{"cid": "UgwxUxTGCRoUr5lf4GV4AaABAg", "text": "Its true we shouldn't blame the current education minister, but until this moment nothing substantial and meaning was done or proposed.", "time": "1 tahun lalu", "author": "@chillrelax7555", "channel": "UCDslx_7pzv-aEPmCpEhs4zw", "votes": "0", "replies": "", "photo": "https://yt3.ggpht.com/ytc/AIdro_mIRlEtWmnmqDA_pc6jONQW7MtNdmeuukgwEXbdZ7HGEw=s88-c-k-c0x00ffffff-no-rj", "heart": false, "reply": false, "time_parsed": 1715483282.155053}
{"cid": "Ugyg7QeVCyQ_7Y99-794AaABAg", "text": "Education system in Malaysia is from before is not well maintained and not to the standard  which Malaysian should be proud of compared with other Asian countries.", "time": "1 tahun lalu", "author": "@abdulmuhid1816", "channel": "UClHIaB7cIyrZ4B_wAcBiT2Q", "votes": "0", "replies": "", "photo": "https://yt3.ggpht.com/ytc/AIdro_mPxhzwp5-c_FO7sRLc_hFqHw0wljdIMThRGwTrwx0=s88-c-k-c0x00ffffff-no-rj", "heart": false, "reply": false, "time_parsed": 1715483282.156426}
{"cid": "UgyU1iAnvUadZnQyRZp4AaABAg", "text": "There is hope if Malaysia invest heavily in ai and inject that into education system.", "time": "1 tahun lalu", "author": "@todayinsingapore", "channel": "UCVAwJ9lMe8jefFFFn1Qn2XQ", "votes": "0", "replies": "", "photo": "https://yt3.ggpht.com/ytc/AIdro_mglSGNWk20-HpB6wp4hDTlkjSknX7Mob79E28e-oGndr22p_2wSbntTBphlxeuIcZhlA=s88-c-k-c0x00ffffff-no-rj", "heart": false, "reply": false, "time_parsed": 1715483282.157797}
{"cid": "UgyBDBqJDqZZuVmBg0l4AaABAg", "text": "I bet you as Education system concern it going to be stay-put in the drain ........", "time": "1 tahun lalu", "author": "@subrakolandai5463", "channel": "UCiaBHGrO_Ts7ts9jMyVyUcg", "votes": "0", "replies": "", "photo": "https://yt3.ggpht.com/ytc/AIdro_ngwARQtQXLIjL_2M_DFibUSwgwOKcWPzPsbuYPhVk=s88-c-k-c0x00ffffff-no-rj", "heart": false, "reply": false, "time_parsed": 1715483282.15919}
{"cid": "Ugxi2x6BGGeCtPQJ6RV4AaABAg", "text": "Forever😢😢😢😢😢", "time": "1 tahun lalu", "author": "@subrakolandai5463", "channel": "UCiaBHGrO_Ts7ts9jMyVyUcg", "votes": "0", "replies": "", "photo": "https://yt3.ggpht.com/ytc/AIdro_ngwARQtQXLIjL_2M_DFibUSwgwOKcWPzPsbuYPhVk=s88-c-k-c0x00ffffff-no-rj", "heart": false, "reply": false, "time_parsed": 1715483282.160499}
{"cid": "Ugwyny2GdQlCzpEfiNJ4AaABAg", "text": "We in Malaysia we don't use pizza to secure but....but....but.  NASI LEMAK ASSESMENT LAH😂😂😂😂😂😂", "time": "1 tahun lalu", "author": "@subrakolandai5463", "channel": "UCiaBHGrO_Ts7ts9jMyVyUcg", "votes": "0", "replies": "", "photo": "https://yt3.ggpht.com/ytc/AIdro_ngwARQtQXLIjL_2M_DFibUSwgwOKcWPzPsbuYPhVk=s88-c-k-c0x00ffffff-no-rj", "heart": false, "reply": false, "time_parsed": 1715483282.161724}
{"cid": "UgzbH-OZdTl9ZfMJToN4AaABAg", "text": "My mom is a teacher and I told her that she is a liability to the government because since the subjects she was teaching were revamp, she didn't improve herself by embracing the new subject such as Computer Science (she was teaching ICT before). It's normal where people are so comfortable in their bubble which is the case with government servants knowing they can't be fired.", "time": "1 tahun lalu", "author": "@j.bernardsaipoh8111", "channel": "UC-d11TohZwKtkNIXW--hqDg", "votes": "0", "replies": "", "photo": "https://yt3.ggpht.com/ytc/AIdro_kjCKpBbovh5720bM3zxsDLCN0vsv6OVx-QKfSRIOU72A=s88-c-k-c0x00ffffff-no-rj", "heart": false, "reply": false, "time_parsed": 1715483282.162948}
{"cid": "UgwV-d751AlUunkpM954AaABAg", "text": "The main fault is the govt. is not putting QUALIFIED people for the job and instead appointing them by RACE. We have seen so-called Ph. Ds\n holders who cannot tell shit from clay going around making a fool of themselves trying to change events??", "time": "1 tahun lalu (diedit)", "author": "@kristianham", "channel": "UCzFt83xErrYfG3KGeQBrnnw", "votes": "0", "replies": "", "photo": "https://yt3.ggpht.com/ytc/AIdro_nZTzUfS5xAPolA2LqYZGVFFryPxHcXKAXCwgyYzQ4=s88-c-k-c0x00ffffff-no-rj", "heart": false, "reply": false, "time_parsed": 1715483282.164189}
{"cid": "UgzFOeFWXa_oGBpyNjt4AaABAg", "text": "My daughter is in MMU. She just told me UM law students can bring scripts into the exam room.\nDuring my time,the results in School certificate were published in the newspaper. Getting Division ONE didn’t qualify me to continue A level in government school. The system is self destruct; but blaming on others for own failure.", "time": "1 tahun lalu", "author": "@andywong9847", "channel": "UCTVsoikVZ09u0z1CLTfYxgA", "votes": "2", "replies": "", "photo": "https://yt3.ggpht.com/ytc/AIdro_l9ksZm0KGWDX3gx7gEq606a7rQYqSpG0oGOe2AxRY=s88-c-k-c0x00ffffff-no-rj", "heart": false, "reply": false, "time_parsed": 1715483282.165407}
{"cid": "Ugwh7zADVeRjFBOExG54AaABAg", "text": "Stop learning. Poor people can be happy too. Someone argue with me. 😂", "time": "1 tahun lalu", "author": "@nickyyap1663", "channel": "UCB3dqH8XYtYD60YiGmshcQg", "votes": "1", "replies": "", "photo": "https://yt3.ggpht.com/ytc/AIdro_kKwOy-8Q8w0xWnHJnyEPKYroGcucbYAPS2sSFbA_8=s88-c-k-c0x00ffffff-no-rj", "heart": false, "reply": false, "time_parsed": 1715483282.166577}
{"cid": "UgwLbsmgJXleRJz-bPB4AaABAg", "text": "🙏  While other South East Asian Countries' Ministry of Education ( MOE )  are focusing on giving  Internationally Recognised & Employable Education for their students , Malaysia's closed-minded politicians use Religion & Race based & own thinking to change the National Education Syllabus & Curriculum to gain their political advantages ... No wonder many Malaysia world travelled wiser parents send their children to private schools that taught in Internationally Recognised Schools so their children's Certificates , Diplomas & Degrees are Recognised in Overseas when applying for jobs in Multi-National Corporations!  ... Malaysian government has became a Master of Sabotaging Malaysians' education , job prospects in international job markets & binding & shooting talented Malaysian's feet so as to see them fail as to level the playing fields in Malaysia! Are the younger Malaysian generations who study in Malaysian National Schools in Big Trouble now in year 2023 onwards?! Imagine Malaysia is in the lower rank in the PISA ranking among countries in South East Asia , how Malaysian National School students are going to compete with International Workforce in Multi-National Corporations after their graduations?!  Harap Pagar , Pagar Makan Padi?!  🕯🌏🇲🇾", "time": "1 tahun lalu", "author": "@stargazeronesixseven", "channel": "UCQOIXTWnszwPiZTDBoVOfhw", "votes": "1", "replies": "", "photo": "https://yt3.ggpht.com/ytc/AIdro_kwx83PNmc9B8NrCBPAJP-8k00V73kG3wt-NmynzXY=s88-c-k-c0x00ffffff-no-rj", "heart": false, "reply": false, "time_parsed": 1715483282.167729}
{"cid": "Ugz8POq8rY5D9jFlzx94AaABAg", "text": "Those who want to make great progress will not depend solely on the education system. They will enrol in other classes/courses to boost their knowledge as a backup plan.", "time": "1 tahun lalu", "author": "@PL-lt3wz", "channel": "UC9PfBx0o1NDypqd9BkBFfdw", "votes": "0", "replies": "", "photo": "https://yt3.ggpht.com/ytc/AIdro_kB-dm3WbuuIJOx9EZvfm0wTpaQ4yXqP_M0CORyfrM=s88-c-k-c0x00ffffff-no-rj", "heart": false, "reply": false, "time_parsed": 1715483282.548685}
{"cid": "Ugx6vK6L8j1Y2PucvIh4AaABAg", "text": "Anything malay muslims manage will fail miserably... Period.", "time": "1 tahun lalu", "author": "@dtang3288", "channel": "UC78MZrkUd28F65ZVg_iq-pA", "votes": "0", "replies": "", "photo": "https://yt3.ggpht.com/yrBVjS8N5QQqWaYoIq4II7MIkmwGdO5We4OeZs8biIFAncuqaDqekhNy_Y5NiVOoTYMOGmax=s88-c-k-c0x00ffffff-no-rj", "heart": false, "reply": false, "time_parsed": 1715483282.550941}
{"cid": "UgyEpFy_jqfKi6sUCEZ4AaABAg", "text": "The well-educated, dedicated Malaysia teachers are highly sought after in Singapore and many well developed countries. The teachers are highly paid and have good career progression. Malaysia can learn from the Singapore education system. Must pay the teachers well and treat them with respect.\n\nI agreed with the comments from viewers for Malaysia to progress do away with politics in the education system. Equality treatment for all races based on merits and dedication of educators to make Malaysia boleh.", "time": "1 tahun lalu (diedit)", "author": "@choonhockong8215", "channel": "UCcZySBlTJyNvPQqyEMefMAQ", "votes": "0", "replies": "", "photo": "https://yt3.ggpht.com/ytc/AIdro_mnDc_4kFQLO5R8Jb7nY9YpfJazJ3eQBHYArSq-zK8=s88-c-k-c0x00ffffff-no-rj", "heart": false, "reply": false, "time_parsed": 1715483282.552788}
{"cid": "UgzPQbY-g0z1wh3ezHV4AaABAg", "text": "We lack good quality teachers, especially in math, science and english. Even our uni standards has drop badly.", "time": "1 tahun lalu", "author": "@abdulrahmansallehudin9351", "channel": "UCHR2EU42DW7_SwOp2drsO9w", "votes": "0", "replies": "", "photo": "https://yt3.ggpht.com/ytc/AIdro_nlWttxh1lSySsaJykW_Oxkmh_6KJdYtrQtrG-hQiu0uYl5NsEH4E4-8uSEXx2KrJuzRA=s88-c-k-c0x00ffffff-no-rj", "heart": false, "reply": false, "time_parsed": 1715483282.554582}
{"cid": "UgyHcGSm5irn0k3l1TJ4AaABAg", "text": "Should only be national schools with goal based or focus trents. Just a thought.", "time": "1 tahun lalu", "author": "@azaannawawi4553", "channel": "UCYbOZ5p7rPG7pyOX5ihsB1Q", "votes": "0", "replies": "", "photo": "https://yt3.ggpht.com/ytc/AIdro_n2udBzeYBteVO94AOvACDKqyHN4sBTqV2YenVzO3Y2Ic5h7sd9c1UhQi-g7V9kvb_L3A=s88-c-k-c0x00ffffff-no-rj", "heart": false, "reply": false, "time_parsed": 1715483282.556229}
{"cid": "UgxxD77OWesWSr8L-694AaABAg", "text": "Malaysia education is designed to create stupid people so that they will continue to support useless politicians.", "time": "1 tahun lalu", "author": "@parrotbrand2782", "channel": "UCKr6VXHXMSu46XCrOiLXG2g", "votes": "0", "replies": "", "photo": "https://yt3.ggpht.com/ytc/AIdro_mVyfrZrgRUs9soSiRkQLIfYoMtQ6G3OBwI6ax8EGY=s88-c-k-c0x00ffffff-no-rj", "heart": false, "reply": false, "time_parsed": 1715483282.557776}
{"cid": "UgxQ2GXO7Jd0Js1SXGl4AaABAg", "text": "Just sharing my personal experience, I work in the biological sciences research sector, so I can only comment on my field. I had the opportunity to teach both Malaysian and Singaporean interns in my job. Yes, I'm sorry to say that the quality of graduates from Malaysian Universities, even some from as prestigious as Universiti Malaya, was seriously lacking even when compared to Singaporean Polytechnic graduates. Language barrier is of course an issue as Singapore's teaching medium is in English, so the Singaporean interns naturally have an advantage in an international setting, especially in sciences.\nBut one thing that made me seriously question the integrity of Malaysia's higher education system is the lack of practical skills. Most of the interns that I taught seem like they have never used or even held the basic scientific tools we used for our jobs a day in their lives. It felt like the Malaysian universities were just pumping them full of theory lessons with no practical application and hoping that they would pick it up when they entered the workforce. I'm sorry but that's not how things work in my field, and I seriously hope Malaysia will reform their education system if they want to remain competitive.", "time": "1 tahun lalu (diedit)", "author": "@psyOmicron", "channel": "UC4O7LE1RCLbexrkxHCWXuKg", "votes": "2", "replies": "", "photo": "https://yt3.ggpht.com/ytc/AIdro_lPy_8tahw_BhKPdfNcayDw37mvq_PXhbvrtv9H9gQ=s88-c-k-c0x00ffffff-no-rj", "heart": false, "reply": false, "time_parsed": 1715483282.559359}
{"cid": "UgwvlqsTotvyxhDceCN4AaABAg", "text": "No amount of talk is going to change anything unless national school is run national way", "time": "1 tahun lalu", "author": "@manogaranramasamy253", "channel": "UCt1frOJ038WfLWdnjTM0qpw", "votes": "0", "replies": "", "photo": "https://yt3.ggpht.com/ytc/AIdro_lvIDTc0kfHq0kNQ5M81EV14-v7R4EufZchcYdDfBRniWw=s88-c-k-c0x00ffffff-no-rj", "heart": false, "reply": false, "time_parsed": 1715483282.560916}
{"cid": "Ugyo9lDzeXnUqwNowql4AaABAg", "text": "Dont bother about Malaysian standard la. You just take care of your children's education and english levels. You cannot change the mentality of Malay ministers. Maybe u sld  do a  Pisa assessment by race la. That wld be more useful for Malaysians...bcos we always talk thru racial lens.", "time": "1 tahun lalu", "author": "@sasikumarnair6543", "channel": "UCoTPPjU3vheAe3Mekx0wqTg", "votes": "0", "replies": "", "photo": "https://yt3.ggpht.com/ytc/AIdro_m8XKHqSWkWTWqWfEqmk_VKzILNNjD_Lzb82OiQOJGQrEQgbhrNF_TgQFrd7LuMlqJAqQ=s88-c-k-c0x00ffffff-no-rj", "heart": false, "reply": false, "time_parsed": 1715483282.562471}
{"cid": "UgxfxBimTFfb3bf-1Id4AaABAg", "text": "Maybe we should go back to ABC objective kind of questions, at least students get to tembak their answers 😢", "time": "1 tahun lalu", "author": "@aqilazhar998", "channel": "UCQJzppmdd73V0qkvmBaylAA", "votes": "1", "replies": "", "photo": "https://yt3.ggpht.com/ytc/AIdro_knPbmACM8X5iYL6mUnOO1hk7lZN9cgr96lFshfYaK1Z0A=s88-c-k-c0x00ffffff-no-rj", "heart": false, "reply": false, "time_parsed": 1715483282.563927}
{"cid": "UgxuRv_jAhw0VxtZkcB4AaABAg", "text": "PISA", "time": "1 tahun lalu", "author": "@Whatexactlyispeace", "channel": "UCP57_Tw5JThSeMzfI5_bkIQ", "votes": "0", "replies": "", "photo": "https://yt3.ggpht.com/ytc/AIdro_nlfs7ieA4kueW_bkG-EKTGChmf-Fq3j-bjPGMTAMx9iZyppVt1YraCAv4AXq61iRyKz7g=s88-c-k-c0x00ffffff-no-rj", "heart": false, "reply": false, "time_parsed": 1715483282.565301}
{"cid": "Ugy6M4CnSnixEDBffAV4AaABAg", "text": "PISA", "time": "1 tahun lalu", "author": "@hiddenblush", "channel": "UCyrL5n1941OHKrLs78aO6aQ", "votes": "0", "replies": "", "photo": "https://yt3.ggpht.com/ytc/AIdro_meqFBE13I76yJ2WcJYdd0gg4pW1qKQNLDqChUXKp7huQ=s88-c-k-c0x00ffffff-no-rj", "heart": false, "reply": false, "time_parsed": 1715483282.566677}
{"cid": "UgykziXseRe98jtYVsB4AaABAg", "text": "Dr Mahathir Muhammad is the best prime minister you have ever had. Malaysia went down the hill after him, none of the clowns you had after him were up to the standard.", "time": "1 tahun lalu", "author": "@ramimjb3215", "channel": "UCCaB6XIEKgNGAIdVTWz0f8g", "votes": "0", "replies": "", "photo": "https://yt3.ggpht.com/ytc/AIdro_k6FtOFd3gwN4jvzBiFGxXXTXWPypzJDCF9pE0KgXtxqpo=s88-c-k-c0x00ffffff-no-rj", "heart": false, "reply": false, "time_parsed": 1715483282.567967}
{"cid": "UgxfXtfrIkmkTvKCmS14AaABAg", "text": "You are absolutely right. Malaysian education ministry should conduct mathematics, science in English.  Make English subject is compulsory..", "time": "1 tahun lalu", "author": "@Wolver-5715", "channel": "UCJ7kaHlFIxjbkFFhtAMLVtA", "votes": "1", "replies": "", "photo": "https://yt3.ggpht.com/ytc/AIdro_mHlw7ihNKNTerOd0YLOFMT8yZzr1y3ZnkV2yqGiVHCApw=s88-c-k-c0x00ffffff-no-rj", "heart": false, "reply": false, "time_parsed": 1715483282.569221}
{"cid": "Ugxc9N3QylJ9FNgwY6t4AaABAg", "text": "Why don't you say what did Malaysia succeed?😁😁", "time": "1 tahun lalu", "author": "@daveang7678", "channel": "UCl7xtg9Z-4Q6F53m-fspBxQ", "votes": "0", "replies": "", "photo": "https://yt3.ggpht.com/ytc/AIdro_kr6CmjlIpFybtGkGRXCgTdW-OdFs2RBD1OBS3MBSk=s88-c-k-c0x00ffffff-no-rj", "heart": false, "reply": false, "time_parsed": 1715483282.570445}
{"cid": "UgxOwM0jaSAOIKohiE14AaABAg", "text": "because its run by Malaysa that desdtroyed the system instead of english use malay", "time": "1 tahun lalu", "author": "@gunasekaran8309", "channel": "UCLLyif102jok_LNFD_JoiKw", "votes": "0", "replies": "", "photo": "https://yt3.ggpht.com/ytc/AIdro_lGIH6Ajz6ymlIUtfkM92srV2f-dFjs30rPZYRukIo=s88-c-k-c0x00ffffff-no-rj", "heart": false, "reply": false, "time_parsed": 1715483282.571665}
{"cid": "UgyvTVDt-iqThLsUKTJ4AaABAg", "text": "When news media interviews Malay community what they want from the government, the most common answer you hear is, we want to vote for the government who will give us more subsidies. A good government will have policies that improves the economic status and quality of life of their citizens that they do not need government subsidies to live a comfortable life. They would have received a good quality education and secured a good paying job, or has good business growth environmental to be profitable entrepreneurs. Examples of countries with competent governments are Singapore, Switzerland, Finland, etc. Their citizens are not looking for their government to give them subsidies because they don't need it. Their expectations of their government are at a much higher level.", "time": "1 tahun lalu", "author": "@soccer.547", "channel": "UCYB4lLBLbvV5fMPItNXQqQg", "votes": "5", "replies": "", "photo": "https://yt3.ggpht.com/bCGTzHlIBcb64mCDjgnNjHdiv7rxN2xDA8zLM1dJpd12zO0i18kcvM1DO7tIOg5i7mHmgmyyOA=s88-c-k-c0x00ffffff-no-rj", "heart": false, "reply": false, "time_parsed": 1715483282.572881}
{"cid": "Ugw15-XhQDZ-FWaMqKh4AaABAg", "text": "It is so sad when once our education system has such high standards but it has been destroyed and compromised. Even until today still fighting over English being taught in Maths and science is evidence of the mess. It is too late to do anything. 😢", "time": "1 tahun lalu (diedit)", "author": "@thomasho9637", "channel": "UCUZLvdxsds3bLhwk3TbRvCA", "votes": "0", "replies": "", "photo": "https://yt3.ggpht.com/ytc/AIdro_lKdYAX8M3BNuGVCB_YrVU0BcIsmQign6DD0CQvYbb-9Rs=s88-c-k-c0x00ffffff-no-rj", "heart": false, "reply": false, "time_parsed": 1715483282.574114}
{"cid": "UgwZZxC39lD_JP_8eU14AaABAg", "text": "It is indeed fail as they dont use English in secondary school. Now i have the language problem when working. It is burden to me. Even sometimes don't understand or hard to speak.now starting learning English.damn.\n\nSecond problem was students are always waiting answer in school. Then no critical thinking.\n\nThird was. School are not encourage public speaking activities. Then people are more conservative and more shamed.", "time": "1 tahun lalu (diedit)", "author": "@leeshwufei6533", "channel": "UC7ArAEyV-xZ8DPfC3FCNJ0w", "votes": "0", "replies": "", "photo": "https://yt3.ggpht.com/ytc/AIdro_mJbWuVRcnIUIi_7eR1pjM59y8X5CjZso0VVrbs22kr5A=s88-c-k-c0x00ffffff-no-rj", "heart": false, "reply": false, "time_parsed": 1715483282.575313}
{"cid": "UgwIO3rTUOPcxW99kbh4AaABAg", "text": "Malaysia politicians are the greatest hindrance to the change and progress of the country. They are too proud that they have boo boo badly. Their insistence that their first language is Bahasa Malaysia was a fundamental error to begin with. English language is universally accepted and used almost everywhere except Malaysia. What a crying joke!", "time": "1 tahun lalu", "author": "@davidwongwantho96", "channel": "UC_ykJ2MVQ03TEpu1Stro8Ng", "votes": "0", "replies": "", "photo": "https://yt3.ggpht.com/ytc/AIdro_mun29pKJhpeLxJq9M8JJiOeIAZCOHyuVUoeYzGV14WwOA=s88-c-k-c0x00ffffff-no-rj", "heart": false, "reply": false, "time_parsed": 1715483282.576438}
{"cid": "Ugy1vTfWuwnNkcP9doJ4AaABAg", "text": "Bro 11:35, \"Bahasa\" means \"Language\". you should have said \"Bahasa Melayu\" which is the correct way to interpret \"Malay Language\"", "time": "1 tahun lalu (diedit)", "author": "@baconpancakes8899", "channel": "UCVAmq6NaqLlk3N_rvQV6QiQ", "votes": "0", "replies": "", "photo": "https://yt3.ggpht.com/ytc/AIdro_l5J7oYKxGajQrsyI_rrR7_-9Xd0TCKtbiiaQZuNeRYuHo=s88-c-k-c0x00ffffff-no-rj", "heart": false, "reply": false, "time_parsed": 1715483282.886237}
{"cid": "UgyF6ShJZgfUW_fSdgd4AaABAg", "text": "The reality is that there are many good teachers and educators, it's just that they aren't in the public sector. After all, why would they?", "time": "1 tahun lalu (diedit)", "author": "@baconpancakes8899", "channel": "UCVAmq6NaqLlk3N_rvQV6QiQ", "votes": "0", "replies": "", "photo": "https://yt3.ggpht.com/ytc/AIdro_l5J7oYKxGajQrsyI_rrR7_-9Xd0TCKtbiiaQZuNeRYuHo=s88-c-k-c0x00ffffff-no-rj", "heart": false, "reply": false, "time_parsed": 1715483282.888405}
{"cid": "Ugwua8RQmA1EFOi_NKt4AaABAg", "text": "1:09 Chil-dren", "time": "1 tahun lalu", "author": "@baconpancakes8899", "channel": "UCVAmq6NaqLlk3N_rvQV6QiQ", "votes": "2", "replies": "", "photo": "https://yt3.ggpht.com/ytc/AIdro_l5J7oYKxGajQrsyI_rrR7_-9Xd0TCKtbiiaQZuNeRYuHo=s88-c-k-c0x00ffffff-no-rj", "heart": false, "reply": false, "time_parsed": 1715483282.890272}
{"cid": "Ugyq4POaOi84ZgvYvOl4AaABAg", "text": "Remove malays from all form of government and this country will become 1st world in 10 years...malays r the common factor in the country being held back", "time": "1 tahun lalu", "author": "@TheLastSultan420", "channel": "UCAWRo2dQtp96FawDAMV8d0A", "votes": "0", "replies": "", "photo": "https://yt3.ggpht.com/gpkZURTHAyxGy4c8tiMnHpUPUEHkPzNY3lMHlcsdpRAcp36eE-r-zBOp6CeWdOsUasHQ9IZZPg=s88-c-k-c0x00ffffff-no-rj", "heart": false, "reply": false, "time_parsed": 1715483282.892073}
{"cid": "UgxLq8h-LBe-AsneHf14AaABAg", "text": "I dont believe in bad education but i believe in company's high standard for applicants.", "time": "1 tahun lalu", "author": "@bluewolf4789", "channel": "UCUDS2zPLEIRyRoFJlOu6hxQ", "votes": "0", "replies": "", "photo": "https://yt3.ggpht.com/qLbSFigDBYD65qNqM7ebH6mFW_hfGjKSdg61Xa87_N8AZLy1QmPjThRmR-lt2iwC_cphYbyi=s88-c-k-c0x00ffffff-no-rj", "heart": false, "reply": false, "time_parsed": 1715483282.893685}
{"cid": "UgzTj1VoIO4GuLTAPs14AaABAg", "text": "Students nowadays do not read. They tend to skip questions that require reading and tembak saja especially if they do not care about the outcome. The same students can be excellent in Final Year exams because they see these exams are more important than this Piza exam and they are right to think so.", "time": "1 tahun lalu", "author": "@MalayanFrog", "channel": "UCiWpGF5iZWMMajFo_NkbmJw", "votes": "2", "replies": "", "photo": "https://yt3.ggpht.com/ytc/AIdro_kurZn67Bng955K6S3MP149gNCrWBZIthX2GpBidzv0KA=s88-c-k-c0x00ffffff-no-rj", "heart": false, "reply": false, "time_parsed": 1715483282.895245}
{"cid": "UgyvYPIyq5FoqOt5WEN4AaABAg", "text": "As a westerner living in Pasir Gudang , I am not allowed to teach English to Malaysian students because I am in my fifties . Think about it ! 50 plus years of a Native American speaker living in Malaysia but having to teach English online to Chinese , Turkish , Saudi Arabian students because my experience is not allowed in Malaysia.  This kind of thinking is what traps Malaysian culture from improving in the global marketplace.  In my opinion.\n   Respect given to the other commenters about the vast systemic racism within the country.", "time": "1 tahun lalu (diedit)", "author": "@Papamorely", "channel": "UCygCMhXlCZcMvptdVPOQrDQ", "votes": "5", "replies": "", "photo": "https://yt3.ggpht.com/d48MQlfpqR4R-H7In4W1XnGz2k_PP6z1koceAqJopJn2S2PdBFqbhY6DM6cr8agil4FdrHcEpA=s88-c-k-c0x00ffffff-no-rj", "heart": false, "reply": false, "time_parsed": 1715483282.896808}
{"cid": "UgxaWa55okf2blDFRfh4AaABAg", "text": "Ada aku Kisah???\nSelamber .asal melayus islang.", "time": "1 tahun lalu", "author": "@sengchuanng2004", "channel": "UC5upkXulo-zCrJ8yQWckclQ", "votes": "0", "replies": "", "photo": "https://yt3.ggpht.com/ytc/AIdro_kiqS5_mejWGRSL9UvjPChPRPfmUSuGujmM-REzrYU=s88-c-k-c0x00ffffff-no-rj", "heart": false, "reply": false, "time_parsed": 1715483282.898386}
{"cid": "UgytHIiwKBvwrIECg194AaABAg", "text": "GOOD TALK", "time": "1 tahun lalu", "author": "@lingolim1928", "channel": "UCgSxIbMRtc4rnJVb-D8dQ9w", "votes": "0", "replies": "", "photo": "https://yt3.ggpht.com/ytc/AIdro_nI_-innEAWuvjisyse-XVrZaJY1GAjwUbj5EN9nAc=s88-c-k-c0x00ffffff-no-rj", "heart": false, "reply": false, "time_parsed": 1715483282.899931}
{"cid": "UgxyyckMEPafMe6sFpJ4AaABAg", "text": "Very agree with this issues.. No wonder all Malaysian politician so S_UPID!! .. Compare malaysia to singapore.. We Malaysian years back in all aspects.. Malaysia has to throw their ego.. See which country module are great/awesome.. Apply it!!.. Damn", "time": "1 tahun lalu", "author": "@redzuanzain1649", "channel": "UCpilAMVcdD-q4yFWXqUX6cg", "votes": "0", "replies": "", "photo": "https://yt3.ggpht.com/ytc/AIdro_k97d3h193v8N_OaE1ja93LHtzBxDy5ZLklko2eMoxWV3y6WaVyWqg_QGb-zkaZxPeKXw=s88-c-k-c0x00ffffff-no-rj", "heart": false, "reply": false, "time_parsed": 1715483282.90137}
{"cid": "Ugzo2ZkDNZvlHeRrjl54AaABAg", "text": "I am 65 years old. We had a fantastic education system then. Now my family is always talking about the education every weekend when we meet. The language is the number 1. Dual what 😢. No wonder my family is going to International schools. So much of brain drain going on. The TEACHERS  should be made responsible and passionate.  My sister who was a teacher here later moved to Singapore and was amazed with their system. Why are we not sharing and learning from all the countries after the Pisa.", "time": "1 tahun lalu", "author": "@elizabethramasamy672", "channel": "UCzU1LcpSDeU8k-4BSJnOiOA", "votes": "7", "replies": "2", "photo": "https://yt3.ggpht.com/ytc/AIdro_kUhJACltvRTurxTj1BZEfoxHaAhdLzEZgIRnFtZSQ=s88-c-k-c0x00ffffff-no-rj", "heart": false, "reply": false, "time_parsed": 1715483282.902734}
{"cid": "UgwukeYkC72QzLqf7Bh4AaABAg", "text": "Some also just hand money under table if ykwim…", "time": "1 tahun lalu", "author": "@jun1_", "channel": "UC8hLqleRiJtIDlYBrbKgMew", "votes": "0", "replies": "", "photo": "https://yt3.ggpht.com/PUaLEYr4ra1AUxmXFikyphu7h1Wi7h684Zpf49NNjnh-3HyIbaAy7VIMkokiA22rZisYIfgyJuw=s88-c-k-c0x00ffffff-no-rj", "heart": false, "reply": false, "time_parsed": 1715483282.904101}
{"cid": "UgzxfRyC2JUmEcLywTN4AaABAg", "text": "No, you're wrong if you said that the problem is come from the teachers. Trust me, semua lantikan guru-guru tetap ni mostly knowledgeable and passion with their career. Sebenarnya masalah bermula daripada bebanan kerja guru tu sendiri. Siapa yang jadi cikgu faham la. Bayangkan only 20%-30% sahaja kerja mengaajar student. Selain daripada tu semua kerja2 yg tiada langsung kaitan dengan PdP. Macam mana lah nak fokus mengajar elok-elok kalau kerja mengajar pun limited. Cikgu lah kerani, ketua program merepek itu ini. They just want to teach students.", "time": "1 tahun lalu", "author": "@Minlock19", "channel": "UC8ENQZ3sUXCgs3TG6VQ9vcQ", "votes": "20", "replies": "6", "photo": "https://yt3.ggpht.com/ytc/AIdro_l6AZhg-JZRziJjdNwr8gcW-wP8DCBBToYTkfJes1nwc08x=s88-c-k-c0x00ffffff-no-rj", "heart": false, "reply": false, "time_parsed": 1715483282.905468}
{"cid": "UgycvKJUdxF-ioBwedh4AaABAg", "text": "Why u people generally blame the teachers? Just bcoz a handful are not performing as they should. Not to forget tht there are many tcers who are hardworking, worked overtime, worked beyond their capacities and limits to make sure their students were educated and perform well in their exams. Pls la stop blaming the tcers who always never fail to say NO to any ARAHAN given to them. Do not generalise your observation based on a handful incidents and examples. Do a proper research or study and present a paper to show ur results and conclusion.", "time": "1 tahun lalu", "author": "@nurulaintay", "channel": "UCN8BMjaBSpq6AmF_JQCfJUg", "votes": "0", "replies": "", "photo": "https://yt3.ggpht.com/ytc/AIdro_nyx4H7G1rTYw9AKWE8-thSWJ_edUmG9Gq3FlxBtRgsP6Zt=s88-c-k-c0x00ffffff-no-rj", "heart": false, "reply": false, "time_parsed": 1715483282.906795}
{"cid": "UgwbhC-rWfoFsERBj514AaABAg", "text": "😅 You dont need a Phd to figure that out😅.  The rot started from 1968. Before that  , there exist top schools in every State n world class teachers. Today its more like kampong schools with 3rd world standards.", "time": "1 tahun lalu", "author": "@clancywong", "channel": "UCNbURadt9bqWzpPyK5dWCqw", "votes": "0", "replies": "", "photo": "https://yt3.ggpht.com/ytc/AIdro_kpxekhonEgpwixG0YXXu-huvib35C0VNY-0sFg-3KimOg=s88-c-k-c0x00ffffff-no-rj", "heart": false, "reply": false, "time_parsed": 1715483282.908061}
{"cid": "Ugwlxgotv9ovDMizKgt4AaABAg", "text": "Its all because of Quota system and discriminating passing marks for Muslims and non Muslims", "time": "1 tahun lalu (diedit)", "author": "@Ricky-n4e", "channel": "UCwWfb9uSwtk55Gl1BrbiOcg", "votes": "0", "replies": "", "photo": "https://yt3.ggpht.com/ytc/AIdro_kVt-2KnstlTCEKQNERtFu1r0nkoGfCbDaBeHqzzAeOW6FjInY1ji4XDCDXS_eKGhY0Pw=s88-c-k-c0x00ffffff-no-rj", "heart": false, "reply": false, "time_parsed": 1715483282.909295}
{"cid": "UgxfeUhbjvj2-IjDsyR4AaABAg", "text": "it is not a failure. it is much better than many countries. to improve, you need to look at training and paying better salaries for good teachers", "time": "1 tahun lalu", "author": "@9001sem", "channel": "UCe4j0NBar9xuJmyh2IgOaHA", "votes": "0", "replies": "", "photo": "https://yt3.ggpht.com/ytc/AIdro_n_n6VTUHr3rT3IiUflXP7yxyfupEft13oaEZqD0zY=s88-c-k-c0x00ffffff-no-rj", "heart": false, "reply": false, "time_parsed": 1715483282.910517}
{"cid": "UgxBGk2fzoMuXGA_iml4AaABAg", "text": "Chinese primary and Chinese Independent School are much better.", "time": "1 tahun lalu", "author": "@kevintan4321", "channel": "UCggxnWLFakoqHieo0ddpUoQ", "votes": "0", "replies": "", "photo": "https://yt3.ggpht.com/ytc/AIdro_lhcLtkprKzEghG-sE1f2OOabe33SnEohlbEtznPPhTALw=s88-c-k-c0x00ffffff-no-rj", "heart": false, "reply": false, "time_parsed": 1715483282.911736}
{"cid": "UgxP27PW_ZXLVw2AXrN4AaABAg", "text": "Maybe what we really need is a new Education Minister, one who has a clear vision of our education FUTURE.", "time": "1 tahun lalu", "author": "@smartguy1008", "channel": "UClhr1aIC9SexUgcardFLdtQ", "votes": "2", "replies": "", "photo": "https://yt3.ggpht.com/ytc/AIdro_k6KCWwWWazZDPw7N6gHc5MygbBe9lzbV1nJ1lrTtK3sBtiA9u7vvUL0-Qe0H9JOGkVZw=s88-c-k-c0x00ffffff-no-rj", "heart": false, "reply": false, "time_parsed": 1715483282.912915}
{"cid": "UgxEnnFJVvgiSW_aOVt4AaABAg", "text": "Where got? Our religious studies is the best in the world. Better than Cambridge and Harvard.", "time": "1 tahun lalu", "author": "@steelydan1242", "channel": "UC2UJJM7F8fB90VHPiqWgPQQ", "votes": "3", "replies": "2", "photo": "https://yt3.ggpht.com/ytc/AIdro_ns3aPn5O6WtGDAhbeBramAiR9RqHht4kRlBYQ5vCo=s88-c-k-c0x00ffffff-no-rj", "heart": false, "reply": false, "time_parsed": 1715483282.914031}
{"cid": "Ugzo2ZkDNZvlHeRrjl54AaABAg.A-SdsdIzR3zA-SpClXk8B8", "text": "The moment they abolished the English medium of instruction, standard dropped and still dropping. Look at Singapore and Brunei, they still maintain their English medium of Education.", "time": "1 tahun lalu", "author": "@True-Justice88", "channel": "UCpqhzx_3f7bv_wEnuvt63IA", "votes": "2", "replies": "", "photo": "https://yt3.ggpht.com/ytc/AIdro_ltIu98QW9aVmbqVxBW_IQi0xR-vFgzH-Rl4Tsb2VD6G1NqCdIv6pqabuAAW4pBrhtoAw=s88-c-k-c0x00ffffff-no-rj", "heart": false, "reply": true, "time_parsed": 1715483283.126474}
{"cid": "Ugzo2ZkDNZvlHeRrjl54AaABAg.A-SdsdIzR3zA-tKnH1HImE", "text": "You do know that the marking and grading of students in Malaysia is based on  race? The MM and NM are graded under different BELL CURVE 🔔 ... They are graded amongst themselves and you the NM amongst yourselves ... That's how good quality their students are and they're the ones to become the teachers in the local schools. That's why those parents (my friends) who knew this sent their children to overseas, Singapore or private schools. BTW 98.9% of their civil servants are their own people!", "time": "1 tahun lalu", "author": "@genbond7459", "channel": "UCP0NIKggH-NorcPkZDNo2pw", "votes": "6", "replies": "", "photo": "https://yt3.ggpht.com/ytc/AIdro_mOlsgwea8EuVKtSWWBGPprYpaJ3ABGLE-6xcRkc0Pv0eB5KGX5SrKX2B1RGWTU5OGDNw=s88-c-k-c0x00ffffff-no-rj", "heart": false, "reply": true, "time_parsed": 1715483283.12946}
{"cid": "UgzxfRyC2JUmEcLywTN4AaABAg.A-SWrwO5-bPA2gyqLm4FDu", "text": "😂😂😂    Really.....\n\nDo we have quality teachers....", "time": "1 tahun lalu", "author": "@wk3960", "channel": "UCWhoGXXCdaoIGnE7H7OoJLQ", "votes": "0", "replies": "", "photo": "https://yt3.ggpht.com/ytc/AIdro_kW-yieoe5m2mY2SC6BEIXn4CZSR3tAsDcVZOFSY7a-adT5MDk93EKVoISTS-UESjjfbRk=s88-c-k-c0x00ffffff-no-rj", "heart": false, "reply": true, "time_parsed": 1715483283.358824}
{"cid": "UgzxfRyC2JUmEcLywTN4AaABAg.A-SWrwO5-bPA2gzQPfYhQt", "text": " @wk3960  If we don't, just don't send your children to school la, can or not? Homeschooling better.", "time": "1 tahun lalu", "author": "@Minlock19", "channel": "UC8ENQZ3sUXCgs3TG6VQ9vcQ", "votes": "1", "replies": "", "photo": "https://yt3.ggpht.com/ytc/AIdro_l6AZhg-JZRziJjdNwr8gcW-wP8DCBBToYTkfJes1nwc08x=s88-c-k-c0x00ffffff-no-rj", "heart": false, "reply": true, "time_parsed": 1715483283.361808}
{"cid": "UgzxfRyC2JUmEcLywTN4AaABAg.A-SWrwO5-bPA2h2MEEoT0u", "text": " @Minlock19  you can do whatever you like... Nobody stopping you", "time": "1 tahun lalu", "author": "@wk3960", "channel": "UCWhoGXXCdaoIGnE7H7OoJLQ", "votes": "0", "replies": "", "photo": "https://yt3.ggpht.com/ytc/AIdro_kW-yieoe5m2mY2SC6BEIXn4CZSR3tAsDcVZOFSY7a-adT5MDk93EKVoISTS-UESjjfbRk=s88-c-k-c0x00ffffff-no-rj", "heart": false, "reply": true, "time_parsed": 1715483283.364368}
{"cid": "UgzxfRyC2JUmEcLywTN4AaABAg.A-SWrwO5-bPA5RR3DN7-br", "text": "This is the TRUTH. During my practicum, one older teacher told me the system has changed so much. She told me that back then, after she finished prepping for class and marking the books, she even had time to kopek bayam in the office to later cook at home. But now, there is just too much clerical work, programs, data entry, and PBD etc that she has to work all day and can't even sleep much at night every day. It is that bad. The statement \"teachers doing the work related to teaching (preping, marking) is about 20%-30% and the rest is a lot of nonsense work\" is true. Things really need to change or else, it is not possible for teacher to focus on teaching.", "time": "10 bulan lalu", "author": "@amaiwatashi6253", "channel": "UCHNM0K1YjWjRpI5F-iKTlEw", "votes": "2", "replies": "", "photo": "https://yt3.ggpht.com/VWFUWNPNlpr9hqTSa5lxh6AunJzO940EbyRJ3Zwo5eTl2IB9FJ8KI-2QWA0fgv8nnIf2Tx7xgw=s88-c-k-c0x00ffffff-no-rj", "heart": false, "reply": true, "time_parsed": 1720753683.367511}
{"cid": "UgzxfRyC2JUmEcLywTN4AaABAg.A-SWrwO5-bPA7sJ6bu776k", "text": "True, as a student, I know how most of my teachers are passionate about teaching but most of the time they were abcent for a bunch of ridiculous stuff hosting this hosting that going forward trip this trip just so many excuses I tell you that my math teacher had already been absent for 2 weeks without teaching not bc she's sick or whatsoever but bc of another thing that doesn't have to do with PDP. My mom always said that the old teacher during her time was the best, I want the opportunity to be able to learn without having this useless program. One more thing is that I honestly think it was a great idea to study math and science in English even if it wasn't the best way as he said, but it was better than nothing bc than this student has to struggle to understand and push themselves years out from comfort zone. I hope the Ministry of Education will do something to improve education in Malaysia.", "time": "8 bulan lalu", "author": "@leensnai", "channel": "UCBCbn48hJJ-tcpn1yqYSuug", "votes": "1", "replies": "", "photo": "https://yt3.ggpht.com/haEaHzd78kURb0jqWVeGz3UIjUw3rlAACGFzNGZaab60D2nW2LQ2R0Uff0C-tAmAucDzYbce-Mc=s88-c-k-c0x00ffffff-no-rj", "heart": false, "reply": true, "time_parsed": 1726110483.369981}
{"cid": "UgzxfRyC2JUmEcLywTN4AaABAg.A-SWrwO5-bPAEPEJ6gM_wR", "text": "But it's the truth. Our teachers in Malaysia need such a low requirements only to be teachers. As you can see, in Malaysia , being teachers is MOSTLY last option. Because the requirements is quite easy.", "time": "3 bulan lalu", "author": "@Weos-r6m", "channel": "UCbcdGOXSX0rSnHhN51fIF7Q", "votes": "0", "replies": "", "photo": "https://yt3.ggpht.com/ytc/AIdro_kz3GCqKBtTVcEIOrEeBrkd3zEGWkQEs6C-N1T-fEBGAI6BhyUrrDYcsm2hHsGELpLwLw=s88-c-k-c0x00ffffff-no-rj", "heart": false, "reply": true, "time_parsed": 1739329683.372009}
{"cid": "UgxEnnFJVvgiSW_aOVt4AaABAg.A-RapyHwkCAA7-2Og3mbAS", "text": "At least we excel in some subjects, right? ;)", "time": "9 bulan lalu", "author": "@digitalman493", "channel": "UCWYVMYsGOgNO5i__RnqNdtg", "votes": "0", "replies": "", "photo": "https://yt3.ggpht.com/ytc/AIdro_nkwyjNjXiTbomljA7uogixZrzODDBJARZoRWe5u8Oz1e7OolmJA7H9ZsVkbBDlarhMIg=s88-c-k-c0x00ffffff-no-rj", "heart": false, "reply": true, "time_parsed": 1723432083.610636}
{"cid": "UgxEnnFJVvgiSW_aOVt4AaABAg.A-RapyHwkCAA70noWDa7c4", "text": " @digitalman493  The subject of entitlement and shiok sendiri.", "time": "9 bulan lalu", "author": "@steelydan1242", "channel": "UC2UJJM7F8fB90VHPiqWgPQQ", "votes": "0", "replies": "", "photo": "https://yt3.ggpht.com/ytc/AIdro_ns3aPn5O6WtGDAhbeBramAiR9RqHht4kRlBYQ5vCo=s88-c-k-c0x00ffffff-no-rj", "heart": false, "reply": true, "time_parsed": 1723432083.613438}
{"cid": "Ugwl7otcBUjz26tA9T14AaABAg", "text": "Add maths once upon a time being taught in primary school but now only teach in secondary school…..this is example", "time": "1 tahun lalu", "author": "@RaffaelPallus", "channel": "UC8n8GoGLSbYludSLVHXhHgw", "votes": "0", "replies": "", "photo": "https://yt3.ggpht.com/ytc/AIdro_nEoJVzvL7szp5IVZo5WZyRSAf1TXq1Z_2bsTegtm0=s88-c-k-c0x00ffffff-no-rj", "heart": false, "reply": false, "time_parsed": 1715483283.916609}
{"cid": "UgwsvcU1Z6ht5lLbg354AaABAg", "text": "well this is a country that recently has its young generation answering that Hitler should've won or was correct in history tests", "time": "1 tahun lalu", "author": "@CCPJAYLPHAN1994", "channel": "UC8C-CJrSp8gZfzzw62eDbEg", "votes": "0", "replies": "", "photo": "https://yt3.ggpht.com/ytc/AIdro_n3Eny5TD29mkMG7J88Xxu26Z_s2NQMY2_gfZt3wfI=s88-c-k-c0x00ffffff-no-rj", "heart": false, "reply": false, "time_parsed": 1715483283.918668}
{"cid": "Ugyr4WKPEaJ10W0RdNB4AaABAg", "text": "Pisa la.. the lound loti.", "time": "1 tahun lalu", "author": "@ChuckBowie", "channel": "UC-QTVOmS4Y9mhWPZiI1QQkw", "votes": "1", "replies": "", "photo": "https://yt3.ggpht.com/bBBsfRgrQnepk_1mkYcrg6AFSQCdNKz3MMg4K1hDtD_tlkyzcXA7K82ha8pwafQ6ybTASciuEw=s88-c-k-c0x00ffffff-no-rj", "heart": false, "reply": false, "time_parsed": 1715483283.920462}
{"cid": "Ugydhh5rCvCdIa2k2Wt4AaABAg", "text": "Im watching this as im taling my SPM test and I agree with all of yours points but i think its mostly because of the lack of interest in students in learning in general. Like me i took Stem subject and i wanted to learn chemisty fizik and PSV but i was forced to take physics, chemistry, addmaths and biology and take PSV as a side subject rounding up all my subjects to 10 making me less focus on subject i wanted to learn but split my focus learning addmaths.", "time": "1 tahun lalu", "author": "@toboyaki_tagaraki", "channel": "UCXxQojZH_qLWKDN4NNTzwYQ", "votes": "0", "replies": "", "photo": "https://yt3.ggpht.com/qCnS4GQ8USz6mwlyzyWS6x1Oz01KpwcGMu7TqRWojZ7fq2pMYdEaqJf2iGudQBcm-A2ENxjgAg=s88-c-k-c0x00ffffff-no-rj", "heart": false, "reply": false, "time_parsed": 1715483283.922246}
{"cid": "UgzRpYqa_ofxCNKNdzx4AaABAg", "text": "How to improve our education system if the policy is changing every year or two. At anytime the current government could topple and being replaced by Tom, Dick and Harry. Until we get a very stable government that could only being replaced in 5 years or so, we should just hope that things goes well.", "time": "1 tahun lalu", "author": "@NurIslam-fi3cv", "channel": "UC9DLpGdKJyi7-D6xBZHYOMQ", "votes": "0", "replies": "", "photo": "https://yt3.ggpht.com/Zpb78COtLnhECtWtrLjHokDl2vxSf8EfYVLoTO5xjhIgliuah8o4gvgLblB6yKc0hGuzwikn=s88-c-k-c0x00ffffff-no-rj", "heart": false, "reply": false, "time_parsed": 1715483283.923978}
{"cid": "UgzOixKogHPkbyDR3aN4AaABAg", "text": "PISA", "time": "1 tahun lalu", "author": "@lren2022", "channel": "UCI41FKj-Yxz26jYQCs3acdg", "votes": "0", "replies": "", "photo": "https://yt3.ggpht.com/aNfZn-3cLgPosUvGzdYDGTcQ_yglVELiIUXF4T_ACRX6teZ52N9wZLjkMGCPRnZWfeVBKQHJeg=s88-c-k-c0x00ffffff-no-rj", "heart": false, "reply": false, "time_parsed": 1715483283.925527}
{"cid": "UgwZ7rPyzDR-FeYJrzx4AaABAg", "text": "Year in Year out, we see and hear of this sad state of affairs in our education system . All it takes is the authorities and the people who sets policies, come to this  forum and  read the comments here, they will be able  to know what is wrong in  our education system. Who has the courage to really do what is right ??????", "time": "1 tahun lalu", "author": "@yinsenlow6646", "channel": "UCMK5GJC1U4bhzT9hvL4sx9g", "votes": "0", "replies": "", "photo": "https://yt3.ggpht.com/ytc/AIdro_kO1qWXpLFqclycH_pL_TSlLHCIAyaG4Gj88W7NYwg=s88-c-k-c0x00ffffff-no-rj", "heart": false, "reply": false, "time_parsed": 1715483283.927079}
{"cid": "Ugy81onBkuUBCcB2Z5R4AaABAg", "text": "As a Chinese Malaysian student, I’d like to say something… \n   I have some friends who are very bad at their academics. But it’s not always their fault that they’re not learning better. It’s not the problem with the teachers either. (I know that since my mum is a government school teacher). \n  It’s just that there are not much teachers that have the patience to actually get a students with bad grades to excel. Teachers are tired from paperworks and meetings and grading books and some of them don’t have the motive to ACTUALLY teach?! \n  But don’t blame teachers, technology is a part of Malaysia’s edu system’s downfall. Apps like YouTube and TikTok are affecting students grades and time management is nono good. \n  So, some students have LEARNING PROBLEMS. But there are only learning aids for students who CAN’T SPEAK MALAY or MATHS NO GOOD. My friend is one of those who can read Malay and is not bad at Maths but he has a learning disorder. He just can’t sit still and listen. And he can’t learn.\n  Communication is an essential part in learning, if you can’t communicate or listen, it’ll be very hard to understand. I study in a Chinese school and some students there are Malay, Indian or Orang Asli. Only a few can use Chinese fluently, while some others are very good at English or Malay. \n  If you are a student you notified about the education news, you might know that your Malay and Sejarah have to pass if you want to skip Pre-Secondary level to Form 1 (Malay only) and pass SPM (Malay and Sejarah). But it doesn’t really help with the communication barrier. Like I said, some non Chinese also study in Chinese school but some core subjects like Chinese, Maths, Science and Sejarah (Yes, it’s a core subject now) is learnt in Chinese in Malaysian Chinese Primary Schools. \n\nWell, this are just some stuff I observed as I student in Primary School and a son of a Primary teacher. I am turning 11 this year and hope our education system will improve.", "time": "1 tahun lalu", "author": "@AavenTan", "channel": "UCP8uiZbA4onTXSrgxM3n1Cg", "votes": "7", "replies": "1", "photo": "https://yt3.ggpht.com/bQZUYlQSLPlkhEtjGxpF_rSMAhNaNGGPI7TIm8rh7OYxeIqL7Q_fSmTc82QhhL0aT33btu60=s88-c-k-c0x00ffffff-no-rj", "heart": false, "reply": false, "time_parsed": 1715483283.928634}
{"cid": "UgxoouSS1EfefaFPvSh4AaABAg", "text": "Sorry ah nothing will change. Good video though. Hope you got the monetisation revenue.", "time": "1 tahun lalu", "author": "@Sllee93", "channel": "UCZM3qFUMGvf3IRJd11ZlADw", "votes": "0", "replies": "", "photo": "https://yt3.ggpht.com/mEzmxTaXUjv_VnREHOmcrxzTCzvpZH7KA1J2vpJ5KVFossW61NUq8p8sRZyx-TvK1nbEYnlu7SA=s88-c-k-c0x00ffffff-no-rj", "heart": false, "reply": false, "time_parsed": 1715483283.930153}
{"cid": "UgyO8z44WslY6pRUZuJ4AaABAg", "text": "One of the main problems might be language\nMany students in malaysia can't even speak proper malay (i'm not rlly good but average) So students who can afford private schools just decide to go there since it'll be easier. plus speaking as a student most of what the curriculum teach us here is just how to memorize sh!t so you pass your exams and unecessary stuff.\nso basically unless your parents/ teachers put extra effort into preparing actual material or you go to some tuitions,You're screwed for middle school.", "time": "1 tahun lalu (diedit)", "author": "@animatic_lace1941", "channel": "UCREOy_ahce3OPhbs7WVEzPw", "votes": "2", "replies": "1", "photo": "https://yt3.ggpht.com/2vNoEjJwmnBOTRUc3gI_zOdDKnIu3Vbft6NLX2Rv7y21dV7x71x4ed5y8IDwh6ma7-0LpGeRkQ=s88-c-k-c0x00ffffff-no-rj", "heart": false, "reply": false, "time_parsed": 1715483283.931528}
{"cid": "UgyqOYMv1ib1M87D_GB4AaABAg", "text": "Our MOE is more interested in changing the color of the shoes, wearing sports attire every day, no outdoor sports when its a little hot, etc They thought by doing this, it will improve their grades and performance.😂 The removal of exams in year 1 to 3 is also another joke. Also, how can our education standards drop when we have the highest number of phd grads. 😂", "time": "1 tahun lalu (diedit)", "author": "@timrealestatemalaysia8864", "channel": "UCMv-CoVo7Vabb5mdFgkRcnA", "votes": "1", "replies": "", "photo": "https://yt3.ggpht.com/tX1DHacuUIFZM5WRB2xkYKXmHFyZ0ciPufjdk88jpdiSsNpN6wGWSpM-_rpd1UV1oaVtJMrJ=s88-c-k-c0x00ffffff-no-rj", "heart": false, "reply": false, "time_parsed": 1715483283.932891}
{"cid": "Ugwxfoo4bBE4uuAr4YJ4AaABAg", "text": "UEC is the way to go. Immense hard work, but it's an honest and valuable approach.", "time": "1 tahun lalu", "author": "@felixnotkjellberg", "channel": "UCOanfRYr42h7msvBOtWO5sA", "votes": "0", "replies": "", "photo": "https://yt3.ggpht.com/ZLR5jcubegNSEGiOGBGNFuOtReWACeBRANUnHsi5VwLV_m3YHvM3qDd8NK395GXV_ZVcx38B=s88-c-k-c0x00ffffff-no-rj", "heart": false, "reply": false, "time_parsed": 1715483283.934263}
{"cid": "Ugyd5zNtkr_XKihCiaB4AaABAg", "text": "Find out why Chinese and tamil schools prosper", "time": "1 tahun lalu", "author": "@jeejabaiapraghavanpillai3071", "channel": "UCxQA6BIQV5BSGMEaKmD2OLw", "votes": "0", "replies": "", "photo": "https://yt3.ggpht.com/ytc/AIdro_n4__XyEsV2T4FN3Wl2n6GXxBKOwzL2vZkPWgMj89o=s88-c-k-c0x00ffffff-no-rj", "heart": false, "reply": false, "time_parsed": 1715483283.935617}
{"cid": "Ugz9me6fOK9NXR7gQpp4AaABAg", "text": "Divide and rule. Religion is the opium of the masses. Control people with fear of God and promise of heaven and you destroy them", "time": "1 tahun lalu", "author": "@jeejabaiapraghavanpillai3071", "channel": "UCxQA6BIQV5BSGMEaKmD2OLw", "votes": "0", "replies": "", "photo": "https://yt3.ggpht.com/ytc/AIdro_n4__XyEsV2T4FN3Wl2n6GXxBKOwzL2vZkPWgMj89o=s88-c-k-c0x00ffffff-no-rj", "heart": false, "reply": false, "time_parsed": 1715483283.936848}
{"cid": "UgzdFP8H7hSv9Gr4rRJ4AaABAg", "text": "We have a extremely weak education minister. As long as Malays head these important posts it will be religious based downfall of education. Find out why rich Malay parents send their children to international schools. Then you can solve the problem", "time": "1 tahun lalu", "author": "@jeejabaiapraghavanpillai3071", "channel": "UCxQA6BIQV5BSGMEaKmD2OLw", "votes": "0", "replies": "", "photo": "https://yt3.ggpht.com/ytc/AIdro_n4__XyEsV2T4FN3Wl2n6GXxBKOwzL2vZkPWgMj89o=s88-c-k-c0x00ffffff-no-rj", "heart": false, "reply": false, "time_parsed": 1715483283.938088}
{"cid": "UgxeQZJzrmoWC4KqL2l4AaABAg", "text": "I'd blame the ministry of education that have no sense of education at all n they kept blaming the teacher for failing to teach but the problem is actually from them for not consistent n very unnecessary complicated failing education system", "time": "1 tahun lalu", "author": "@layzeemi98swagger41", "channel": "UCIIRMzDp3eoh6QjMXG2QOkQ", "votes": "0", "replies": "", "photo": "https://yt3.ggpht.com/ytc/AIdro_nbpIyw9RERWWeYVcxAB1eIBIpGS09nJ0NDBVgNNe0nbEppDM0SbBGcKOhumeWeRWLvPA=s88-c-k-c0x00ffffff-no-rj", "heart": false, "reply": false, "time_parsed": 1715483283.939328}
{"cid": "UgzRzwoynjVAnzXdQot4AaABAg", "text": "because policy keeps changing and got politicised ... it's like when my dad time the medium is mostly english, then sometime it changed to malay, then my year when i was in secondary school it was changed to english for science and maths, then i think years after my time it changed back to Malay.\n\nWe need to truly unify and make sure the education policy is consistent no matter what party is in the government.\n\nThere's too much of politics and also unnecessary racial pride that influence our education. While it's true there are countries like Japan, Korea, China etc where they don't need to depend on english to educate their students in STEM subject. but then again, we're not a productive nation like these countries, not just in terms of industrialisation but also in terms of academia and one of our key advantage has always been our literacy in english where we bridge gap between the east and the west. so know our strength and we should form an effective education system and move on from there.\n\nI also think that social media is a poison to kids nowadays. Especially short video media like tiktok. I think it should be limited. sometimes the kind of thinking and information being disseminated are just so wrong and badly influence our kids", "time": "1 tahun lalu", "author": "@Chisato_Strafe", "channel": "UCesT_GGSOlrNt1rS6LvWj1A", "votes": "0", "replies": "", "photo": "https://yt3.ggpht.com/6axhM61DfUeyYc5zMdt-OEBX6x3EV9HDDSFKyPHx0t_yg3Eenn6zyDMJP0bNWoGf7bQ3Vf2tZn8=s88-c-k-c0x00ffffff-no-rj", "heart": false, "reply": false, "time_parsed": 1715483283.940552}
{"cid": "Ugx4Mp07kq08HpuCwIJ4AaABAg", "text": "Sebab yg implement benda2 ni orang kayangan, tak jejak tanah. Nak implement STEM in english, benda wajib kena buat dulu adalah semua murid boleh faham english. Kalau murid tak faham english, kau ajar subjek apa pun tak guna sebab basic comprehension tu tak ada. \n\nFikir logik la, zaman sekolah menengah aku dulu pernah masuk kelas belakang sekali sebab cikgu malas nak nilai aku time pindah sekolah. Sudahnya, setiap kali ujian bulanan aku nombor 1, budak2 lain cicir. BI diorang, jauh beza level aku dengan diorang. Ni time aku form 5, stem dalam english tak terpakai untuk batch aku. Bukan sekolah kampung tau, sekolah teknik (bukan teknik konvesional, yg level dia bawah sikit), pun ramai lagi tak berapa cekap BI. \n\nTak boleh nak salahkan cikgu juga, sebab negara kita ni bahasa kebangsaan bahasa melayu. So cikgu kalau tak cekap BI, bukan masalah. Cuma jadi masalah bila cikgu tak cekap BI, kena ajar subjek STEM. Macam mana dia nak ajar budak2 bagi faham, kalau dia pun tak cekap nak explain bagi budak faham. Dah jadi macam itik bersembang dengan ayam. Nak tak nak, terpaksa la diorang pun ajar dalam bahasa melayu asalkan murid faham konsep dia. \n\nTambah last sekali, karena birokrasi. Cikgu kena buat tugas2 tambahan yg tak berkaitan dengan pengajaran. Malas cerita panjang, sebab aku bukan guru tapi ada beberapa family members n kawan aku yg guru so tau la apa kerja diorang.", "time": "1 tahun lalu", "author": "@mozillachrome99", "channel": "UCBJlKJARqXMR7n1s5HdaXLQ", "votes": "0", "replies": "", "photo": "https://yt3.ggpht.com/orvCwvhRYF6Q8m4pWv9SqKOiCfdZmudz2Jn1qUAxUX0bwACtajMB61VigkLm72RGCpfhTfWl=s88-c-k-c0x00ffffff-no-rj", "heart": false, "reply": false, "time_parsed": 1715483283.941747}
{"cid": "UgzeiajiTE0qIaaggG14AaABAg", "text": "MALAYSIA IS THE WORST COUNTRY IN THE WORLD AND THE MALAY BUMIPUTRA ARE VERY RACIST THEY WILL PASS MALAYWITH HIGH DEGREE PASS OUT EVEN IF THEY FAIL THEIR EXAMS", "time": "1 tahun lalu (diedit)", "author": "@FLOWERISAPBUTOW1KO", "channel": "UCmbT1jlrp7v_fcWluwQXCbw", "votes": "1", "replies": "", "photo": "https://yt3.ggpht.com/ytc/AIdro_mYTYoKF1B7tFs9gD1sl44yurR_Y02Iy7QE6tkZv623fEgSNVDLr4xTAKTESIRb6ryFFg=s88-c-k-c0x00ffffff-no-rj", "heart": false, "reply": false, "time_parsed": 1715483283.942868}
{"cid": "UgwPp9FtL0iqJP2UMTl4AaABAg", "text": "Why has the education level gone down in Malaysia? There is no proper assessment.  Both UPSR and PT3 have been scrapped.  With these 2 exams, at least our students could be assessed. Secondly, I think students are not allowed to be creative. When I was in school, we were expected to write compositions on our own, without any guide. We could just let our minds go.\nThirdly I think students are not learning, they are just memorising facts. If you change the question style, they are stumped. \nOur education system really needs to be revamped if we don't want to be behind all other developing nations.", "time": "1 tahun lalu", "author": "@chitrasakrabani5213", "channel": "UC_vYg4IjI6G6yUDz77DzHtw", "votes": "0", "replies": "", "photo": "https://yt3.ggpht.com/ytc/AIdro_n63eQ-XTza1vDGXc7_0JMzewQTRiJkfBHFwn7XLsU=s88-c-k-c0x00ffffff-no-rj", "heart": false, "reply": false, "time_parsed": 1715483283.94398}
{"cid": "Ugy81onBkuUBCcB2Z5R4AaABAg.A-R0gNFJPsFAAa2qw6lskZ", "text": "how schools treat students with learning disabilities is another problem…yes, some of the students have their attention ruined by social media, but this is also an important issue for student with learning disabilities like autism, adhd, dyslexia \n\nour system doesn’t allow us for proper care and attention towards those who need extra help in learning and may need to use alternative methods. speaking from experience, i was assigned to teach the kid with dyslexia and he didn’t understand much of what was being taught. it’s this kind of negligence that causes a further gap between the education level of students", "time": "6 bulan lalu", "author": "@rainwhal", "channel": "UCXf367yJkqrUMIU5o-uOCRQ", "votes": "0", "replies": "", "photo": "https://yt3.ggpht.com/caKt-Kc-I5dbGdrXOeWPT9cROnwgZwXdNJ3y59hj9x-EPOcgrEHNEf3P-mWD-4KxPGG-mudvxd4=s88-c-k-c0x00ffffff-no-rj", "heart": false, "reply": true, "time_parsed": 1731380884.175721}
{"cid": "UgyO8z44WslY6pRUZuJ4AaABAg.A-Qr2Q6aMa9A0nQgs63SAk", "text": "This is true. When I was still in primary and secondary school,everything's just copy and paste exactly what we're taught. A slight altering of anything and you might get marked wrong for the answer", "time": "1 tahun lalu", "author": "@mila5796", "channel": "UCJWd-Z31KsZpKDEQmjoCZSg", "votes": "1", "replies": "", "photo": "https://yt3.ggpht.com/E07Sxmpat_UXOP86jVoNLv-uROjfHsJrOcm6-_zwoMaYXnjegAxuF2Sju0fQq8VqvKl76Rh9wJY=s88-c-k-c0x00ffffff-no-rj", "heart": false, "reply": true, "time_parsed": 1715483284.45996}
{"cid": "UgwSKZS2q8CADeMU1V14AaABAg", "text": "Toxic female principals are also to blame causing caring teachers to give up.", "time": "1 tahun lalu", "author": "@raymondcapel5053", "channel": "UCnQYqbT0gmpqjpdsX5f4N8g", "votes": "1", "replies": "", "photo": "https://yt3.ggpht.com/ytc/AIdro_lXNBnVor2T5FVc9Go-w378cXn6JmX-YLkW1G6mVZyFzwgLjg01XTaBOrjvCuKmfuRq9g=s88-c-k-c0x00ffffff-no-rj", "heart": false, "reply": false, "time_parsed": 1715483284.773408}
{"cid": "Ugx4SiTKxahOCzwJ5Gh4AaABAg", "text": "Most schools are becoming mosques rather than learning centers\n\nAre you aware many many parents are home schooling their kids,paying skilled teachers to teach at home.\n\nI met an intern recently very smart i asked which school you attended?\n\nI home schooled!\n\nWhy ?why?\nEducation minister ?", "time": "1 tahun lalu", "author": "@latamenon6758", "channel": "UC8WnzErnsmjFNZa1IeAGyUQ", "votes": "1", "replies": "", "photo": "https://yt3.ggpht.com/ytc/AIdro_lNx2w2xRVTEXkjaqi8jYPBHG9ZmuQtISt0VCGbwYeaLCPb8U2juNvbLKDYTyD2IccN2Q=s88-c-k-c0x00ffffff-no-rj", "heart": false, "reply": false, "time_parsed": 1715483284.775287}
{"cid": "Ugy5IQPlpUAw82SS8_R4AaABAg", "text": "PIZA", "time": "1 tahun lalu", "author": "@tulasigovindasamy6186", "channel": "UCQ8JJf046bWQ0wcBpQPElyg", "votes": "1", "replies": "", "photo": "https://yt3.ggpht.com/ytc/AIdro_mkj-UApO9nnhGGibrphsvU2F-rFsNC0FSf8y91gGzFZNE=s88-c-k-c0x00ffffff-no-rj", "heart": false, "reply": false, "time_parsed": 1715483284.777077}
{"cid": "UgzX6KgBUQ0MLU9j4DZ4AaABAg", "text": "The problem now is that our teachers are recruited from those who are rejected applicants of other jobs.", "time": "1 tahun lalu", "author": "@wongpohchan9485", "channel": "UCWXnM2E-SaX1LWfp2oXY-yQ", "votes": "5", "replies": "", "photo": "https://yt3.ggpht.com/ytc/AIdro_ncc_1atoHiqRmZ1QzxDirwop-tgbSjHddlQ0mWFIU=s88-c-k-c0x00ffffff-no-rj", "heart": false, "reply": false, "time_parsed": 1715483284.778848}
{"cid": "UgwTO-KGroV2-3GdDi14AaABAg", "text": "But the ministry of education does not respond to all these comments. Very very sad", "time": "1 tahun lalu", "author": "@wongkumfoo3702", "channel": "UCLQxPHeC2N9xECxblVkQOzA", "votes": "0", "replies": "", "photo": "https://yt3.ggpht.com/ytc/AIdro_m1xN-kQbuH-FL7D7Guy8r6s1j20B4GgfLuo71ufRL47sU=s88-c-k-c0x00ffffff-no-rj", "heart": false, "reply": false, "time_parsed": 1715483284.780525}
{"cid": "UgxupA4nj6MEqBf5JNp4AaABAg", "text": "You speak the truth", "time": "1 tahun lalu", "author": "@wongkumfoo3702", "channel": "UCLQxPHeC2N9xECxblVkQOzA", "votes": "0", "replies": "", "photo": "https://yt3.ggpht.com/ytc/AIdro_m1xN-kQbuH-FL7D7Guy8r6s1j20B4GgfLuo71ufRL47sU=s88-c-k-c0x00ffffff-no-rj", "heart": false, "reply": false, "time_parsed": 1715483284.782078}
{"cid": "UgwaXPx1zZ6pPYMY9xJ4AaABAg", "text": "Weii said", "time": "1 tahun lalu", "author": "@wongkumfoo3702", "channel": "UCLQxPHeC2N9xECxblVkQOzA", "votes": "0", "replies": "", "photo": "https://yt3.ggpht.com/ytc/AIdro_m1xN-kQbuH-FL7D7Guy8r6s1j20B4GgfLuo71ufRL47sU=s88-c-k-c0x00ffffff-no-rj", "heart": false, "reply": false, "time_parsed": 1715483284.783606}
{"cid": "UgyN1bjv-E_prKWvB0F4AaABAg", "text": "Hello, what is the salary of public university teachers in Kl? ​", "time": "1 tahun lalu", "author": "@graingrain1506", "channel": "UCjYJBGhzK72OX1IUr2-fuCQ", "votes": "0", "replies": "1", "photo": "https://yt3.ggpht.com/ytc/AIdro_msC5WZXuaqMX7kvSlwntRPERKsCfcpOuFihjQbsPE8kQ=s88-c-k-c0x00ffffff-no-rj", "heart": false, "reply": false, "time_parsed": 1715483284.785141}
{"cid": "UgyMlPuN3tPqXu5tXFp4AaABAg", "text": "Why we need a good education system?! Eat  live &enjoying well like the stone age people,and finally go to the heaven...how nice could it be?😅😅😅😅", "time": "1 tahun lalu", "author": "@chanahkiong7109", "channel": "UCmuafKx7AvFZ_S0VrePqonw", "votes": "1", "replies": "", "photo": "https://yt3.ggpht.com/ytc/AIdro_ms1pQpM_IM6MhSFcIsy91DQWmsz0fbiuwZ3EWQpJY=s88-c-k-c0x00ffffff-no-rj", "heart": false, "reply": false, "time_parsed": 1715483284.786565}
{"cid": "UgxiLoy870K_hO131ux4AaABAg", "text": "Look at the IQ of each individual race. Then it becomes obvious. \nWhy pretend ?", "time": "1 tahun lalu", "author": "@joekerr0108", "channel": "UC7ldWmiwI0-XLHt2bXrv5pQ", "votes": "1", "replies": "", "photo": "https://yt3.ggpht.com/9m9ThaaMoymgXAn__Mk0TybU-bprRBfZonLvNGsEgnu_rTM_tSaHsoCs_kTqnsQj9VTo-4sfyME=s88-c-k-c0x00ffffff-no-rj", "heart": false, "reply": false, "time_parsed": 1715483284.787922}
{"cid": "UgyBu4q3Fn2PKzbVrmZ4AaABAg", "text": "Malaysian became low educated the better the politician to fool the people! Good news..people will be contented easily..&why you worried over how they living on???😅", "time": "1 tahun lalu", "author": "@chanahkiong7109", "channel": "UCmuafKx7AvFZ_S0VrePqonw", "votes": "1", "replies": "", "photo": "https://yt3.ggpht.com/ytc/AIdro_ms1pQpM_IM6MhSFcIsy91DQWmsz0fbiuwZ3EWQpJY=s88-c-k-c0x00ffffff-no-rj", "heart": false, "reply": false, "time_parsed": 1715483284.78931}
{"cid": "Ugx42kyEGdZcexK8aFR4AaABAg", "text": "I think you should be education minister.", "time": "1 tahun lalu", "author": "@avaxis", "channel": "UCtjDQa_LHDiNNwNiP0ou1fw", "votes": "0", "replies": "", "photo": "https://yt3.ggpht.com/ytc/AIdro_kCWIGXWwCAVa7Q26l5zVvMblZQ6eLSqtUH1RlvmP4n7A=s88-c-k-c0x00ffffff-no-rj", "heart": false, "reply": false, "time_parsed": 1715483284.790691}
{"cid": "Ugw_1c56EtM2_JHTKbp4AaABAg", "text": "As per you logic, before you can improve the student , you must improve the teacher. Correct. But I like to add one more idea. That is , before you can improve the teacher, you have to improve the Education Minister. Another one; before you can improve the Education Minister; you need a really walk-the-talk PM. Not just blah blah blah and not do it. Hangat hangat tiak ayam.", "time": "1 tahun lalu", "author": "@datingdarian4357", "channel": "UCspeC2YI3afmMNYtloILNIw", "votes": "0", "replies": "", "photo": "https://yt3.ggpht.com/ytc/AIdro_lz1Q5-78q9-2Ea8NjgxM9K578aDzzH7oj_haMg2UI=s88-c-k-c0x00ffffff-no-rj", "heart": false, "reply": false, "time_parsed": 1715483284.791994}
{"cid": "UgxolN66Ix5DzgB7M5N4AaABAg", "text": "\"I think I agreed with him because everything he said was right!\"", "time": "1 tahun lalu", "author": "@MHQ09", "channel": "UCI9oShSixkQxr0FnPCt92qQ", "votes": "0", "replies": "", "photo": "https://yt3.ggpht.com/wp6HXkIXajLQklfFR-kw9q-Tfov8Ws0K0PydOYm29cBq2_XNo1gWlEV3haUNRse3E-V23AAwsSA=s88-c-k-c0x00ffffff-no-rj", "heart": false, "reply": false, "time_parsed": 1715483284.793212}
{"cid": "UgwInKcKn89rmAA-yJV4AaABAg", "text": "Just look above the schools????? Even some professors are talking like they are still in lower secondary school?????? So hat do you expect??????", "time": "1 tahun lalu", "author": "@nawiabdullah7437", "channel": "UCmWmRbrZ3UwqnRuHqjBiwLA", "votes": "0", "replies": "", "photo": "https://yt3.ggpht.com/ytc/AIdro_mFvEn1wnSRU8w74S3rRXprHoLYmNhBMWm5i9d_-sw=s88-c-k-c0x00ffffff-no-rj", "heart": false, "reply": false, "time_parsed": 1715483284.79444}
{"cid": "UgyeLNCHkKNF5GhmPzN4AaABAg", "text": "Thank you for sharing! The awareness of poor education system must reach from top to bottom. In this case, Malaysia probably one generation behind developed country.", "time": "1 tahun lalu", "author": "@raymondyap3444", "channel": "UCvvHPVmgtfhKnlFdmSvUNGg", "votes": "4", "replies": "", "photo": "https://yt3.ggpht.com/ytc/AIdro_lTb2flztEVg4K0COrzm9BMb8wc8lpqHc9Fx0ww-SbJ65w=s88-c-k-c0x00ffffff-no-rj", "heart": false, "reply": false, "time_parsed": 1715483284.795668}
{"cid": "UgySnj6BX57UJUJlpC14AaABAg", "text": "this is the one of the most important and controversion content we like", "time": "1 tahun lalu", "author": "@afizi1213", "channel": "UCBN0hpUcOt759QLsfFIHytA", "votes": "0", "replies": "", "photo": "https://yt3.ggpht.com/pR9f-0ZRSkhGeG-tqmYMJBni3ujCwws9feT7kR6_m4DCtGW2Mlios_CUx7ReOCBVwEd7-YIj1C0=s88-c-k-c0x00ffffff-no-rj", "heart": false, "reply": false, "time_parsed": 1715483284.796896}
{"cid": "UgwaMHRiNYt8wZQkjiF4AaABAg", "text": "Education in malaysia is better than in america..in america they dont know what is women.", "time": "1 tahun lalu", "author": "@Bipolar_Bear7774", "channel": "UCT8cJvJfr6yGsNnOuAs4E6w", "votes": "0", "replies": "", "photo": "https://yt3.ggpht.com/ytc/AIdro_lrHWTbFqZoDU9M3ff8W1iLLWIXHPXeSom1GjKU4xvUrnPxLAvT-ZnE0hGd6wW5uxS3EA=s88-c-k-c0x00ffffff-no-rj", "heart": false, "reply": false, "time_parsed": 1715483284.798088}
{"cid": "UgwPSvkSQfjK9YKdY9x4AaABAg", "text": "Pisa", "time": "1 tahun lalu", "author": "@bambisocute", "channel": "UCzhor9X_ctMkt1WWgGeRDtg", "votes": "1", "replies": "", "photo": "https://yt3.ggpht.com/ytc/AIdro_n9kkGbaFQr0kc-gvbIAoy6iOk0vETZe-8Di9nE9ps=s88-c-k-c0x00ffffff-no-rj", "heart": false, "reply": false, "time_parsed": 1715483284.799219}
{"cid": "UgzxGTaIFuRi_rOd5pR4AaABAg", "text": "I am not sure, but could the main religion play a part in the education system?", "time": "1 tahun lalu", "author": "@YowelHong", "channel": "UCZjR2nT3O7NSk5pvDF5lA4Q", "votes": "0", "replies": "", "photo": "https://yt3.ggpht.com/WdniUlphT_Z3FgTtMtquS3yDGcxEr-vH7uOCRJ8U7nRalyLE6YDqbwip7b7qE4L8sMeQtqoL-Q=s88-c-k-c0x00ffffff-no-rj", "heart": false, "reply": false, "time_parsed": 1715483284.800333}
{"cid": "UgyN1bjv-E_prKWvB0F4AaABAg.A-QHPhUnqlOA-QHTPKhRAT", "text": "你好，请问Kl的公立大学教师的薪资是怎么样呀？​", "time": "1 tahun lalu", "author": "@graingrain1506", "channel": "UCjYJBGhzK72OX1IUr2-fuCQ", "votes": "0", "replies": "", "photo": "https://yt3.ggpht.com/ytc/AIdro_msC5WZXuaqMX7kvSlwntRPERKsCfcpOuFihjQbsPE8kQ=s88-c-k-c0x00ffffff-no-rj", "heart": false, "reply": true, "time_parsed": 1715483285.095821}
{"cid": "Ugxyvho65QoGTrLE3gp4AaABAg", "text": "1st report card session for my twins (Darjah 1) was cut short after I told the teacher to chill and take it easy and let them enjoy their early education,  with emphasis given when thr 9 years old. It worked maybe since they're in Japan on scholarships now.\n\nQuoting OECD or any other western peripherals on examples or as yardstick itself shows greater fault & failure to reason mate.", "time": "1 tahun lalu (diedit)", "author": "@selwinpandinadan7540", "channel": "UC7b4__yCh2IcZ0Ur8Q21lNA", "votes": "0", "replies": "", "photo": "https://yt3.ggpht.com/ytc/AIdro_mCmWumRnRmgYrZaFh0933KyIDk3aVs8xKTmmPUskK0XA=s88-c-k-c0x00ffffff-no-rj", "heart": false, "reply": false, "time_parsed": 1715483285.406145}
{"cid": "UgwiKipPpbkr3_Jg9aV4AaABAg", "text": "ramai pengarah pendidikan layak dgn kelulusan tongkat itulah puncak .kalau nak cerdik .kena lantik orang yang cerdik bukan kelayakan tongkat 💪🇲🇾💪", "time": "1 tahun lalu", "author": "@mrbalan1306", "channel": "UCWLr00HqrVCqEhMpLoD2udA", "votes": "0", "replies": "", "photo": "https://yt3.ggpht.com/ytc/AIdro_k18TQOefWzLa5SvdJmEE0dDZLfk4am4CaTqv-UUpCP4ll3lucs6Ttsxlbnh6UOy4Y8dw=s88-c-k-c0x00ffffff-no-rj", "heart": false, "reply": false, "time_parsed": 1715483285.408347}
{"cid": "UgwpfEs0IRUB3gpOVxF4AaABAg", "text": "Who is to be blamed?\nIt's understood. It started way back in Mathithir's tenure as prime minister of Malaysia for 22 years.", "time": "1 tahun lalu", "author": "@samsimm", "channel": "UCnAUKfNyGLuUaihGXC3mWAw", "votes": "0", "replies": "", "photo": "https://yt3.ggpht.com/ytc/AIdro_nOuKIEYlPtpKXlWqlf-pg4UWNJLTdOjVSH2icwdAhwtIez=s88-c-k-c0x00ffffff-no-rj", "heart": false, "reply": false, "time_parsed": 1715483285.410214}
{"cid": "UgwV5ulANSJL2K19gr54AaABAg", "text": "If the education level in Malaysia improves, it is a threat to UMNO, because the Malay majority nation of Malaysia will realize that they have been screwed over by the ruling elites.  This should be prevented at all costs, keeping the people dumb is best. Those who know and family can afford to send their children abroad to be educated and never come back to Malaysia.  Malaysia Boleh 🤣😂.", "time": "1 tahun lalu", "author": "@pakhoe888", "channel": "UChJY7N0OdgePLegL7BwglSw", "votes": "0", "replies": "", "photo": "https://yt3.ggpht.com/ytc/AIdro_mM-MsOWa0Ps4BLLyJvSdhlbNLNooWuXWQDVPskzd2DhQ=s88-c-k-c0x00ffffff-no-rj", "heart": false, "reply": false, "time_parsed": 1715483285.411996}
{"cid": "UgxZ-7rdlkSvu1OKwbt4AaABAg", "text": "Bahasa malayu to be correct not bahasa alone. You fail. Eat pisang.", "time": "1 tahun lalu", "author": "@Utube1024", "channel": "UCe_EiHsOsRyWq211OVXky6g", "votes": "1", "replies": "", "photo": "https://yt3.ggpht.com/ytc/AIdro_l05SB8h-HOGW0HhxjEwtUFs9JFYnGdmC06-XGXvukDog=s88-c-k-c0x00ffffff-no-rj", "heart": false, "reply": false, "time_parsed": 1715483285.413781}
{"cid": "UgwHu1J8UbM4VS74FZV4AaABAg", "text": "Halah ngomong ajah kamu sok kebaratan negara ga punya jati diri ajah blagu kebaratan", "time": "1 tahun lalu", "author": "@mahrulramane9949", "channel": "UCSFRoSb99O--DLLF9YhLnBQ", "votes": "0", "replies": "", "photo": "https://yt3.ggpht.com/ytc/AIdro_mj2jwVosBrw73l4ewJS0FlYGdj0S75ZDXNxJMzV-Q=s88-c-k-c0x00ffffff-no-rj", "heart": false, "reply": false, "time_parsed": 1715483285.415478}
{"cid": "UgzQBYcwqatLgyQ_88F4AaABAg", "text": "Solutions - nationwide\n1) remove current useless education minister fadhlina. The education minister should be highly qualified, experienced and with a minimum Masters degree from top notch overseas Western universities (NOT from arabic university or local university). The subjects in their degrees must NOT have any subject in Arabic. And must be extremely fluent in English at UK 1119 Standards (Grade A) or higher. Anything lower is to be rejected. \n\n2) remove teachers who are not fluent in english UK 1119 Grade A standards \n\n3) besides English, subjects ie. maths, add maths, science, geography, history, biology, chemistry, physics, accounts, commerce to be taught ONLY in English.\n\n4) history - must include world history, hang Tuah, hang li po. DO NOT include Arab history. \n\n5) geography - malaysia 15%. Not the mini Sungai.\nMust include Australia, New Zealand, South East Asia, USA, Europe. EXCLUDE Arab. \n\n6) Exams passing marks across the board for all schools nationwode must be strictly \n90% to 100% - Grade A\n80% to 89% - Grade B\n70% to 79% - Grade C\n69% and below - FAIL\n\n7) Arabic clothing should not be worn in school. Covering the face should be ban. \n\n8) national exams - standard 6, Form 3, Form 5. \n\n9) language - Bahasa only. That should be the ONLY subject in Bahasa. \n\n10) teachers must have post graduate degree from overseas well known universities such as oxford, Harvard, Monash, Sydney. In addition, the teachers must have minimum 5 years teaching experience in the subjects which they excel. Illustration - a biology teacher should not be teaching history. \n\n11) teachers with arabic subjects in their degree are NOT allowed to teach. If they want to, then they should live in Arab countries.\n\n12) core subjects to pass in Form 3 and 5 exams are English, Maths, Science and Geography. \n\n13) anyone who fail Bahasa but pass other subjects should still get their certificates. \n\nExpectations - \n1) Many will fail. Of course, it's expected. Hence, they need to buck up. Otherwise, they will fail at colleges, and won't get employment in any Western, Australian, New Zealand MNC Company.\n\n2) if subjects are taught in Bahasa, then good luck. Guarantee that  they won't get a job in any MNC company. \n\n3) our form 1 student should easily  score exams as per in US, UK, Singapore, Australia and NZ at Form 3 levels. Of course, the students will be stressed. But that's the only way for them to learn, excel and get into top notch overseas universities (NOT the arabic ones).", "time": "1 tahun lalu (diedit)", "author": "@jellyfish9152", "channel": "UCMFi431QQ9SWCnNa6lK8-2w", "votes": "0", "replies": "", "photo": "https://yt3.ggpht.com/ytc/AIdro_kQb9EhWC1F_QrC7NWLb88tyxosKAHbYq9DX9wVzA8=s88-c-k-c0x00ffffff-no-rj", "heart": false, "reply": false, "time_parsed": 1715483285.417024}
{"cid": "Ugwl74Jsc7XOvhViIwl4AaABAg", "text": "FIRE🖤", "time": "1 tahun lalu", "author": "@Businedu", "channel": "UCHO3r0lITkQiYDUnJsB8M_g", "votes": "0", "replies": "", "photo": "https://yt3.ggpht.com/M2IpVO8RzSeEJYkcZefnV7ivW6N_TVS1_SbZ1vGOcLivvuezUReF5-8YOs-SXGPRp9AJugOUraw=s88-c-k-c0x00ffffff-no-rj", "heart": false, "reply": false, "time_parsed": 1715483285.418575}
{"cid": "Ugx17ke1ooMqDn2doUt4AaABAg", "text": "Much of the terrorist today are all claiming to be  muslims and theur intolerance  makes them unlikable / undesirable as Netherland has and many more mountries will not tolerate muslims . Some good muslims will get affected along with it too . Now no one needs to tell you why ut has come to it . The fundemental teacchins or interpretation is resposnsible . Mahathir is just a manifestation of that , amplified by that kaka muslim ness form kerala - hard headed  , empowered by the untoxication of UMNO fomination in Malaysia . What a mistake that has led to the weakness of mlaysia and will continue to weaken the country", "time": "1 tahun lalu", "author": "@stanoi-yw5cg", "channel": "UCbvmg7Y0euAFmDwfWSyB7cA", "votes": "0", "replies": "", "photo": "https://yt3.ggpht.com/ytc/AIdro_kZLgsiw3lD2chVBHShBsZLa6TW9ajtuxoCp7EP6VfcCi6Fc2TYh4nTzTEWJ4SmYrfSOg=s88-c-k-c0x00ffffff-no-rj", "heart": false, "reply": false, "time_parsed": 1715483285.420126}
{"cid": "UgyBrpKfUh6gBK-cvV54AaABAg", "text": "Famous quote by Nelson Mandela \"Education is the great engine of personal development\" but over here its a channel to mixed with ideology.", "time": "1 tahun lalu", "author": "@oneworld2724", "channel": "UCz0z1ktpOCTPagTYZdo8Ltg", "votes": "1", "replies": "", "photo": "https://yt3.ggpht.com/ytc/AIdro_kIal5gK06L6ehxWxSpkocFi_mqDoWBHJT-KuLHi1U5QEU=s88-c-k-c0x00ffffff-no-rj", "heart": false, "reply": false, "time_parsed": 1715483285.421569}
{"cid": "UgzXAAFMWqodOMy7jX14AaABAg", "text": "Teachers are made to do desk work after teaching!! Tat must stop! Teachers need to mark books, need to prepare for next day teachings N need to do desk work with dead lines. Which is more important? Students or desk work for moe which have dead lines. Dont complete, accessment time...sad. the old school teachers were put mainly on teaching, helping  students who were slow. Nowadays, teachers hv no time to counsel students bcoz of their desk work. Desk work is for clerks, not teachers!!!", "time": "1 tahun lalu", "author": "@marylee9706", "channel": "UCFR5CAF84KEnzGaavKMMAKQ", "votes": "0", "replies": "", "photo": "https://yt3.ggpht.com/ytc/AIdro_k__jN55dOGYr1_xT4lPdX3w19z5wGjlu8rhqPdEhw=s88-c-k-c0x00ffffff-no-rj", "heart": false, "reply": false, "time_parsed": 1715483285.422944}
{"cid": "UgyqIV2VzzH4gSxvoAJ4AaABAg", "text": "1) Senang sahaja. Ikut sistem jiran kami, SG, one of the top PISA scorers. \n2) Keep politics out of education \n3) Let experienced teachers run the education system, including the Minister of Education. Keep bureaucrats and politicians out\n4) To attract the best teachers,  we need to adjust salary scale to be on par with private sector or better\n5) Promotion based on merits\n6) Take religion  out of school syllabus or the most one class only per week.", "time": "1 tahun lalu", "author": "@woosiewmei", "channel": "UC2Kc-AyMfBRZL5l8hZyGrnA", "votes": "1", "replies": "", "photo": "https://yt3.ggpht.com/ytc/AIdro_k36qSBQp3EtPVk83MoJFsrA6NfnP5A94wJ6x_eXWuK-g=s88-c-k-c0x00ffffff-no-rj", "heart": false, "reply": false, "time_parsed": 1715483285.424344}
{"cid": "Ugz1z11fWzIosXSPpIl4AaABAg", "text": "Coming from a channel that trying to promote UEC and Dhong Zong agenda..", "time": "1 tahun lalu", "author": "@mybraintalks", "channel": "UC4RLpMgPcB4U_BKwCzy7pyA", "votes": "0", "replies": "", "photo": "https://yt3.ggpht.com/ytc/AIdro_nvxcBMbehniSQ5_Rix9Nw5ZqQBqLK-CHz_Iwr79Qg=s88-c-k-c0x00ffffff-no-rj", "heart": false, "reply": false, "time_parsed": 1715483285.425723}
{"cid": "UgzQBuqgmD6cXRQUjFR4AaABAg", "text": "Many students quit highschool or higher education just to become food rider or influencer 🤦‍♂ in long term how would they survive", "time": "1 tahun lalu", "author": "@actiontokusatsu", "channel": "UCzTb2YnC9pZnm_sByW--qIA", "votes": "0", "replies": "", "photo": "https://yt3.ggpht.com/ytc/AIdro_mbxSwONBPBJFnkNYkltlsOfLqVymINs5tyBe_vBx5xZwQ=s88-c-k-c0x00ffffff-no-rj", "heart": false, "reply": false, "time_parsed": 1715483285.427036}
{"cid": "UgzNvILF7haK_Ucz5vx4AaABAg", "text": "bullshit Ministers giving bull shit excuses. Let her take the PISA test. we will see.", "time": "1 tahun lalu", "author": "@mishahul", "channel": "UC1QGFigY2qMrLmCwapTCQAg", "votes": "0", "replies": "", "photo": "https://yt3.ggpht.com/b05oLkyrr8OEJzkyDyOSgJytG6U-8kSNXX2fRuFcnQe2O8ad7HjgMwInM27adhUALSeMQz7PTA=s88-c-k-c0x00ffffff-no-rj", "heart": false, "reply": false, "time_parsed": 1715483285.428271}
{"cid": "UgwvBQ3pJcTwGoy-1RN4AaABAg", "text": "Tanah melayu bukan Tanah British,", "time": "1 tahun lalu", "author": "@leeahah7236", "channel": "UCIFqtiKX2wtlJl5fXsaebmw", "votes": "0", "replies": "", "photo": "https://yt3.ggpht.com/ytc/AIdro_k3OAYMsNcgA259B5yhQwQl_z7hj0FJpP94STE9jl8=s88-c-k-c0x00ffffff-no-rj", "heart": false, "reply": false, "time_parsed": 1715483285.429515}
{"cid": "Ugyc5FmZeENqhXvLoaV4AaABAg", "text": "Ministers keep tampering with the public examination results. to show fraudulent distinctions result.", "time": "1 tahun lalu", "author": "@mishahul", "channel": "UC1QGFigY2qMrLmCwapTCQAg", "votes": "0", "replies": "", "photo": "https://yt3.ggpht.com/b05oLkyrr8OEJzkyDyOSgJytG6U-8kSNXX2fRuFcnQe2O8ad7HjgMwInM27adhUALSeMQz7PTA=s88-c-k-c0x00ffffff-no-rj", "heart": false, "reply": false, "time_parsed": 1715483285.430738}
{"cid": "UgwG9qwjqb3XrES4zJZ4AaABAg", "text": "my daughter was pretty upset and fedup with the schooling system. she mention that none of the student actually knew about PISA exams and what it meant. Yes, teachers are either under pressure from the consistent changes by MOE and my understanding is that either teachers are bored, lack psychological training, unmotivated which leads to a very monotonous class. Example History class which puts students to sleep. the lack to gain the attention of the students causes the subject to be least absorbed. Sejarah is a story and it should be an exciting story with both sides of the class interacting. i remember sitting through 1hr 30 mins.. teacher writing on the black board it was so boring that i decided to drop Sejarah back then 30+ years ago. i slept through 90% of the sejarah class. \nso the world is changing fast, kids today learn differently and so the  method the teachers bring forth the knowledge needs to be revamped. I looked through the Sejarah text book and it is very unappetizing. who every decided to author the contents and the way the information is placed into the text book needs to be changed! big change is needed. not just talk but real action!", "time": "1 tahun lalu", "author": "@richardoboyd", "channel": "UCiEc0-n5H79EVHxppzEq3CA", "votes": "5", "replies": "", "photo": "https://yt3.ggpht.com/ytc/AIdro_lc3gWTLDKX9SNNHRebVMdcmiyMNDxhLVQ2GIGBMTLvTA=s88-c-k-c0x00ffffff-no-rj", "heart": false, "reply": false, "time_parsed": 1715483285.43196}
{"cid": "Ugx4LPZuVVtwQO6D-EZ4AaABAg", "text": "Racist minded education ministry 😢", "time": "1 tahun lalu", "author": "@kajenthiran4276", "channel": "UCDib3or-Jva8MfzE6y7d21Q", "votes": "0", "replies": "", "photo": "https://yt3.ggpht.com/ytc/AIdro_lRt6WW5Mx5FaSdPV8ixuBiNJFziWhpT_Q-GYTOIS-GLMjrDl8d6eWdF16o0T_syLL2Vw=s88-c-k-c0x00ffffff-no-rj", "heart": false, "reply": false, "time_parsed": 1715483285.433114}
{"cid": "UgygYyVJazBn9DjUD4R4AaABAg", "text": "Still need to ask why? Lmao", "time": "1 tahun lalu", "author": "@princesendo8309", "channel": "UCNWeFcpdigNGxTHHmC2TAww", "votes": "0", "replies": "", "photo": "https://yt3.ggpht.com/ytc/AIdro_nIkTOgkHTZlVr4wVjOqZp-S-73CERKG6wM81pS8UGOMNM=s88-c-k-c0x00ffffff-no-rj", "heart": false, "reply": false, "time_parsed": 1715483285.434232}
{"cid": "Ugw5ZUSmf-DvCTCyHzN4AaABAg", "text": "They should create a license for teacher.", "time": "1 tahun lalu", "author": "@endersteve27", "channel": "UCasVcABN3udcoBvH5y9N7XA", "votes": "0", "replies": "", "photo": "https://yt3.ggpht.com/ytc/AIdro_mVccWsclrKxTmk1vyh18kzReC9IVt7lbFmf6n8ZWE=s88-c-k-c0x00ffffff-no-rj", "heart": false, "reply": false, "time_parsed": 1715483285.733805}
{"cid": "UgwrpI0EdSP-g3eSzmx4AaABAg", "text": "Fake news we have the best education where we choose the best to teach. As long they are black cats can catch mice or not doesn't matter.  They can ask others to teach find tuition or blame others for the failure for we never fail. They didn't add the special privileges grade for the result. If they don't change the result we are not taking the pizza.", "time": "1 tahun lalu", "author": "@kawkawliang9959", "channel": "UCUNxjtodJY8MKNg-dDZxN4Q", "votes": "0", "replies": "", "photo": "https://yt3.ggpht.com/ytc/AIdro_ki1RlXk9CxgllTCtCbjCTLPj5tJGtvSAfP6JokGes=s88-c-k-c0x00ffffff-no-rj", "heart": false, "reply": false, "time_parsed": 1715483285.735832}
{"cid": "Ugz8nVoaXezHmhAtepx4AaABAg", "text": "my daughter did the test this year. she was very upset because she was not advised by the teacher about this PISA", "time": "1 tahun lalu", "author": "@richardoboyd", "channel": "UCiEc0-n5H79EVHxppzEq3CA", "votes": "0", "replies": "", "photo": "https://yt3.ggpht.com/ytc/AIdro_lc3gWTLDKX9SNNHRebVMdcmiyMNDxhLVQ2GIGBMTLvTA=s88-c-k-c0x00ffffff-no-rj", "heart": false, "reply": false, "time_parsed": 1715483285.737634}
{"cid": "UgwG2b7pOnmYf4h1c_h4AaABAg", "text": "this failure is expected when you deleted UPSR and PT3 (used to be PMR in my times), students just became dumber and dumber", "time": "1 tahun lalu", "author": "@jasonk.", "channel": "UCqjaj4uaxsjZsKB_26r1zgw", "votes": "2", "replies": "", "photo": "https://yt3.ggpht.com/VadJBCmc74unGW7y2kp2ZfS7TSfxNoaEsMZ36bNXfhIByc__5aHmUhGMctT0muAO1JbPMl2HHg=s88-c-k-c0x00ffffff-no-rj", "heart": false, "reply": false, "time_parsed": 1715483285.739471}
{"cid": "UgzYP4ztGMbIpgNkKHh4AaABAg", "text": "Sg soccer team is like MY PISA score.", "time": "1 tahun lalu", "author": "@XSGplayer", "channel": "UCVvihmHjq_QOgg3rVHKUD-A", "votes": "0", "replies": "", "photo": "https://yt3.ggpht.com/ytc/AIdro_kJAfUN7Ab77u6QIMN3rDzbRMOjYmsxzUu04dW7hCA=s88-c-k-c0x00ffffff-no-rj", "heart": false, "reply": false, "time_parsed": 1715483285.741267}
{"cid": "Ugw1xxJQe_eQiBWr5kB4AaABAg", "text": "Yes education system in Msia is fail, where politicians are above the law, the citizen must abey the law.", "time": "1 tahun lalu", "author": "@gfhghdg4664", "channel": "UCePeXBsYglKF5xF0wxvrEww", "votes": "0", "replies": "", "photo": "https://yt3.ggpht.com/ytc/AIdro_nCbkqR5L8XBTe4XCJ_CGAF_BMQnod_Ph10C0HnAs_dPjEFlD7f9eQZxca1IKA1n77VZw=s88-c-k-c0x00ffffff-no-rj", "heart": false, "reply": false, "time_parsed": 1715483285.742801}
{"cid": "Ugx3qF1YzidZRFoRAxt4AaABAg", "text": "But they are good at teaching  school children to hold protests and hold guns.\nJust image how were these children grow up going to be... gangsters or scientists?", "time": "1 tahun lalu (diedit)", "author": "@SinWengYew", "channel": "UCcZ_WRkp-x0t63C4i3CqqyQ", "votes": "0", "replies": "", "photo": "https://yt3.ggpht.com/3MX0sC-hyU2kfE22-hRH4ij1JRuQ49zZbqyLQnWwy5yP7hRhKu3CXePViszHbZ1gdL8SmrzJ=s88-c-k-c0x00ffffff-no-rj", "heart": false, "reply": false, "time_parsed": 1715483285.744341}
{"cid": "Ugz3SIkC-hwAZvC7WWF4AaABAg", "text": "Pisa", "time": "1 tahun lalu", "author": "@ceciliayoong2399", "channel": "UCDxnBrHf3y7oQba8xynqtiw", "votes": "0", "replies": "", "photo": "https://yt3.ggpht.com/ytc/AIdro_n3m7xeWn5ptA_zwpmU81y3O6-jbv8WvjnnpyQKbi9YeNOmEZNThwjQW3EwN3-DVI6pDA=s88-c-k-c0x00ffffff-no-rj", "heart": false, "reply": false, "time_parsed": 1715483285.745883}
{"cid": "Ugxavgi6VYQvevn9sDx4AaABAg", "text": "India dares not to participate in PISA", "time": "1 tahun lalu", "author": "@kongdingyou6723", "channel": "UCYuwJP38Cn-NrATjAYJVqGA", "votes": "0", "replies": "", "photo": "https://yt3.ggpht.com/ytc/AIdro_m57vR1Go6goBIo0dWeuXDAEp3aEIIQos21uIVVD-o=s88-c-k-c0x00ffffff-no-rj", "heart": false, "reply": false, "time_parsed": 1715483285.747382}
{"cid": "UgwsCW-bsL9pHpJJS554AaABAg", "text": "Malaysians, especially the Malays should consider sending their children to Chinese schools. They have better system, more committed teachers, more vigorous teaching method, more exams and evaluations and they could  speak Malay, English and Mandarin. Sekolah Kebangsaan??? Its just going to school for 11 years without any exams!!  They dont study, no pressure, no homework. How stupid can that be?.", "time": "1 tahun lalu", "author": "@damihasan7101", "channel": "UCUYQYMSeGc_2pHNtMShw-Fg", "votes": "0", "replies": "", "photo": "https://yt3.ggpht.com/ytc/AIdro_mU2Z_WGO0R5HTdMCk0f4u2pj6crvaiKjNVL2v-re4=s88-c-k-c0x00ffffff-no-rj", "heart": false, "reply": false, "time_parsed": 1715483285.748768}
{"cid": "UgyM_6gHZg7M8gXyj_14AaABAg", "text": "Oh our SPM straight A students have actually been increasing year by year, then why can't PISA scores???? 😂😂😂. Have we been leaking the exam answers to some students every year?!", "time": "1 tahun lalu (diedit)", "author": "@Wendy-dm5ox", "channel": "UCkE6c8sKEGpFmE3tsfmsN5g", "votes": "0", "replies": "", "photo": "https://yt3.ggpht.com/ytc/AIdro_lRtzSE0szuPcxiUF9E68bE7pbEuYMJ7QLvXem2xtk=s88-c-k-c0x00ffffff-no-rj", "heart": false, "reply": false, "time_parsed": 1715483285.750157}
{"cid": "UgzLG0M73wKiBNZuNpZ4AaABAg", "text": "No capable person dares and bold to take appropriate actions. But more bend to maintain their political position. It will never improve for another decade.", "time": "1 tahun lalu", "author": "@kawaitheam3418", "channel": "UC5k35J6n95ofRWu7g8Jm3kg", "votes": "0", "replies": "", "photo": "https://yt3.ggpht.com/ytc/AIdro_n8rgBva9BC_TVA-NtbXUyS5UQ5tn2RGyOBG7N5s34=s88-c-k-c0x00ffffff-no-rj", "heart": false, "reply": false, "time_parsed": 1715483285.751526}
{"cid": "Ugx2NLjk3S8QIaMnuzN4AaABAg", "text": "ALL SAME LOH..LEH", "time": "1 tahun lalu", "author": "@OrgKgTV", "channel": "UCJi_CkKP_KMOuu4GaryMTKw", "votes": "0", "replies": "", "photo": "https://yt3.ggpht.com/mPByUla8WklRDPFjLf3PC5zMxVLHS0yQ1SzyL3beTIa71DhX38MLzHy30TjgTzA0O7ToTczQxeQ=s88-c-k-c0x00ffffff-no-rj", "heart": false, "reply": false, "time_parsed": 1715483285.75289}
{"cid": "Ugz_G8hMtCGtgVxrZ_x4AaABAg", "text": "SINCERITY IS NEEDED....NOT RACIST ETC WHEN COMES TO EDUCATION....", "time": "1 tahun lalu", "author": "@OrgKgTV", "channel": "UCJi_CkKP_KMOuu4GaryMTKw", "votes": "0", "replies": "", "photo": "https://yt3.ggpht.com/mPByUla8WklRDPFjLf3PC5zMxVLHS0yQ1SzyL3beTIa71DhX38MLzHy30TjgTzA0O7ToTczQxeQ=s88-c-k-c0x00ffffff-no-rj", "heart": false, "reply": false, "time_parsed": 1715483285.754114}
{"cid": "UgwI2ckTdv-qk8ODJ6p4AaABAg", "text": "ALSO EVERYTIME NEW TEAM MINISTERS CHANGE THIS AND THAT ETC WTHEAVEN????", "time": "1 tahun lalu", "author": "@OrgKgTV", "channel": "UCJi_CkKP_KMOuu4GaryMTKw", "votes": "0", "replies": "", "photo": "https://yt3.ggpht.com/mPByUla8WklRDPFjLf3PC5zMxVLHS0yQ1SzyL3beTIa71DhX38MLzHy30TjgTzA0O7ToTczQxeQ=s88-c-k-c0x00ffffff-no-rj", "heart": false, "reply": false, "time_parsed": 1715483285.755341}
{"cid": "UgyrJi2eCu3bUP4WwMJ4AaABAg", "text": "REAL INTEGRATION OR SO CALL UNITY...ONE SCHOOL SYSTEM ONLY..STOP BS BY POLITICIANS!!..SIMPLE..STOP DIVIDE AND RULE STOP KILLING NEW GEN USING EDUCATION FOR POLITICS ETC SHITTT!!!", "time": "1 tahun lalu", "author": "@OrgKgTV", "channel": "UCJi_CkKP_KMOuu4GaryMTKw", "votes": "0", "replies": "", "photo": "https://yt3.ggpht.com/mPByUla8WklRDPFjLf3PC5zMxVLHS0yQ1SzyL3beTIa71DhX38MLzHy30TjgTzA0O7ToTczQxeQ=s88-c-k-c0x00ffffff-no-rj", "heart": false, "reply": false, "time_parsed": 1715483285.75657}
{"cid": "Ugy1wdF9oYUEZD4rFjp4AaABAg", "text": "I feel that Malaysians should be allowed to study in Singapore. Not enough places? Build more schools lah!\nHDB can build an estate in two months! A school? Probably a week lor.", "time": "1 tahun lalu", "author": "@tomeu9872", "channel": "UC_0wVRG4V_h-WmLrryXEzZQ", "votes": "0", "replies": "", "photo": "https://yt3.ggpht.com/ytc/AIdro_nx8c7Jb0sMw6ZStsZpUJ5Dy3MnYIzX_xUUxojKiQOYGENs9Hpuyzos6JpVufDaxlWPYQ=s88-c-k-c0x00ffffff-no-rj", "heart": false, "reply": false, "time_parsed": 1715483285.757804}
{"cid": "UgzQfi_XuMUvoeLKpfh4AaABAg", "text": "Come on lah ...... it all started in 1970", "time": "1 tahun lalu", "author": "@MrGuit12", "channel": "UCfmLN56jsuX9MPSO8wMHNyQ", "votes": "0", "replies": "1", "photo": "https://yt3.ggpht.com/ytc/AIdro_mOsKnSON0_k8l4qRGmCB-LCllm0QreUh21jEKqqQ=s88-c-k-c0x00ffffff-no-rj", "heart": false, "reply": false, "time_parsed": 1715483285.759026}
{"cid": "UgyZk2wOX9keg4Up6XR4AaABAg", "text": "PISA", "time": "1 tahun lalu", "author": "@tantengkee5440", "channel": "UCoasX-DVtZ4Prsb4_G5f2HQ", "votes": "0", "replies": "", "photo": "https://yt3.ggpht.com/ytc/AIdro_m44MCHG4VIVeWZSxiqz_bhfLOUXc5SXVrL-8vGVvA=s88-c-k-c0x00ffffff-no-rj", "heart": false, "reply": false, "time_parsed": 1715483285.760141}
{"cid": "Ugz05cWDBdVdWToRDJl4AaABAg", "text": "Malaysia slowly sleeping into a proislamic madras system.. Jakir Nayek is three", "time": "1 tahun lalu", "author": "@truecolor313", "channel": "UChZZGcDPjsZ8Nqpymv3yKsA", "votes": "0", "replies": "", "photo": "https://yt3.ggpht.com/dGRb3l5ajRY9RPK0aWsVdzVTByxf1MQpeGWfZqFP48GHN1_B8ZXIX-5NRJ_qqewEUOU-Q_Rm=s88-c-k-c0x00ffffff-no-rj", "heart": false, "reply": false, "time_parsed": 1715483285.761254}
{"cid": "UgzQfi_XuMUvoeLKpfh4AaABAg.A-OK-EL4MyWA-Q_A4C_KuQ", "text": "Yes, when Tun M (Dr Mahathir) was the Federal Education Minister from 1974 to 1978. He's still around and kicking, why not ask him to explain what did he do back then as Education Minister which started the rot??", "time": "1 tahun lalu", "author": "@True-Justice88", "channel": "UCpqhzx_3f7bv_wEnuvt63IA", "votes": "1", "replies": "", "photo": "https://yt3.ggpht.com/ytc/AIdro_ltIu98QW9aVmbqVxBW_IQi0xR-vFgzH-Rl4Tsb2VD6G1NqCdIv6pqabuAAW4pBrhtoAw=s88-c-k-c0x00ffffff-no-rj", "heart": false, "reply": true, "time_parsed": 1715483285.980134}
{"cid": "UgxuIdwhiGRrF_cjONJ4AaABAg", "text": "When the education system demands students to pass History instead of more important subjects, you'll know that the country is doomed.", "time": "1 tahun lalu", "author": "@anubbaconboi7911", "channel": "UCP9AgmCmIeLVWM61pkiAsDA", "votes": "1", "replies": "", "photo": "https://yt3.ggpht.com/ytc/AIdro_l-V7OYeN_vnb1-f-Dyt1JjUOqQEc_FljQRGaJ9UtiYGg=s88-c-k-c0x00ffffff-no-rj", "heart": false, "reply": false, "time_parsed": 1715483286.326028}
{"cid": "Ugyjfyg6icqQci9rDMp4AaABAg", "text": "PISA", "time": "1 tahun lalu", "author": "@BiggerRadius", "channel": "UCBsD4P_BT7f8LxmxriWMK0A", "votes": "0", "replies": "", "photo": "https://yt3.ggpht.com/IEuAT1SaRHO4dDP4d3FIipJ18ONg5gb3ruryPVH9BoWDgkT8SLRgTXBOnMtA7CG40pXs1BX1Tg=s88-c-k-c0x00ffffff-no-rj", "heart": false, "reply": false, "time_parsed": 1715483286.328209}
{"cid": "UgxEGF96lNhoUE8fPOZ4AaABAg", "text": "1) Primary School - Focus on the foundation Maths, Reading and Writing\n2) Secondary School - Focus on growing the knowledge base\n3) College/Pre-university - Focus on understanding the knowledge\n4) Degree - Focus on applying the knowledge\n5) Masters - Focus on questioning the knowledge\n6) Doctorate - Focus on creating new knowledge", "time": "1 tahun lalu", "author": "@ChristopherLim-k5z", "channel": "UCJXu5BxrJfpKyWTLCyoFNoQ", "votes": "4", "replies": "", "photo": "https://yt3.ggpht.com/fLI2Ai_KQUqTP_yDRQVEoFE1Xtpzr58aq2hmcweq6L2rVFCcUgKCM0iE-EKmuw9Ao3BOo97l=s88-c-k-c0x00ffffff-no-rj", "heart": false, "reply": false, "time_parsed": 1715483286.330159}
{"cid": "Ugw9s9_sW0OuvkFjMRB4AaABAg", "text": "PISA", "time": "1 tahun lalu", "author": "@ChristopherLim-k5z", "channel": "UCJXu5BxrJfpKyWTLCyoFNoQ", "votes": "0", "replies": "", "photo": "https://yt3.ggpht.com/fLI2Ai_KQUqTP_yDRQVEoFE1Xtpzr58aq2hmcweq6L2rVFCcUgKCM0iE-EKmuw9Ao3BOo97l=s88-c-k-c0x00ffffff-no-rj", "heart": false, "reply": false, "time_parsed": 1715483286.331948}
{"cid": "UgzRx3SLORH0gAkckbd4AaABAg", "text": "The leaning tower of PISA is about to topple..", "time": "1 tahun lalu", "author": "@shaharudinabdulrazak785", "channel": "UCnLr3qVSrheVD1N0U-Fl3jA", "votes": "0", "replies": "", "photo": "https://yt3.ggpht.com/ytc/AIdro_lNDLS5UoiIHAYPD_GtKTm6DG300_Tq_CtRLsJK62E=s88-c-k-c0x00ffffff-no-rj", "heart": false, "reply": false, "time_parsed": 1715483286.333627}
{"cid": "Ugw1fUNreD_eq0KKW6d4AaABAg", "text": "tomorrow is my spm sejarah exam, when the spm haven't start yet, one months ago, i was regret about not being seriously on my academic...", "time": "1 tahun lalu", "author": "@君彦君塚", "channel": "UCMXqga4XvgFf3gMeChonrUg", "votes": "0", "replies": "", "photo": "https://yt3.ggpht.com/evUPi3kognedKi8_8R-2ZcqbmfeEFyUOZQB5sEAz-pnpFRYNWhrpp3fQYrr8TJ9yS01riL5YJsc=s88-c-k-c0x00ffffff-no-rj", "heart": false, "reply": false, "time_parsed": 1715483286.335174}
{"cid": "UgxdMPNoE_ERtdJr_kt4AaABAg", "text": "First of all the goverment should take positive conceptions and understand the advantages of meritocracy and disadvantages of quota system in Education.Otherwise, its going to be great failure!Our country's progress depends on brilliant students compared to the substantard achievers!", "time": "1 tahun lalu", "author": "@krishnankrishnan6748", "channel": "UCIOOpwOu3Tyd5CgJSRhLSvQ", "votes": "0", "replies": "", "photo": "https://yt3.ggpht.com/ytc/AIdro_lAQqlPYoF_OBIppoGAJ3nREPTHc7ELIavDT92gxeQ=s88-c-k-c0x00ffffff-no-rj", "heart": false, "reply": false, "time_parsed": 1715483286.336723}
{"cid": "UgwQcv62grUGH63DvRR4AaABAg", "text": "Some one asked me why I don't take the MRT from Johor to Kuching. What are schools teaching?", "time": "1 tahun lalu", "author": "@AndiandCalvin", "channel": "UCevqDkXAMxbfaKpJyscDP7g", "votes": "13", "replies": "1", "photo": "https://yt3.ggpht.com/ytc/AIdro_nc4enS67zgnTizC27EVBodz8Laevo50n9WIxR-k8-6KOc=s88-c-k-c0x00ffffff-no-rj", "heart": false, "reply": false, "time_parsed": 1715483286.33827}
{"cid": "UgzuVdJ4utfXeagKJJ14AaABAg", "text": "Spm sejarah is tmr wish me luck", "time": "1 tahun lalu", "author": "@jwplayz8890", "channel": "UCbJlh99VdHcXejdPvHCP_WA", "votes": "0", "replies": "", "photo": "https://yt3.ggpht.com/6FwuoOslG6rLhAq2yUaxJI3G5QxSYbyeBWQL4-IoJJS40IsK9UERRxrO8KSq4DDLBKKCKWPO3A=s88-c-k-c0x00ffffff-no-rj", "heart": false, "reply": false, "time_parsed": 1715483286.339729}
{"cid": "UgxU9_eyIRcsMO8_aU54AaABAg", "text": "Its easier to rule the Uneducated. \nIts global.\nUnderstandable.", "time": "1 tahun lalu", "author": "@limlee1535", "channel": "UCkPXUoQbKN8WTdolzbY95Cg", "votes": "0", "replies": "", "photo": "https://yt3.ggpht.com/ytc/AIdro_kSI5o01ADMXthPXRF_OlfS6CWrruBDluU3OLVCftU=s88-c-k-c0x00ffffff-no-rj", "heart": false, "reply": false, "time_parsed": 1715483286.341101}
{"cid": "UgzsPuh7QzZuVEQrEWB4AaABAg", "text": "Pisa", "time": "1 tahun lalu", "author": "@terenceho", "channel": "UCzamneqxP6y_zIhcuzEO3sw", "votes": "0", "replies": "", "photo": "https://yt3.ggpht.com/ytc/AIdro_mFum6U5795j7hxWWZE7FhVXZvDtH1RcrCJ0s9WtRGcBw=s88-c-k-c0x00ffffff-no-rj", "heart": false, "reply": false, "time_parsed": 1715483286.34246}
{"cid": "UgyRnzy3-dU-i7mHwil4AaABAg", "text": "Malaysia Boleh but not English", "time": "1 tahun lalu", "author": "@chanchunkai9899", "channel": "UCT4Ql2O_0xB6qqYezDenfNw", "votes": "0", "replies": "1", "photo": "https://yt3.ggpht.com/ytc/AIdro_mEs8kluFJqWj95U0N422S_8o4R81UUG8ssUvphJ0s=s88-c-k-c0x00ffffff-no-rj", "heart": false, "reply": false, "time_parsed": 1715483286.343818}
{"cid": "UgylifFYVStwaRFTqph4AaABAg", "text": "English lose out", "time": "1 tahun lalu", "author": "@chanchunkai9899", "channel": "UCT4Ql2O_0xB6qqYezDenfNw", "votes": "0", "replies": "", "photo": "https://yt3.ggpht.com/ytc/AIdro_mEs8kluFJqWj95U0N422S_8o4R81UUG8ssUvphJ0s=s88-c-k-c0x00ffffff-no-rj", "heart": false, "reply": false, "time_parsed": 1715483286.345149}
{"cid": "UgzEalYPSM9CL9vyl1R4AaABAg", "text": "I totally agree with you. Pisa test please", "time": "1 tahun lalu", "author": "@shereenichang2592", "channel": "UCqZa8uNxLioc-pf6Abd-1jQ", "votes": "1", "replies": "", "photo": "https://yt3.ggpht.com/ytc/AIdro_mXLXLslXGgms2oG4Sl7YvDTab7yESfUHiCgTEpObQ=s88-c-k-c0x00ffffff-no-rj", "heart": false, "reply": false, "time_parsed": 1715483286.346388}
{"cid": "Ugwg9X6iDBQt8Rf1MbV4AaABAg", "text": "Have only one type school.", "time": "1 tahun lalu", "author": "@CHEA1111", "channel": "UCdhqdW_L-MbeFkBvSXR2R0Q", "votes": "0", "replies": "", "photo": "https://yt3.ggpht.com/ytc/AIdro_ndMVNVC6hG968MmAx081hMs-hluKr12cuqOSHw68g=s88-c-k-c0x00ffffff-no-rj", "heart": false, "reply": false, "time_parsed": 1715483286.347612}
{"cid": "UgyOMUZpJyMeS2y2dm54AaABAg", "text": "LEARN FROM ENGLISH,,  BAHASA MAALAYA PINJAMAN HEADING FOR DOOMSDAY FROEVER,,,,,BHUMIPUTERAN IS A PURE ANCIENT TAMIL WORLD,,,,,,,,USE. ROMANIZE TO. WRITE,,,,,,,SHAMEFUL,,,,,,,,SALAM TQ", "time": "1 tahun lalu", "author": "@MAHAMADAMAHAMADA-wb2ep", "channel": "UC1Xjr5MGMBriBUSFNIZgxPA", "votes": "0", "replies": "", "photo": "https://yt3.ggpht.com/ytc/AIdro_lU7q1oyBFdYzYj6nPE8Z5ATaTtdnO3cEthsZPd8Q=s88-c-k-c0x00ffffff-no-rj", "heart": false, "reply": false, "time_parsed": 1715483286.348869}
{"cid": "UgxDKE6RnjvflLZpKJ54AaABAg", "text": "Ask the Edu Minister..last 15years i already foreseen this. Politic in edu.", "time": "1 tahun lalu", "author": "@Yamani_Boss", "channel": "UCQ79NttOMsRJseA7YiwL_bQ", "votes": "0", "replies": "", "photo": "https://yt3.ggpht.com/ff7bPJ_6tzTBEpaqpqJBYWALNR8IH3-GJuEdXlzAD8rPmnhVgs2aoD_i7BwnLInOOcYv3GfN2g=s88-c-k-c0x00ffffff-no-rj", "heart": false, "reply": false, "time_parsed": 1715483286.350089}
{"cid": "Ugz0mVLaDlnjwMgVYNt4AaABAg", "text": "Ministry never ask parents teachers view before implement changes", "time": "1 tahun lalu", "author": "@kalthumghani6801", "channel": "UCxs9QU9NYWtnEg6I3gEOktA", "votes": "1", "replies": "", "photo": "https://yt3.ggpht.com/ytc/AIdro_n3Xx1mvCz_szHdpA0RIWCc5V_SU_8pU0mTDoG0t2ChO9BdC1UxtAQdNr99K6YVG_TEcg=s88-c-k-c0x00ffffff-no-rj", "heart": false, "reply": false, "time_parsed": 1715483286.351316}
{"cid": "UgznyuBXDvrUaoOYvKt4AaABAg", "text": "Because the important subjects like Science and Maths, the periods become less and less.", "time": "1 tahun lalu", "author": "@limjoohai3213", "channel": "UChZ0gkfjTslooSeOrzNso9g", "votes": "0", "replies": "", "photo": "https://yt3.ggpht.com/ytc/AIdro_lauqPzPo5GMJG5ytB_NKYiLKUmGe-9nDNFyRBd5RQ=s88-c-k-c0x00ffffff-no-rj", "heart": false, "reply": false, "time_parsed": 1715483286.352531}
{"cid": "Ugw11cvUnFCRPLgBtJx4AaABAg", "text": "Take race and religion out of the system and allow the professionals to do their job. Education in M’sia has been the political football for decades culminating to today position. Politicians are the worse people to prescribe education policy for the country. They are only interested in keeping the students uneducated. That’s  why Sarawak govt wanted to take education away from Putrajaya. M’sia spend hefts on education with little to show for!", "time": "1 tahun lalu", "author": "@jeffreylo9203", "channel": "UCjxTC-KPcAtbEN2XyJ0214Q", "votes": "0", "replies": "", "photo": "https://yt3.ggpht.com/ytc/AIdro_l_XfhN34DoM5PDDcseG5D1nr9a1j13GJoMx6SFLFw=s88-c-k-c0x00ffffff-no-rj", "heart": false, "reply": false, "time_parsed": 1715483286.353653}
{"cid": "UgwQcv62grUGH63DvRR4AaABAg.A-O16N-0LEUA-QPvsntOhX", "text": "Apparently they're teaching you can MRT your way from Johor to Kuching :/", "time": "1 tahun lalu", "author": "@petergriffinhentai4724", "channel": "UCtKO8QEPRfNXn6AqxXLCCiw", "votes": "1", "replies": "", "photo": "https://yt3.ggpht.com/ytc/AIdro_kqQC52pxLNIsZkgVlBeZAAfA6sJsxPU3RKO87Flk_W13o=s88-c-k-c0x00ffffff-no-rj", "heart": false, "reply": true, "time_parsed": 1715483286.542644}
{"cid": "UgyRnzy3-dU-i7mHwil4AaABAg.A-NrV5fOdxyA0OEn33wz97", "text": "Yes but nothing to lose if you can master English can be a translator earn more money.\nI can speak basic Malay my Malay friends a lot.", "time": "1 tahun lalu", "author": "@chanchunkai9899", "channel": "UCT4Ql2O_0xB6qqYezDenfNw", "votes": "0", "replies": "", "photo": "https://yt3.ggpht.com/ytc/AIdro_mEs8kluFJqWj95U0N422S_8o4R81UUG8ssUvphJ0s=s88-c-k-c0x00ffffff-no-rj", "heart": false, "reply": true, "time_parsed": 1715483286.745002}
{"cid": "Ugybs_OXr4acs3Vgr_94AaABAg", "text": "Some Teachers are just lazy and some head masters are just so good at apple polishing.", "time": "1 tahun lalu", "author": "@cgteoh8248", "channel": "UCnnH9XS8iSVZGAwnnIi4PJw", "votes": "0", "replies": "", "photo": "https://yt3.ggpht.com/ytc/AIdro_n68ziQLwlP2zE2AoW58ea3RWol98GNssqM9F9i2ODfKsPj4j3sBfuxm6Wo8-ppOXb3Jw=s88-c-k-c0x00ffffff-no-rj", "heart": false, "reply": false, "time_parsed": 1715483287.042777}
{"cid": "UgxXvVMBldZXrtusM7p4AaABAg", "text": "Because, too many Chefs...spoiled the broth.", "time": "1 tahun lalu", "author": "@TheSaleem57", "channel": "UCHNHFJESGLKk71_M_2FSPCw", "votes": "0", "replies": "", "photo": "https://yt3.ggpht.com/ytc/AIdro_mZ7iGUn_TAgvVl_mPhAGeGtc3qB-wE0_hZN_OyZ94=s88-c-k-c0x00ffffff-no-rj", "heart": false, "reply": false, "time_parsed": 1715483287.044676}
{"cid": "UgzHqAzA4RztR86XvzR4AaABAg", "text": "Religion and politicians must not mix with education.  Religion can be learnt and practised after school as in the 60s, 70s and 80s.  School children were better behaved and educated because their teachers then were able to focus on teaching activities only.  Malaysia was then ahead of many Asian countries with no interference from politicians and religion.\n\nNowadays, for better or for worse, teachers, parents and students can get alternative info from Khan Academy to learn various subjects from.  \n\nBut primarily, education is all about raising the future generation to be how to be humane, intelligent and wise, kind and compassionate, live harmoniously and protect the environment.  How to be hygienic and streetsmart and \nknow what is happening around the world. Be aware of scammers and extremists.\nKnow their neighbours and  stay in touch with family and friends.", "time": "1 tahun lalu", "author": "@ooiwahteh3791", "channel": "UCsvTD3arbfuY7P1Kz33FXPg", "votes": "1", "replies": "", "photo": "https://yt3.ggpht.com/ytc/AIdro_mR45YElnMqFAbZbGzd8RWdRocLc6MLXH7RM0nvZeE=s88-c-k-c0x00ffffff-no-rj", "heart": false, "reply": false, "time_parsed": 1715483287.046459}
{"cid": "UgyvIJskMcfKvkafbUJ4AaABAg", "text": "Education Minister please answer.", "time": "1 tahun lalu", "author": "@azizahithnin3768", "channel": "UClMz73kvepMz8Gp3lJ4XLNw", "votes": "1", "replies": "", "photo": "https://yt3.ggpht.com/ytc/AIdro_mpQeT3I8Ujuo8qaPrF5ErTcol5PAPxzZCWLAVQQW8=s88-c-k-c0x00ffffff-no-rj", "heart": false, "reply": false, "time_parsed": 1715483287.048234}
{"cid": "UgyGFGLiT0iCjYx19d14AaABAg", "text": "This is the outcome of PBD, abolish UPSR, PT3.", "time": "1 tahun lalu", "author": "@azizahithnin3768", "channel": "UClMz73kvepMz8Gp3lJ4XLNw", "votes": "1", "replies": "", "photo": "https://yt3.ggpht.com/ytc/AIdro_mpQeT3I8Ujuo8qaPrF5ErTcol5PAPxzZCWLAVQQW8=s88-c-k-c0x00ffffff-no-rj", "heart": false, "reply": false, "time_parsed": 1715483287.049957}
{"cid": "Ugznl7yoZ4aajhKMnjp4AaABAg", "text": "what do we expect from ketuanan education system. haha what a joke", "time": "1 tahun lalu", "author": "@asianz1011", "channel": "UC17GX797t40Yct7Cepr9fUg", "votes": "0", "replies": "", "photo": "https://yt3.ggpht.com/ytc/AIdro_mRl5F7_PWykDEV8Ogmyx6MM2ckuC8iDEexZtseJHA=s88-c-k-c0x00ffffff-no-rj", "heart": false, "reply": false, "time_parsed": 1715483287.051489}
{"cid": "Ugyj9iJ-N_6gnykLrwp4AaABAg", "text": "That's why many, including malays prefer to send their children to venacular schools instead", "time": "1 tahun lalu", "author": "@xxxcool2565", "channel": "UCRYYuWmXFchzxn0lRYSK9wg", "votes": "0", "replies": "", "photo": "https://yt3.ggpht.com/ytc/AIdro_lmEAigCxDqmH-rccutGr8kb2k5D1VInpGkX-1VI8o=s88-c-k-c0x00ffffff-no-rj", "heart": false, "reply": false, "time_parsed": 1715483287.053021}
{"cid": "Ugy6uPE5TMYvQRpoMF94AaABAg", "text": "heh my physics teacher said ellipse and elliptical are different.. what she say? She gave an example Gariskan dan garisan, sama tak? aiyoooo bleess malaysian teachers lah😅😅", "time": "1 tahun lalu", "author": "@typebetanymphgamingch5UB5CR1BE", "channel": "UC_ctr7F5cZhYdvL8zE9VTVg", "votes": "1", "replies": "", "photo": "https://yt3.ggpht.com/3CzGemrt5NCYliQMaNIcEWWqDkmXZvoVaW2VvjIUdEOoXcOcyYP5ufeNipQP2DLZ_PIC8QlKUg=s88-c-k-c0x00ffffff-no-rj", "heart": false, "reply": false, "time_parsed": 1715483287.054549}
{"cid": "UgzvCiGcle52MJpet9F4AaABAg", "text": "I sympathise with the students today, because over reliance of google or digital information without actually accumulating understandings. Remember the example, you using calculator to do math well dull your math skills. And yes teacher qualities bad is another main problem. Then ask yourself, are you willing to pay the teacher more? The answer is unfortunately mostly no", "time": "1 tahun lalu", "author": "@arion2000", "channel": "UCz8j_nblytaRsbnqHnujDWw", "votes": "0", "replies": "", "photo": "https://yt3.ggpht.com/ytc/AIdro_lLBMWgZsdYgYsHIJmZijRd1pzFx1ZTsd8G1mCpilA=s88-c-k-c0x00ffffff-no-rj", "heart": false, "reply": false, "time_parsed": 1715483287.055989}
{"cid": "UgxCcmot8y7WAX8Nn_14AaABAg", "text": "deyh... our teachers also soooo demotivated wanna teach already... let it be lah", "time": "1 tahun lalu", "author": "@typebetanymphgamingch5UB5CR1BE", "channel": "UC_ctr7F5cZhYdvL8zE9VTVg", "votes": "1", "replies": "", "photo": "https://yt3.ggpht.com/3CzGemrt5NCYliQMaNIcEWWqDkmXZvoVaW2VvjIUdEOoXcOcyYP5ufeNipQP2DLZ_PIC8QlKUg=s88-c-k-c0x00ffffff-no-rj", "heart": false, "reply": false, "time_parsed": 1715483287.057367}
{"cid": "UgwK2d85euS4zI3y16h4AaABAg", "text": "One main issue I think is the salary of the teacher. For those who got good grades, profession as teacher may not even in their radar.", "time": "1 tahun lalu", "author": "@syedsulaimankajamohideen6056", "channel": "UCjmf6zoXE08D1OQcxVAb8fw", "votes": "0", "replies": "", "photo": "https://yt3.ggpht.com/ytc/AIdro_lCwH2CPxpj-1hqjhJLN8TpRaZxpO-2MmmM6Cp2FSM=s88-c-k-c0x00ffffff-no-rj", "heart": false, "reply": false, "time_parsed": 1715483287.058759}
{"cid": "UgxlrBXig_V6Up12o1F4AaABAg", "text": "I am one of the batch '05 students that took UPSR and SPM but not PT3. I am currently taking my diploma in a stem subject and I agree with that he said about changing stem subjects to English have widen the gap between urban and rural students. In university I learn all of my subjects in English. I was lucky to be born in KL and I learnt my math and science stream subjects in English. However I can't say the same for my classmates who come from rural areas of the country. I can see that even some of them who got straight As in SPM were struggling. Not because of them not understanding the concepts. They didn't understand how to explain it in English because during their SPM they either took their subjects in Malay or their teachers themselves were struggling in teaching them in English. This becomes an issue when the lecturers are all teaching in full English so they might not understand it too well. Most of the time as soon as I explain it to them in Malay they instantly understand it. So in short, I think the whole issue is that the ministry of education must talk about the importance of English in our education. I'm not saying we should change the whole syllabus to English but we need to show the importance of English in our lives", "time": "1 tahun lalu", "author": "@hazimlee7599", "channel": "UCr0Psw-ozdpz-JRDwj9TlFA", "votes": "7", "replies": "1", "photo": "https://yt3.ggpht.com/ytc/AIdro_nRi7xdgObX_hdatEOHBdEGaRRCUGpr0aSNseNfWS3DPFqO=s88-c-k-c0x00ffffff-no-rj", "heart": false, "reply": false, "time_parsed": 1715483287.060141}
{"cid": "Ugwkd_DmXHU5vh9pl494AaABAg", "text": "How to improve when most of the ministers insist that the national language should be prioritised even in international documents, business documents etc. And that whatever documents submitted to any governmental agency must be in the national language otherwise it will not be recognised.", "time": "1 tahun lalu", "author": "@dinoweiming7495", "channel": "UCyS5ux-fFAthH7eE5Qt_AQA", "votes": "0", "replies": "", "photo": "https://yt3.ggpht.com/ytc/AIdro_mKeSIGBR3lULR7pv-eplMCZHdm8DWZ-S5qCw0EMOqhCX4=s88-c-k-c0x00ffffff-no-rj", "heart": false, "reply": false, "time_parsed": 1715483287.061478}
{"cid": "UgzLDHVN4duiLTH8qSx4AaABAg", "text": "So I have read comments saying teachers are late, not knowing what they are doing, but I think many are not sure of why this is happening.\n\nPerhaps I can suggest a reason.\n\nThe private schools.\n\nIf we have so many private schools in Malaysia, that is pumping all our teachers away into the private sector, because of better pay and better working conditions, who would want to remain in the public sector as a teacher? Correct, those who can't get into the private schools.\n\nThe rich has more resources to put their kids into private schools and the poor are left with unmotivated teachers.\n\nBut look at all those foreigner who are bringing their kids into Malaysia to study in our international schools. Our MM2H programme is so popular amongst the Chinese, HK, Koreans and Japanese. So many are here just for our schools and our society's ability to speak so many languages. Do you know what they are saying? They compliment our private and international schools. They love it! They love the teachers. \n\nThis is where all our good teachers are. \n\nThe reality of the education sector in our country now.", "time": "1 tahun lalu (diedit)", "author": "@elainev670", "channel": "UCvXgpR5B4B87RM1ZW0EszjA", "votes": "0", "replies": "", "photo": "https://yt3.ggpht.com/ytc/AIdro_nTFfLuAddanYgR75-kFYzH2JtxJszsezPHJ1Uuywd3rjU=s88-c-k-c0x00ffffff-no-rj", "heart": false, "reply": false, "time_parsed": 1715483287.062701}
{"cid": "UgycIdaJwdDQJ_iRDCd4AaABAg", "text": "Up until the late 70’s, school lessons in both Malaysia and Singapore were taught in English. Malaysia then changed over to teaching using Bahasa, while Singapore continued with using English as the medium of instruction. There were strong suspicions that the hidden agenda behind the Malaysian decision was to retard the progress of the Chinese. Now, it looks as if the decision has backfired, as it had retarded the learning of all students.", "time": "1 tahun lalu", "author": "@dont_listen_to_Albo", "channel": "UC2QK6j_NM1uMlKghTX2Rd-g", "votes": "18", "replies": "2", "photo": "https://yt3.ggpht.com/ytc/AIdro_lKh3DZnYHpP980aVoTkAu5uoDFh80q0YZwxholyg=s88-c-k-c0x00ffffff-no-rj", "heart": false, "reply": false, "time_parsed": 1715483287.063924}
{"cid": "UgyVs2blwZwDHJK39m94AaABAg", "text": "Malaysia TAK BOLEH", "time": "1 tahun lalu", "author": "@mangkali08", "channel": "UC5Gs0S7dY6Y2pjVdlCgpFug", "votes": "0", "replies": "", "photo": "https://yt3.ggpht.com/ytc/AIdro_nJSrVEuN6xVQeSRCZlprlhgAH0JzJILYBROo4bOmXNzdQ=s88-c-k-c0x00ffffff-no-rj", "heart": false, "reply": false, "time_parsed": 1715483287.065152}
{"cid": "Ugz_bf9j6l_XvP2gX9J4AaABAg", "text": "It is incorrect to that teachers were better, and better trained, in the past. When I was in school in the 70’s, some teachers were not university graduates, but from teachers training colleges. They taught rote learning, rather than understanding.", "time": "1 tahun lalu", "author": "@dont_listen_to_Albo", "channel": "UC2QK6j_NM1uMlKghTX2Rd-g", "votes": "0", "replies": "", "photo": "https://yt3.ggpht.com/ytc/AIdro_lKh3DZnYHpP980aVoTkAu5uoDFh80q0YZwxholyg=s88-c-k-c0x00ffffff-no-rj", "heart": false, "reply": false, "time_parsed": 1715483287.06639}
{"cid": "Ugx58NMR4-Fss0JMfn54AaABAg", "text": "The teacher themselves are questionable", "time": "1 tahun lalu", "author": "@caneestudio", "channel": "UCoje0bTWGegyUAzibyiRDIw", "votes": "0", "replies": "", "photo": "https://yt3.ggpht.com/ytc/AIdro_lOpm_KqsSqE1UIVD9ikBuVPQzq7RUS_-7k9ep-D6Y7oXY=s88-c-k-c0x00ffffff-no-rj", "heart": false, "reply": false, "time_parsed": 1715483287.067564}
{"cid": "UgzagqLo8Nemg3EEn_F4AaABAg", "text": "that's why Sarawak is moving away from what is happening in West Malaysia. Sarawak is pushing English, Chinese exams are recognised, and there are increasing number of national private schools because national schools just do not have the teachers with the right calibre.", "time": "1 tahun lalu", "author": "@Danielchan-z6h", "channel": "UC5Vef2y0cE9GtBwFdUiVPSQ", "votes": "1", "replies": "", "photo": "https://yt3.ggpht.com/ytc/AIdro_kQnWSAD6Gm3-wtlJwdGQ5jT55-cFBUBsNuleFX8xZm76T3ar1J01mTypF-cd73dN1eDg=s88-c-k-c0x00ffffff-no-rj", "heart": false, "reply": false, "time_parsed": 1715483287.068714}
{"cid": "Ugx00GL0cwv82-BtOiN4AaABAg", "text": "They are not the work force.", "time": "1 tahun lalu", "author": "@caneestudio", "channel": "UCoje0bTWGegyUAzibyiRDIw", "votes": "0", "replies": "", "photo": "https://yt3.ggpht.com/ytc/AIdro_lOpm_KqsSqE1UIVD9ikBuVPQzq7RUS_-7k9ep-D6Y7oXY=s88-c-k-c0x00ffffff-no-rj", "heart": false, "reply": false, "time_parsed": 1715483287.069833}
{"cid": "UgxlrBXig_V6Up12o1F4AaABAg.A-LvixZuidtA00VcUHeRDJ", "text": "I was told that even lawyers who are trained in Malaysia are not proficient in English. They have problems producing legal documents and arguing cases in courts in English. They may be able to rely on the admin department to provide an appropriate legal document but they are on your own in court. It is not uncommon to witness a case whereby a lawyer who's graduated from an overseas university articulating his/her points well but the locally trained lawyers rebutting in Malay and their body language clearly show the difference in their performance and confidence.", "time": "1 tahun lalu", "author": "@leonleon765", "channel": "UC_W2yLXRurLlKzWUg9oGvUQ", "votes": "0", "replies": "", "photo": "https://yt3.ggpht.com/ytc/AIdro_kMnKZ4r6f548evTMG67HsUqsSOW8NmyiMZgdfLC1U=s88-c-k-c0x00ffffff-no-rj", "heart": false, "reply": true, "time_parsed": 1715483287.348649}
{"cid": "UgycIdaJwdDQJ_iRDCd4AaABAg.A-LrG_1E84vA-MfCe4w6go", "text": "Dr Mahathir was the Minister of Education from 1974 to 1978. He was responsible for the changes..the ones who were heavily affected were the people of Sabah. In 1977 in Sabah, many Form 3 students who sat for their LCE exam failed their BM paper. BM was suddenly made mandatory to pass in the 1977 LCE exam in Sabah by the Ministry of Education. And that had to happen when it was the last year of the English medium of instruction in Sabah. Tun M must explain and perhaps, apologize to the people of Sabah. It was an extremely irresponsible move as Education Minister, back then.", "time": "1 tahun lalu", "author": "@True-Justice88", "channel": "UCpqhzx_3f7bv_wEnuvt63IA", "votes": "8", "replies": "", "photo": "https://yt3.ggpht.com/ytc/AIdro_ltIu98QW9aVmbqVxBW_IQi0xR-vFgzH-Rl4Tsb2VD6G1NqCdIv6pqabuAAW4pBrhtoAw=s88-c-k-c0x00ffffff-no-rj", "heart": false, "reply": true, "time_parsed": 1715483287.581663}
{"cid": "UgycIdaJwdDQJ_iRDCd4AaABAg.A-LrG_1E84vA4QxcuYmfMh", "text": "You are not fit to be a Malaysian and you shouldnt be here at all.Best for you to migrate to Singapore", "time": "11 bulan lalu", "author": "@mazenahmohamed4497", "channel": "UCJ99T21xTYQjE7bOxPj-Xmg", "votes": "0", "replies": "", "photo": "https://yt3.ggpht.com/ytc/AIdro_lOlHdNoAOlqRhtFv8PX1fShTWJ_bosbp1bfmIrZ3I=s88-c-k-c0x00ffffff-no-rj", "heart": false, "reply": true, "time_parsed": 1718161687.586547}
{"cid": "Ugxq7kALY76n9RtUZsF4AaABAg", "text": "The first main reason is the social media effect the youngsters education", "time": "1 tahun lalu (diedit)", "author": "@ahmadazfar6518", "channel": "UCHEEvj5NLLec8yqtuDOiDgA", "votes": "0", "replies": "", "photo": "https://yt3.ggpht.com/ytc/AIdro_nHzcBghFBFwcp8LUjuRRp9Up3O2gLzgH9gWs52tze31sU=s88-c-k-c0x00ffffff-no-rj", "heart": false, "reply": false, "time_parsed": 1715483287.97644}
{"cid": "UgwEC5R4DItFmt04RNh4AaABAg", "text": "PISAAAAAAA", "time": "1 tahun lalu", "author": "@muhammadwafiymokhtar1537", "channel": "UCdJ1yRB1TKjHhr8GyCKyRWA", "votes": "0", "replies": "", "photo": "https://yt3.ggpht.com/ytc/AIdro_kSkKwfwKSBrTskc-EuNLPbSu1_l543gxnNH9yOPrA=s88-c-k-c0x00ffffff-no-rj", "heart": false, "reply": false, "time_parsed": 1715483287.9786}
{"cid": "UgzJGYOkdgrwZygMoqt4AaABAg", "text": "Malaysia government dont want to educate the citizen, so they can manupilate them . Its mahathir planned during his time as PM.", "time": "1 tahun lalu", "author": "@corneliusyap5374", "channel": "UCKH2D1rtcI8Hi-CzoXRyLvA", "votes": "0", "replies": "", "photo": "https://yt3.ggpht.com/ytc/AIdro_nJREegZ41GFHybCPvIFEYIfuSF6t1D3MpK0_-T1YnYe00=s88-c-k-c0x00ffffff-no-rj", "heart": false, "reply": false, "time_parsed": 1715483287.980441}
{"cid": "UgzrsDP_j9l4UCDn22F4AaABAg", "text": "the failure is them make sjkc sjkt like you when you still don't know how to complaint about malaysia school system. Malaysia is the only country in asian have school \"jenis -jenis\" ths. fck off", "time": "1 tahun lalu", "author": "@OMGLYRIC123", "channel": "UCjhbn1bWl8LJq6plXn-KTCg", "votes": "1", "replies": "", "photo": "https://yt3.ggpht.com/HN3VFm6tVBirFQwcmZfybcKsGg-dE0ZwSxsx_x6K-JWco_N9idTR26AWQ0T3hrU_sGWXebOpFA=s88-c-k-c0x00ffffff-no-rj", "heart": false, "reply": false, "time_parsed": 1715483287.98223}
{"cid": "UgxuA8YI6VoEfiLGKh94AaABAg", "text": "PISA", "time": "1 tahun lalu", "author": "@birdlean1", "channel": "UCP0KK7ax1SZHUGCjHqKL1CA", "votes": "0", "replies": "", "photo": "https://yt3.ggpht.com/ytc/AIdro_lT3FMB9_kfouExvPnp00qiCgngzity-wmJ_LoDIbhbc5jH=s88-c-k-c0x00ffffff-no-rj", "heart": false, "reply": false, "time_parsed": 1715483287.983821}
{"cid": "UgzJZ-Q7gETwHMEXVFV4AaABAg", "text": "When mix Science with Religion we get Philosophy \n\nBut when mix Corruption with Racism we get Malaysia", "time": "1 tahun lalu", "author": "@partthasaratthy", "channel": "UCJpSWHKwmUBqiYzto6DDs_A", "votes": "5", "replies": "", "photo": "https://yt3.ggpht.com/ytc/AIdro_lZtDtF-nxknRsmMqNl-tL8v5Ze6U5t6aHMhypKviQ=s88-c-k-c0x00ffffff-no-rj", "heart": false, "reply": false, "time_parsed": 1715483287.985356}
{"cid": "UgyePsP2fRLGwEkN-vB4AaABAg", "text": "we dont need to ban tik tok but we need a platform tiktok for kids.... that provide malaysia children curated and clean. Also limited comment and post video on their own without supervision.....", "time": "1 tahun lalu", "author": "@fumi4487", "channel": "UCAoJ-0CzqF4q0CK7rnvYv5Q", "votes": "0", "replies": "", "photo": "https://yt3.ggpht.com/xleOAcVeNJ-MIEJartHD8kzj9C4jVGFsRpUZ2oYOZXiQ27FxsbZiRu-m4-JKWSEPtYfZl7JWlw=s88-c-k-c0x00ffffff-no-rj", "heart": false, "reply": false, "time_parsed": 1715483287.986897}
{"cid": "UgyVdq8vInnDt2A4-Sx4AaABAg", "text": "Quality? Who cares about Quality? More concerned about Race and Religion....", "time": "1 tahun lalu", "author": "@alantan9585", "channel": "UC51WT8Xa251uluATZb3bz7A", "votes": "0", "replies": "", "photo": "https://yt3.ggpht.com/ytc/AIdro_lhi3zUnZeFTBdYvJp4hVbX1yARb65G801gXB9EFzc=s88-c-k-c0x00ffffff-no-rj", "heart": false, "reply": false, "time_parsed": 1715483287.988425}
{"cid": "UgzE4LI68hw-26XAI8F4AaABAg", "text": "Chinese School, Chinese Independent and International School are OK.... Most of them currently are  working  in oversea..", "time": "1 tahun lalu", "author": "@kevintan4321", "channel": "UCggxnWLFakoqHieo0ddpUoQ", "votes": "3", "replies": "", "photo": "https://yt3.ggpht.com/ytc/AIdro_lhcLtkprKzEghG-sE1f2OOabe33SnEohlbEtznPPhTALw=s88-c-k-c0x00ffffff-no-rj", "heart": false, "reply": false, "time_parsed": 1715483287.989822}
{"cid": "UgyH3Glbuk3ezSuc__x4AaABAg", "text": "I had the passion to follow both my parents' footsteps to pursue education via the government education route. With a high band 5 in MUET, I didn't pass the Malaysian Educators Selection Inventory (MEdSI) test... \n\nThat was years ago where I discovered the ed system is fucked...", "time": "1 tahun lalu", "author": "@leeroy6670", "channel": "UCc_pKzaRPAzGoMHWq7wvdkg", "votes": "1", "replies": "", "photo": "https://yt3.ggpht.com/ytc/AIdro_lduZDdsPzN9Pmenkaap9H34melE5TXakEgrsOLukDufwbM=s88-c-k-c0x00ffffff-no-rj", "heart": false, "reply": false, "time_parsed": 1715483287.991207}
{"cid": "UgzT7uIJz_76iwRJUEV4AaABAg", "text": "diamlah kau Malaysia dah nak jadi negara berpendapatan tinggi sewaktu zaman najib menurut bank dunia, system kita dah terbukti melahirkan generasi yang berkualiti tinggi, tapi 2018 segala2 berakhir, tahun 2023 bermula era negara2 asian yang lain mula memotong kita drpd sudut ekonomi, tahniah papanon.", "time": "1 tahun lalu (diedit)", "author": "@luqmanosman2649", "channel": "UCU39m_dLyyGvBFl0P6RW_QQ", "votes": "1", "replies": "", "photo": "https://yt3.ggpht.com/ytc/AIdro_mNwg1l1mE_IH7ASUA47TZCevE-xSJH0saB35OuV2g=s88-c-k-c0x00ffffff-no-rj", "heart": false, "reply": false, "time_parsed": 1715483287.992568}
{"cid": "UgzssISAzGtmDYG9HrZ4AaABAg", "text": "The fact that I'm involved of that chart for SPM this year is even funnier 😭💀", "time": "1 tahun lalu", "author": "@l0litadeviant", "channel": "UCybcOqA50MzaAQpcLpUl-Jg", "votes": "0", "replies": "", "photo": "https://yt3.ggpht.com/qPks9kLVrls8KjFdwDaNap710GBNy74S0aKpXBehm_DSbbOpwwjDF4gBZxCUOJamPKc5tisK=s88-c-k-c0x00ffffff-no-rj", "heart": false, "reply": false, "time_parsed": 1715483287.993931}
{"cid": "UgywJoUK4F7JAmivnVV4AaABAg", "text": "PISA", "time": "1 tahun lalu", "author": "@tohmingjian", "channel": "UCDstmUyjGAs40ibzfmEMtwQ", "votes": "0", "replies": "", "photo": "https://yt3.ggpht.com/ytc/AIdro_nGCfWOe_fFkasQ6IRRpBF6AnM0RH-oRpXynjEkBII=s88-c-k-c0x00ffffff-no-rj", "heart": false, "reply": false, "time_parsed": 1715483287.995247}
{"cid": "Ugwi2JX8ctoxxNHnCId4AaABAg", "text": "If they don't know the basic economic theory then it s fail. Ppl gotta know printing money a\nNd it's effects and what are the forms of money printing \n\nIf the people come out and cannot find answer on their own and depend on someone talking to them it is another failure", "time": "1 tahun lalu", "author": "@gmanchannel7", "channel": "UCUYpFxY6ez-MZ6BmrIn2dvw", "votes": "0", "replies": "", "photo": "https://yt3.ggpht.com/ytc/AIdro_koS2oJ05ODvzAfp2brLBdVVRdL5I6jhVaIkXIBF50f6Yr2=s88-c-k-c0x00ffffff-no-rj", "heart": false, "reply": false, "time_parsed": 1715483287.996472}
{"cid": "UgypfGbJGkvDTpxe5rx4AaABAg", "text": "Ubah la lagi", "time": "1 tahun lalu", "author": "@hasnanhashim4386", "channel": "UCngCW28qGJvkKV3sr7IWKhA", "votes": "0", "replies": "", "photo": "https://yt3.ggpht.com/ytc/AIdro_lf8T5HiS6RZ1fwkkKIYCCrAzjdh0GzAOPqqQ_aok3TXWU=s88-c-k-c0x00ffffff-no-rj", "heart": false, "reply": false, "time_parsed": 1715483287.997701}
{"cid": "Ugwpb7gaEqfEkfxAG-Z4AaABAg", "text": "Murid darjah 1 dibebankan dengan macam2 subjek.\nMereka tak sempat nak enjoy the learning process.\n\nRamai murid yg masuk tingkatan 1, gagal faham basic concepts n maths dari sekolah rendah.\nOperasi bercampur tak tahu nak buat mana dulu,\npecahan, perpuluhan, peratus tak reti nak buat\n\nMasuk sekolah menengah, matematik lagi mencabar. Mereka tak boleh follow. Rasa diri bodoh. Keyakinan diri jadi rendah.", "time": "1 tahun lalu", "author": "@olivemarinade", "channel": "UCYPJ5FCodI9YDtvnhz5zJnQ", "votes": "0", "replies": "", "photo": "https://yt3.ggpht.com/OOCMOEQ2mNXH33K_l0BGExLqJej_JkGcpQ-71cAOoBt1HTrpZ1CqCZHZnRpmwqzyiUS0V3m4wDY=s88-c-k-c0x00ffffff-no-rj", "heart": false, "reply": false, "time_parsed": 1715483287.998951}
{"cid": "UgyBL4thPsSkyszKdw94AaABAg", "text": "FRET NOT ,  NONE NEED TO FEAR LETHARGY .\n\nREGIONAL ESTIMATES NEED TO PEEP INTO THE HEAP OF PHOTOCOPIED PULP OF 70S TEXTBOOKS WHICH HAVE BEEN ABUSED TO PERPETUATE THIGHSTRAINED THIGHLAHHENDU FAECESBOGGER WHACKADEMIA .\n\nREGENERATION OF CYCLES OF LOWER TIER DOUBLE DIGIT IQ TIE UKNEEWURCITY GRADUATES .\n\nSUCH DECADENCE REGULARLY ENCOURAGED TO CONSUME ALL MANNER OF THIGH HYPOCRISIES.\n\nTHIGH SAHKOONS ARGHE SHITE .", "time": "1 tahun lalu", "author": "@deancordova2982", "channel": "UCUEUoAJJToJ878KALrDnO7A", "votes": "0", "replies": "", "photo": "https://yt3.ggpht.com/ytc/AIdro_m7zqcJ7-7V_oGcUVm7-LUHrGAGbYf1AV6MQORaPmLpdw=s88-c-k-c0x00ffffff-no-rj", "heart": false, "reply": false, "time_parsed": 1715483288.000176}
{"cid": "UgzH3XKu5wR4QyN8HIV4AaABAg", "text": "No teachers are good 👍", "time": "1 tahun lalu", "author": "@hlc95", "channel": "UCw27KcqCdXMue5gt95nWWuA", "votes": "0", "replies": "", "photo": "https://yt3.ggpht.com/ytc/AIdro_kFrUdOYo7Th-FIYGiovwSF6cbz1yBm5_j0-uM6mms=s88-c-k-c0x00ffffff-no-rj", "heart": false, "reply": false, "time_parsed": 1715483288.001399}
{"cid": "UgziGD_U3HFQmRjw8jt4AaABAg", "text": "Because of affirmative systems which was  created by the 4th primminister", "time": "1 tahun lalu", "author": "@Raman-cd1br", "channel": "UCN6k19suauoae1mgj7qzrXA", "votes": "0", "replies": "", "photo": "https://yt3.ggpht.com/ytc/AIdro_kVt-2KnstlTCEKQNERtFu1r0nkoGfCbDaBeHqzzAeOW6FjInY1ji4XDCDXS_eKGhY0Pw=s88-c-k-c0x00ffffff-no-rj", "heart": false, "reply": false, "time_parsed": 1715483288.002601}
{"cid": "UgzBQrXnWXxSILDpeRV4AaABAg", "text": "The chinese been saying tis decades\nIn d end they realize gov wont change\nAfter school how many being sent to tuition\nThat show how fail d system is", "time": "1 tahun lalu", "author": "@Givea_shit", "channel": "UCqRUhBjVENlWUfOAK1LSY_g", "votes": "0", "replies": "", "photo": "https://yt3.ggpht.com/ytc/AIdro_mYhDDsCA9NfTG2PgzluZfHQpG5ifmMgJPfOK61kjZldvH8THXl33B8Pu__NmTzyraUXQ=s88-c-k-c0x00ffffff-no-rj", "heart": false, "reply": false, "time_parsed": 1715483288.003711}
{"cid": "UgzYFbC_PJLC-TQO1j54AaABAg", "text": "Everyone knows the answer but none dares to raise it. Therefore it's a waste of time thinking or talking about it. Be smart and just take care of your loved ones.", "time": "1 tahun lalu", "author": "@prabak7739", "channel": "UC3gXfNsHVBigiM7uAZcLoLA", "votes": "0", "replies": "", "photo": "https://yt3.ggpht.com/ytc/AIdro_l_dG6j1NkJbx53xKEGUQm0SdKYmePQ2eInMcWxNnY=s88-c-k-c0x00ffffff-no-rj", "heart": false, "reply": false, "time_parsed": 1715483288.386017}
{"cid": "UgxHoUAuO9UtmuGmeet4AaABAg", "text": "Piza", "time": "1 tahun lalu", "author": "@prabak7739", "channel": "UC3gXfNsHVBigiM7uAZcLoLA", "votes": "0", "replies": "", "photo": "https://yt3.ggpht.com/ytc/AIdro_l_dG6j1NkJbx53xKEGUQm0SdKYmePQ2eInMcWxNnY=s88-c-k-c0x00ffffff-no-rj", "heart": false, "reply": false, "time_parsed": 1715483288.388217}
{"cid": "Ugz0ITqvdSwj04_V-WR4AaABAg", "text": "as an Indonesian imma just laugh it off . 0:39 you can see its even lower than malay", "time": "1 tahun lalu", "author": "@bxnkaii", "channel": "UCuQBCsrulr0o7e-6l7UyFpQ", "votes": "0", "replies": "", "photo": "https://yt3.ggpht.com/dPG3G4ri49U409daFeReHHEnvatBJIehA_lm08OVgiLxIEXGwxOad9zw-H97ISe1jHhn8tcOzlw=s88-c-k-c0x00ffffff-no-rj", "heart": false, "reply": false, "time_parsed": 1715483288.39006}
{"cid": "UgxqZe8zduLGuQJyGCl4AaABAg", "text": "PISA", "time": "1 tahun lalu", "author": "@philipchin7652", "channel": "UCZAz_K-TV5Pna86yuVVGJiw", "votes": "0", "replies": "", "photo": "https://yt3.ggpht.com/ytc/AIdro_mYhDDsCA9NfTG2PgzluZfHQpG5ifmMgJPfOK61kjZldvH8THXl33B8Pu__NmTzyraUXQ=s88-c-k-c0x00ffffff-no-rj", "heart": false, "reply": false, "time_parsed": 1715483288.39184}
{"cid": "UgwSIt8manH-U3fSPBZ4AaABAg", "text": "Malaysian politicians send their own children overseas to study. Better education, better inform and in position of power and $$.  A  less or uneducated Malaysian is easy for the politicians to manipulate.", "time": "1 tahun lalu", "author": "@ericfoong2845", "channel": "UCNRawc6loI-RS6_yfDL8TKg", "votes": "1", "replies": "", "photo": "https://yt3.ggpht.com/ytc/AIdro_l04V0A8ctg-5btmvvRSRP-0E50CWS0-G49CmlQx7Q=s88-c-k-c0x00ffffff-no-rj", "heart": false, "reply": false, "time_parsed": 1715483288.393426}
{"cid": "Ugw-1y8y9i7y5Qe8Jyp4AaABAg", "text": "Those days it was UMNO WHO TOTALLY SCREW UP THE EDUCATION", "time": "1 tahun lalu", "author": "@harveyaction", "channel": "UCXr9hD4JbeOdtEk9i2If4Zw", "votes": "1", "replies": "", "photo": "https://yt3.ggpht.com/ytc/AIdro_nbR_YOArXV1M0EgdesAzRMdbyW-OqHGgtHWvGsTcQ=s88-c-k-c0x00ffffff-no-rj", "heart": false, "reply": false, "time_parsed": 1715483288.394986}
{"cid": "UgyeFep7MRhjSawRvdR4AaABAg", "text": "Total revamp of the MINISTRY first ..90% r KETUAAN", "time": "1 tahun lalu", "author": "@harveyaction", "channel": "UCXr9hD4JbeOdtEk9i2If4Zw", "votes": "1", "replies": "", "photo": "https://yt3.ggpht.com/ytc/AIdro_nbR_YOArXV1M0EgdesAzRMdbyW-OqHGgtHWvGsTcQ=s88-c-k-c0x00ffffff-no-rj", "heart": false, "reply": false, "time_parsed": 1715483288.396546}
{"cid": "Ugz6GV3p6Cq-uIoPNrp4AaABAg", "text": "Ur research SHOULD START FROM during O levels to MCE to SPM until today, OUR EDUCATION ARE SCREW UP BY KETUAAN ISSUE", "time": "1 tahun lalu", "author": "@harveyaction", "channel": "UCXr9hD4JbeOdtEk9i2If4Zw", "votes": "2", "replies": "", "photo": "https://yt3.ggpht.com/ytc/AIdro_nbR_YOArXV1M0EgdesAzRMdbyW-OqHGgtHWvGsTcQ=s88-c-k-c0x00ffffff-no-rj", "heart": false, "reply": false, "time_parsed": 1715483288.398083}
{"cid": "UgzQk5Q_wxD3ZHH1jEp4AaABAg", "text": "started since anwar was the education minister in the late 80s. indoctrinate government civil servants with his so called \"islamic values\", but actually more to soften PAS influence. Anwar educational background is a mere malay studies graduate with cukup makan passing mark. At univerity malas belajar, kuat main politik. and then jadi menteri. and you ask why our education system fail?", "time": "1 tahun lalu", "author": "@corporaljaabawalker1678", "channel": "UCPNMJwD8IQz7xiJyxPuEo5Q", "votes": "1", "replies": "", "photo": "https://yt3.ggpht.com/Q8nEIp6myNwYsq0RB5wRYyTGbOM0flXB6uWcj_grK24fHdqaV5R43b3PeUCw-5UGBy8--l5T=s88-c-k-c0x00ffffff-no-rj", "heart": false, "reply": false, "time_parsed": 1715483288.399525}
{"cid": "UgyDlxOsdnIhwjz7UUN4AaABAg", "text": "This education system produced people who think it is okay to reduce sentences of crooks who steal billions of ringgit.", "time": "1 tahun lalu", "author": "@stand355", "channel": "UCyJ-qVtc7JRFXVB7tmLtgvg", "votes": "0", "replies": "", "photo": "https://yt3.ggpht.com/ytc/AIdro_nJSFlhpSxtcIFqkiTeBB0h4jE9YmTiwBHm6PVGAnE=s88-c-k-c0x00ffffff-no-rj", "heart": false, "reply": false, "time_parsed": 1715483288.400896}
{"cid": "UgwR8hJmv_WJFnQTXvd4AaABAg", "text": "Decided to homeschool my kid so that she doesn't have to waste time in school like I did previously. Now my girl is studying in USA with a scholarship.", "time": "1 tahun lalu", "author": "@shutengloke5907", "channel": "UCzJ3ij_MazDhV-EhhttHb2Q", "votes": "3", "replies": "", "photo": "https://yt3.ggpht.com/ytc/AIdro_k7u_0sykRU4nt3CyRMxO8k0lgfkzDWQSaZKSG_AJQ=s88-c-k-c0x00ffffff-no-rj", "heart": false, "reply": false, "time_parsed": 1715483288.40226}
{"cid": "UgwMKKxYeH3Ih0nBPeF4AaABAg", "text": "PISA", "time": "1 tahun lalu", "author": "@shutengloke5907", "channel": "UCzJ3ij_MazDhV-EhhttHb2Q", "votes": "0", "replies": "", "photo": "https://yt3.ggpht.com/ytc/AIdro_k7u_0sykRU4nt3CyRMxO8k0lgfkzDWQSaZKSG_AJQ=s88-c-k-c0x00ffffff-no-rj", "heart": false, "reply": false, "time_parsed": 1715483288.403625}
{"cid": "Ugzd3nAMUZE0cT2Rw1x4AaABAg", "text": "government want to ensure the majority young generation remain stupid so they can continue rob us? classic textbook tactics XD...and malaysia standard 3 is like just kindergarten in singapore is that bad", "time": "1 tahun lalu (diedit)", "author": "@popmitos", "channel": "UCV_Xm1agvD9ecEcs9euqaIg", "votes": "1", "replies": "", "photo": "https://yt3.ggpht.com/ccYWC8F870tx2QqMVoMxlLcmwx0LFNv1puQ_1JgOopY5IICXhkQl8zXNcDMuWWPQpYfSpT99JQ=s88-c-k-c0x00ffffff-no-rj", "heart": false, "reply": false, "time_parsed": 1715483288.404898}
{"cid": "UgyUEz3VbXywRwwqjTF4AaABAg", "text": "Singapore is rank no 1for so many years , You can talk until the cow comes back , problem still not solved", "time": "1 tahun lalu", "author": "@valorantpolice728", "channel": "UCmWlSLNLMVoOW8GWWQsEEWg", "votes": "5", "replies": "", "photo": "https://yt3.ggpht.com/ytc/AIdro_kT0IqtOmXpdtFie8P0x98qrJz9kcldmCupNPOvWp9a2UN8863NdoSc1f-MBxFQkj9lBQ=s88-c-k-c0x00ffffff-no-rj", "heart": false, "reply": false, "time_parsed": 1715483288.406122}
{"cid": "UgwWnjPJSdRNF8IsMxx4AaABAg", "text": "Why bother with education\nBelajar rajin-rajin kerja minta proficiency in mandarin😂", "time": "1 tahun lalu", "author": "@dasgerbil5189", "channel": "UC1PNvM99l81PoOQTw5nKp2g", "votes": "1", "replies": "", "photo": "https://yt3.ggpht.com/ytc/AIdro_k3Uj98NXbkVdT_8NBl8-xyo_6GOGggHuqlTBhRCFll3O7ebUx3TA2UIOiS--bGrjiboA=s88-c-k-c0x00ffffff-no-rj", "heart": false, "reply": false, "time_parsed": 1715483288.407351}
{"cid": "UgwYGF7XPV8pkglH8Hp4AaABAg", "text": "The way the Malaysia reward system works was never merit based. This is indeed a problem when attracting talents to work in the education system.", "time": "1 tahun lalu", "author": "@angchoon", "channel": "UC4D2_QEBmJCiXCRf4uibwFQ", "votes": "0", "replies": "", "photo": "https://yt3.ggpht.com/ytc/AIdro_mlVdUyFT50s2SCVIRgkf-qVdiizakW8d2Blgw-hD0=s88-c-k-c0x00ffffff-no-rj", "heart": false, "reply": false, "time_parsed": 1715483288.408594}
{"cid": "UgxtJAs8CS5sFGqS9Vd4AaABAg", "text": "Revert... It.... Back.... 😂😂😂", "time": "1 tahun lalu", "author": "@scteoh4855", "channel": "UCErLvfmAuO1KbUsKNb-D7MQ", "votes": "0", "replies": "", "photo": "https://yt3.ggpht.com/ytc/AIdro_l7pnGujIxvJ_ejxDE9jHbLLwLk8e9r--fEN5S6eho=s88-c-k-c0x00ffffff-no-rj", "heart": false, "reply": false, "time_parsed": 1715483288.409826}
{"cid": "UgzHuD2oAfGL3DRgyFx4AaABAg", "text": "I don't know where our money is spent. Probably spent too much on things that might not be necessary.", "time": "1 tahun lalu", "author": "@KenWeiG", "channel": "UCXnWRVHOdXIQfLLpQoqsrVQ", "votes": "0", "replies": "", "photo": "https://yt3.ggpht.com/ytc/AIdro_lWdYFzcpShDIJil6mbCpNuJVBxglbRwW8-C6ujTykrg1w=s88-c-k-c0x00ffffff-no-rj", "heart": false, "reply": false, "time_parsed": 1715483288.411049}
{"cid": "UgyI2Gjy7KXUPQ3alRl4AaABAg", "text": "Well the prove is in the private education pie", "time": "1 tahun lalu", "author": "@NicO-cm2xo", "channel": "UCLZmfYXR_MWePTh8v1jjuqw", "votes": "0", "replies": "", "photo": "https://yt3.ggpht.com/ytc/AIdro_mvyYUoqYCnzDNW1u-oNI5iiDHg1FgoiN8Y6dOKDtEm1g=s88-c-k-c0x00ffffff-no-rj", "heart": false, "reply": false, "time_parsed": 1715483288.412244}
{"cid": "UgzQs1ZGZoo-vJ9MSYF4AaABAg", "text": "A lot is being said about teachers and what needs to be done to improve the quality of teachers but my question is who’s going to pay for all those things you’ve suggested? It’s easy to talk but having the resources to equip them is another story.\n\nAlso why did you conveniently left out parents? Teachers only have limited time with 40 students in a class and estimation of 120-200 students (if they teach different classes) within 5 days. Parents should also be at fault for what is happening to the quality of education.\n\nI studied in SK & SMK and living in a B40 & M40 neighborhood. My classmates were having problems conversing in English. It’s not rocket science! Whenever I pass by my neighbor’s house I always hear the tv playing shows in their respective mother tongue (i.e. Malay, Chinese dialects &  Tamil). By conversing in mother tongue & consuming their respective language media, they ended up losing the opportunity to learn and improve English.\n\nNot to mention how some parents tend to think that English is language of “outsiders / foreign” so they don’t emphasize kids in mastering the language.", "time": "1 tahun lalu", "author": "@melvinlourdes88", "channel": "UCc351fXQD9HijjXNSq0-Aug", "votes": "1", "replies": "", "photo": "https://yt3.ggpht.com/ytc/AIdro_k-edxiRn4iVmo9q8TSJ0636kO_OP8yXKxh2HkCWsI=s88-c-k-c0x00ffffff-no-rj", "heart": false, "reply": false, "time_parsed": 1715483288.41336}
{"cid": "Ugyv9E0XLbbygyyKT4h4AaABAg", "text": "PISA", "time": "1 tahun lalu", "author": "@danccm", "channel": "UCNQNN6sC4Sg4J7N9B2uX3PA", "votes": "0", "replies": "", "photo": "https://yt3.ggpht.com/ytc/AIdro_lb7YzrialMfOgKtCZbYQgygjZRQTtfQL3qsxuauntHkOU=s88-c-k-c0x00ffffff-no-rj", "heart": false, "reply": false, "time_parsed": 1715483288.737263}
{"cid": "Ugz1iXRGXqSZvuEMdVR4AaABAg", "text": "PISA", "time": "1 tahun lalu", "author": "@cooperchan849", "channel": "UCRLkG_wQfi20ZyohOA_VXoQ", "votes": "0", "replies": "", "photo": "https://yt3.ggpht.com/ytc/AIdro_m7KMElBw9Q2u1m-rOMjTLy6YtsSgpQizAoOQ4h_TE=s88-c-k-c0x00ffffff-no-rj", "heart": false, "reply": false, "time_parsed": 1715483288.73944}
{"cid": "Ugx5O-gqHMncld5xsGZ4AaABAg", "text": "Appoint more qualified Minister of Education , restart exam without exam students don't have motivvation to study . Also give all the teachers assessement tests to guage their competencies level", "time": "1 tahun lalu", "author": "@Jason-sf8vx", "channel": "UCx-SCgnhxUw_01h_WkUXR9Q", "votes": "1", "replies": "", "photo": "https://yt3.ggpht.com/ytc/AIdro_llDQa7JWZmoRKJo8_ZBsfCvmbG-thr0yNvC0HOrqo=s88-c-k-c0x00ffffff-no-rj", "heart": false, "reply": false, "time_parsed": 1715483288.74128}
{"cid": "UgwlCdYBwTlImbJeN5B4AaABAg", "text": "Banyak masuk jadi guru sebab mahu pencen....gaji tinggi...dan boleh curi tulang mahu hidup senang di gomen.....", "time": "1 tahun lalu", "author": "@JjLlm-s7m", "channel": "UCohPFAFLWK56CLQP35NFIeg", "votes": "1", "replies": "", "photo": "https://yt3.ggpht.com/ytc/AIdro_ktf9w-_Y-Ykk2WaCOrvRvto-DqwRfZrCwkWm-etOgO-lhcHcpTYkUtyPAuK6d42C4TAw=s88-c-k-c0x00ffffff-no-rj", "heart": false, "reply": false, "time_parsed": 1715483288.743082}
{"cid": "Ugw1M1mKOkI1w8Df7XN4AaABAg", "text": "Garbage teacher garbage students.", "time": "1 tahun lalu", "author": "@lautuckwai4465", "channel": "UCeRKU0NvlAGHdrbRV0cyVeg", "votes": "0", "replies": "", "photo": "https://yt3.ggpht.com/ytc/AIdro_kTbcncwPGtJjwwWE3bA4KNEjRWI7X_rcX5cPOLwyo=s88-c-k-c0x00ffffff-no-rj", "heart": false, "reply": false, "time_parsed": 1715483288.744692}
{"cid": "Ugy63wBvrrvW_pgktnt4AaABAg", "text": "Now only you know? Too late liao!", "time": "1 tahun lalu", "author": "@jeremyxu8155", "channel": "UC6zGTehO6Iu_D6_Sm2vhSLA", "votes": "1", "replies": "", "photo": "https://yt3.ggpht.com/ytc/AIdro_nbnIwyYsF5KGzS2pWd-Bbv2zgtWKXIXYtKtnh9Q669BzQAGM9gxLELfbqgp3aEheu7BQ=s88-c-k-c0x00ffffff-no-rj", "heart": false, "reply": false, "time_parsed": 1715483288.74624}
{"cid": "UgwOyjqZd4483sJsyNl4AaABAg", "text": "The world is becoming borderless and the environment has become complicated. So, if the quality drops, we actually have to look at more angle for the causes. Students are exposed to different media and people.\nTeachers used to be able to focus on teaching because they were not burdened with paperwork.\nThe reason for the poor quality of students:\n1. An increase in tuition centers and child care centers that focus on profit. Students are not focused in school because they feel that there is a tutor who will help them. Lack of self effort to excel in education.\n2. Politician's own agenda. Many policies are made without being evaluated as a whole. \n3. Policy makers who never go to the field. They enact policies that are still not compatible with the available facilities. \n4. Parents. now likes to blame the teacher so that the child can't be scolded or fined if he doesn't do school work.", "time": "1 tahun lalu", "author": "@urusanbt977", "channel": "UCnKSFCtB9DTx3Fx3iedw8cg", "votes": "7", "replies": "", "photo": "https://yt3.ggpht.com/ytc/AIdro_nJZdWCwub-PpJx00QAym8hJZB4W2H1x-SVLL4nZSA=s88-c-k-c0x00ffffff-no-rj", "heart": false, "reply": false, "time_parsed": 1715483288.747789}
{"cid": "UgwqS13Dk7VaW1wxkcZ4AaABAg", "text": "Singapore scored the highest in the world on all 3 subjects but lets ignore this so we can feel better", "time": "1 tahun lalu", "author": "@NewmaticKe", "channel": "UC16m1xfbfYE7Az_XCQ0jf8w", "votes": "1", "replies": "1", "photo": "https://yt3.ggpht.com/Gwouiz-TW1XKdFzC7z23Q9EMnvudojwJAAN0jDC2PoYrYcybwRMJ9xRtIfAq2kOCDDLiVFC1wIE=s88-c-k-c0x00ffffff-no-rj", "heart": false, "reply": false, "time_parsed": 1715483288.749359}
{"cid": "UgwBhdnd2t6xUfxQe2p4AaABAg", "text": "the same schools and teachers that u are criticizing..produced my son who went on to lepak at oxford uni and graduate with a distiction. it is not the school..its the attitute of parents who thinks schools/tuition and its environment has the sole responsibilities for their kids performance... teachers are there to guide only..not to spoonfeed...parents should teach kids to love acquiring knowledge..its an attitude to build towards learning which will last till one dies. the only one with the responsibility here are their parents..not school, goverment, politician..", "time": "1 tahun lalu (diedit)", "author": "@chandrakumari-o8f", "channel": "UCiFzK4IjpSvrWlSATO_PxUg", "votes": "0", "replies": "", "photo": "https://yt3.ggpht.com/ytc/AIdro_mAyP51JWSjTNDFhh5CgVw2GYu__1k03SqAUAlo-4Pw0k86yEXNgZzh-9SX3EmBvmC_LA=s88-c-k-c0x00ffffff-no-rj", "heart": false, "reply": false, "time_parsed": 1715483288.750784}
{"cid": "Ugw9Ns69H3mvYiIq8QZ4AaABAg", "text": "As a Malaysian, I think the main problem of education that is on LANGUAGES.\n\nIn the other countries, they just use a language to talk, read, and write. There are no barriers on communication.\n\nIn Malaysia, you will learn the national language (Malay) in your primary and secondary school. (Primary school of chinese maybe disappeared fully in my state when I studied on secondary school) English is used on English, Math ,and Science only.\n\nHowever, you go to private colleges (I don't know about Government college), all the learning materials and teachers' speeching are using English.\n\nWhen you work on society, you need to use Chinese and Malay to talk. English is used for writing and reading only. (Unless you work for Government's jobs such as police, firefighter, civil service, etc...All of them use Malay only)\n\nNowadays, you will find out some Malay or Indian people who are knowing Malay only. Chinese people are knowing Chinese and English only.\n\nBased on what I had said, how could Malaysia education be called well if there has barrier on LANGUAGES?", "time": "1 tahun lalu", "author": "@snowmon4243", "channel": "UCWUdJI91KV5i_6pFA-TBbfg", "votes": "1", "replies": "", "photo": "https://yt3.ggpht.com/ytc/AIdro_mhpdt52gf-ewuMICMSpf58jqqKXetktX-rAgmJkXZktJrVu4vDkBYngfAtIfmb6uJy3w=s88-c-k-c0x00ffffff-no-rj", "heart": false, "reply": false, "time_parsed": 1715483288.752158}
{"cid": "Ugy3gtYlgXs7RCfpSHF4AaABAg", "text": "Good bro. You do parr2. Now try to interview our few public school teachers and retired teachers. Confirm you'll change your opinion. 😂", "time": "1 tahun lalu", "author": "@kevinsega209", "channel": "UCQNFHFgjj-UDMBWO2T1jBkg", "votes": "0", "replies": "", "photo": "https://yt3.ggpht.com/ytc/AIdro_ng76qRdRIJuzLWaAehxnV3ZzNgRX_GAUSIzyh9ZNeDiys=s88-c-k-c0x00ffffff-no-rj", "heart": false, "reply": false, "time_parsed": 1715483288.753524}
{"cid": "Ugzo9T6Ii6t8kdjUFix4AaABAg", "text": "Actually after 1970 the government under mahathir started the teaching of most subjects in bahasa Malaysia and it started the decline of english. The start of the government flig flog in implementing teaching school subjects in bahasa throughout all these years produced all the present Kang Kong students even to Kang Kong professors. It's a bunch of sad events or stories, yet we always proud of \" Malaysia boleh\"😢", "time": "1 tahun lalu", "author": "@mikehoh1719", "channel": "UCIlKoJ4pSRR7sr-Aivk67_Q", "votes": "34", "replies": "1", "photo": "https://yt3.ggpht.com/ytc/AIdro_lNmfsYt40lpCeIG828pidwbaC1ufCKy7L0-ODbe3c=s88-c-k-c0x00ffffff-no-rj", "heart": false, "reply": false, "time_parsed": 1715483288.754896}
{"cid": "UgyymGCNW7ZC6D-Jnsl4AaABAg", "text": "Send ur kids to study in Sg", "time": "1 tahun lalu", "author": "@leewn2319", "channel": "UCR_q4Y9JGnjSYdb-LT4Achg", "votes": "0", "replies": "", "photo": "https://yt3.ggpht.com/ytc/AIdro_lXIEx9JoHt0hxNbanll0UArdIOnyCNi8C9i81jQAU=s88-c-k-c0x00ffffff-no-rj", "heart": false, "reply": false, "time_parsed": 1715483288.756186}
{"cid": "Ugy134wuLTnI1AunM8B4AaABAg", "text": "Let face it.....politics, religion and 'goon' policy led to the current situation.\nIf our elected YBs really care for furture generations of Malaysians, they need to look globally, NOT within this country ONLY. The world is becoming smaller and smaller with greater interdepentcy amongst countries. Quite a bit talks on Malaysia being in the fore front of economic development...qualified and skilled labour force...attracting FDI and what not....yet many Malaysians are going out to other countries to seek better opportunities. I saw a Malay family selling Malaysian popular foods in a 'WESTERN' country and they are doing extremely well. I salute them...they have done a big favour to themselves. These are the smart Malaysians ....Educationwise...does it matter to them ?", "time": "1 tahun lalu", "author": "@hslee7253", "channel": "UCAY57SHYJCsBUmsucojUs9g", "votes": "0", "replies": "", "photo": "https://yt3.ggpht.com/ytc/AIdro_m3quHj-lOnw_4Bai9ie1gO9BBxUm5-QG9zp22ux1c=s88-c-k-c0x00ffffff-no-rj", "heart": false, "reply": false, "time_parsed": 1715483288.757416}
{"cid": "UgxD8n5cLl8lfMTJxtt4AaABAg", "text": "Seriously there is no point looking  at world ranking . The most important is our first teachers job which is the parents.  Why some student  from the same parents some better and some isn't as good? At the end its all about the money.  I have seen people  that earn degree and many As still renting house till today owe money to ah long. And some not so educated doing well in business making tons of money.  Jn Malaysia its all about the money and the only way up is hardworking.", "time": "1 tahun lalu", "author": "@louong93", "channel": "UCFkWsdmSZupSiDPqyPXDdqQ", "votes": "0", "replies": "", "photo": "https://yt3.ggpht.com/ytc/AIdro_kvq-eHCf_BPtWVSoT_wQ7VbL5gHT6AazXeFaieAuQ=s88-c-k-c0x00ffffff-no-rj", "heart": false, "reply": false, "time_parsed": 1715483288.758651}
{"cid": "UgxgCxXcBGwBnNTU1s14AaABAg", "text": "PISA", "time": "1 tahun lalu", "author": "@lorenpang7609", "channel": "UC_zO8GXInvAom7ZS4MDaehA", "votes": "0", "replies": "", "photo": "https://yt3.ggpht.com/ytc/AIdro_kpqerlc_g17FQFYJg946An4ziJWUl3Wn62hNhhRcOSPNU=s88-c-k-c0x00ffffff-no-rj", "heart": false, "reply": false, "time_parsed": 1715483288.759907}
{"cid": "UgxDgnL7793FASMDI1J4AaABAg", "text": "PISA", "time": "1 tahun lalu", "author": "@calyanee", "channel": "UCa0TqBmX2_6Y3SF0eNtYcbg", "votes": "0", "replies": "", "photo": "https://yt3.ggpht.com/ytc/AIdro_nTLAwtiCnOp5mBd0tpP7tEHk5S6nnFibClWWp-Yl4=s88-c-k-c0x00ffffff-no-rj", "heart": false, "reply": false, "time_parsed": 1715483288.761127}
{"cid": "UgwEtrGaBgdYyddLJBt4AaABAg", "text": "it seems that msia has ambition on improving its education system, but the foundation was poor to be implemented.\nneed to find a system that fits the country and stick to it dearly.", "time": "1 tahun lalu", "author": "@bd1982", "channel": "UCEmCRvcGLMtSf8WMcvK1_2g", "votes": "0", "replies": "", "photo": "https://yt3.ggpht.com/ytc/AIdro_nvaUM5ZVl2VeD1Owq4rv_e_5SBaL_zau_hlc0lPkk=s88-c-k-c0x00ffffff-no-rj", "heart": false, "reply": false, "time_parsed": 1715483288.762264}
{"cid": "UgwSsZgcUsGRNJrDxW54AaABAg", "text": "One country, one education system. You want to be a religious scholar or expert in your mother tongue, do it on your own time. Are there religious or vernacular schools in Singapore? No! Because they had a leader who told all the religious, Tamil and Chinese school advocates the government wouldn't support multiple systems.", "time": "1 tahun lalu", "author": "@vijayananda9973", "channel": "UCi_pJSX3H0QwFfF6QDOXXFQ", "votes": "0", "replies": "", "photo": "https://yt3.ggpht.com/ytc/AIdro_m1Hu3ivWIhB3HqWynDMzioSOdFj59b3480j10aEP_9I8f9s2Sbqh3WxiwdOVFdJfLD-g=s88-c-k-c0x00ffffff-no-rj", "heart": false, "reply": false, "time_parsed": 1715483288.763377}
{"cid": "Ugzkz7ei0yXnd3vRbHZ4AaABAg", "text": "The solution is very simple. DEMOLISH SEKOLAH JENIS KEBANGSAAN.", "time": "1 tahun lalu", "author": "@theseal777", "channel": "UCkNSHrfz19e97Rh2aBzUJAg", "votes": "0", "replies": "", "photo": "https://yt3.ggpht.com/ITtoXL9j28DPrMVt1M2gjXGIUVg3-sZUeNRdVuSy_MwGxmg25xpdd02bF37C_OwSLu92G2auwyA=s88-c-k-c0x00ffffff-no-rj", "heart": false, "reply": false, "time_parsed": 1715483288.764495}
{"cid": "UgwqS13Dk7VaW1wxkcZ4AaABAg.A-J9nRuQdp1A-O5IAlQFd8", "text": "Don’t compare. Spore is already making changes to remove regular tests or exams. Folks wonder whether the move is the right one.", "time": "1 tahun lalu (diedit)", "author": "@blose4793", "channel": "UCA87VFNxDlbYbPJM7AXqV2w", "votes": "0", "replies": "", "photo": "https://yt3.ggpht.com/ytc/AIdro_kRxZLUVLkE9fDC8W7sccvqY9T0ZDsfzR9xX9SNfFOe7Mc=s88-c-k-c0x00ffffff-no-rj", "heart": false, "reply": true, "time_parsed": 1715483288.958212}
{"cid": "Ugzo9T6Ii6t8kdjUFix4AaABAg.A-J0QxEELf7A-QboIod5XZ", "text": "Yes, Dr Mahathir started the rot..he can't escape the fact that he was and still is to blame..he was the Education Minister in the 1970s..since he's still around and kicking, why not ask him to explain what he did that had caused this irreversible rot?? He must be held accountable!!", "time": "1 tahun lalu", "author": "@True-Justice88", "channel": "UCpqhzx_3f7bv_wEnuvt63IA", "votes": "8", "replies": "", "photo": "https://yt3.ggpht.com/ytc/AIdro_ltIu98QW9aVmbqVxBW_IQi0xR-vFgzH-Rl4Tsb2VD6G1NqCdIv6pqabuAAW4pBrhtoAw=s88-c-k-c0x00ffffff-no-rj", "heart": false, "reply": true, "time_parsed": 1715483289.191195}
{"cid": "UgzsdnfNLDuSmvfmrRJ4AaABAg", "text": "Malaysia education system is doomed and will remain that way indefinitely base on politic, race , language usage and religion !  The day the medium of instruction was changed from English to Malay and with racial politic , that spelled the end of the quality of Malaysia education system . Even a stooge will know what went wrong !", "time": "1 tahun lalu", "author": "@ricarish", "channel": "UCv5YrXP2ul5fPsBVZrZcNTA", "votes": "1", "replies": "", "photo": "https://yt3.ggpht.com/ytc/AIdro_nO_AqSZn45qQfstjV5SU2wslQkgsOoHq3Uv28n1Hw=s88-c-k-c0x00ffffff-no-rj", "heart": false, "reply": false, "time_parsed": 1715483289.614209}
{"cid": "Ugy_WWU2fsZ4dCUDXgV4AaABAg", "text": "\"The sad state of English in Malaysia\r\n\r\nJohor's Sultan Ibrahim Ibni Almarhum Sultan Iskandar has called for English to be made a medium of instruction.\r\n\r\nWong Chun Wai\r\nPublished\r\nJun 22, 2015, 5:50 am SGT\r\n\r\nMY COLLEAGUE received a press statement sent by a very high-ranking official of a government department recently. It was personally written in English by the official and sent by WhatsApp to ensure it was speedily delivered. The only snag was his command of the language was so horrendous that my colleague had to suggest to him, politely, that he might want to stick to Bahasa Malaysia to ensure accurate reporting on our part. He got the message. A new version was eventually sent. Then there are also the vice-chancellors of a few public universities who face the same language problem despite having spent much time in overseas universities to pursue their postgraduate studies. We have also met Malaysian diplomats who cannot carry a proper conversation in flawless English and we know some of them even shy away from social functions, which is a shame as these are where they can pick up nuggets of information for their intelligence reports.\r\n\r\nA few generations are paying the price - inability to speak and write in proper English - because of our education system. At best, they may have some semblance of communication in English but without proper foundation in grammar, many are unable to even string a sentence together correctly. Because English is just a subject, there is hardly any opportunity to use and practise the language on a regular and extensive basis within the school system. That is how low we have sunk. Forget about the occasional use of Latin words to make the language more refined, if not, more classy. Getting through the basics is tough enough. It is no surprise, therefore, that they really struggle when they reach the tertiary level where much of the information is in English. And even upon graduation, many employers are reluctant to hire them when they cannot function properly in an environment where the working language is English. Controversial MP Bung Mokhtar became the butt of every joke on social media when he introduced the hashtag #earthquack for his postings on the earthquake situation in his home state. Well, we also can see that some of our Chinese politicians, from both sides of the political divide, struggle with English, judging by some of the postings they make on Facebook.\r\n\r\nEvery now and then, we have reports about bad English in an English examination paper. We have more or less got used to the fact that the English in many of our official websites is littered with mistakes. It does not seem to bother our politicians and decision-makers one bit, as they will simply shrug off calls to allow English as a medium of instruction in our education system. Why should they be worried as many of them are able to send off their children to boarding schools overseas at a young age? After all, the only ones that would bear the consequences would be the students in the rural areas.\r\n\r\nThe ruler of Johor, Sultan Ibrahim Ibni Almarhum Sultan Iskandar, recently suggested that English be made a medium of instruction - he did not say make English the medium of instruction. The reality is English, as a medium of instruction, is already available but it is restricted to only private and international schools, mostly in urban areas. And despite the high fees charged, more urban parents are opting to send their children to such schools because they simply want their children to be proficient in this international language. The urban-rural divide is accentuated because while children in the rural areas are sometimes teased for using English, it is perfectly normal for English to be used at home in middle-class Malaysia. And with greater exposure to the language, urban children do have an edge over those in the rural areas. But it does not have to be this way. As the Sultan of Johor said, these politicians are using nationalism and race to champion communal rights and the Malay language at the expense of English. They are doing so to protect their interests and political positions. Unfortunately, many seem to buy into their agendas.\r\n\r\nWe must also be clear that the lack of proficiency in English cuts across all races. Many Chinese parents send their children to Chinese schools at the primary level because they want their children to be able to speak and write basic Chinese as they eye the growing economic power of China. Many shy away from national schools because there is a strong perception these schools have turned more religious in character, with a single race dominant in the overall attendance. The national schools many from my generation and earlier grew up in, where English was the medium of instruction, were different as all races were well- represented. But now, many Chinese parents also find that sending their children to Chinese primary schools does not help their children have a good command of English either. The English proficiency of the majority of Chinese teenagers is just as bad as their counterparts in the rural schools, because of their background in Chinese schools. They live in the Chinese world, watching Taiwanese and Hong Kong movies, with little interest in the real world. Their worldview is shaped pretty one-dimensionally and because of the environment they grew up in, they are unlikely to have real friends from those of other races.\r\n\r\nMany of us in our 50s have been lucky - we were probably the last batch of the English-medium schools where we sat the Malaysia Certificate of Education and the Higher School Certificate examinations. The English-medium schools were neutral ground as students of all races attended such schools and the best friendships were forged there. We had real friends from all races because we were growing up together for at least 10 years in the schools. It was not functional friendship at work, but real bonding as we studied and played together. I feel really sorry for many Malaysian children who do not have friends outside of their own race, as they are not able to shape their thinking in a more open way. So when a hot issue comes up in the country, especially those involving race and religion, they are not able to see things from another perspective. Like many, I also worry about the future of Malaysia and our children, as the performance of our schools continues to falter.\r\n\r\nBeyond our concerns over language skills, we should be even more worried about the quality of our education. Our ranking in science and mathematics is already reportedly low, although our politicians question its accuracy. But the reality is many of us are no longer surprised by such trends. Our politicians will continue to tell us all is well and fine in our schools, and that we have little influence to change anything. Some of us may believe that to be so. But if we really care for the country, we should not be afraid to propose radical changes for the sake of our future generations. Education is for all and it is totally selfish if we think of only our own interests while the majority are stuck in a system which does not empower them to reach for the stars.\"\r\n\r\nTHE STAR/ASIA NEWS NETWORK - https://www.straitstimes.com/opinion/the-sa...ish-in-malaysia\n\nClear, coherent argument and reasoning made in 2015 as to the sad state of English in Malaysia. This was some 9 years ago. The state of English in Malaysia has probably deteriorated since then if Didik TV programmes are anything to go by. Who could have thought that the standard of English in Malaysia can drop any further?\r\n\r\nhttps://www.youtube.com/watch?v=t7EE6b5xb1s - Lee Kuan Yew 1965 Speech in Malaysian Parliament (Bahasa Melayu). LKY was fluent in English, Malay, Hokkien and Mandarin. From the generations of Malaysians when it was normal to be bilingual or trilingual. For a clear coherent argument as to what a Malaysian Malaysia was to be like and how to uplift the Malays, I've highlighted interesting parts and this is part of his conclusion and promise:\r\n\r\n\"We will wait and see -- in 10 years we will breed a generation of Malays with educated minds, not filled with obscurantist stuff, but understanding the techniques of science and modern industrial management, capable, competent and assured the family background., the diet -- health problems, the economic and social problems that prevent a Malay child from taking advantage of the educational opportunities which we offer free from the primary school to university. We will solve them, we will meet them, because in no other way' can you hold this multi-racial society together if over the years the urban areas populated largely by people of migrant stock goes up and up and the rural areas remain stagnant.\"\r\n\r\nI wonder how many members of Malaysian Parliament today can speak with such eloquence and logic? And how many can do that fluently in English and Malay? Perhaps Anwar comes the closest.", "time": "1 tahun lalu", "author": "@kokliangchew3609", "channel": "UCO6fOoFi3O_UUJsk3WhcfiA", "votes": "0", "replies": "", "photo": "https://yt3.ggpht.com/ytc/AIdro_m6ObOo8Wo_sFpqz-gaEmlA13oPA1D3z8OCzTFY9Fo=s88-c-k-c0x00ffffff-no-rj", "heart": false, "reply": false, "time_parsed": 1715483289.616456}
{"cid": "UgzUDqwJfzi8hVYVEdZ4AaABAg", "text": "Education system hv problem\" untill u use UEC maaaa...itupon xtau ke 😂 everyone is wrong..I saja yg betulll maaa", "time": "1 tahun lalu", "author": "@apache7244", "channel": "UCfPDfb0UQ8Pljgc8BK0nZcg", "votes": "0", "replies": "", "photo": "https://yt3.ggpht.com/AE5xQN4AYhGgwZoS9_4b9mxCqkU6etX7I6qwu-2-WUyIaRUNQ9OyJ5_Sns-4Xr_5T8WSaMrG=s88-c-k-c0x00ffffff-no-rj", "heart": false, "reply": false, "time_parsed": 1715483289.618344}
{"cid": "Ugwv-180BFihvuAO6mJ4AaABAg", "text": "\"How English-medium schools vanished overnight\r\n\r\nPin Pan Dan\r\nPublished 24 Aug 2007, 4:24 pm\r\n\r\nI refer to the letter Wake up Najib, our education system is a failure. In lambasting Deputy Prime Minister Najib Razak, Richard Teo went on to accuse his late father, Abdul Razak, of abolishing English-medium schools. I think Teo got his facts wrong and I would like to correct him on that score. It was not Razak who sounded the death knell for English medium education in Malaysia which took place on Jan 1,1970 when all English-medium schools beginning from Standard One were changed to Malay-medium with English being taught only as a subject. Thereafter, the conversion process took place each succeeding year such that by 1983, all those who entered Std 1 in 1970 would have studied all subjects in Bahasa Malaysia up to their first year in university.\r\n\r\nHence in 13 years, the English-medium educational system from primary, secondary, post-secondary and university was completely phased out - with dire consequences as we can see today in the era of globalisation. The move to end English-medium education took place in July or August 1969 when Malay feelings against Tunku Abdul Rahman were very high, shortly after the infamous May 13 racial riots in KL. Demonstrations by Malay students took place against the Tunku at Universiti Malaya, Mara colleges and other places.\r\n\r\nThey had been influenced by Dr Mahathir Mohamad's scurrilous letter blaming the Tunku for giving in too much to the Chinese and thus causing the May 13 riots. Among some of the contentious issues that Malay extremists were unhappy with the Tunku was their perception that he had neglected the status of the Malay language and Malay education. Malay-medium schools by and large were inferior to English-medium schools then. Malay extremists wanted to reverse this situation.\r\n\r\nMonitoring the issue closely was then Education Minister Rahman Yaakub. Being a shrewd observer of movements in Umno, Rahman could sense the burning desire of Malay language extremists, who form a powerful lobby in Umno, to elevate the status of their language to a level higher than that of English, especially through schools. He decided to take a gamble that fateful day in July or August 1969 - and succeeded beyond his wildest dreams.\r\n\r\nOut of the blue, Rahman announced the conversion of all English-medium schools to Malay- medium ones beginning from Standard 1 with effect from Jan 1, 1970. Many, including the Malay language extremists, were caught by surprise as the decision was sudden and arbitrary. Still, it could not be challenged by the non-Malays much as they had objected to it, as the country was under emergency rule exercised by the National Operations Council (NOC).\r\n\r\nThe Malay language extremists were nevertheless elated and cheered wildly and overnight Rahman Yaakub became their hero, idolised to the same extent as former Dewan Bahasa and Pustaka head Syed Nasir Ismail, another Malay language champion. Rahman was not even a Malay or an Umno member to begin with. He was in fact a Melanau Muslim from Sarawak and a member of Parti Bersatu Bumiputera, an ally of Umno. Rahman who studied law in the UK, was English-educated and spoke English better than Malay which was not his mother tongue.\r\n\r\nBut that did not prevent the opportunistic streak in him from exploiting a sensitive issue to be a hero of Malay language extremists who were about to emerge as some of the 'king-makers' in Umno after the May 13 incident. Rahman had become so popular among the Malay language extremists that when he resigned as education minister to contest the Sarawak elections in 1970 on the instructions of Umno, the Malay language extremists 'protested' asking for his retention as education minister. The mainstream papers, of course, gave wide and prominent coverage of the event with pictures showing Rahman crying and asserting that 'the (Malay) educational system was too strong for anyone (meaning non-Malays) to oppose it'.\r\n\r\nOn reflection, had Rahman announced his arbitrary decision to phase out English-medium schools if the Tunku had not fallen from grace among the Malays, he would certainly have been smacked down hard as in the case of Syed Nasir when the latter tried to create a big controversy over the government's decision to allow a liberal usage of English after 1967 when Bahasa Malaysia became the sole official language of the country. With the full backing of the federal government, Rahman returned to Sarawak and became its first Melanau Muslim chief minister in 1970 after the state elections, a tool of Umno to end Dayak political supremacy in the state, erstwhile represented by Stephen Kalong Ningkan.\r\n\r\nRahman had his share of ups and downs in politics, especially his bitterness at being 'played out' by his nephew Taib Mahmud whom he had groomed to take over the Sarawak CM's post from him in 1981, but that is another story. Suffice to say, at this juncture, the non-Malays (and even some Malays) who cherished English education were already condemning him in the strongest possible terms, especially when looking at the sordid mess of the present education system. Today, 37 years after Rahman Yaakub made that historic announcement, what do we see? Not only students, but teachers, and yes, even university lecturers who can't even string together a proper sentence of grammatically correct English, let alone speak the language fluently.\r\n\r\nIn the era of globalisation when English is so important, not being able to speak and write the language well seriously disadvantages our students and even working adults up to the age of 45, they who have been schooled under the present Malay-medium education system. It is only Malaysians above 45 as well as those whose parents were educated under the previous English education system who can speak and write English reasonably well to be in tune with globalisation. This because their parents wisely make it a point to converse with them in the language at home.\r\n\r\nMahathir, who was prime minister from 1981-2003, had conceded that though the move to phase out English-medium education was educationally wrong and even disastrous, nevertheless it was politically correct, at least to Umno. On reflection over the years, the move to phase out English- medium education when it was doing so well, was akin to someone cutting his nose to spite his own face.\r\n\r\nThe Malay-medium national schools have today, in fact, become almost 100 percent Malay Islamic schools with Chinese and Indian parents sending their children to the vernacular schools. Polarisation along ethnic lines has been unprecedented. The Malay-medium national schools remain a symbol of Umno's political rather than educational supremacy to the extend that even top Umno leaders have no faith in them and prefer to send their children to the UK, America, Canada, Australia and New Zealand for their education in English and usually also for matriculation proceeding to university.\r\n\r\nIn recognising the growing importance of English in the era of globalisation, Mahathir tried to revive the English-medium schools. However the Umno supreme council, which is even more powerful than Parliament, opposed the move on the grounds that it would undo all that Umno had done to ensure the supremacy of Malay education since 1970.\r\n\r\nThere were fears among Umno leaders that even Malay parents would prefer to send their children to English-medium schools should they be revived. The move to teach Maths and Science in English from various standards beginning 2003 was thus some sort of a 'compromise' on the part of Umno in recognising the growing importance of English while reaffirming the supremacy of Malay-medium education.\r\n\r\nEnglish education today remains the domain of the private sector, available only to a privileged few aside from the Umno and BN elites. Never again would it regain its former privileged and cherished status prior to the May 13 racial riots of 1969, more so with the country likely to become an Islamic state in the not too distant future.\r\n\r\nTo conclude for Teo's benefit, Razak was the education einister in the 1950s and came up with an educational report (The Razak Report) which, in fact, converted Chinese-medium secondary schools to English-medium as part of the government's 'Malayanisation' of the education system where equal status was given to both Malay and English as the medium of instruction in schools. It may thus seem ironical to Teo in the sense that Razak promoted English-medium education rather than killed it as Teo suggested.\"\r\n\r\nhttps://www.malaysiakini.com/letters/71584\n\nThe state of our education system in Malaysia is an old problem and rifed with racial politics. This letter from 2007, perhaps best encapsulated the history of the abolishment of the English medium education. Increasingly, many Malaysians do not know or have forgotten such history, and the mess that such actions taken more than half a century ago has led to the decline of Malaysian education.", "time": "1 tahun lalu (diedit)", "author": "@kokliangchew3609", "channel": "UCO6fOoFi3O_UUJsk3WhcfiA", "votes": "0", "replies": "", "photo": "https://yt3.ggpht.com/ytc/AIdro_m6ObOo8Wo_sFpqz-gaEmlA13oPA1D3z8OCzTFY9Fo=s88-c-k-c0x00ffffff-no-rj", "heart": false, "reply": false, "time_parsed": 1715483289.620188}
{"cid": "Ugyi7Yj7JkmK6I2xds54AaABAg", "text": "What to expect when their religion and native language are made key components of the education system instead of STEM?", "time": "1 tahun lalu", "author": "@eugenec7130", "channel": "UC-G9RNK-pqU4ybD-ayRTk2w", "votes": "1", "replies": "", "photo": "https://yt3.ggpht.com/ytc/AIdro_maYNS8N_1wGiI-j7cnLUcyHPTq0hMqF3WAFzufG6M=s88-c-k-c0x00ffffff-no-rj", "heart": false, "reply": false, "time_parsed": 1715483289.62184}
{"cid": "Ugz0d6T0HlXyHHayzRl4AaABAg", "text": "My wife is preschool teacher in a government kindergarten. Actual teaching is less than 20% of her workload. She has to do clerical works, accounting, asset management, groceries purchasing for kids' meals, building maintenance as well as community engagement.", "time": "1 tahun lalu (diedit)", "author": "@abusahl", "channel": "UCofHDtHOMEej_WGIl6gtRyQ", "votes": "18", "replies": "", "photo": "https://yt3.ggpht.com/FDUq9-OosDJPho7_G6PIxo_R053XdyWxGaZjz8B4PfAqbb_L25VBMnuEu-EbHUp9SKvCNJ0U7A=s88-c-k-c0x00ffffff-no-rj", "heart": false, "reply": false, "time_parsed": 1715483289.623387}
{"cid": "UgxX8GoOklc-BiFlnyJ4AaABAg", "text": "Ministry of education deputy doesn’t even study and learn their way to listen, and better the system, how will it grow better? .. so… school teachers and children automatically monkey see monkey do lah. What else can do.", "time": "1 tahun lalu", "author": "@RobertMcCalle", "channel": "UC5F7oWQtFvbNhO2TXDfd7cw", "votes": "0", "replies": "", "photo": "https://yt3.ggpht.com/kKpvXwV7S4OR52XSmD--XJRR6XnORHlET4tc7Z4jaM-ObKanGIrAXwsrzPUMQB23IdVsjcth=s88-c-k-c0x00ffffff-no-rj", "heart": false, "reply": false, "time_parsed": 1715483289.624919}
{"cid": "Ugz9zu1IrUjaw1PlxRd4AaABAg", "text": "By the way, if teachers are so important, can teacher get raise ? Also teachers not only do teaching but also administrative work.", "time": "1 tahun lalu", "author": "@xcjsmith5310", "channel": "UC4zuQopxWidTJOndSpLQGgw", "votes": "2", "replies": "", "photo": "https://yt3.ggpht.com/ytc/AIdro_mi57lpJd_l7BG1q5zl401_EtcDz8kHdy6sH5v4E0FZ=s88-c-k-c0x00ffffff-no-rj", "heart": false, "reply": false, "time_parsed": 1715483289.626464}
{"cid": "Ugzn3DjujuL5B-W3ALJ4AaABAg", "text": "Only One language can unite us. Select that language and build The education system. Start today and 25 Years down  the road we May  see the light we want To see.", "time": "1 tahun lalu", "author": "@vy7697", "channel": "UCVkEa5JJaiKLXuogfEUrUzg", "votes": "0", "replies": "", "photo": "https://yt3.ggpht.com/ytc/AIdro_kTi7DeV3gmcK2Npm4hHcNOk9rVYm9YoiuljovEU_E=s88-c-k-c0x00ffffff-no-rj", "heart": false, "reply": false, "time_parsed": 1715483289.628011}
{"cid": "UgyBIhJk_CwVqFnhqGF4AaABAg", "text": "Fix Sabah and Sarawak rural roads then", "time": "1 tahun lalu", "author": "@eddychong9477", "channel": "UCjdtxxQU1aX6SoZX9vOrsxQ", "votes": "1", "replies": "", "photo": "https://yt3.ggpht.com/ytc/AIdro_n7o6KuemnfocAFaVKGOO0G8E2eQbMjcjXSttDxqTRWE1zv-z3-5uaDYxqQtOPRSSj_KA=s88-c-k-c0x00ffffff-no-rj", "heart": false, "reply": false, "time_parsed": 1715483289.629458}
{"cid": "UgyzDeQkQEP4S1VlSLF4AaABAg", "text": "If reading capability of kids is the issue, its not about the teacher. Teachers follow curicullum syllibus provided to them and they have to teach according to it. Imagine you have a high spec gaming pc but you are only allowed to use microsoft office words on it. Its the curicullum, too many subjects, too little emphasis on reading and understanding level of thinking skills during primary education level.", "time": "1 tahun lalu", "author": "@tunperak1256", "channel": "UCFQ9X37EA5ECcQUNc3SbsJQ", "votes": "0", "replies": "", "photo": "https://yt3.ggpht.com/ytc/AIdro_mz2E95dSB-e1ob0AS_VrQxqRlbTlqrI7AmeS8yptc=s88-c-k-c0x00ffffff-no-rj", "heart": false, "reply": false, "time_parsed": 1715483289.630847}
{"cid": "Ugz3Ax3kyNcZ3SZPQip4AaABAg", "text": "PISA", "time": "1 tahun lalu", "author": "@PatrickChuHY", "channel": "UCcnOyVd7cU64noVZNrrcAGg", "votes": "0", "replies": "", "photo": "https://yt3.ggpht.com/ytc/AIdro_kbRiqO4ThiBZgdpVf2TauEVx2ap_zswl0gffKulaI=s88-c-k-c0x00ffffff-no-rj", "heart": false, "reply": false, "time_parsed": 1715483289.632227}
{"cid": "UgytaxAgGzIHkVadnsp4AaABAg", "text": "Old people these days also failed to realize that todays kids don't read books anymore. They always on instagram and X that does not help with creative or critical thinking capability because information are given in form of short messages. No need for main point searching, and remember there used to be \"speed reading\" technique? No need for that anymore, every information is already proccesed just like our fast food.", "time": "1 tahun lalu", "author": "@tunperak1256", "channel": "UCFQ9X37EA5ECcQUNc3SbsJQ", "votes": "0", "replies": "", "photo": "https://yt3.ggpht.com/ytc/AIdro_mz2E95dSB-e1ob0AS_VrQxqRlbTlqrI7AmeS8yptc=s88-c-k-c0x00ffffff-no-rj", "heart": false, "reply": false, "time_parsed": 1715483289.633592}
{"cid": "UgyKww26KwJnzx8RyKZ4AaABAg", "text": "Get rid of useless Pentaksiran Bilik Darjah and bring back exam based education. Used to work and will continue to work.", "time": "1 tahun lalu", "author": "@tunperak1256", "channel": "UCFQ9X37EA5ECcQUNc3SbsJQ", "votes": "0", "replies": "", "photo": "https://yt3.ggpht.com/ytc/AIdro_mz2E95dSB-e1ob0AS_VrQxqRlbTlqrI7AmeS8yptc=s88-c-k-c0x00ffffff-no-rj", "heart": false, "reply": false, "time_parsed": 1715483289.634915}
{"cid": "Ugyy03f5n-QeS9woT3N4AaABAg", "text": "to be honest, it sounds sick that they still use covid19 as their reason in failing the Malaysia education system. I’m currently 21 years old, and I was the first batch in delaying my SPM because of the pandemic era. Let me tell you, the education system was failing even before the pandemic begins due to lack of knowledge and experiences from the high school teachers. I still remember the teachers don’t even understand the questions i asked from the syllabus, and even answer my questions without answering. But that doesn’t apply to all teachers, some are great, passionate and dedicated with teaching. And in their classes, everyone just seem to get along with them and scored great marks during spm. I can’t imagine if some of us don’t really have one single teacher that really motivate and guide us properly in studies, i think that’s why a lot of us prefer to go to tuitions despite high tuition fees.", "time": "1 tahun lalu", "author": "@bellobearss", "channel": "UCBfq_4L8JPlX1d-OivsmEIw", "votes": "51", "replies": "1", "photo": "https://yt3.ggpht.com/tQb2-PTFc3kQF5U33lUsJL0TAD9_cSIv7Qsb_qN4GUv-LwLmUZf-rqQR-xs9AUI1ft_wGJg9omw=s88-c-k-c0x00ffffff-no-rj", "heart": false, "reply": false, "time_parsed": 1715483289.636142}
{"cid": "UgyzLwoXPEYGzPmftpt4AaABAg", "text": "Why we need teachers, since kids learn things through the ipads...thanks to modern parents. Furthermore, we got ChatGpt AI, we can just ask AI to teach us. I find teachers role is gradually becoming redundant because we are no longer at Industrial age. Training kids to become, police, teachers, lawyers or doctors is no longer a trend. Kids just wants to become social influencers nowadays.", "time": "1 tahun lalu", "author": "@AnnoDomini100", "channel": "UCdWXiXrWTbDTFUhaM65J1bQ", "votes": "2", "replies": "", "photo": "https://yt3.ggpht.com/ytc/AIdro_lJ_QkDtCHsNwrQVQ0XLg02n5xRCQZlUGGb1N-zVAaNRiY=s88-c-k-c0x00ffffff-no-rj", "heart": false, "reply": false, "time_parsed": 1715483289.637379}
{"cid": "Ugx_I0ynKSkvz8CSwTB4AaABAg", "text": "I graduated from my school in 2021 pandemic era. It's an SMK my area was crowded, some classes 30+ students especially the middle to lower rung. \n\nThe teachers were pretty stressed and some stormed out because of the chaotic nature especially new one's. They didn't really have time to tend to everyone. Many of the teachers resorted to garang mode. \n\nTo me, my area mostly a lack of infra and man power. 2019 to 2021 quite the roler coaster with pandemic and revolving door government perghhh once in a lifetime experience I hope never to experience it again. \n\noh, 2025 is around the corner...", "time": "1 tahun lalu", "author": "@adeebmd5701", "channel": "UCDLxD9ynlWEwISdwXCuyAEA", "votes": "0", "replies": "", "photo": "https://yt3.ggpht.com/ytc/AIdro_kEnV5Y9cAlsf00n3OzHRCj0kagJFAKsUDaWhH5mMjtCU3k=s88-c-k-c0x00ffffff-no-rj", "heart": false, "reply": false, "time_parsed": 1715483289.638616}
{"cid": "UgwFBYliHfZgbtpToGx4AaABAg", "text": "I'm so happy I made productive decisions about my finances that changed my life forever. I'm a single mother living in Malacca bought my second house in September and hoping to retire next year at 40 if things keep going smoothly for me.", "time": "1 tahun lalu", "author": "@FatimaHassan773", "channel": "UC2uVBfVg0zyzbfiTcG4D7ZA", "votes": "106", "replies": "24", "photo": "https://yt3.ggpht.com/c1w_c0YNRfpiF1oXYfXc389CnhCeoNq7DnK6z_o4x2HXCxkuuHiNfaRGCG3fFQZwOWR77L8Vo5k=s88-c-k-c0x00ffffff-no-rj", "heart": false, "reply": false, "time_parsed": 1715483289.639873}
{"cid": "UgzbuRdnoxy71gVOf6R4AaABAg", "text": "PISA", "time": "1 tahun lalu", "author": "@goldikaanimes6725", "channel": "UCmRXd-wJsZvGef9EeH4Cgng", "votes": "0", "replies": "", "photo": "https://yt3.ggpht.com/C3o8V6VsXySdlzM-YuQFoDuFijjh96MWvyO3skSD7Rv8-1QrHAexVcM2tbj8v8aL0LQJH64Q2zM=s88-c-k-c0x00ffffff-no-rj", "heart": false, "reply": false, "time_parsed": 1715483289.641053}
{"cid": "UgycCJMMUM1QeqJtHZZ4AaABAg", "text": "PISA", "time": "1 tahun lalu", "author": "@kudesign.studio", "channel": "UCNt90yrRpOgHKXsH6tAY8cQ", "votes": "0", "replies": "", "photo": "https://yt3.ggpht.com/9183Htd8u6ZAffKtIZVg8HAjnkgVGTUmi7TI4kpBe11JZkJ0QzobH1DTtSY-BPDaBdinV9LcMA=s88-c-k-c0x00ffffff-no-rj", "heart": false, "reply": false, "time_parsed": 1715483289.642168}
{"cid": "Ugyy03f5n-QeS9woT3N4AaABAg.A-IJhLDOk_bA0YL9rwN8ls", "text": "low salaries among teachers is one of the factors", "time": "1 tahun lalu", "author": "@slowcuber1", "channel": "UC5K--QaofefDY0S1gAUgSAw", "votes": "0", "replies": "", "photo": "https://yt3.ggpht.com/abWM1nwZwPclHu57J0ojyvaWbIm5mHjWZQvsY5769bnX0XGLoAGXMvqGdp2x8UuyL9HMh0gX=s88-c-k-c0x00ffffff-no-rj", "heart": false, "reply": true, "time_parsed": 1715483289.926919}
{"cid": "UgwFBYliHfZgbtpToGx4AaABAg.A-I6iMrVthPA-I7_q-OiCA", "text": "Congratulations beautiful lady. You're really doing well for yourself, I'm 41 and my financial life is in a mess. Any great tips would really go a long way in my situation", "time": "1 tahun lalu", "author": "@AwangKhatijah", "channel": "UCiCWEOPRxmmK8ZyJGfRR03w", "votes": "0", "replies": "", "photo": "https://yt3.ggpht.com/PnkKA3uUZeP17DFYGLu4aDCfEZmp0WmusikjpYVYCUyNEs0U15C69g_rpiaLS846X35IlgsSdg=s88-c-k-c0x00ffffff-no-rj", "heart": false, "reply": true, "time_parsed": 1715483290.221329}
{"cid": "UgwFBYliHfZgbtpToGx4AaABAg.A-I6iMrVthPA-IB0dhyYz3", "text": "Sorry for the late reply, I'm using the FIRE movement to get my finances in order.  Then invest in stocks, cryptocurrencies and real estate through the help of an investment Pro that helped me make it this big", "time": "1 tahun lalu", "author": "@FatimaHassan773", "channel": "UC2uVBfVg0zyzbfiTcG4D7ZA", "votes": "0", "replies": "", "photo": "https://yt3.ggpht.com/c1w_c0YNRfpiF1oXYfXc389CnhCeoNq7DnK6z_o4x2HXCxkuuHiNfaRGCG3fFQZwOWR77L8Vo5k=s88-c-k-c0x00ffffff-no-rj", "heart": false, "reply": true, "time_parsed": 1715483290.223878}
{"cid": "UgwFBYliHfZgbtpToGx4AaABAg.A-I6iMrVthPA-ID0ak2Vl2", "text": "Cryptocurrency is bringing a different revolution in the world economy in this new year, but here in Malaysia cryptocurrency is not so popular, people who are bullish investors earn consistently.. others just sit back and watch.", "time": "1 tahun lalu", "author": "@AziziJoeStowell", "channel": "UCsbeehiyw2sbobCm4yzBfSg", "votes": "0", "replies": "", "photo": "https://yt3.ggpht.com/p-bjErIvQ8LAckwdXc--7D5WkX3SQLiKj8waVYi0pTryCAVfIOIdsWUInIn3XfeobOnmaH5vzWw=s88-c-k-c0x00ffffff-no-rj", "heart": false, "reply": true, "time_parsed": 1715483290.22575}
{"cid": "UgwFBYliHfZgbtpToGx4AaABAg.A-I6iMrVthPA-IE5BbZx0L", "text": "On telegram", "time": "1 tahun lalu", "author": "@FatimaHassan773", "channel": "UC2uVBfVg0zyzbfiTcG4D7ZA", "votes": "0", "replies": "", "photo": "https://yt3.ggpht.com/c1w_c0YNRfpiF1oXYfXc389CnhCeoNq7DnK6z_o4x2HXCxkuuHiNfaRGCG3fFQZwOWR77L8Vo5k=s88-c-k-c0x00ffffff-no-rj", "heart": false, "reply": true, "time_parsed": 1715483290.227578}
{"cid": "UgwFBYliHfZgbtpToGx4AaABAg.A-I6iMrVthPA-IEKdpY99f", "text": "On tele@gram", "time": "1 tahun lalu", "author": "@FatimaHassan773", "channel": "UC2uVBfVg0zyzbfiTcG4D7ZA", "votes": "0", "replies": "", "photo": "https://yt3.ggpht.com/c1w_c0YNRfpiF1oXYfXc389CnhCeoNq7DnK6z_o4x2HXCxkuuHiNfaRGCG3fFQZwOWR77L8Vo5k=s88-c-k-c0x00ffffff-no-rj", "heart": false, "reply": true, "time_parsed": 1715483290.229413}
{"cid": "UgwFBYliHfZgbtpToGx4AaABAg.A-I6iMrVthPA-IEg2vpSO-", "text": "On tele @ gram", "time": "1 tahun lalu", "author": "@FatimaHassan773", "channel": "UC2uVBfVg0zyzbfiTcG4D7ZA", "votes": "0", "replies": "", "photo": "https://yt3.ggpht.com/c1w_c0YNRfpiF1oXYfXc389CnhCeoNq7DnK6z_o4x2HXCxkuuHiNfaRGCG3fFQZwOWR77L8Vo5k=s88-c-k-c0x00ffffff-no-rj", "heart": false, "reply": true, "time_parsed": 1715483290.231041}
{"cid": "UgwFBYliHfZgbtpToGx4AaABAg.A-I6iMrVthPA-IFCWcQ1BM", "text": "On @tele @gram", "time": "1 tahun lalu", "author": "@FatimaHassan773", "channel": "UC2uVBfVg0zyzbfiTcG4D7ZA", "votes": "0", "replies": "", "photo": "https://yt3.ggpht.com/c1w_c0YNRfpiF1oXYfXc389CnhCeoNq7DnK6z_o4x2HXCxkuuHiNfaRGCG3fFQZwOWR77L8Vo5k=s88-c-k-c0x00ffffff-no-rj", "heart": false, "reply": true, "time_parsed": 1715483290.232628}
{"cid": "UgwFBYliHfZgbtpToGx4AaABAg.A-I6iMrVthPA-IFWrpQ_YD", "text": "@telegram", "time": "1 tahun lalu", "author": "@FatimaHassan773", "channel": "UC2uVBfVg0zyzbfiTcG4D7ZA", "votes": "0", "replies": "", "photo": "https://yt3.ggpht.com/c1w_c0YNRfpiF1oXYfXc389CnhCeoNq7DnK6z_o4x2HXCxkuuHiNfaRGCG3fFQZwOWR77L8Vo5k=s88-c-k-c0x00ffffff-no-rj", "heart": false, "reply": true, "time_parsed": 1715483290.234205}
{"cid": "UgwFBYliHfZgbtpToGx4AaABAg.A-I6iMrVthPA-IFXxcOr-i", "text": "@tele @gram", "time": "1 tahun lalu", "author": "@FatimaHassan773", "channel": "UC2uVBfVg0zyzbfiTcG4D7ZA", "votes": "0", "replies": "", "photo": "https://yt3.ggpht.com/c1w_c0YNRfpiF1oXYfXc389CnhCeoNq7DnK6z_o4x2HXCxkuuHiNfaRGCG3fFQZwOWR77L8Vo5k=s88-c-k-c0x00ffffff-no-rj", "heart": false, "reply": true, "time_parsed": 1715483290.235758}
{"cid": "UgwFBYliHfZgbtpToGx4AaABAg.A-I6iMrVthPA-IFYoIG25s", "text": "telegram", "time": "1 tahun lalu", "author": "@FatimaHassan773", "channel": "UC2uVBfVg0zyzbfiTcG4D7ZA", "votes": "0", "replies": "", "photo": "https://yt3.ggpht.com/c1w_c0YNRfpiF1oXYfXc389CnhCeoNq7DnK6z_o4x2HXCxkuuHiNfaRGCG3fFQZwOWR77L8Vo5k=s88-c-k-c0x00ffffff-no-rj", "heart": false, "reply": true, "time_parsed": 1715483290.237163}
{"cid": "UgwFBYliHfZgbtpToGx4AaABAg.A-I6iMrVthPA-IFZxgOdyL", "text": "Tele", "time": "1 tahun lalu", "author": "@FatimaHassan773", "channel": "UC2uVBfVg0zyzbfiTcG4D7ZA", "votes": "0", "replies": "", "photo": "https://yt3.ggpht.com/c1w_c0YNRfpiF1oXYfXc389CnhCeoNq7DnK6z_o4x2HXCxkuuHiNfaRGCG3fFQZwOWR77L8Vo5k=s88-c-k-c0x00ffffff-no-rj", "heart": false, "reply": true, "time_parsed": 1715483290.631866}
{"cid": "UgwFBYliHfZgbtpToGx4AaABAg.A-I6iMrVthPA-IF_RmZ-KR", "text": "Gram", "time": "1 tahun lalu", "author": "@FatimaHassan773", "channel": "UC2uVBfVg0zyzbfiTcG4D7ZA", "votes": "0", "replies": "", "photo": "https://yt3.ggpht.com/c1w_c0YNRfpiF1oXYfXc389CnhCeoNq7DnK6z_o4x2HXCxkuuHiNfaRGCG3fFQZwOWR77L8Vo5k=s88-c-k-c0x00ffffff-no-rj", "heart": false, "reply": true, "time_parsed": 1715483290.633961}
{"cid": "UgwFBYliHfZgbtpToGx4AaABAg.A-I6iMrVthPA-IG0rPRRcn", "text": "@EmilyAstley", "time": "1 tahun lalu", "author": "@FatimaHassan773", "channel": "UC2uVBfVg0zyzbfiTcG4D7ZA", "votes": "0", "replies": "", "photo": "https://yt3.ggpht.com/c1w_c0YNRfpiF1oXYfXc389CnhCeoNq7DnK6z_o4x2HXCxkuuHiNfaRGCG3fFQZwOWR77L8Vo5k=s88-c-k-c0x00ffffff-no-rj", "heart": false, "reply": true, "time_parsed": 1715483290.635759}
{"cid": "UgwFBYliHfZgbtpToGx4AaABAg.A-I6iMrVthPA-IGMi33Hp-", "text": "How to reach her.", "time": "1 tahun lalu", "author": "@FatimaHassan773", "channel": "UC2uVBfVg0zyzbfiTcG4D7ZA", "votes": "0", "replies": "", "photo": "https://yt3.ggpht.com/c1w_c0YNRfpiF1oXYfXc389CnhCeoNq7DnK6z_o4x2HXCxkuuHiNfaRGCG3fFQZwOWR77L8Vo5k=s88-c-k-c0x00ffffff-no-rj", "heart": false, "reply": true, "time_parsed": 1715483290.63756}
{"cid": "UgwFBYliHfZgbtpToGx4AaABAg.A-I6iMrVthPA-IGzkA_AFq", "text": "Got it. Thank you so much for this I appreciate the help.", "time": "1 tahun lalu", "author": "@AwangKhatijah", "channel": "UCiCWEOPRxmmK8ZyJGfRR03w", "votes": "0", "replies": "", "photo": "https://yt3.ggpht.com/PnkKA3uUZeP17DFYGLu4aDCfEZmp0WmusikjpYVYCUyNEs0U15C69g_rpiaLS846X35IlgsSdg=s88-c-k-c0x00ffffff-no-rj", "heart": false, "reply": true, "time_parsed": 1715483290.639339}
{"cid": "UgwFBYliHfZgbtpToGx4AaABAg.A-I6iMrVthPA-IHSczLW8C", "text": "This is the kind of info we don't get from most YouTubers .l will get in touch with her right away, I'm really impressed. Seeing alot of successful stories,she must be honest and trustworthy to get such positive review from her clients.", "time": "1 tahun lalu", "author": "@JamesSalas-il8rrw", "channel": "UCdcAdtqbakbxk-OFZmpOQ4w", "votes": "0", "replies": "", "photo": "https://yt3.ggpht.com/M1iLF-HmxxZA4I4d8xf6oQKqmnPUHz1xCo3zlGcWeWHyVhlzUmhg6tttNiLc9hGHpv3PiCEWnao=s88-c-k-c0x00ffffff-no-rj", "heart": false, "reply": true, "time_parsed": 1715483290.640944}
{"cid": "UgwFBYliHfZgbtpToGx4AaABAg.A-I6iMrVthPA-IIjYQX3yz", "text": "The high rate of living presently a new dimension of earnings, despite the drop in Bitcoin price will not stop me from investing.", "time": "1 tahun lalu", "author": "@AyselMehmet", "channel": "UCAG3idFTiKuD_AjhaHRZOxg", "votes": "0", "replies": "", "photo": "https://yt3.ggpht.com/fl_xOkjcv1IuAkoH6ptsFh_2EsfKc49Btsg7202cTFpCgUdQpZkPdNi5rsoxr6x7DIYijycvPQ=s88-c-k-c0x00ffffff-no-rj", "heart": false, "reply": true, "time_parsed": 1715483290.64248}
{"cid": "UgwFBYliHfZgbtpToGx4AaABAg.A-I6iMrVthPA-IJJv8ZU5b", "text": "I will forever be indebted to you Mrs Emily, you've changed my whole.", "time": "1 tahun lalu", "author": "@FatimaHassan773", "channel": "UC2uVBfVg0zyzbfiTcG4D7ZA", "votes": "0", "replies": "", "photo": "https://yt3.ggpht.com/c1w_c0YNRfpiF1oXYfXc389CnhCeoNq7DnK6z_o4x2HXCxkuuHiNfaRGCG3fFQZwOWR77L8Vo5k=s88-c-k-c0x00ffffff-no-rj", "heart": false, "reply": true, "time_parsed": 1715483290.64401}
{"cid": "UgwFBYliHfZgbtpToGx4AaABAg.A-I6iMrVthPA-NTlW44fQc", "text": "Feel so happy for you, Ms Fatimah Hassan. Pls share with me too.", "time": "1 tahun lalu", "author": "@sarahtanbtabdullahkpm-guru6689", "channel": "UCC1UB5XD7GAB6Baj4ujK74Q", "votes": "0", "replies": "", "photo": "https://yt3.ggpht.com/ytc/AIdro_koTiL2Ulu3EZVza4I7FPapQr3EbBrE06xremqJpq7HWw=s88-c-k-c0x00ffffff-no-rj", "heart": false, "reply": true, "time_parsed": 1715483290.645551}
{"cid": "UgwFBYliHfZgbtpToGx4AaABAg.A-I6iMrVthPA-OCGfLCTgE", "text": " @sarahtanbtabdullahkpm-guru6689  contact the name mentioned above for the procedures", "time": "1 tahun lalu (diedit)", "author": "@FatimaHassan773", "channel": "UC2uVBfVg0zyzbfiTcG4D7ZA", "votes": "0", "replies": "", "photo": "https://yt3.ggpht.com/c1w_c0YNRfpiF1oXYfXc389CnhCeoNq7DnK6z_o4x2HXCxkuuHiNfaRGCG3fFQZwOWR77L8Vo5k=s88-c-k-c0x00ffffff-no-rj", "heart": false, "reply": true, "time_parsed": 1715483290.64692}
{"cid": "UgwFBYliHfZgbtpToGx4AaABAg.A-I6iMrVthPA-OCbtRQEZ9", "text": "​ @sarahtanbtabdullahkpm-guru6689 reach her through the user name above", "time": "1 tahun lalu (diedit)", "author": "@AwangKhatijah", "channel": "UCiCWEOPRxmmK8ZyJGfRR03w", "votes": "0", "replies": "", "photo": "https://yt3.ggpht.com/PnkKA3uUZeP17DFYGLu4aDCfEZmp0WmusikjpYVYCUyNEs0U15C69g_rpiaLS846X35IlgsSdg=s88-c-k-c0x00ffffff-no-rj", "heart": false, "reply": true, "time_parsed": 1715483290.648287}
{"cid": "UgwFBYliHfZgbtpToGx4AaABAg.A-I6iMrVthPA-PT9zklu0r", "text": "Above", "time": "1 tahun lalu", "author": "@AwangKhatijah", "channel": "UCiCWEOPRxmmK8ZyJGfRR03w", "votes": "0", "replies": "", "photo": "https://yt3.ggpht.com/PnkKA3uUZeP17DFYGLu4aDCfEZmp0WmusikjpYVYCUyNEs0U15C69g_rpiaLS846X35IlgsSdg=s88-c-k-c0x00ffffff-no-rj", "heart": false, "reply": true, "time_parsed": 1715483290.649664}
{"cid": "UgwFBYliHfZgbtpToGx4AaABAg.A-I6iMrVthPA-PTSo7e3Qa", "text": "Mentioned.", "time": "1 tahun lalu", "author": "@AwangKhatijah", "channel": "UCiCWEOPRxmmK8ZyJGfRR03w", "votes": "0", "replies": "", "photo": "https://yt3.ggpht.com/PnkKA3uUZeP17DFYGLu4aDCfEZmp0WmusikjpYVYCUyNEs0U15C69g_rpiaLS846X35IlgsSdg=s88-c-k-c0x00ffffff-no-rj", "heart": false, "reply": true, "time_parsed": 1715483290.651045}
{"cid": "UgwFBYliHfZgbtpToGx4AaABAg.A-I6iMrVthPA-WzEgklmXi", "text": "Acknowledge UEC as that provides all the talent. Thanks.", "time": "1 tahun lalu", "author": "@leealex24", "channel": "UCCienV9O2Jkl3bcSyz04L1Q", "votes": "0", "replies": "", "photo": "https://yt3.ggpht.com/ytc/AIdro_k4oWz01IEHmmAJD8Za7cyMZuA66jBofSPqUMOeb7k=s88-c-k-c0x00ffffff-no-rj", "heart": false, "reply": true, "time_parsed": 1715483290.652304}
{"cid": "UgxufU_MSnFrZvxSjoF4AaABAg", "text": "I thought a lot of Malaysian Chinese say their education is much harder than Singaporeans. And their standard is better than us! Please ask those Chinese to take the PISA test then! 😂", "time": "1 tahun lalu (diedit)", "author": "@ditsygirl5409", "channel": "UCORT-mvlUwhQcHP8SUmYTew", "votes": "2", "replies": "", "photo": "https://yt3.ggpht.com/nCUNFa9l5zTOZHgnuh49Ai-OvJrKTfFLJ79kTisp4dqOFZtcaFxNuGVjjLCI1CgWs55ncEgFDg=s88-c-k-c0x00ffffff-no-rj", "heart": false, "reply": false, "time_parsed": 1715483290.951981}
{"cid": "Ugy0eJTH99n6RGQ-fDJ4AaABAg", "text": "we no need education.\nwe need the election vote.", "time": "1 tahun lalu", "author": "@kkkkkkkk407", "channel": "UCQg9tpTj5A6GK3cY0gy3KKw", "votes": "1", "replies": "", "photo": "https://yt3.ggpht.com/aRGUmsXGo3aUjDi93MZmnNqXviOQS_GKDwAJ70Jeg8_5z_t2aK2I73Du4w_9Z0s3Mk3eHoB2A78=s88-c-k-c0x00ffffff-no-rj", "heart": false, "reply": false, "time_parsed": 1715483290.953455}
{"cid": "UgxE_P3qb-NZBU9CpjF4AaABAg", "text": "You shout snd shout and yell. Why don't you speak professionally.", "time": "1 tahun lalu", "author": "@dr.d.vincent549", "channel": "UCkBcTYKii3eMRER_KuI_PQQ", "votes": "0", "replies": "", "photo": "https://yt3.ggpht.com/ytc/AIdro_m3Gaf4gwlqfN3SBfdpxRZKmgRMUh-wnBtTZn8QmL_8MQ=s88-c-k-c0x00ffffff-no-rj", "heart": false, "reply": false, "time_parsed": 1715483290.954885}
{"cid": "UgwWcXVo0zGdkkJUZV54AaABAg", "text": "Batch 99 here, we are the first to experience PT3 after PMR was abolished in 2014. I still remember at that time the teachers in school were shambles because even they don't know what language we will be using in class either BM or BI😂", "time": "1 tahun lalu", "author": "@ahyes99", "channel": "UCgVayXGfoUp-mzk3UfKN-wA", "votes": "3", "replies": "", "photo": "https://yt3.ggpht.com/YLozKkgFZi_SmkTo5jCjCsO9xb8hzYbhlJa6akGCDFJR-Z6kaA5VOhUiZNpKpD-IIpvMjSq48w=s88-c-k-c0x00ffffff-no-rj", "heart": false, "reply": false, "time_parsed": 1715483290.956225}
{"cid": "UgxwguB8dGiC4tL-d8Z4AaABAg", "text": "Tq for your video", "time": "1 tahun lalu", "author": "@sitinorhamidtuah3790", "channel": "UC8xxKsg5aoOHsqO6zDjKrcw", "votes": "0", "replies": "", "photo": "https://yt3.ggpht.com/ytc/AIdro_n0OKplFxopeGkE5pxOI8U2xdjuWpqWIhQf1qkLjjetF24=s88-c-k-c0x00ffffff-no-rj", "heart": false, "reply": false, "time_parsed": 1715483290.957471}
{"cid": "Ugz41AiUZu6S4gPBG4x4AaABAg", "text": "EDUCATION SYSTEM REVOLUTION NEEDED MAKE FUTURE MALAYSIAN WORLD CLASS", "time": "1 tahun lalu", "author": "@sitinorhamidtuah3790", "channel": "UC8xxKsg5aoOHsqO6zDjKrcw", "votes": "0", "replies": "", "photo": "https://yt3.ggpht.com/ytc/AIdro_n0OKplFxopeGkE5pxOI8U2xdjuWpqWIhQf1qkLjjetF24=s88-c-k-c0x00ffffff-no-rj", "heart": false, "reply": false, "time_parsed": 1715483290.958699}
{"cid": "Ugz1gWC4eQymkIjD9ex4AaABAg", "text": "too many admin work for teachers at school. they get easily exhausted n distracted. teaching is no more enjoyable for them😪", "time": "1 tahun lalu", "author": "@mashitahnasir2992", "channel": "UCyHEHrxtYWEjmnxvtEfy93Q", "votes": "0", "replies": "", "photo": "https://yt3.ggpht.com/ytc/AIdro_m7YwpUn8rzUS3QjslzgRxX5DnGzv5zk-BeCAcTN7jwg0I=s88-c-k-c0x00ffffff-no-rj", "heart": false, "reply": false, "time_parsed": 1715483290.95996}
{"cid": "Ugw0y3g7Ivp8Ub0HXdR4AaABAg", "text": "Masa zaman sekolah dulu, I would always wonder kenapa setiap hari mesti akan ada beberapa cikgu yang takde di sekolah. Bila dah jadi cikgu, baru faham hahaha. \n\nEvery day, mesti akan ada cikgu yang involve dengan some sort of workshop, meetings, ataupun tugas² lain seperti bawak pelajar ke pelbagai jenis pertandingan. Jadi, sebelum complain tentang keberadaan guru, mungkin kena check dulu the reasons for it. \n\nKemudian, sometimes bila ada shortage of tenaga pengajar for certain subjects, guru luar opsyen terpaksa terjun bidang. Contohnya, kalau di sekolah tu tak cukup guru Bahasa Inggeris, guru yang sedia ada (yang opsyen nya bukan Bahasa Inggeris) kena fill in that spot sambil menunggu pengganti masuk. Hence, wujudnya masalah that you mentioned; guru tidak knowledgeable dan passionate. Dia bukan tak pandai, tapi dah bendanya luar bidang, payah la nak mengajar. Kena buat banyak revision. 😅\n\nSatu lagi perkara kita kena consider, sesi pembelajaran dan mengajar bukan satu hala. It takes two to tango. Kadang² bila pelajar memang dari awal dah give up, payah untuk guru² nak pastikan the right learning occurs. And often times, it's hard to blame the students entirely due to their socio-economic background. \n\nBanyak lagi yang boleh dibincangkan tapi setakat ni dulu for now. Harapnya kita semua dapat mendengar pendapat dari semua pihak, dan come up with feasible and effective solutions.", "time": "1 tahun lalu", "author": "@hannahishome", "channel": "UCi6vOfVrQ3DXlApNUOOfVJg", "votes": "2", "replies": "1", "photo": "https://yt3.ggpht.com/ytc/AIdro_kM3o4T7CHzggqfhXHK1BQC7hldxtjShLD_iHvXVmlwJe4=s88-c-k-c0x00ffffff-no-rj", "heart": false, "reply": false, "time_parsed": 1715483290.961182}
{"cid": "UgzxVegUCP05C61JaFl4AaABAg", "text": "PISA !!", "time": "1 tahun lalu", "author": "@ismaiskandar3028", "channel": "UCmck7IZSHewhqzDg-PJOAHA", "votes": "0", "replies": "", "photo": "https://yt3.ggpht.com/ytc/AIdro_lFENLUAMtYNYzkCOG378dzSciKJ2qeiKfEeOG0YCEVTA=s88-c-k-c0x00ffffff-no-rj", "heart": false, "reply": false, "time_parsed": 1715483290.962315}
{"cid": "UgxgjSQb2i91AAUcXvJ4AaABAg", "text": "Blame the game, not the players", "time": "1 tahun lalu", "author": "@junweing4066", "channel": "UCOAd4iOUw21AJLnAMQpCP8Q", "votes": "0", "replies": "", "photo": "https://yt3.ggpht.com/ytc/AIdro_kuDEGmXVX4ndGQLQtkhSXraheaJJXdg_U6lPAYK11yJQ=s88-c-k-c0x00ffffff-no-rj", "heart": false, "reply": false, "time_parsed": 1715483290.96343}
{"cid": "UgzkiDsvowqKUj3-wyV4AaABAg", "text": "I blame the policy makers. It's a never ending battle to play the race card to gain support so that they last another term.  This is what race based system gets you. \nIt hurts me to say this but in the next 10 years, we will be exporting blue collared workers.", "time": "1 tahun lalu", "author": "@santanic15", "channel": "UCtE2HUcYZ4LW3_i94qxMJNg", "votes": "0", "replies": "", "photo": "https://yt3.ggpht.com/ytc/AIdro_ntcEdU5CivjXOoQt04AYbHXlk_gwjqw4INP59YarwK1g=s88-c-k-c0x00ffffff-no-rj", "heart": false, "reply": false, "time_parsed": 1715483290.964546}
{"cid": "Ugw9ZKK1OwA6MFkDKwx4AaABAg", "text": "As a Singaporean, I should add that there’s also the socioeconomic or sociopolitical element - the best and brightest are leaving Malaysia, with many crossing the border into Singapore, thus reinforcing the latter’s position as the top-ranked Pisa country in the world.", "time": "1 tahun lalu", "author": "@kenzone", "channel": "UCyBoQ_m7ptksYz6bb-Y4VlA", "votes": "2", "replies": "2", "photo": "https://yt3.ggpht.com/ytc/AIdro_mEAmDiF5YnvuL_SFDsKM91BvYLSMzkMR5_F8_TOyw=s88-c-k-c0x00ffffff-no-rj", "heart": false, "reply": false, "time_parsed": 1715483290.965664}
{"cid": "Ugw6CGx5AvG4zBzXxrp4AaABAg", "text": "One of the RA AGM i attended few years back there was a heated debate on what language to conduct the AGM with, and that lasted for half an hour. We spent 8 hours sitting through the entire AGM lol", "time": "1 tahun lalu", "author": "@kjmok", "channel": "UC1nfMqk1-43nuFjtyZsj2yQ", "votes": "0", "replies": "", "photo": "https://yt3.ggpht.com/qDbMrtbuoHp6FfaU41YsbqFggDvbQJ804kbdphKUxdU_7hikeb7ltEUUOwYsQ-yW0AzfuXx_4F8=s88-c-k-c0x00ffffff-no-rj", "heart": false, "reply": false, "time_parsed": 1715483290.966777}
{"cid": "Ugzd_msUBor-KRP-nqN4AaABAg", "text": "The best Education is to send your kids to Agama schools. There they can learn more about the Quran and be future Imams.", "time": "1 tahun lalu", "author": "@vapourkl5324", "channel": "UCkwuDH62OMjaxiqjpXpepVg", "votes": "0", "replies": "1", "photo": "https://yt3.ggpht.com/ytc/AIdro_mjVBEj-_RLKeNUK6vSNmtC5qXc41sql1ZfYmM8vmI=s88-c-k-c0x00ffffff-no-rj", "heart": false, "reply": false, "time_parsed": 1715483290.96785}
{"cid": "UgxeTvBVW0izNk9gPsZ4AaABAg", "text": "Besides the teacher qualification, I want to talk about the education system and content. I am from SJKC background and taught SJKC primary school during covid for 3 years. The content of the teaching material is not suitable for their age. For example, std 1 student were forced to learn so called \"HOTS\" questions but they even having difficulty understanding the concept of addition and deduction! this is absolutely crazy ~! I even encountered std 4 student who don't even know multiplication and division. I am handling a F3 student who don't know addition of fractions! As for language, in SJKC is even worst. std 2 student were required to construct sentence were most of them having difficulty in understanding the text. As their teacher, I even feel helpless for their side. The content of the syllabus should be changed and construct in age appropriate manner!\n\n*ishhh~~!! Marahnye I....!!!", "time": "1 tahun lalu", "author": "@鱼儿-s8y", "channel": "UC8dgPKQGM3uKi0yFoF2jF2g", "votes": "0", "replies": "", "photo": "https://yt3.ggpht.com/ytc/AIdro_lgSPfstIOGhoFdAGLrG1TD0rUPTh4l3Xq9Z-ZqYOg=s88-c-k-c0x00ffffff-no-rj", "heart": false, "reply": false, "time_parsed": 1715483290.968898}
{"cid": "Ugx1F62kkCE0kMtOajx4AaABAg", "text": "At least you have better education than my country, the Philippines. Just look at our PISA score, c'mon. I believe Malaysia can pick themselves up a few years after.", "time": "1 tahun lalu", "author": "@achuuuooooosuu", "channel": "UCnXjnWDOdFT-lV0kZsI4Pgg", "votes": "0", "replies": "", "photo": "https://yt3.ggpht.com/ytc/AIdro_n2udBzeYBteVO94AOvACDKqyHN4sBTqV2YenVzO3Y2Ic5h7sd9c1UhQi-g7V9kvb_L3A=s88-c-k-c0x00ffffff-no-rj", "heart": false, "reply": false, "time_parsed": 1715483290.969951}
{"cid": "UgwCilkrQtGMAB2K6XZ4AaABAg", "text": "However bad the US is, their education system is still miles ahead of the malaysian system.", "time": "1 tahun lalu", "author": "@retardbuster1498", "channel": "UCCDGZABg5dKt8uzsjMjOdQg", "votes": "3", "replies": "", "photo": "https://yt3.ggpht.com/MhrqEDHxt_9r_N8rIslNRI-xKF_Rih0bxuat-BCUgLXY-r3Hf_wSy6BWfcLBIVP5OUt6JbMU=s88-c-k-c0x00ffffff-no-rj", "heart": false, "reply": false, "time_parsed": 1715483290.97098}
{"cid": "UgzaypF-HzYRzxKiLUB4AaABAg", "text": "Pisa", "time": "1 tahun lalu (diedit)", "author": "@yogarajah6380", "channel": "UCdHdtsNwmdI552HgPguCYWA", "votes": "0", "replies": "", "photo": "https://yt3.ggpht.com/ytc/AIdro_n5skeN-y7bpYz_LFSG046NAB4nuFiTBP3Sl2tgcbg=s88-c-k-c0x00ffffff-no-rj", "heart": false, "reply": false, "time_parsed": 1715483290.972009}
{"cid": "UgxhEDHGextw-8H2VmF4AaABAg", "text": "You called it a 'failure' , but our political and religion leaders claims Malaysian education policy is at top of the world, it beat every country in producing half-past six graduates every year well verse in stealing and cheating in corporate world。:face-green-smiling:", "time": "1 tahun lalu", "author": "@bowlampar", "channel": "UC6WA2hvfn1x0o31rcl5SOXA", "votes": "1", "replies": "", "photo": "https://yt3.ggpht.com/ytc/AIdro_n2g6p-fdQu4KjJTrJZYOwIXrHWpRVxHctkbWWIOzuvkQ=s88-c-k-c0x00ffffff-no-rj", "heart": false, "reply": false, "time_parsed": 1715483290.973052}
{"cid": "UgzKizIAW4qtq4tmvUB4AaABAg", "text": "Totally agreed. (1) Teachers are the main problem. You go to any neighborhood SMK and observe how they teach. You will vomit blood. Some teachers dont even come to class, cited pregnancy as the reason. (2) The parents! Many parents from rural areas don't pay attention to their kids' education. \n\nIf you ask public Malaysians on the streets to perform simple calculations on fractions or percentages, not many are able to do it.", "time": "1 tahun lalu (diedit)", "author": "@happyman5476", "channel": "UCSE-WN6n96jdh3wF9PuIAgg", "votes": "5", "replies": "", "photo": "https://yt3.ggpht.com/ytc/AIdro_lHAXskYwYGn2RQiGNHbblD12NIdmx4A2gfMGamOxfH-D6b-sPLkV_0RxCV0PvgSmrPtg=s88-c-k-c0x00ffffff-no-rj", "heart": false, "reply": false, "time_parsed": 1715483290.974027}
{"cid": "Ugw0y3g7Ivp8Ub0HXdR4AaABAg.A-HINTQh5b7A-NMbkP1LUD", "text": "It is good that you share the issues  faced by teachers and the education system.  \n\nIdeally, each class has an assistant teacher to help so that  interruptions in lessons are minimised.", "time": "1 tahun lalu", "author": "@ooiwahteh3791", "channel": "UCsvTD3arbfuY7P1Kz33FXPg", "votes": "1", "replies": "", "photo": "https://yt3.ggpht.com/ytc/AIdro_mR45YElnMqFAbZbGzd8RWdRocLc6MLXH7RM0nvZeE=s88-c-k-c0x00ffffff-no-rj", "heart": false, "reply": true, "time_parsed": 1715483291.241401}
{"cid": "Ugw9ZKK1OwA6MFkDKwx4AaABAg.A-HEkPuS51NA-HfBq2eiyD", "text": "No… it’s the ordinary Malaysian or Singaporean becoming crème de la crème when they follow Singapore’s educational system that is stressful and the teaching material are easy to understand and at the same time the teachers communicate with parents readily on their kid’s performance which parents either work with the kids or bring them to tuition to improve their learnings. Singaporeans and Malaysian working here have more resources to  help their kids become better in school.", "time": "1 tahun lalu", "author": "@ditsygirl5409", "channel": "UCORT-mvlUwhQcHP8SUmYTew", "votes": "0", "replies": "", "photo": "https://yt3.ggpht.com/nCUNFa9l5zTOZHgnuh49Ai-OvJrKTfFLJ79kTisp4dqOFZtcaFxNuGVjjLCI1CgWs55ncEgFDg=s88-c-k-c0x00ffffff-no-rj", "heart": false, "reply": true, "time_parsed": 1715483291.549171}
{"cid": "Ugw9ZKK1OwA6MFkDKwx4AaABAg.A-HEkPuS51NA-oIcP9y5AU", "text": "Bro, let me tell you some facts. Over there, their students are graded and marked under different BELL CURVE. They are grouped under different race. That's why their A1 students are not really A1 but only a C3 or C4 calibre. And for you to enter the university you have to be the best of the best because of the limited quota placed on you but for their own students even the failed grades can enter the university just to fill their quota.", "time": "1 tahun lalu", "author": "@genbond7459", "channel": "UCP0NIKggH-NorcPkZDNo2pw", "votes": "1", "replies": "", "photo": "https://yt3.ggpht.com/ytc/AIdro_mOlsgwea8EuVKtSWWBGPprYpaJ3ABGLE-6xcRkc0Pv0eB5KGX5SrKX2B1RGWTU5OGDNw=s88-c-k-c0x00ffffff-no-rj", "heart": false, "reply": true, "time_parsed": 1715483291.552495}
{"cid": "Ugzd_msUBor-KRP-nqN4AaABAg.A-HBvpKIICrA-HESpGh2JH", "text": "SBP and Smjk schools too, the National school system is absolutely failing.", "time": "1 tahun lalu", "author": "@alphestanley7194", "channel": "UCSj42vAj2fm_f3F5lMpVI5A", "votes": "1", "replies": "", "photo": "https://yt3.ggpht.com/ytc/AIdro_kUSCDfwkIvNe1H11SEfQJYIdSrWGANmXh9aZUz5F5wtUA=s88-c-k-c0x00ffffff-no-rj", "heart": false, "reply": true, "time_parsed": 1715483291.736238}
{"cid": "UgyhhVsHqCI1cOl0PAB4AaABAg", "text": "Medium of instruction to English would settle the problem. It helps to be a global citizen and would definitely boost tourism as well. Just my 2 cents.", "time": "1 tahun lalu (diedit)", "author": "@Wheelietraveler", "channel": "UCPav_lK4DuuSCMJr6RxIDuw", "votes": "3", "replies": "", "photo": "https://yt3.ggpht.com/fFMEqtaIkBuiczQVI-8MJUNMzKPdGg0WJd3uWTAwBKSUFH2v9vACnckAfIuo9cDEp2TFDqtdkEE=s88-c-k-c0x00ffffff-no-rj", "heart": false, "reply": false, "time_parsed": 1715483292.069292}
{"cid": "Ugxt7WjfdTpItO-oDXp4AaABAg", "text": "Change the education minister", "time": "1 tahun lalu", "author": "@shantapraba9341", "channel": "UCipNBcMnm-7-3wYdG7xTevg", "votes": "1", "replies": "", "photo": "https://yt3.ggpht.com/ZofVvU3TNJ226XFYQMBkiiKvJiHdnAlvL3B4EfC9EZFQYwJx8m3QP8drSj1aApIhv6SWMfmk=s88-c-k-c0x00ffffff-no-rj", "heart": false, "reply": false, "time_parsed": 1715483292.071612}
{"cid": "UgzMFhh5_Y9BWEW84up4AaABAg", "text": "Ngl, one thing the Gov could do to improve our education system a little bit is to change the require compulsory subjects to get the SPM certificate. For now, the 2(and only 2,sadly) compulsory subjects that are needed to be pass in order to get the SPM cert r BM and Sejerah. But the flaw here is, even if you scored perfect marks for subjects like English, Maths, Akuan or any Science subjects, you still won't get the SPM cert if you don't pass BM and Sejarah. While I have no problem with BM being a compulsory subject(it is our national language afterall), I do find it weird that Sejarah was made compulsory but not actual useful subjects like English, Maths or Science. Like sure, we get learn our nation's history and all but how does that make it more important than stuff like English and Science? That pretty much means that you can be the most (No Offense btw) braindead student in English or Science, but if you pass BM and Sejarah then you automatically will get the SPM cert. Like, am I the only one who finds that very weird?", "time": "1 tahun lalu", "author": "@tsurugireo7049", "channel": "UClWtJz15uVrngr9HWwRNh3w", "votes": "4", "replies": "2", "photo": "https://yt3.ggpht.com/iH-wYnRhKbt_B5FpwHuxqzxkweTUyYb4Kv2EMP4mrA3Uc_nJCRqGw0DOIAfNveVvWjzrhhPsEA=s88-c-k-c0x00ffffff-no-rj", "heart": false, "reply": false, "time_parsed": 1715483292.073496}
{"cid": "UgyJ67ZqsvkbOO9cYQ14AaABAg", "text": "Errr ..... this video is throwing out statistics, I don't see any input from you ... sadly I don't see any bit of analysis regarding the education system in Malaysia, the content is quite empty.\n\nUnfortunately, you've given a false info :\n\"School teachers are still teaching in Malay when it's supposed to be taught in English\"\n\nWhat is your ground on this statement?\nIn DLP, the school can choose to teach STEM in either BM or English, there's no such thing as \"supposed to be taught in English\" situation.\n\nHope in the future you may get your facts right and maybe do more analysis to make the video more informative.", "time": "1 tahun lalu (diedit)", "author": "@0405honzai", "channel": "UCGjzqrbdu0yJRvYS88AI-uQ", "votes": "0", "replies": "", "photo": "https://yt3.ggpht.com/ytc/AIdro_nKtEsLIaKKF-59A8ri8VI9MQhLRxa3-w2kPdw3idAUkQ=s88-c-k-c0x00ffffff-no-rj", "heart": false, "reply": false, "time_parsed": 1715483292.075295}
{"cid": "UgxsSknOBiI1q-wE9c54AaABAg", "text": "Who can solve this issue ?", "time": "1 tahun lalu", "author": "@usiohaki295", "channel": "UCUJ-ZHulIYdrBLWxC-q0czw", "votes": "0", "replies": "", "photo": "https://yt3.ggpht.com/ytc/AIdro_mMKkIw6qIVOwM7hw1Vfk1mpmgY7Rb82MkwUI7j5m4UNF61zwEagX40qUHO86_-ShVCIQ=s88-c-k-c0x00ffffff-no-rj", "heart": false, "reply": false, "time_parsed": 1715483292.076952}
{"cid": "UgwTT-oQ_7Y3TP4WPSJ4AaABAg", "text": "I started work in SG since last month. I did visit SG government school and selling some school material. I found out their standard is way higher than MY and the facility is so much like an International school standard. So yes Malaysia education is a big failure.", "time": "1 tahun lalu", "author": "@kasioz82", "channel": "UCWQbU2-BqBae1JLO0Rh6oyg", "votes": "30", "replies": "3", "photo": "https://yt3.ggpht.com/ytc/AIdro_nRNBOQ4phl1DPdJdln03d8NV0x07HIFmIopwO8XEiiqrM=s88-c-k-c0x00ffffff-no-rj", "heart": false, "reply": false, "time_parsed": 1715483292.078528}
{"cid": "UgzvS-YOoK55FBkhlSN4AaABAg", "text": "pisa", "time": "1 tahun lalu", "author": "@sohzupeng", "channel": "UC-xAeZrKITUuXVJn1r91DeA", "votes": "0", "replies": "", "photo": "https://yt3.ggpht.com/ytc/AIdro_kwr2bpb72Bxd9usGvglG0Q-3KcYcKS51I6uJ3P4MbPQ2I=s88-c-k-c0x00ffffff-no-rj", "heart": false, "reply": false, "time_parsed": 1715483292.080099}
{"cid": "UgxPEUM-EDxPOCasOxF4AaABAg", "text": "A very simple answer..\nOur f**ked up bumiputra policies that no matter how good is your score, your counterpart f**king bumi’s will still get their seat in the local universities. At the end, you’ll end up being collies and your f**king bumi’s will end up in c-suit level jobs. That will give you ample of stress which will eventually make you run away to another country for career advancements. Thanks to their f**king policies!\nAlso take note that our education systems doesn’t build students to be adaptable. Remember the keyword is adaptable. Technology and also environment changes in every era. Our education system standards only teach our students to become a slaves! Think like a slaves!!! This is why most of the students who come out from school couldn’t survive in this fast paced environment!\nWe’re in industrial revolution or IR4 and most of them including me  couldn’t do a sh*t!\nOnly the rich and HAVE HAVE will survive because they will not feel any pinch of today’s economic impact!\nPeople who struggle like me who born poor will forever become poor due to the cronyism system in the past that has ruined everything!!!\nThere was a saying back then!\nTiger will do tiger’s job and monkey’s will do monkey’s job!\nBut that’s not the case in Malaysia!\nMonkey’s will do tiger’s job and the tiger’s will do monkey’s job!\nThat’s everything is ruined in this country 🇲🇾 \nOur future is very dark!\nTill this day I’m still struggling!\nThe pay that I’m receiving after many years, could not support me in today’s environment.\nI’m still struggling in, making out plans and managing things!", "time": "1 tahun lalu", "author": "@compass_and_beyond", "channel": "UCE8GddM85uZgk75ID-YdZVw", "votes": "0", "replies": "2", "photo": "https://yt3.ggpht.com/ytc/AIdro_mQZxpQZRnUl_wKlT4AQBHQKTky57pW7gyfrNBnMP6N7Cs=s88-c-k-c0x00ffffff-no-rj", "heart": false, "reply": false, "time_parsed": 1715483292.081643}
{"cid": "UgzjqIJXvg3B1jy5q5N4AaABAg", "text": "It all started when the English medium of education was abolished. Standard dropped and dropped and still dropping. The government emphasized too heavily on Bahasa - a very costly mistake.", "time": "1 tahun lalu", "author": "@True-Justice88", "channel": "UCpqhzx_3f7bv_wEnuvt63IA", "votes": "15", "replies": "5", "photo": "https://yt3.ggpht.com/ytc/AIdro_ltIu98QW9aVmbqVxBW_IQi0xR-vFgzH-Rl4Tsb2VD6G1NqCdIv6pqabuAAW4pBrhtoAw=s88-c-k-c0x00ffffff-no-rj", "heart": false, "reply": false, "time_parsed": 1715483292.08307}
{"cid": "UgyaJCPBQgvS_vS1eTp4AaABAg", "text": "PISA!!!", "time": "1 tahun lalu", "author": "@mkleng", "channel": "UCD0_YAk7baekaA-0BwftHSQ", "votes": "0", "replies": "", "photo": "https://yt3.ggpht.com/ytc/AIdro_noVaT8HCeSxFzb-w8OEUH3MzaGnaNAlYIJvyvo4rY=s88-c-k-c0x00ffffff-no-rj", "heart": false, "reply": false, "time_parsed": 1715483292.084437}
{"cid": "UgwyTmFBkhlnbVYQsN94AaABAg", "text": "When I crossed over to Sg in 1981, I only had to stay back for 1 year due to my poor English. I was lucky.", "time": "1 tahun lalu", "author": "@windydragon6522", "channel": "UCDEEvnrNRW8df45gfREjErw", "votes": "5", "replies": "", "photo": "https://yt3.ggpht.com/ytc/AIdro_kwVOajJoDecFFeUMmUqBX-pdsQiSA_EqTOVD3If2w=s88-c-k-c0x00ffffff-no-rj", "heart": false, "reply": false, "time_parsed": 1715483292.085808}
{"cid": "UgzX4XJ4NwGrxXJ48RB4AaABAg", "text": "PISA please make an in-depth analysis", "time": "1 tahun lalu", "author": "@cheewoei85", "channel": "UC8rhOoUV5UYUQtgz07xmv7w", "votes": "1", "replies": "", "photo": "https://yt3.ggpht.com/qr_A-9LnpfQSaz63pKvDoCp04y_PP9wgpErZuPtQ1HKllq0JIIk4zs8XiR3mVC45x5bnRp0Vpw=s88-c-k-c0x00ffffff-no-rj", "heart": false, "reply": false, "time_parsed": 1715483292.08717}
{"cid": "UgyMMClA_u9bOwiXK7B4AaABAg", "text": "truly a big failure. they produce system that ended by troublesome the rakyat.  Im sharing on my scope. studying architecture requires 4 years to get degree and after graduated , we will get part 1 by Lembaga arkitek malaysia. This defines part 1 as someone who still not complete their journey as architect. Means they need to study master for 2 years to get part 2 then considered as graduate architect. but, still not becoming pro. architect then they need to get part 3 by exam. back to part 1, eventhough it is degree, but the dumb system only treats us like assistant architect only eventhough some good in real work meanwhile being part 2 with less experience but got money to further study still cannot be competence to work. meanwhile some company looking someone more experience more than 5 years. seems like some need to waste time till the age of 40 years then be accomplish the need of industry. not surprise to see many professional course having mental unstable . worse part the degree of science architecture treated like diploma level, pay less and hardly to get high paid. both education and lembaga are dumb system producing nothing but the system that benefit them such as repayment of ptptn. taxes. terrible system.", "time": "1 tahun lalu", "author": "@azrieng9581", "channel": "UC05Ure5pDileoNaXtjnUc2g", "votes": "0", "replies": "", "photo": "https://yt3.ggpht.com/ytc/AIdro_mvCtSUpyFfGL9bFKFtcviA9wyrDGogVlG8MSrWBvGhpmg=s88-c-k-c0x00ffffff-no-rj", "heart": false, "reply": false, "time_parsed": 1715483292.088481}
{"cid": "Ugx0vY3t6WmhUNf9Hdh4AaABAg", "text": "Can't do crap while having MOE Minister who can't take criticism in Parlimen, she will just cry wekkk wekkk.", "time": "1 tahun lalu", "author": "@shamymanavie5096", "channel": "UC6IOZbjzcC6f2gPknqEZqig", "votes": "0", "replies": "", "photo": "https://yt3.ggpht.com/ytc/AIdro_nHoRYC8ZNZLRtMXw58tum93vt6HrxkQsFkAp7yuRWCn7Q=s88-c-k-c0x00ffffff-no-rj", "heart": false, "reply": false, "time_parsed": 1715483292.089748}
{"cid": "UgxshB_y4GOdem83CQJ4AaABAg", "text": "I remembered throughout my SMK life the teachers teaching us arent really good at it... theres also discrimination if you belong to the lower/bottom classes and not like the top 3 class or whatever, the teachers won't put effort to making sure the students is learning something on that class.... and my biggest irritating moments are the math teachers' way of teaching they are either a good one or a bad one ( no in-between). The bad one's way of teaching is they first start explaining the topic of the day (which only contains basic info on how to solve it) and then asks you to do the whole exercise based on that topic. She dont give any example on how to solve that question like how normally a good teacher would teach(like writing the question on the whiteboard then proceed to explain the step by step on how to solve it). The bad one would only wait until the students have any problems and want to ask questions, she would then ONE BY ONE going to each students table to explain it(basically all the students in the class since she didnt explain fully detailed), this situation really membazirkan masa cause i always need to wait for my turn to ask questions. Haizz", "time": "1 tahun lalu", "author": "@KeNo0308", "channel": "UChAqlKKQgHS7C6wL_f2vVAg", "votes": "0", "replies": "", "photo": "https://yt3.ggpht.com/Jyxb7l60bLzopkoxyf2usvd2VAX7VROmp971yCuXXJBXFhitPCwlA-lZ-akaxuKTTMVJmsiPcTA=s88-c-k-c0x00ffffff-no-rj", "heart": false, "reply": false, "time_parsed": 1715483292.090971}
{"cid": "Ugw4CUrVbpMlTEF4WVJ4AaABAg", "text": "PISA. As a secondary school student, I agree with most of the context in this video. I'm looking forward to your future videos about our education system. Videos like these are great methods of raising awareness.\n\nJust some extra points that I'd like to add: Parents play an important role in early education. \n1. We can't expect children to fully learn something on their own. \n2. Parents should fill the knowledge gap that was created in our early education system, instead of fully relying on the teachers ability.\n\nFurthermore, we as students should read books and articles a lot more (even though I'm not a bookworm) as it helps in understanding content and learning new words.", "time": "1 tahun lalu", "author": "@ee_kyne", "channel": "UCco4no9wObRTDgItUiFbaXA", "votes": "6", "replies": "", "photo": "https://yt3.ggpht.com/IFkMqjWax5HsSjOZQCFcwvaYr2w-YtH-U4wdZ__O3LS7jjV4S0D5ZVD7EnZ8mt7DcdIBs36fHg=s88-c-k-c0x00ffffff-no-rj", "heart": false, "reply": false, "time_parsed": 1715483292.092202}
{"cid": "Ugxn0U5wmby7gSutkS94AaABAg", "text": "What's wrong? Look at the facility in school. Not every class in every school has either an lcd projector or smart tv. That's just the basic for the modern education. Most school has 2 sessions. Only certain selected schools such as MRSM, SMS or other smart school has one session.Not to mention the gap between the facility in urban and rural schools.Internet access, latest books for students to read and refer. Yet, KPM(MOE) is too busy  insisting HOTS to ALWAYS be included in lesson for kids as early as Primary 1 despite not able to master the basic skills or reading, writing and counting. Take a step back to progress forward.", "time": "1 tahun lalu", "author": "@kulukili1985", "channel": "UCcfFKfabZDKhVQ2RMdncsYA", "votes": "9", "replies": "", "photo": "https://yt3.ggpht.com/ytc/AIdro_mnqQ8JVibvt7Vk5HXkpOXlC1T8StgbuvSmraYH5kQSMek=s88-c-k-c0x00ffffff-no-rj", "heart": false, "reply": false, "time_parsed": 1715483292.093428}
{"cid": "Ugyie9MsW6qtBOcL4bF4AaABAg", "text": "discriminatory education policy is short sighted..it showed the past govt are filled with clowns", "time": "1 tahun lalu", "author": "@bobt2113", "channel": "UCO4w__Djum-PpBZEQRokqtw", "votes": "0", "replies": "", "photo": "https://yt3.ggpht.com/ytc/AIdro_k_QNIbHileIvKqR4gskCl20HIQ9fbv-3_dFVp-vWmam75VFD69o7xWdiXX4FHY2gUjrQ=s88-c-k-c0x00ffffff-no-rj", "heart": false, "reply": false, "time_parsed": 1715483292.094654}
{"cid": "UgxbujhJa3M6L1nB9f54AaABAg", "text": "Who remembers when teachers protest for higher salary...(Higher Salary = Higher Quality) 🤪🤪🤪", "time": "1 tahun lalu", "author": "@Noname-dr1jm", "channel": "UCXRRRZVQFOsNy0H3d3Qi3lg", "votes": "0", "replies": "", "photo": "https://yt3.ggpht.com/ytc/AIdro_mCwHJvk_kS0LH1gvGLech6DKT8acd1PaUZHEvi8vU=s88-c-k-c0x00ffffff-no-rj", "heart": false, "reply": false, "time_parsed": 1715483292.095874}
{"cid": "UgxQ07fbkkFvTRN26rB4AaABAg", "text": "You pay peanuts you get monkeys. My top students chose engineering and medicine because the pay is much better. I stopped teaching goverment school and switch to teach privately. I get more income and my workload is less.", "time": "1 tahun lalu", "author": "@michellet3887", "channel": "UCNxF7bQSxA6C1igkoCjOydg", "votes": "1", "replies": "", "photo": "https://yt3.ggpht.com/ytc/AIdro_mPKY9_6Poi_DgUM4Tqb1t4YOUXWg8yMby9YLxg80Q=s88-c-k-c0x00ffffff-no-rj", "heart": false, "reply": false, "time_parsed": 1715483292.096991}
{"cid": "UgzMFhh5_Y9BWEW84up4AaABAg.A-H66ThyT2XA-H7XQA0Bxp", "text": "I'm not saying that Sejarah isn't important, no no, but rather all I'm trying to say here is to make more beneficial subjects compulsory. Maybe that would improve the quality of our education and overall workforce", "time": "1 tahun lalu", "author": "@tsurugireo7049", "channel": "UClWtJz15uVrngr9HWwRNh3w", "votes": "1", "replies": "", "photo": "https://yt3.ggpht.com/iH-wYnRhKbt_B5FpwHuxqzxkweTUyYb4Kv2EMP4mrA3Uc_nJCRqGw0DOIAfNveVvWjzrhhPsEA=s88-c-k-c0x00ffffff-no-rj", "heart": false, "reply": true, "time_parsed": 1715483292.367222}
{"cid": "UgzMFhh5_Y9BWEW84up4AaABAg.A-H66ThyT2XA0nPgQoxRl1", "text": "I also found it weird that you only had to pass the mandatory subjects that obtain your SPM cert. I wonder if it will cause some students to neglect other subjects that are crucial in the real world to some extent since they just need to pass the two subjects. The teachers of both subjects keep emphasize that failing their subject means failing SPM and no cert unless you retake it.", "time": "1 tahun lalu", "author": "@mila5796", "channel": "UCJWd-Z31KsZpKDEQmjoCZSg", "votes": "0", "replies": "", "photo": "https://yt3.ggpht.com/E07Sxmpat_UXOP86jVoNLv-uROjfHsJrOcm6-_zwoMaYXnjegAxuF2Sju0fQq8VqvKl76Rh9wJY=s88-c-k-c0x00ffffff-no-rj", "heart": false, "reply": true, "time_parsed": 1715483292.370338}
{"cid": "UgwTT-oQ_7Y3TP4WPSJ4AaABAg.A-H4dkk4RXUA0-cTl6Tylt", "text": "FYI.. Singapore has the best PISA marks… Even the Aussies learn from them…", "time": "1 tahun lalu", "author": "@ruzainirazak85", "channel": "UCyggJnmPuSjEFnmJECSAOkQ", "votes": "4", "replies": "", "photo": "https://yt3.ggpht.com/ytc/AIdro_mNk9VuCpPOfFkvOATfOhuDTIm2tdq2wcjXmC40bOBf3cw=s88-c-k-c0x00ffffff-no-rj", "heart": false, "reply": true, "time_parsed": 1715483292.675235}
{"cid": "UgwTT-oQ_7Y3TP4WPSJ4AaABAg.A-H4dkk4RXUA0Cv6V3Ptp5", "text": " @ruzainirazak85  Brunei too follows the Singapore School Syllabus and teaches in English!", "time": "1 tahun lalu (diedit)", "author": "@genbond7459", "channel": "UCP0NIKggH-NorcPkZDNo2pw", "votes": "3", "replies": "", "photo": "https://yt3.ggpht.com/ytc/AIdro_mOlsgwea8EuVKtSWWBGPprYpaJ3ABGLE-6xcRkc0Pv0eB5KGX5SrKX2B1RGWTU5OGDNw=s88-c-k-c0x00ffffff-no-rj", "heart": false, "reply": true, "time_parsed": 1715483292.678519}
{"cid": "UgwTT-oQ_7Y3TP4WPSJ4AaABAg.A-H4dkk4RXUA0aNdFEwHG6", "text": "For real", "time": "1 tahun lalu", "author": "@azaman2604", "channel": "UC_16y04Dnl997a2tv-fjH3g", "votes": "0", "replies": "", "photo": "https://yt3.ggpht.com/ytc/AIdro_nLRMiyGgC5ZFaDr6wn3kgLflYmghKyFQGheRQlpN8=s88-c-k-c0x00ffffff-no-rj", "heart": false, "reply": true, "time_parsed": 1715483292.681334}
{"cid": "UgxPEUM-EDxPOCasOxF4AaABAg.A-H2lB6F3wFA-HSVopAe0o", "text": "I called that bs mara literally played toto with their applicants.", "time": "1 tahun lalu", "author": "@someguywithabirdface2583", "channel": "UCzZUXvfz8UofWzhI5gJ42rw", "votes": "0", "replies": "", "photo": "https://yt3.ggpht.com/ytc/AIdro_l-e2IHnQnHrQvUnoGSGshbWoq_DNkYlewfIaDiURytIg=s88-c-k-c0x00ffffff-no-rj", "heart": false, "reply": true, "time_parsed": 1715483292.981731}
{"cid": "UgxPEUM-EDxPOCasOxF4AaABAg.A-H2lB6F3wFA0F5Bw1-yhe", "text": " @someguywithabirdface2583  that is why this country falls into holes full of shits…", "time": "1 tahun lalu (diedit)", "author": "@compass_and_beyond", "channel": "UCE8GddM85uZgk75ID-YdZVw", "votes": "0", "replies": "", "photo": "https://yt3.ggpht.com/ytc/AIdro_mQZxpQZRnUl_wKlT4AQBHQKTky57pW7gyfrNBnMP6N7Cs=s88-c-k-c0x00ffffff-no-rj", "heart": false, "reply": true, "time_parsed": 1715483292.984813}
{"cid": "UgzjqIJXvg3B1jy5q5N4AaABAg.A-H2f5ZNVd_A-IbaANyUN1", "text": "Very true.All started from Tun M time .He was education minister during the 70s .He also made school not to speak in english.Should anyone speak english at that time  we were made to pay 10 cents during 70s.Tun was the education minister.Most of the subjects were changed at his time to Bahasa. Later  Tun wanted to change back to english ,he think easy..", "time": "1 tahun lalu", "author": "@shriyasanthirakaanthan3519", "channel": "UCjtEHNjy7_see1Wh8nEVDQQ", "votes": "7", "replies": "", "photo": "https://yt3.ggpht.com/ytc/AIdro_mX32PBOErfXTOPU-9p2ywF7bjAorQbGea2KtHoT64=s88-c-k-c0x00ffffff-no-rj", "heart": false, "reply": true, "time_parsed": 1715483293.290394}
{"cid": "UgzjqIJXvg3B1jy5q5N4AaABAg.A-H2f5ZNVd_A-JpESpf7BU", "text": " @shriyasanthirakaanthan3519  pay 10 cents due to speak eng in school??", "time": "1 tahun lalu (diedit)", "author": "@cxx9256", "channel": "UCtc-SKKev2IUKZmsnF6xvsQ", "votes": "0", "replies": "", "photo": "https://yt3.ggpht.com/ytc/AIdro_mFwh2IrAgSRZ0bfsBI6zmAunMhdQdLYWio4gGzQHiQAgS8RJeBxykBSv3CKlCmqo2Z-A=s88-c-k-c0x00ffffff-no-rj", "heart": false, "reply": true, "time_parsed": 1715483293.293693}
{"cid": "UgzjqIJXvg3B1jy5q5N4AaABAg.A-H2f5ZNVd_A-K0rVnDrIW", "text": "I beg to differ, Tun M introduced PPSMI in 2003 but it were abolished in 2012. Why? Because it's considered a failure because when PPSMI were introduced, the grades for national exams dropped drastically. The language of instruction is not the problem.", "time": "1 tahun lalu", "author": "@izzdakwat0.591", "channel": "UCpeoWog-IGc7QEVYyP8WehA", "votes": "1", "replies": "", "photo": "https://yt3.ggpht.com/ytc/AIdro_kCHEEBNnIWRmd472LC5B2qIdMP8nOuyWY08zb0wOSwKw=s88-c-k-c0x00ffffff-no-rj", "heart": false, "reply": true, "time_parsed": 1715483293.296305}
{"cid": "UgzjqIJXvg3B1jy5q5N4AaABAg.A-H2f5ZNVd_A-MbUCKDA1o", "text": "Yes, Dr Mahathir, as he then was, was the Education Minister from 1974 to 1978. If you are a Sabahan born in the 1960s you would recall there were so many students failed their secondary school Form 3 LCE exam in 1977 because of one language subject ie BM which was, out of the blue, made it mandatory to pass by the Ministry of Education - unprecedented. Form 3 in the year 1977 was the last year of the English medium in Sabah (formerly known as British North Borneo). The question then was, why made BM paper compulsory for students sitting for their LCE exam in 1977 when it was the last year in English medium? Students studied in English for all their subjects from day one surely they were many students not ready for it as more time should have been given to them to be better prepared but shockingly, it wasn't. Many careers were 'killed' because many bright students did not get at minimum a pass in the BM paper, either oral or written. Students of well to do parents were lucky to be able to continue their secondary education in private institutions but the poor bright ones had no way to go. They were 'robbed' of a decent education at 15, 16 years of age. Many could have achieved their dreams of becoming what they had wanted to be - doctors, pilots, engineers, scientists, etc. but they dreams were destroyed. What the Education ministry did back then was unconstitutional and in breach of the MA63 but no one seemed to care, not even the Sabah CM, Datuk Harris Salleh because he was a 'Yes man'...and the rest is history. Since Tun M was the Minister of Education in charge in the 70s, perhaps, he should explain the logic, if any, behind such a sudden move, and/or apologise to the people of Sabah at the minimum because it was a very irresponsible act, to say the least.", "time": "1 tahun lalu", "author": "@True-Justice88", "channel": "UCpqhzx_3f7bv_wEnuvt63IA", "votes": "2", "replies": "", "photo": "https://yt3.ggpht.com/ytc/AIdro_ltIu98QW9aVmbqVxBW_IQi0xR-vFgzH-Rl4Tsb2VD6G1NqCdIv6pqabuAAW4pBrhtoAw=s88-c-k-c0x00ffffff-no-rj", "heart": false, "reply": true, "time_parsed": 1715483293.298566}
{"cid": "UgzjqIJXvg3B1jy5q5N4AaABAg.A-H2f5ZNVd_A-WzK3R_Av0", "text": "Acknowledge UEC as that provides all the talent. Thanks.", "time": "1 tahun lalu", "author": "@leealex24", "channel": "UCCienV9O2Jkl3bcSyz04L1Q", "votes": "0", "replies": "", "photo": "https://yt3.ggpht.com/ytc/AIdro_k4oWz01IEHmmAJD8Za7cyMZuA66jBofSPqUMOeb7k=s88-c-k-c0x00ffffff-no-rj", "heart": false, "reply": true, "time_parsed": 1715483293.300963}
{"cid": "UgzdTutcikzEpUP5P3R4AaABAg", "text": "Education system in Malaysia is nowhere near bad. Most people that eventually migrate or build a career overseas are mostly the product of SJk, SK and SMK. Just because we score lower in PISA , it doesn’t make our education system bad. We ranked 4th is SEA , above thailand, brunei, Philippines and Indonesia.", "time": "1 tahun lalu", "author": "@Farisjohnnathan", "channel": "UCtudY8xLb7QGtwqUJDKitoA", "votes": "0", "replies": "", "photo": "https://yt3.ggpht.com/in1z3Tzua-evVTtmXDTFCtPXUy_nGkZjd2mOSIvPgmBU5ZnplGBsfnyTixtZi2sed359ORWH5g=s88-c-k-c0x00ffffff-no-rj", "heart": false, "reply": false, "time_parsed": 1715483293.708802}
{"cid": "UgwuTVQ1LWvpbs0wz1F4AaABAg", "text": "Good attempt. U need a supportive government who understands the importance of education and roll out a long term plan. U cannot simply change this or that and expect it to work. There is no magic formula here. But if u don’t act, the trend is downwards. Hard to see a future for our nation.", "time": "1 tahun lalu", "author": "@bennng2952", "channel": "UCg8MnjIu4CslBRvKI8uimMg", "votes": "1", "replies": "", "photo": "https://yt3.ggpht.com/ytc/AIdro_khq2f33Qb-ENvBhdv6OaB3IYUegUlku05A-VA9nrAaPLc=s88-c-k-c0x00ffffff-no-rj", "heart": false, "reply": false, "time_parsed": 1715483293.710966}
{"cid": "UgyA_S4uE1HHcVCW80Z4AaABAg", "text": "pisa!", "time": "1 tahun lalu", "author": "@kathrynkhoo4685", "channel": "UCLjor7gmY2oVtQVzmLmCUcw", "votes": "0", "replies": "", "photo": "https://yt3.ggpht.com/ytc/AIdro_mbL0q7NMU2g029T0LC_dEDu3AEJ9yESFxu90Xy0mx-oZk=s88-c-k-c0x00ffffff-no-rj", "heart": false, "reply": false, "time_parsed": 1715483293.712795}
{"cid": "UgwgU77EjP5UgNrSskR4AaABAg", "text": "Can teachers be replaced with IT and robots. Then human teachers will buck up. How the taxi system system evolved with the disruption of uber and grab.", "time": "1 tahun lalu", "author": "@128busybee", "channel": "UCrwnu3xmK13yhNV0WNjC4sQ", "votes": "0", "replies": "", "photo": "https://yt3.ggpht.com/ytc/AIdro_nqXEL3jl3sQX9k4qgONYAsay6PhkEbJ-5unFEkksilnQGW=s88-c-k-c0x00ffffff-no-rj", "heart": false, "reply": false, "time_parsed": 1715483293.714577}
{"cid": "UgzYD7yyvF7E8mgNsgd4AaABAg", "text": "Pisa.", "time": "1 tahun lalu", "author": "@128busybee", "channel": "UCrwnu3xmK13yhNV0WNjC4sQ", "votes": "0", "replies": "", "photo": "https://yt3.ggpht.com/ytc/AIdro_nqXEL3jl3sQX9k4qgONYAsay6PhkEbJ-5unFEkksilnQGW=s88-c-k-c0x00ffffff-no-rj", "heart": false, "reply": false, "time_parsed": 1715483293.716198}
{"cid": "Ugw2_TDmAgMpbWsYGpl4AaABAg", "text": "Bad Investigative Video. BAD BAD BAD. You have to unpack the system. Our test books recommended by the Ministry are of a very low standard and there are NO opportunities to have a 3 TIER system of education. All subjects would suit MY students like in SG. Lower, vocational and higher and some at Upper Meritocracy Level in STEM subjects. We have no vocational or computing curriculum subjects to propel knowledge. Teachers are very poorly trained and recruited (a safe job AND  gaji buta only). Where are our SMART Schools? Where are the teaching resources online? MCE and STPM are poor examination moderation and many students are pushed to pass mark to get rid of them. Then we have NEP policies, MARA Colleges, MARA Techs etc. Quota for Public University with minorities having low intake and taking to crime. Private Unis like Sunway populated by ONE section of MY who have money and wish to CHABUT Overseas. We need more TECH and Vocational Colleges. DO not BLAME the Government. The Rakyat has been complacent too and Gormen CONTROL everything in MY. Time for a Education Czar to spearhead change.", "time": "1 tahun lalu", "author": "@ukbulldog2024", "channel": "UC5x1h8_NYnXYT2JBHqJWACQ", "votes": "0", "replies": "", "photo": "https://yt3.ggpht.com/ytc/AIdro_nWBkhs3XZcENi1MSPCdcXzpUjnMm2sZJbVobSifX-nvmmNb8bXfpOmj_RTnLGbL03qbA=s88-c-k-c0x00ffffff-no-rj", "heart": false, "reply": false, "time_parsed": 1715483293.717728}
{"cid": "UgxCCRnqOiJ6zDNdIjF4AaABAg", "text": "Pisa", "time": "1 tahun lalu", "author": "@jordanong4430", "channel": "UCKd4R7URb7tflPb-guAwAwA", "votes": "0", "replies": "", "photo": "https://yt3.ggpht.com/ytc/AIdro_kuHbrFl53sM7sMs1aZbLjGVZrJgwAPa8ohkE4z7R62kg=s88-c-k-c0x00ffffff-no-rj", "heart": false, "reply": false, "time_parsed": 1715483293.719263}
{"cid": "UgxmFAuMmybPQBXMv4V4AaABAg", "text": "Lol give teachers less paperwork to do will also help improve quality of their teaching", "time": "1 tahun lalu", "author": "@alexanderloi5194", "channel": "UCLzin-jLZFwaSHYzAVwf7Uw", "votes": "1", "replies": "1", "photo": "https://yt3.ggpht.com/ytc/AIdro_kh1HAiyIbqStA1dAC9Go_PmxTP4RByHgDv5Am3nyKKS10=s88-c-k-c0x00ffffff-no-rj", "heart": false, "reply": false, "time_parsed": 1715483293.720817}
{"cid": "UgygzJVgP27sKSf0cmt4AaABAg", "text": "Actually, it is the  Prussian Schooling System & other schooling systems inspired by it is a failure. The Malaysian Schooling system is one of those in the list.", "time": "1 tahun lalu", "author": "@TravisSwan", "channel": "UCfhbcJy-EVwfXZ0MI72ETVg", "votes": "0", "replies": "", "photo": "https://yt3.ggpht.com/ytc/AIdro_l3FvPxiquC4o94goR6-zI9OfUhNqa8FBhrlrxJAzsfjw=s88-c-k-c0x00ffffff-no-rj", "heart": false, "reply": false, "time_parsed": 1715483293.722208}
{"cid": "Ugy8MjBneWPoDnYPbA94AaABAg", "text": "PISA", "time": "1 tahun lalu", "author": "@Villagerwarrior", "channel": "UCfbO2m69wq7P8gNgbew-9Kw", "votes": "0", "replies": "", "photo": "https://yt3.ggpht.com/Uh46Abmtib_ORHoDH38yqufEA6VipZiBVlcOsk8fGdUDZ-NpixF1UlkvlORmLIe05DWwnfAOhQI=s88-c-k-c0x00ffffff-no-rj", "heart": false, "reply": false, "time_parsed": 1715483293.723562}
{"cid": "UgxFw7lejZxnx4PLxQF4AaABAg", "text": "Did  you spell \"PROBLE SOLVING\" instead of \"PROBLEM SOLVING\" in your video on education (above)? .. highly likely it's just an oversight but it flagged up since it was a video on education and on English.", "time": "1 tahun lalu (diedit)", "author": "@cliffordseow", "channel": "UCqkyZEdC5ObMuJkNWUVGHPQ", "votes": "0", "replies": "", "photo": "https://yt3.ggpht.com/ytc/AIdro_kNpZC4gHyMHuZ0J7pJd9gSiP1VYBEWJsCIee9VhmE=s88-c-k-c0x00ffffff-no-rj", "heart": false, "reply": false, "time_parsed": 1715483293.724912}
{"cid": "UgxmjUgS0qsQn9BY9fV4AaABAg", "text": "Vote for unity school, SK jenis2 and SK need to be ONE. This is British way of  separate and conquer method use in 1900s.\nAnd then All Uni need to help young Malaysians to enter it. Put no Qouta on All IPTA except the one is for Bumiputera (The Uitm). I am former Uitm Student and UMP, believe Uitm not even Top uni for post School student. If all other university are accepting all Malaysians child. They will help all child and produce unified human resource. Uitm can run to help needy and poor Bumi community, while others can get larger demand and produce more resources. The Swasta one are pricey and will put burden on each family.", "time": "1 tahun lalu", "author": "@fakrulabdullah", "channel": "UCbO_5wLZNrz6_6E0vYYgBqw", "votes": "1", "replies": "", "photo": "https://yt3.ggpht.com/ytc/AIdro_lQa7_4w24dhOs560GhnIU3_ZbyGZhV4MkVKeQuHuGppLU=s88-c-k-c0x00ffffff-no-rj", "heart": false, "reply": false, "time_parsed": 1715483293.72627}
{"cid": "UgzeEwLNrIvUEtJenSR4AaABAg", "text": "So what! Why are you so negative about malaysia? Soo materialistic, survival in the next 20 yrs is bleak, ww3 is coming within the next 5 years, pisa does not mean anything then,", "time": "1 tahun lalu", "author": "@matjebonklumen147", "channel": "UC0BkX8z5jRg8yhQA-MNF1JQ", "votes": "0", "replies": "", "photo": "https://yt3.ggpht.com/ytc/AIdro_kOhl9doyvEaC7E9AHzTyGCu3-Q1MB0-iTzXvvmu48=s88-c-k-c0x00ffffff-no-rj", "heart": false, "reply": false, "time_parsed": 1715483293.727583}
{"cid": "UgyW3Q_0tcJGL6RCvhh4AaABAg", "text": "what to do , our gov espcially that one useless edu minister had this bright idea to put an emphasis on bahasa melayu even in DLP schools where the qualification for DLP to even begin with is an above average in Bm . so what gives . \ni still remembered how my teacher in year six refuses to believe me when i pointed out that venus is actually hotter than mercury . \nwe had always put too much emphasis on BM and religion and the most useless subject of them all , Pendidikan sivik . Stem subjects not given much emphasis", "time": "1 tahun lalu", "author": "@diaz_Epam100mg", "channel": "UCUPqo0oHWmJmnnJZ-lmrb2w", "votes": "1", "replies": "", "photo": "https://yt3.ggpht.com/sVvd7pPAidsGoZRAuNHU63NWbWbBMg-MkimYU5tpC27CcXNiuy4P7183O6zgUuHMvsQSs-V3YdE=s88-c-k-c0x00ffffff-no-rj", "heart": false, "reply": false, "time_parsed": 1715483293.728798}
{"cid": "UgxNFseX_K0zjxFv8mt4AaABAg", "text": "In order to improve the system, if and only if the teaching personnel must improve.", "time": "1 tahun lalu", "author": "@GCheah940", "channel": "UCHrH4J60qitWFtqhyhra6Dw", "votes": "0", "replies": "", "photo": "https://yt3.ggpht.com/ytc/AIdro_meqQRL0zCllAnC_OULHvyioHnxQgDv5V6pOJ1FBeFlkNyG-K1JF6XOiPI9PZt3p3irAw=s88-c-k-c0x00ffffff-no-rj", "heart": false, "reply": false, "time_parsed": 1715483293.730031}
{"cid": "Ugxiu1iIWX5Xrz8q-kZ4AaABAg", "text": "Language is not a problem.\n\nAs a Chinese independent high school student, I was taught in Mandarin all the way until UEC (equivalent to STPM) for all STEM subjects. We primarily converse in Mandarin but we also learned English seriously. After UEC, a lot of us have come to Singapore for university (NUS/NTU, check their rankings), including me. We are doing very well here, way above average in terms of academics and some of us even have topped the class with First Class Honours and Dean's List.\n\nThe truth is, language should not matter in STEM education. The teachers matter. We are really fortunate to have these dedicated teachers at Chinese independent high schools that really cared about our learning or we will never achieve what we have today.\n\nIt's a shame that our politicians make race and language an issue when it really is not. Don't blame the language and fix the root cause of the problem.", "time": "1 tahun lalu (diedit)", "author": "@blackjack8181", "channel": "UCmOWFRX3NTZdvjOU198lmWQ", "votes": "142", "replies": "8", "photo": "https://yt3.ggpht.com/ytc/AIdro_l2fhIdQ5Qy2CeJRwDKpK7ele4kLpTALwVzC3mAXiE=s88-c-k-c0x00ffffff-no-rj", "heart": false, "reply": false, "time_parsed": 1715483293.731267}
{"cid": "UgzTixzQAOeQgvRlmTR4AaABAg", "text": "Sounds like the philippines too!", "time": "1 tahun lalu", "author": "@neallasta", "channel": "UC2_wNnnwUHkdTijdI0gfCpg", "votes": "0", "replies": "", "photo": "https://yt3.ggpht.com/ytc/AIdro_kTHUEQ_3n_2vD3rR3YTgwiuRaPc1S9YWNwSdAOm89gdxQ=s88-c-k-c0x00ffffff-no-rj", "heart": false, "reply": false, "time_parsed": 1715483293.732484}
{"cid": "Ugz3UUrkWvBmaYcfPyh4AaABAg", "text": "KBAT is a bullshit", "time": "1 tahun lalu", "author": "@ahchai5050", "channel": "UCsPKdcpI2ceTlmlRjdtp4Fg", "votes": "0", "replies": "", "photo": "https://yt3.ggpht.com/ytc/AIdro_mRgDgRXQqGrMBbQLSH0h7iEXlCuj9krBWjn6CmtpRAsH2P=s88-c-k-c0x00ffffff-no-rj", "heart": false, "reply": false, "time_parsed": 1715483293.733701}
{"cid": "UgyQO0mQmzOncY6qZrd4AaABAg", "text": "Today only you see a crook Najib get half pardon. So how la what kinds of example to our future generations.", "time": "1 tahun lalu", "author": "@Queen-cd1qz", "channel": "UCG-QNlNpAjP_7WMtQ9oqptg", "votes": "0", "replies": "", "photo": "https://yt3.ggpht.com/ytc/AIdro_nnTCLmq_FS6rsliFlTH8NSNzhnuGGz_HHmGtoGYNQ=s88-c-k-c0x00ffffff-no-rj", "heart": false, "reply": false, "time_parsed": 1715483293.734923}
{"cid": "Ugxrx37O0X62ZnnQAlN4AaABAg", "text": "The description of figure 3 has been cropped out.", "time": "1 tahun lalu", "author": "@MrKattie123", "channel": "UCyUmrbtqT1q8f7-rMSil_tQ", "votes": "0", "replies": "", "photo": "https://yt3.ggpht.com/ytc/AIdro_mnzKddWrqxvO1QvDu5T8y84k_g4c2-Nf0dAjjSo8Y=s88-c-k-c0x00ffffff-no-rj", "heart": false, "reply": false, "time_parsed": 1715483293.73604}
{"cid": "UgxmFAuMmybPQBXMv4V4AaABAg.A-GlY4p21c_A-GmYWy9Bww", "text": "Typo for problem solving word, it was printed as ‘proble’", "time": "1 tahun lalu", "author": "@alexanderloi5194", "channel": "UCLzin-jLZFwaSHYzAVwf7Uw", "votes": "0", "replies": "", "photo": "https://yt3.ggpht.com/ytc/AIdro_kh1HAiyIbqStA1dAC9Go_PmxTP4RByHgDv5Am3nyKKS10=s88-c-k-c0x00ffffff-no-rj", "heart": false, "reply": true, "time_parsed": 1715483293.941916}
{"cid": "Ugxiu1iIWX5Xrz8q-kZ4AaABAg.A-GifCKAusrA-TuoN27YV9", "text": "It is not just about exam results. Sense of belonging and history as well. If you can’t speak the national language, you are already a failure. We can’t risk having citizens who can’t even communicate with the rest. In times of war, an ultimate disaster.", "time": "1 tahun lalu", "author": "@ggggg3459", "channel": "UCKoRv3OABgyVCCWD_9xeJQQ", "votes": "0", "replies": "", "photo": "https://yt3.ggpht.com/HRLLo5KCSAtIbsIQOPXAWBCTF8JFQ1h9ICEML5mgExZj80giW1V8SDGAOptfsjmdz2C_tMgHGA=s88-c-k-c0x00ffffff-no-rj", "heart": false, "reply": true, "time_parsed": 1715483294.18802}
{"cid": "Ugxiu1iIWX5Xrz8q-kZ4AaABAg.A-GifCKAusrA-UO1_BlqW7", "text": "I agree", "time": "1 tahun lalu", "author": "@DSVCEE", "channel": "UCZ85BBzH2a4eLrWc-dynYjA", "votes": "4", "replies": "", "photo": "https://yt3.ggpht.com/b7YDGtaRlGPrSWxehgwd7iWbw3ngA4Fx_JImn1_uWqLJFbHN9_0ISLKEZ1aSZQ50ibdHdYsbRTo=s88-c-k-c0x00ffffff-no-rj", "heart": false, "reply": true, "time_parsed": 1715483294.191175}
{"cid": "Ugxiu1iIWX5Xrz8q-kZ4AaABAg.A-GifCKAusrA-oHB-SK1dC", "text": "Do you know that \"they\" and \"us\" are marked and graded under different BELL CURVE? And before exams they have tutorial classes where the questions and answers are given?", "time": "1 tahun lalu", "author": "@genbond7459", "channel": "UCP0NIKggH-NorcPkZDNo2pw", "votes": "3", "replies": "", "photo": "https://yt3.ggpht.com/ytc/AIdro_mOlsgwea8EuVKtSWWBGPprYpaJ3ABGLE-6xcRkc0Pv0eB5KGX5SrKX2B1RGWTU5OGDNw=s88-c-k-c0x00ffffff-no-rj", "heart": false, "reply": true, "time_parsed": 1715483294.193478}
{"cid": "Ugxiu1iIWX5Xrz8q-kZ4AaABAg.A-GifCKAusrA0QpVfns2SD", "text": "You are fortunate to have encountered good teachers in Chinese Independent School.\n\nThe challenge is succession of such good teachers, without good succession the next he will be doomed", "time": "1 tahun lalu", "author": "@kevinlee3465", "channel": "UCGqQuluWGYW_bXw84g3e_EQ", "votes": "3", "replies": "", "photo": "https://yt3.ggpht.com/ytc/AIdro_kQdZ91AootG8xXZQ6Yv085yRz9kqX2_Qnh5z4H2Vw=s88-c-k-c0x00ffffff-no-rj", "heart": false, "reply": true, "time_parsed": 1715483294.195838}
{"cid": "Ugxiu1iIWX5Xrz8q-kZ4AaABAg.A-GifCKAusrA4RQrKyutXd", "text": "among the less competitive students , there is a serious problem as they can't hold a reasonable conversation in English or Bahasa. And I realized this group is not small!", "time": "11 bulan lalu", "author": "@PahatRout", "channel": "UCo9yoswoulbAVnF2So8tIzw", "votes": "1", "replies": "", "photo": "https://yt3.ggpht.com/ytc/AIdro_kQb66_r-tkBEn2iZDFhJ2GG4iHBNhSUfLuMmYXH4kfLpzB1eRO46tXEjwegiB59Ph2gg=s88-c-k-c0x00ffffff-no-rj", "heart": false, "reply": true, "time_parsed": 1718161694.198686}
{"cid": "Ugxiu1iIWX5Xrz8q-kZ4AaABAg.A-GifCKAusrA6Yehu-rDqB", "text": "That US why Vernacular schools are targeted nowadays,  they want to destroy it and forced Chinese students to take STPM with quota to university while they enter U through matrikulasi using SPM.  That is how they stumbled Chinese back in the 1980s and 1990s. The Chinese that did not make it to University are not bad actually", "time": "9 bulan lalu", "author": "@xzdrtxyzxvn", "channel": "UCYg7yQIk1IEeEfjksQ_tMag", "votes": "0", "replies": "", "photo": "https://yt3.ggpht.com/ytc/AIdro_nkMQvnwxyr8NrUtp20CYsJyI23GNpso7j2EJV5XBTMaQdwxMYn-6v7r8clpD54LdAYYA=s88-c-k-c0x00ffffff-no-rj", "heart": false, "reply": true, "time_parsed": 1723432094.200797}
{"cid": "Ugxiu1iIWX5Xrz8q-kZ4AaABAg.A-GifCKAusrA6Yey2Xb3E-", "text": "The Chinese Malaysian have to gather together to defend our Vernacular studies and cannot depend on the local education system", "time": "9 bulan lalu", "author": "@xzdrtxyzxvn", "channel": "UCYg7yQIk1IEeEfjksQ_tMag", "votes": "0", "replies": "", "photo": "https://yt3.ggpht.com/ytc/AIdro_nkMQvnwxyr8NrUtp20CYsJyI23GNpso7j2EJV5XBTMaQdwxMYn-6v7r8clpD54LdAYYA=s88-c-k-c0x00ffffff-no-rj", "heart": false, "reply": true, "time_parsed": 1723432094.202675}
{"cid": "Ugxiu1iIWX5Xrz8q-kZ4AaABAg.A-GifCKAusrA6Yf7ua88ta", "text": "​ @PahatRout Don't worry Western now not leading the world,  China is. .Those less Smart people have a free ride to success.", "time": "9 bulan lalu", "author": "@xzdrtxyzxvn", "channel": "UCYg7yQIk1IEeEfjksQ_tMag", "votes": "0", "replies": "", "photo": "https://yt3.ggpht.com/ytc/AIdro_nkMQvnwxyr8NrUtp20CYsJyI23GNpso7j2EJV5XBTMaQdwxMYn-6v7r8clpD54LdAYYA=s88-c-k-c0x00ffffff-no-rj", "heart": false, "reply": true, "time_parsed": 1723432094.204395}
{"cid": "Ugwi7z_V-lgenpOWpft4AaABAg", "text": "Perpetual dissatisfaction with Malaysia's education system is due to its consistent production of a peaceful younger generation capable of thriving in the complexity of the diverse nation, which goes beyond racial to encompass religious differences. Introducing disruptions, particularly those emphasizing materialism, could result in irreversible damage.", "time": "1 tahun lalu", "author": "@Ameebros", "channel": "UCxgI7xnEuwHjclmm5wfN9Ww", "votes": "0", "replies": "1", "photo": "https://yt3.ggpht.com/ytc/AIdro_luv_izNdYt3OLx9nJ5SbXIDeeNy5f80qkMv1olknY=s88-c-k-c0x00ffffff-no-rj", "heart": false, "reply": false, "time_parsed": 1715483294.631452}
{"cid": "UgzADN9KXc9QGVU0LEp4AaABAg", "text": "Obviously he can't produce this video during Mahathir time\n\nHe will begone...", "time": "1 tahun lalu", "author": "@muhammadyusoffjamaluddin", "channel": "UCzfkzaG5i4s3Y4xFUuee3-A", "votes": "0", "replies": "", "photo": "https://yt3.ggpht.com/ytc/AIdro_kFwnuSaJCEDxV48HQNE0WAL8nvjw9MA5enRlCrBG2a=s88-c-k-c0x00ffffff-no-rj", "heart": false, "reply": false, "time_parsed": 1715483294.633688}
{"cid": "UgxKQw-9VfsM7TBSQRV4AaABAg", "text": "PISA", "time": "1 tahun lalu", "author": "@azaimshacker", "channel": "UCUszgzUsKWw-pI4PZw77Z5A", "votes": "0", "replies": "", "photo": "https://yt3.ggpht.com/ytc/AIdro_kmTygbOUX-PcX7vIsvPKDwdTC1kvHFzH5fyJS3q5E=s88-c-k-c0x00ffffff-no-rj", "heart": false, "reply": false, "time_parsed": 1715483294.635593}
{"cid": "UgwWXYDX2msv3tY_Ked4AaABAg", "text": "PISA", "time": "1 tahun lalu", "author": "@judyfungjubili8577", "channel": "UCuQT7eBYyZPsVgGSHBv1Q6g", "votes": "0", "replies": "", "photo": "https://yt3.ggpht.com/ytc/AIdro_mt1mHNS4XMwL-5GXDnDo3PzhuXGZ6TDBB4wuhbZlM=s88-c-k-c0x00ffffff-no-rj", "heart": false, "reply": false, "time_parsed": 1715483294.637367}
{"cid": "UgyG2Wh7nDd_bYIbWtJ4AaABAg", "text": "I believe if our education system not only focus onthe syllabus but also train teacher how to teach and train student how to learn than it might help....", "time": "1 tahun lalu", "author": "@KingKong-z4v", "channel": "UCYxCWUEOZIxYzgtQ25ddl5w", "votes": "0", "replies": "", "photo": "https://yt3.ggpht.com/ytc/AIdro_miAAAPZKICt45qLVk9PCfhKibQpsxJuYKJ1jCv5OhzuED7_B4kfBYRTHdu6Lm8ocHlAQ=s88-c-k-c0x00ffffff-no-rj", "heart": false, "reply": false, "time_parsed": 1715483294.639033}
{"cid": "UgyvXJk7xIxhdP_xjKd4AaABAg", "text": "agreed. Moe must get rid of teachers who are not performing", "time": "1 tahun lalu", "author": "@judyfungjubili8577", "channel": "UCuQT7eBYyZPsVgGSHBv1Q6g", "votes": "2", "replies": "", "photo": "https://yt3.ggpht.com/ytc/AIdro_mt1mHNS4XMwL-5GXDnDo3PzhuXGZ6TDBB4wuhbZlM=s88-c-k-c0x00ffffff-no-rj", "heart": false, "reply": false, "time_parsed": 1715483294.640612}
{"cid": "UgzVbdAjEshCmPtdIAd4AaABAg", "text": "Apartheid plus religion brought into curriculum", "time": "1 tahun lalu", "author": "@teatree6228", "channel": "UC_lLCTYEuXqbU4jf6FP-IzQ", "votes": "0", "replies": "", "photo": "https://yt3.ggpht.com/ytc/AIdro_kq6YXb49jimZm2YludLYcB7k8cNgTm_4PC3ukkjBS36lsG88gBf4yVReewSB8_5Sc-1A=s88-c-k-c0x00ffffff-no-rj", "heart": false, "reply": false, "time_parsed": 1715483294.64217}
{"cid": "UgwJFb-cE33XH0u89X94AaABAg", "text": "Don't la bro! I need my SG dollar to continue to be stronger than ringgit", "time": "1 tahun lalu", "author": "@nitakaur3001", "channel": "UCsO3i8Iy8ghnht0JpBGt14Q", "votes": "0", "replies": "", "photo": "https://yt3.ggpht.com/ytc/AIdro_nEFdVMgOn5gn0MYbq6E3kvSLu5oSlp5I_uea5iDgs=s88-c-k-c0x00ffffff-no-rj", "heart": false, "reply": false, "time_parsed": 1715483294.643708}
{"cid": "Ugzx85A_2k9OBNvEUdl4AaABAg", "text": "It's not about level of teacher education rather our government staff always understaff. From medical to education. All the implementation of reporting from above only make thing worse. And the parents keep blaming teachers but don't want teachers to be strict. Back the old days, when teachers told something bad to parents, the student got scolding from parents. It's the opposite nowadays, the student is too soft. At least this episode makes people think.", "time": "1 tahun lalu (diedit)", "author": "@qwertyuiop-k6p", "channel": "UCciY8mpEJnYa77WdTmrfNIw", "votes": "0", "replies": "", "photo": "https://yt3.ggpht.com/MdCuHZy2BXRh0Tn-UvB-LXlBejr_SJETl1PY9-0iAySmpihyLFR76hWDJsW3A4PJvQJ86ak0-Q=s88-c-k-c0x00ffffff-no-rj", "heart": false, "reply": false, "time_parsed": 1715483294.645243}
{"cid": "Ugyn9x3MU-bl9FON-gZ4AaABAg", "text": "because the ppl in this country has lower intellectual", "time": "1 tahun lalu", "author": "@jamesdante1690", "channel": "UCRQe5UX4zhNgvHezxZpt4SQ", "votes": "0", "replies": "", "photo": "https://yt3.ggpht.com/ytc/AIdro_m803QGbUkfuDHVEPFdcWmcFL79e1aEofZx8RetfOxLTWE4__BwePMK0hFcJZ3dRKoIVg=s88-c-k-c0x00ffffff-no-rj", "heart": false, "reply": false, "time_parsed": 1715483294.646704}
{"cid": "UgzyCMfpFn23U66yU114AaABAg", "text": "Pisa", "time": "1 tahun lalu", "author": "@chenabis", "channel": "UCuOL9RizdLPim4y2B8b3fww", "votes": "0", "replies": "", "photo": "https://yt3.ggpht.com/ytc/AIdro_lcI_gQsFEoLXrswDzGOmk0NoTJs3-wR5-l_VQpgAwxNP4=s88-c-k-c0x00ffffff-no-rj", "heart": false, "reply": false, "time_parsed": 1715483294.648071}
{"cid": "Ugy2Ssci0me_og_uJp54AaABAg", "text": "Now you know why more than 100k Malaysian students are in Singapore for education and 900k Malaysian workers are working in Singapore...", "time": "1 tahun lalu", "author": "@shojunichi", "channel": "UCzzMRKdSfDl7_atw5uCG9ZQ", "votes": "8", "replies": "", "photo": "https://yt3.ggpht.com/ytc/AIdro_mrzgRV_5E_vhkiOIBvd-sFDiXx2Uu8gQ6PCtJlhTnjLJI=s88-c-k-c0x00ffffff-no-rj", "heart": false, "reply": false, "time_parsed": 1715483294.649426}
{"cid": "Ugxcm2Lm8i-mC0XyKht4AaABAg", "text": "Why do we need to adhere to PISA standard anyway? What's gonna happen if we score #1 in PISA? Do people from around the world would send their children study in Malaysia? Thus. the government have to open many international schools instead of focusing on Sk, SJKC and SJKT? Malaysia should just stick with KBSR and KBSM, our own standard. Why bother following others? It's not iike ALL of Malaysian children will work oversea anyway.", "time": "1 tahun lalu", "author": "@AhdeeOjisan", "channel": "UCAlOrJmFTbRfhciOAO6F31A", "votes": "0", "replies": "", "photo": "https://yt3.ggpht.com/ytc/AIdro_kHQRgaH_aMqShQZutj_KTXr2d8tqB_0Z5EWCXk1W__2fM=s88-c-k-c0x00ffffff-no-rj", "heart": false, "reply": false, "time_parsed": 1715483294.650832}
{"cid": "Ugytr-10H5fVivyCsi54AaABAg", "text": "1. To attract more capable teachers, the govt needs to allocate more budget to merit-based salary benchmarks.\n2. Its better to give individual schools more autonomy as they are the ones closer to the ground. Recruit much more capable principal/headmaster to steer the schools and teachers.\n3. I agree. Language is not the main problem. China n taiwan teach in chinese, and there are still many top students here.", "time": "1 tahun lalu", "author": "@edwinang3724", "channel": "UCya4fve5wnzkNj-GJqO86Eg", "votes": "3", "replies": "", "photo": "https://yt3.ggpht.com/ytc/AIdro_llpTCEvjRIszwfPG-u51jxINblWzeiGwZwJqUsnxNyow=s88-c-k-c0x00ffffff-no-rj", "heart": false, "reply": false, "time_parsed": 1715483294.652195}
{"cid": "UgxsI8tP_YAaLt6rNCd4AaABAg", "text": "Since malaysia education is a failure, why did u choose UPM?", "time": "1 tahun lalu (diedit)", "author": "@onetwostar", "channel": "UC8xWS5kyuq0FzQQXnRFB8Bw", "votes": "0", "replies": "", "photo": "https://yt3.ggpht.com/ytc/AIdro_luncrSkypFPRU9KCzSl_tvqIhWJsH3w1W0Dhg4lUo=s88-c-k-c0x00ffffff-no-rj", "heart": false, "reply": false, "time_parsed": 1715483294.653416}
{"cid": "UgzLBtrpqdFbKIrpDmF4AaABAg", "text": "PISA. Our education at the critical stage. This must get it resolve ASAP. Change the way of recruiting teachers, some retirees teachers or field workers who qualified could be call back to teach but give them some training before they could start job. Existing teachers must to sit in for same qualifying test. We must not bend rules & bring back the list of top preforming schools within the states.", "time": "1 tahun lalu", "author": "@felixc914", "channel": "UCRqoDoK2_sDeBfZS2LBuRtQ", "votes": "1", "replies": "", "photo": "https://yt3.ggpht.com/QpJJ0ZKRl8l0bOjZH4s72CB1rMKy0_iRgoP0MWTh4NvHbpwTMHkqb6glZ6BhjlWV6GqrQcNj=s88-c-k-c0x00ffffff-no-rj", "heart": false, "reply": false, "time_parsed": 1715483294.654636}
{"cid": "UgywAV120NTsSgt2wml4AaABAg", "text": "Malaysian education???? What education??? Do you mean religious studies? \nI sent my kids to private Chinese education instead. \nThe SK and SMK and Uni teachers were from the same system, Garbage in More garbage Out.", "time": "1 tahun lalu", "author": "@devious17", "channel": "UCKhaMIKTvDPaPS4c6iU25AQ", "votes": "2", "replies": "", "photo": "https://yt3.ggpht.com/-J0ZfguKWF2rFTiVtqGg6HF4RHs_yolUHoujKXjMYJM4yPFhUiJWcRrUdIvdaWS3rFiySbmceQ=s88-c-k-c0x00ffffff-no-rj", "heart": false, "reply": false, "time_parsed": 1715483294.655859}
{"cid": "UgzEC5cU_63CcAHOB0J4AaABAg", "text": "Our neighbour Singapore is ranked top 5 in the world....as For Malaysia , we are ranked 50 and above....what a contrast..Singapore  ..small in area size but still can  be at the top 5...whereas Malaysia having 13 states and 3 FT.... area and population wise so much bigger but LACKING SO MUCH IN MANY SECTORS.....who is to be blamed???....ITS ALL BKOZ OF CORRUPTED LEADERS....CORRUPTION....CORRUPTION....TAK LAIN TAK BUKAN...RASUAH...RASUAH....RASUAH...", "time": "1 tahun lalu", "author": "@eaglesnipper6532", "channel": "UCZ4z0ZWJwSSRrcOLy4Exp0w", "votes": "1", "replies": "1", "photo": "https://yt3.ggpht.com/ytc/AIdro_lXCpv9R4B07OCtxS5nKbqTd2dOphEMw5_JbLklUmIjhy4uMx4EL0dgbCbWmLeygOLbOQ=s88-c-k-c0x00ffffff-no-rj", "heart": false, "reply": false, "time_parsed": 1715483294.657076}
{"cid": "Ugzp29WGwhRdatKIjr14AaABAg", "text": "Isn't this what the malaysian gov wanted? equality by making everyone dumb?", "time": "1 tahun lalu", "author": "@crazy5MchapQ", "channel": "UCfuJ9hEdkATc-Mc1VCrnKUQ", "votes": "1", "replies": "", "photo": "https://yt3.ggpht.com/ytc/AIdro_lmZbJUQTREt7y7SP7MYQCUlqc618nt2Fhg-u0bi4I=s88-c-k-c0x00ffffff-no-rj", "heart": false, "reply": false, "time_parsed": 1715483294.658277}
{"cid": "UgxYMXQoBgFx1rgkSAd4AaABAg", "text": "Too much politicking cause the downfall of our education system. They switch certain subjects from English to malay then from malay to English and then from malay to English and from English to malay. Poor Malaysian children who become victims of the idiotic politicians.", "time": "1 tahun lalu", "author": "@carolineleng313", "channel": "UC3GU0k5uz9wbuK6YFY4mcbg", "votes": "1", "replies": "", "photo": "https://yt3.ggpht.com/ytc/AIdro_mFb9JEqPaPN9z2s5_1XYC7fo5J1gnXn1OWldeBia0=s88-c-k-c0x00ffffff-no-rj", "heart": false, "reply": false, "time_parsed": 1715483294.659413}
{"cid": "Ugwi7z_V-lgenpOWpft4AaABAg.A-Ges1Axv1mA-GkiE_V5JD", "text": "Dumbing down the future workforce is never good no matter what", "time": "1 tahun lalu", "author": "@sustainablerenewableintegr8311", "channel": "UCtBssn8loRxQ3E6evFm0RvQ", "votes": "0", "replies": "", "photo": "https://yt3.ggpht.com/ytc/AIdro_monx3D3K8LcfgzBqzjUc_5vJC_PXSA4OEljYYOtu-HbQ=s88-c-k-c0x00ffffff-no-rj", "heart": false, "reply": true, "time_parsed": 1715483294.879656}
{"cid": "UgzEC5cU_63CcAHOB0J4AaABAg.A-GX1stsm-rA-MWonp6xEa", "text": "very ashamed that a small country with no resources overtaking a large country with many resources and capabilities", "time": "1 tahun lalu", "author": "@ryoutacooks", "channel": "UChI9ulRZpiFTkuCHl5-2W3w", "votes": "2", "replies": "", "photo": "https://yt3.ggpht.com/lCbKftAqcM9nVYVaHdFR16_BsfcrBoV1WWok21_cEkng2GiCGKSZ2NEhbiuPTbI1aNCTeW_LyQ=s88-c-k-c0x00ffffff-no-rj", "heart": false, "reply": true, "time_parsed": 1715483295.066016}
{"cid": "Ugzztb8A2Ko3FPcLB9h4AaABAg", "text": "I've to agree the point on having qualify teachers.\n\nEmbarrassingly, I failed my Physic for the entire year of Form 4, as low as 16 points.  But in my Q2 Form 5, my parents sent me to a nearby tuition center. That part time tutor was good, he just a post graduate Utar student working for part time. Thanks to him, he manage to compress all Form 4 & 5 learnings in just few months. Easy to straightforward learning with him.\n\nManage to get an A for SPM. 😂\n\nThe right teacher, the right result.", "time": "1 tahun lalu (diedit)", "author": "@iamwill3349", "channel": "UCI6kYSWv5dLjsx15wTD1X2w", "votes": "42", "replies": "1", "photo": "https://yt3.ggpht.com/OAkP6IDOUIP_HWK0pC86dnIEpi88ZAAijWcPoplY8TH0UlXY__jga0SrjZbRzVKWmAB2lbDn=s88-c-k-c0x00ffffff-no-rj", "heart": false, "reply": false, "time_parsed": 1715483295.349247}
{"cid": "Ugy9TyKEb1JHRkklWgB4AaABAg", "text": "no point just blaming teacher, student attitude also important.", "time": "1 tahun lalu", "author": "@jamestehcy528", "channel": "UCTvIXqSlrWFw29CaGBDZpYg", "votes": "0", "replies": "1", "photo": "https://yt3.ggpht.com/ytc/AIdro_mQbDS8L77ueIZzNokvDOmiihKOyK39srm1jKmEetsunyc=s88-c-k-c0x00ffffff-no-rj", "heart": false, "reply": false, "time_parsed": 1715483295.351113}
{"cid": "Ugxukmdz4rTeJATBLK94AaABAg", "text": "You need to take a chill pill bro. If not you may turn into a baboon. \nHave you heard of the Otak Udang gene? This gene is most common among certain majority ethnic communities in MaluSia. Fix that and all will be well.", "time": "1 tahun lalu", "author": "@elangovan1592", "channel": "UCgrpmO9NBLWj9h0E3KkcTdw", "votes": "0", "replies": "", "photo": "https://yt3.ggpht.com/ytc/AIdro_k2Lnwlcx2NcRz4gSbMvjRFwsSpDG0jeKzlTcEuvEQ=s88-c-k-c0x00ffffff-no-rj", "heart": false, "reply": false, "time_parsed": 1715483295.352896}
{"cid": "UgwUz1UeA0lHdcsJzjd4AaABAg", "text": "🥱 same old story for the past 10years", "time": "1 tahun lalu", "author": "@mathuranthahansathurukan9539", "channel": "UC98u2WhWaAfPQfKUR_lc1MA", "votes": "0", "replies": "", "photo": "https://yt3.ggpht.com/ytc/AIdro_k5shwcogxQTqKi7cF-MJRTyv1ok2ybXDGeEy8LQns=s88-c-k-c0x00ffffff-no-rj", "heart": false, "reply": false, "time_parsed": 1715483295.354439}
{"cid": "UgwX77wEXf9mnj-ulxJ4AaABAg", "text": "😂", "time": "1 tahun lalu", "author": "@ning385", "channel": "UCY24q36a7Yh1HPOJGVGARyA", "votes": "0", "replies": "", "photo": "https://yt3.ggpht.com/ytc/AIdro_l2YMicSAEB0h_A6tabEJMUgHouqGzdPYALi-ohmCygLAU=s88-c-k-c0x00ffffff-no-rj", "heart": false, "reply": false, "time_parsed": 1715483295.355975}
{"cid": "UgyCGM94uMt918ob_W14AaABAg", "text": "PISA", "time": "1 tahun lalu", "author": "@keong82", "channel": "UCTKFVfAVm5MuqZQMHo7uGTw", "votes": "0", "replies": "", "photo": "https://yt3.ggpht.com/ytc/AIdro_nzXwg8tHg0jDxOL0E0r-L0ebURqcDE2lnomOgIcCybwCg=s88-c-k-c0x00ffffff-no-rj", "heart": false, "reply": false, "time_parsed": 1715483295.357514}
{"cid": "UgwvN4EsXHJQzC_zGq94AaABAg", "text": "I can only name a handful teachers from my time (this is about 20 years back lol) who ACTUALLY put the effort in teaching the subjects. Its also being made a norm to send children for tuition, by right school education should have been enough and students only go for tuition and extra coaching for subjects they REALLY struggle. And, even with tuition, we are getting these results.\n\nLets not go into the region of parents that cannot afford these tuition fees yet.", "time": "1 tahun lalu", "author": "@BalramNair", "channel": "UC4pEkXDTW33E44-jhbUA-Fg", "votes": "2", "replies": "1", "photo": "https://yt3.ggpht.com/EUUykmKLgjowo7EqHWvs3aocFooA4G2nX2SpH_orWANiIWKWNGoM7svsOqmiQVB9Py0VENkBjWY=s88-c-k-c0x00ffffff-no-rj", "heart": false, "reply": false, "time_parsed": 1715483295.359045}
{"cid": "UgwREPCC4fRi3vxmNsh4AaABAg", "text": "PISA", "time": "1 tahun lalu", "author": "@nayanamalar", "channel": "UCEHX3I2BBRwpyJ87-PVOUrw", "votes": "0", "replies": "", "photo": "https://yt3.ggpht.com/ytc/AIdro_lscSVGd3ggpwcCAWrev81-atAX9Qne1woAhYTgw4MI7uM=s88-c-k-c0x00ffffff-no-rj", "heart": false, "reply": false, "time_parsed": 1715483295.360418}
{"cid": "Ugx5H3-5NRG6zJtv_A14AaABAg", "text": "it's dumb.. every time change policy.\n\nthe worst failure is kolej vocational before this technical school.. It was perfect then destroyed by policy makers. if want to convert to kolej, do it kolej or university style. .but nooo, still like high school.\n\nour subject also need to be updated.", "time": "1 tahun lalu", "author": "@pian4906", "channel": "UC_7bgBGYUeviJDE2f8aChqw", "votes": "0", "replies": "", "photo": "https://yt3.ggpht.com/2dtqLGHucTUzZzhn2sOP83IMpNql5QgjQFOQq8prmop70K0wp5CO1mjd5CQqxeuqmqagd8Lvdg=s88-c-k-c0x00ffffff-no-rj", "heart": false, "reply": false, "time_parsed": 1715483295.361785}
{"cid": "UgxKeFP98W8leA7KhE94AaABAg", "text": "All this research always get the students from where? Wonder what is the research resources from? UM? 😂😂😂🤔🤔🤔😜 Always find all this research have a purpose to destroy some countries and up rise a country by western media and politics like USA and EU. Look things at bigger brain 🧠🧠🧠 and always questions their purposes and what do get doing such research? Politics? I don't believe western research anymore because all their research always carries a lots of dirty begs with them.😂😂😂😊. COVID research is latest. 😊😊 All BS.", "time": "1 tahun lalu (diedit)", "author": "@beautifuldream108", "channel": "UCjKUh5OlCS0fhgqBiMfHplQ", "votes": "0", "replies": "", "photo": "https://yt3.ggpht.com/ytc/AIdro_k-rVXymv9ZjM5-ivo7m0byOkvCNLGIEftvle3Wrpg=s88-c-k-c0x00ffffff-no-rj", "heart": false, "reply": false, "time_parsed": 1715483295.363147}
{"cid": "Ugz7uTGJ2BNoQ-4kXiJ4AaABAg", "text": "Get our cabinet and parliamentarians to take the PIZA test. Then we can gauge our education levels.", "time": "1 tahun lalu", "author": "@ravindranponniah1522", "channel": "UCthl7mIAN4axEkIvuto2zBg", "votes": "2", "replies": "", "photo": "https://yt3.ggpht.com/ytc/AIdro_ngsPwcn2CStb8Bx1hNwBu5bDIOmM4Gq2FPM6hSD2c=s88-c-k-c0x00ffffff-no-rj", "heart": false, "reply": false, "time_parsed": 1715483295.364509}
{"cid": "UgyZr9v4tqwJpDZyqdZ4AaABAg", "text": "Lowering of passing marks is the root cause.", "time": "1 tahun lalu", "author": "@cac1504", "channel": "UCEee3zaTH1Z4x9gKIdO3CYw", "votes": "1", "replies": "", "photo": "https://yt3.ggpht.com/ytc/AIdro_nuph_V4XwM_YqMy1H_QnDq21t5NOhYJGWr2ug5z4U=s88-c-k-c0x00ffffff-no-rj", "heart": false, "reply": false, "time_parsed": 1715483295.365784}
{"cid": "Ugz0n2-aRXqeAAcWaSh4AaABAg", "text": "Shout as much as we want, Malaysian teacher is employed by race, not by merit or capability. All government employees are employed based on race and not merits or capabilities. So dream lah ah..... Mahathir is destroyer of education in Malaysia, he is the master of race based in everything....😂😂😂😂😂 My opinion only.", "time": "1 tahun lalu (diedit)", "author": "@beautifuldream108", "channel": "UCjKUh5OlCS0fhgqBiMfHplQ", "votes": "0", "replies": "", "photo": "https://yt3.ggpht.com/ytc/AIdro_k-rVXymv9ZjM5-ivo7m0byOkvCNLGIEftvle3Wrpg=s88-c-k-c0x00ffffff-no-rj", "heart": false, "reply": false, "time_parsed": 1715483295.367009}
{"cid": "Ugyw_tJKScUuIRlG0Yl4AaABAg", "text": "What we lack in STEM engineers, we made up with GRAB drivers. STEM engineers don't provide food to my doorstep but GRAB drivers do. I still prefer status quo.", "time": "1 tahun lalu", "author": "@jameshue55", "channel": "UCVnxOVGB-ihlt5ES0ilnbXA", "votes": "0", "replies": "", "photo": "https://yt3.ggpht.com/ytc/AIdro_kExZ0kmnPT2xVvWnh1aUQLYxwydpFqZcIlvwEOkoA=s88-c-k-c0x00ffffff-no-rj", "heart": false, "reply": false, "time_parsed": 1715483295.368235}
{"cid": "UgwAEqi4TPkIxhUFdOZ4AaABAg", "text": "Also Malaysian Education system which is so long until 17 years old ... Which can easily brought down to 15 and start pre-u in 16 and 17...", "time": "1 tahun lalu", "author": "@jagethesviswanathan7921", "channel": "UCbFt43TPP3tCyaauHczup4g", "votes": "1", "replies": "", "photo": "https://yt3.ggpht.com/Qq0_FZYf7w-J6g9OO7_U-DXK92UwHCHpo_VjXqWZn9K8wolFwN9UuKNEonCuNFmXoKcFslmWuw=s88-c-k-c0x00ffffff-no-rj", "heart": false, "reply": false, "time_parsed": 1715483295.369455}
{"cid": "UgybkvG15zWg7AVriWx4AaABAg", "text": "Education is not limited to school. It's the overall environment that will influence the students. The teachers that we have now are a result of years of toxic & narrow minded leadership. When they grow up in that kind of poor environment, they will naturally become like one. Bad apples will only produce more bad apples & the situation will only get worse. For politicians, its difficult to choose between the right thing & their own survival. Many would op for the latter & we are left with no choice but to send our kids to tuition or private schools. I always hate to say this but just look at Singapore & ask why they can, why we cannot?", "time": "1 tahun lalu", "author": "@mandymoon4290", "channel": "UCNhGN-BjLpIIWwguisp_E3w", "votes": "0", "replies": "", "photo": "https://yt3.ggpht.com/ytc/AIdro_mpcuzSoEWDR3an5SnwATSauC2fjVONwI3tOP1UeJI=s88-c-k-c0x00ffffff-no-rj", "heart": false, "reply": false, "time_parsed": 1715483295.370677}
{"cid": "UgxlU8Fo00CQswTsKyt4AaABAg", "text": "Another point to add to why teachers quality is affected.... Teachers also have to do admin works and all the other works in school which is supposed to be given to another person.", "time": "1 tahun lalu", "author": "@jagethesviswanathan7921", "channel": "UCbFt43TPP3tCyaauHczup4g", "votes": "3", "replies": "", "photo": "https://yt3.ggpht.com/Qq0_FZYf7w-J6g9OO7_U-DXK92UwHCHpo_VjXqWZn9K8wolFwN9UuKNEonCuNFmXoKcFslmWuw=s88-c-k-c0x00ffffff-no-rj", "heart": false, "reply": false, "time_parsed": 1715483295.371894}
{"cid": "UgxyetlxEYK62FpAv9B4AaABAg", "text": "I’m a student, doing form 6\nI have a problem in my school \nWhere my Economics teacher would enter the class at least 15 minutes late daily \nAnd there were some cases where she would skip the lesson because she couldn’t understand the topic \nAnd her classes will always be boring \n whenever we don’t perform well for exams \nShe would tell us to drop out from form 6 and do something else", "time": "1 tahun lalu", "author": "@lavineshsegaran5574", "channel": "UCj9JpA8vnqd8lGklp8-ahCw", "votes": "52", "replies": "7", "photo": "https://yt3.ggpht.com/ytc/AIdro_leFFe8KMeL6dviJz4lflNtiouNm3lwAszN8UUFbfSwdMLOPurEgsecMSCzM5JDe-AUAA=s88-c-k-c0x00ffffff-no-rj", "heart": false, "reply": false, "time_parsed": 1715483295.373083}
{"cid": "Ugxq-uwbVllYMqegg2l4AaABAg", "text": "Teacher  argued  with  student   who  spelled Forty  correctly..  Teacher  inserted   \"u\" :  Fourty!!\nThere  is  no need   for  a  Minister of  Education.  to  mess   up what  good   well   trained   teaches   can   accomplilsh..  A  teacher's    job is   more   difficult  than   a  Minister  appointed  to   take  charge   of  Education???", "time": "1 tahun lalu", "author": "@tarasubramaniam6191", "channel": "UCtZKQmBIBMtsq802ke6MdAQ", "votes": "2", "replies": "", "photo": "https://yt3.ggpht.com/ytc/AIdro_l1si5aQWwwPHZqq1oGGvnWGJY5gGM37ywizPVkDEo=s88-c-k-c0x00ffffff-no-rj", "heart": false, "reply": false, "time_parsed": 1715483295.374194}
{"cid": "UgzuEmfs16KuxU4EXUV4AaABAg", "text": "An example of the failure:  Why Malaysia Education System Is A Failure? ❌ Why Is Malaysia's Education System A Failure? ✔", "time": "1 tahun lalu", "author": "@graceazlee", "channel": "UCnKD5KgCR3gD1_pjojIJXcQ", "votes": "5", "replies": "", "photo": "https://yt3.ggpht.com/ytc/AIdro_luTW6Y7wZ_6DYa-E87ujidfJC3P4eFTMHNUnyvHsH_VZ5e=s88-c-k-c0x00ffffff-no-rj", "heart": false, "reply": false, "time_parsed": 1715483295.375308}
{"cid": "Ugzztb8A2Ko3FPcLB9h4AaABAg.A-GWDqrVuGrA0nLp310xYy", "text": "I always failed math and the school put me in the science stream which was even more stressful with add math.  Been made the laughing stock for the whole of form 4 because the add math and mod math teachers were spreading throughout the upper secondary that they wondered why I was put in the science stream when I can't even pass math during PT3. When I finally got the financial aid(my English teacher and principal personally tried to get me financial help since all of my scholarship applications were denied for years), I started to go for Mod math tuition near my house. Sadly, they didn't offer any other subjects besides English, Bahasa and Math since someone new took over and the previous teachers quit. Surprisingly I passed every subject I used to fail except accounts because the teacher sabotaged my kerja kursus and I didn't get all the necessary paperwork", "time": "1 tahun lalu", "author": "@mila5796", "channel": "UCJWd-Z31KsZpKDEQmjoCZSg", "votes": "3", "replies": "", "photo": "https://yt3.ggpht.com/E07Sxmpat_UXOP86jVoNLv-uROjfHsJrOcm6-_zwoMaYXnjegAxuF2Sju0fQq8VqvKl76Rh9wJY=s88-c-k-c0x00ffffff-no-rj", "heart": false, "reply": true, "time_parsed": 1715483295.646852}
{"cid": "Ugy9TyKEb1JHRkklWgB4AaABAg.A-GWCyagZqGA-MX45BMiR_", "text": "both 50/50, the students dont wanna learn and the teacher being forced to teach. most teachers in malaysia are not passionate about their job hence they dont give their best", "time": "1 tahun lalu", "author": "@ryoutacooks", "channel": "UChI9ulRZpiFTkuCHl5-2W3w", "votes": "0", "replies": "", "photo": "https://yt3.ggpht.com/lCbKftAqcM9nVYVaHdFR16_BsfcrBoV1WWok21_cEkng2GiCGKSZ2NEhbiuPTbI1aNCTeW_LyQ=s88-c-k-c0x00ffffff-no-rj", "heart": false, "reply": true, "time_parsed": 1715483295.912297}
{"cid": "UgwvN4EsXHJQzC_zGq94AaABAg.A-GTVcZPpmQA0nQR-Etvjd", "text": "Not to mention there's also some teachers who'll make the students struggling financially(and failed to get any scholarship or other financial assistance given to students) a laughing stock in class. Make harsh comments and tell them to drop out of school because they're a waste of precious space and resources meant for those who can contribute upon graduation. My former friend had her Bahasa teacher tell her group that she hoped they failed SPM because the member with the presentation was absent on the day they were supposed to present. Apparently she said other mean things since my friend was crying in the restroom for nearly the entire recess.", "time": "1 tahun lalu", "author": "@mila5796", "channel": "UCJWd-Z31KsZpKDEQmjoCZSg", "votes": "0", "replies": "", "photo": "https://yt3.ggpht.com/E07Sxmpat_UXOP86jVoNLv-uROjfHsJrOcm6-_zwoMaYXnjegAxuF2Sju0fQq8VqvKl76Rh9wJY=s88-c-k-c0x00ffffff-no-rj", "heart": false, "reply": true, "time_parsed": 1715483296.116005}
{"cid": "UgxyetlxEYK62FpAv9B4AaABAg.A-GKjmj-wL1A-RscpdoH6E", "text": "Reminded me of my form 4 history teacher, when she teach us, less than 10 students pass then she complaint why 30+ students failed when the less than 10 students can pass lmao the next year the other teacher teach us, but this time around it's less than 10 students failed while the new teacher also helped us picked up all form 4 chapters and around 20 students out of 44 students get A. I guess the result do slap that teacher loud and clear and eventually she can never teach student in form 4 and above especially people like us in IT class hahaha so fun when thinking back this shetty teacher but yea, you're very unlucky", "time": "1 tahun lalu", "author": "@TJunChuan", "channel": "UCEHz8iRkNBwJRxuZtNRXRLQ", "votes": "7", "replies": "", "photo": "https://yt3.ggpht.com/ytc/AIdro_mYFg6M41aO0LesyH-pRXphongCCLc1wdr_VbFWqKd2fh4=s88-c-k-c0x00ffffff-no-rj", "heart": false, "reply": true, "time_parsed": 1715483296.3639}
{"cid": "UgxyetlxEYK62FpAv9B4AaABAg.A-GKjmj-wL1A-TBE73yh9D", "text": "wow, it's the worst, at least in my school, if the teacher was so busy or \"couldn't understand the topic\", they would just let the class be free and the students wouldn't care if they failed cause they got their own way to study and the teacher would also not scold them (that's actually a problem btw)", "time": "1 tahun lalu", "author": "@arihs1729", "channel": "UCb94Dm0fn2sawE60xRlMxUg", "votes": "0", "replies": "", "photo": "https://yt3.ggpht.com/ytc/AIdro_l9PPfHbxsAQf1J5UoQ1pe88SPHvACt8d5G0Yot9UohsYU=s88-c-k-c0x00ffffff-no-rj", "heart": false, "reply": true, "time_parsed": 1715483296.367098}
{"cid": "UgxyetlxEYK62FpAv9B4AaABAg.A-GKjmj-wL1A-k5ozZHEEl", "text": "​ @arihs1729  i think your teacher way is also not a very good way. Sad, why our school teacher specifically for me is SMK 1 why so bad 1", "time": "1 tahun lalu (diedit)", "author": "@TJunChuan", "channel": "UCEHz8iRkNBwJRxuZtNRXRLQ", "votes": "1", "replies": "", "photo": "https://yt3.ggpht.com/ytc/AIdro_mYFg6M41aO0LesyH-pRXphongCCLc1wdr_VbFWqKd2fh4=s88-c-k-c0x00ffffff-no-rj", "heart": false, "reply": true, "time_parsed": 1715483296.369714}
{"cid": "UgxyetlxEYK62FpAv9B4AaABAg.A-GKjmj-wL1A-udAahcmC0", "text": "Yes this is common problem. Teachers are being pressured/forced to do topics that they are not good in due to the lack of quality teachers. When I went for my daughter's  Parent teacher day, (SMJK school) I asked the teacher if she can speak to me in English cos I'm not fluent in Mandarin, she said, \"OK, I'll try.\" That's not the problem. The problem is.... later when I asked her what subjects is she teaching, she said, \"Moral and English.\" It was obvious she was below average in her English language proficiency, and I just feel sorry that she was forced to teach this subject.", "time": "1 tahun lalu", "author": "@avrilyap6507", "channel": "UClkGVAqOgxJTkmrcPdHsC9w", "votes": "2", "replies": "", "photo": "https://yt3.ggpht.com/ytc/AIdro_n1Kk3BwpYTMvS1rD_xeGkT1kiaMyibrEtSh3iyI-9bty9q=s88-c-k-c0x00ffffff-no-rj", "heart": false, "reply": true, "time_parsed": 1715483296.372125}
{"cid": "UgxyetlxEYK62FpAv9B4AaABAg.A-GKjmj-wL1A0C2k6L46lW", "text": "Ik me too, untill this last semester 3 i dont even understand closely in economic subject bcuz of the teach he given were so boring.  I had to try my best to get mid result every exam.", "time": "1 tahun lalu", "author": "@giniyoung18", "channel": "UCGVV6HYIpy_bWG7gF7QORjA", "votes": "0", "replies": "", "photo": "https://yt3.ggpht.com/32sXOLSYy9eU_4lD_uYLIfaMrrXHV64LicUlu5SBvPRbDAE9JhE1Nyrrz3_zuNvihr6C3AAsXLU=s88-c-k-c0x00ffffff-no-rj", "heart": false, "reply": true, "time_parsed": 1715483296.374311}
{"cid": "UgxyetlxEYK62FpAv9B4AaABAg.A-GKjmj-wL1A2mDFIHQgV2", "text": "She is busy discussing what cake to make for the coming Hari Raya,", "time": "1 tahun lalu", "author": "@6047874", "channel": "UCpSuXyQ_fWo-hFNSort2rxw", "votes": "0", "replies": "", "photo": "https://yt3.ggpht.com/ytc/AIdro_lB0RiadwfYcem_fXp8RBM8zakSiO32OUNmkW12AKE=s88-c-k-c0x00ffffff-no-rj", "heart": false, "reply": true, "time_parsed": 1715483296.376136}
{"cid": "UgxyetlxEYK62FpAv9B4AaABAg.A-GKjmj-wL1AF93bEHvYhY", "text": "imagine you're doing STEM STPM abd and the teacher sucks at teaching which kinda similar situation as yours but worser.\nwhen we are down to Sem 3 that teacher didn't teach anything that is useful and all of us failed miserably on our school assessment😢", "time": "2 bulan lalu", "author": "@nurfurqansyahira5829", "channel": "UCet6hWJxekwKvIk97ZAtsdA", "votes": "0", "replies": "", "photo": "https://yt3.ggpht.com/GMxKApUMOV04GGpj1Nrz8TIwj7VXpYSvO0nkFKDbrUNiLREcrC7e6MJPPqTuhm75bUKfMQgq9o0=s88-c-k-c0x00ffffff-no-rj", "heart": false, "reply": true, "time_parsed": 1741748896.378249}
{"cid": "Ugxe1vwWHxqW91JVNAp4AaABAg", "text": "Pisa please", "time": "1 tahun lalu", "author": "@Waterbaby69", "channel": "UCTmtvCJh0sZDGJudKKiodTQ", "votes": "0", "replies": "", "photo": "https://yt3.ggpht.com/t2qJ2c-PwLZZlydjLCcDKHda5n6g2QGBAYKzlFSHCj1J4FG1WsA5NhaoiYJEe6mPSMhN-SHC=s88-c-k-c0x00ffffff-no-rj", "heart": false, "reply": false, "time_parsed": 1715483296.677772}
{"cid": "UgwM6fbsbfgejmii5rh4AaABAg", "text": "Néed to be on par with world education system", "time": "1 tahun lalu", "author": "@ranniranni7974", "channel": "UCa1eWy2TPNDWxmNh2dbjofQ", "votes": "1", "replies": "", "photo": "https://yt3.ggpht.com/ytc/AIdro_mM2uLYIgS3H4iKmfgrcfcR6U3hSAZFel-M-mGIqA=s88-c-k-c0x00ffffff-no-rj", "heart": false, "reply": false, "time_parsed": 1715483296.679583}
{"cid": "UgwNZDPAmHQ7j1rDEux4AaABAg", "text": "PISA", "time": "1 tahun lalu", "author": "@chengyeepua", "channel": "UCxRy8RN55Is29kD1cyJiKFw", "votes": "0", "replies": "", "photo": "https://yt3.ggpht.com/ytc/AIdro_kVE_7xTah3fY3XFXJknyaNkDebPjvnfk8MnH7xiA=s88-c-k-c0x00ffffff-no-rj", "heart": false, "reply": false, "time_parsed": 1715483296.681275}
{"cid": "UgzgdZ2L04iMZ-Y-2wB4AaABAg", "text": "Bro! Proble with an additional alphabet M\nProblem", "time": "1 tahun lalu", "author": "@cyrl1975", "channel": "UCoMIWg3ysXhrzJQq5vayVng", "votes": "0", "replies": "", "photo": "https://yt3.ggpht.com/ytc/AIdro_llFy5VHoIPJKPbm7-lcxNetJSq4M5C0Lc_hpJEvmg=s88-c-k-c0x00ffffff-no-rj", "heart": false, "reply": false, "time_parsed": 1715483296.682868}
{"cid": "Ugz2Z274XDyRfrBQaq14AaABAg", "text": "Hai, the stats of teacher trainee applicants (at around 8:33) were from 2010-2012 tho. In fact, the July intake for 2012 (the one on the right) already shows a significant increase in top academic performers being offered a place in the teacher training institute. Not to say that being a top academic performer is all that makes a good teacher, but just wanted to point out that you should be more cautious when interpreting and presenting data in an unbiased and reliable manner :)", "time": "1 tahun lalu", "author": "@samuellee4698", "channel": "UCA_gii-6ymDlV1lrOwQzAEA", "votes": "3", "replies": "1", "photo": "https://yt3.ggpht.com/ytc/AIdro_k31MNazfRdxYwYAXV7ajGHM2kMWiEsAgqRFY683xmcw1A=s88-c-k-c0x00ffffff-no-rj", "heart": false, "reply": false, "time_parsed": 1715483296.684409}
{"cid": "UgxCsrsht8Rzi1lY6nJ4AaABAg", "text": "another sad state, we focus on baju2. and teachers cant finish syallabus. DSAI should remove Menteri pendidikan immediately. or she should resign herself", "time": "1 tahun lalu", "author": "@piravakransomasundram8686", "channel": "UCodfwj12TZkMBx59zUuAfMg", "votes": "1", "replies": "", "photo": "https://yt3.ggpht.com/ytc/AIdro_nEn-5v1uc92t8-PfxdwiBWcTHjUMnocOxm5Pq4Coc=s88-c-k-c0x00ffffff-no-rj", "heart": false, "reply": false, "time_parsed": 1715483296.685943}
{"cid": "Ugy2HjZxmjFuICmvRpV4AaABAg", "text": "I'm from the national school and later got into national boarding school. Scored full As from UPSR, PMR & SPM. Received full scholarship to study engineering in Canada. Currently working for national oil and gas company. You can achieve anything if you really work hard for it regardless of which school that you go.", "time": "1 tahun lalu", "author": "@ahmadzahirshaifuddin2192", "channel": "UCM7r7GuBCYPrG9TbSFQUX9g", "votes": "8", "replies": "11", "photo": "https://yt3.ggpht.com/ytc/AIdro_n0EQbTRJ4Q4ZobP9P6BR8sIQVz6-nL4P4oimO6ZwfefA=s88-c-k-c0x00ffffff-no-rj", "heart": false, "reply": false, "time_parsed": 1715483296.687378}
{"cid": "UgwbVzNHPlOxFtmhJc14AaABAg", "text": "Education should be an avenue to forge unity and tolerance thru diversity,understanding and respect...one way to do this is to have 1 unified system of early chilhdhood schooling", "time": "1 tahun lalu", "author": "@zambroata", "channel": "UC2KuQFjPNcBoltdfmTNcnRA", "votes": "0", "replies": "", "photo": "https://yt3.ggpht.com/ytc/AIdro_k1afLXq00G7gAMWGOo-wuJIHPI9HOSotM7S5psKg=s88-c-k-c0x00ffffff-no-rj", "heart": false, "reply": false, "time_parsed": 1715483296.68875}
{"cid": "UgxI_tdYPzafSd48rf54AaABAg", "text": "politician is hanjing most of them.they want the rakyat to be stupid forever so they can bullshit them all till 7generation.", "time": "1 tahun lalu", "author": "@haniffirwan8", "channel": "UCtMmOrftVdnttK64iBL_0Hw", "votes": "0", "replies": "", "photo": "https://yt3.ggpht.com/ytc/AIdro_ku-qDXOtXEPEbXufZoAsYJp-7NWew1GJ2HMXaJoLPTu3A=s88-c-k-c0x00ffffff-no-rj", "heart": false, "reply": false, "time_parsed": 1715483296.690118}
{"cid": "Ugy4_HqSrxFvnoQb4ZJ4AaABAg", "text": "PISA", "time": "1 tahun lalu", "author": "@atan5207", "channel": "UC4a0dgXZ5nb6WzXQpkB1huA", "votes": "0", "replies": "", "photo": "https://yt3.ggpht.com/ytc/AIdro_mhuKqjdeE-6Fu5Tn7Ye_bTnqHnA2NPqNEweNEEo6UfyPA=s88-c-k-c0x00ffffff-no-rj", "heart": false, "reply": false, "time_parsed": 1715483296.691507}
{"cid": "Ugzx6bj25VphrR2EszR4AaABAg", "text": "They know very well the edu system is in trouble but yet the want to close the Chinese schools so that we can be as stupid as them. They can’t even count 😮", "time": "1 tahun lalu", "author": "@simonxant", "channel": "UCxcoWkI7duzMsOWi8sqPjmQ", "votes": "0", "replies": "", "photo": "https://yt3.ggpht.com/ytc/AIdro_kmVXLV-gbA0VS82vUr1qfDpXPcybS5Vbcq5R8g12w=s88-c-k-c0x00ffffff-no-rj", "heart": false, "reply": false, "time_parsed": 1715483296.692794}
{"cid": "UgxjkKS94kW5YSxyYhx4AaABAg", "text": "because a system designed to give birth to a theory exam paper robot\n\ninstead of human", "time": "1 tahun lalu", "author": "@kumomeme7852", "channel": "UC2GKdkMIxJMJVhMWXnfCCHg", "votes": "1", "replies": "", "photo": "https://yt3.ggpht.com/ytc/AIdro_mcuav6jsOBRfr8SIYnx3A92SOe3Tr1jYQUUNmJI4KEgpWV=s88-c-k-c0x00ffffff-no-rj", "heart": false, "reply": false, "time_parsed": 1715483296.694009}
{"cid": "UgwRWEH2LNuq6pBhffx4AaABAg", "text": "The old English education system was working fine. No thanks to Mamakthir who changed it to BM/English and lowered the standard when he became the Education Minister in 1974. Going for higher education became a problem having to relearn terms in English. And yet in spite of seeing that it is not working and the level going down the drain, no one bothered to arrest the problem. Sincerely hope the current government have the courage to do something to improve the standard. Stop bickering about Malay English. We need to be able to compete internationally.", "time": "1 tahun lalu", "author": "@montserrat722010", "channel": "UCvj3diEmYOCip_opl2Y3HAA", "votes": "2", "replies": "", "photo": "https://yt3.ggpht.com/ytc/AIdro_kjVOzIU5JThWw6bqY_TpiZRxQC-jllTCzkr8MzgjY=s88-c-k-c0x00ffffff-no-rj", "heart": false, "reply": false, "time_parsed": 1715483296.695228}
{"cid": "UgwPd4sFJlDvwLsxeTJ4AaABAg", "text": "i would say malaysian education was a success that allowed me to work and live overseas. appreciated every slap that i got from teachers that actually motivated me to stay focused. factory resets are necessary sometimes.", "time": "1 tahun lalu", "author": "@Ryoji_matsuoka_singapore", "channel": "UC7IraYpgGPdtLPeFhyq2Rxw", "votes": "2", "replies": "", "photo": "https://yt3.ggpht.com/4UDbnq8KwMU04az35gcPtY5e0p4LXOwK-PPzC3Xj2X-8YCqu2XAqcS-zuOEjdAdbr9Ak4kjnIw=s88-c-k-c0x00ffffff-no-rj", "heart": false, "reply": false, "time_parsed": 1715483296.696452}
{"cid": "Ugzg0aS8uEQV5EipyFR4AaABAg", "text": "i dont get it. The tests doesnt seem hard. As a 25 year old I found the test easy and got all of them correct I believe I wouldve had the same competency to solve it in the past as well.", "time": "1 tahun lalu", "author": "@GoatofGods", "channel": "UCfExdFF7onNEwdkdt3lQOeA", "votes": "0", "replies": "", "photo": "https://yt3.ggpht.com/QArm_SP5hv0-D2SV9p0BXFVqsfUsanET-rt8bLH2M3SCGpjklWFkVBVTTo0QPGe1Th7Q2fJTPg=s88-c-k-c0x00ffffff-no-rj", "heart": false, "reply": false, "time_parsed": 1715483296.69767}
{"cid": "UgynqfTCGcpK0v0t-FJ4AaABAg", "text": "The reason why our education is poor is because Malays of all stages study Religion.", "time": "1 tahun lalu", "author": "@abdullahsaniismail1126", "channel": "UCnrFfjw7K44rg4_Wwfim1HA", "votes": "0", "replies": "", "photo": "https://yt3.ggpht.com/ytc/AIdro_mLeBo0sG2qcJPIjzF-ZTxpJWtlWJnQwBDa-XgzJiYqqw=s88-c-k-c0x00ffffff-no-rj", "heart": false, "reply": false, "time_parsed": 1715483296.698803}
{"cid": "UgykBj3p04mkZ7kvp4F4AaABAg", "text": "How is it not going down? Every time govt change, the syllabus is gonna change. Not to mention language used to teach STEM subjects. Teaching them in BM is utterly useless. And politics isnt separated from the education system. Hence the quality of our system ... Another cause could be the manners and discipline of students nowdays, clearly lacking respect and basic manners. No one would wanna teach them this when the parents themselves CLEARLY should not be parents in the first place. Screw such people", "time": "1 tahun lalu (diedit)", "author": "@raid1010", "channel": "UCjfVBvKWVswK969sIwYNo5w", "votes": "0", "replies": "", "photo": "https://yt3.ggpht.com/pCaf_AXGLVrvmzgx0Tg7dO0rV--KqfwZ1jDpCCyZZqs7E7O6BhAuhSe01NEGpIEno-uUSGB5l88=s88-c-k-c0x00ffffff-no-rj", "heart": false, "reply": false, "time_parsed": 1715483296.699933}
{"cid": "UgynYkfHArrIFt3zlkR4AaABAg", "text": "Sure, blame the teachers~ Here's a suggestion: Go apply to be a teacher, teach for a year, then talk.", "time": "1 tahun lalu", "author": "@faizai115", "channel": "UCaMVIFf7nuShShsMmO8Spew", "votes": "0", "replies": "", "photo": "https://yt3.ggpht.com/_Ui4JFsdtS1OcKWBlO6uV8QMbiclH3Jq-44K1qNGI0qBYIFZx9h1C-8d4OC7gceDxwAJrc_e=s88-c-k-c0x00ffffff-no-rj", "heart": false, "reply": false, "time_parsed": 1715483296.701063}
{"cid": "UgwJ9TxDurvm-YB8ill4AaABAg", "text": "M’sia has a very poor education system as it does not practise meritocracy.\nHence poor-standard students are pushed up to universities, both local and foreign.\nWhen they hv “graduated” and worked as a teacher or “professor”,  they bring up even poorer students, hence it’s a vicious circle. \nDr Mahathir may be corrupted but he urges not to abandon English teaching is something we can concur.\nTunku Abdul Rahman says we must use English as it is d language that aims for d moon shall forever be correct.", "time": "1 tahun lalu", "author": "@richardgoh6697", "channel": "UCK0AbV_tBWS8h4H90rwKlZQ", "votes": "1", "replies": "", "photo": "https://yt3.ggpht.com/ytc/AIdro_ko4YSQr0p64XlymMhFK7w-6vmX4Lj_1EeXHi7MTx8=s88-c-k-c0x00ffffff-no-rj", "heart": false, "reply": false, "time_parsed": 1715483296.702183}
{"cid": "UgxWgstI49k34Kt5MXJ4AaABAg", "text": "Malaysia Education is always a problem from the root. \n\n1. Teachers. Teachers are seen as a job with Iron bowl and even lowly qualified people can become teachers. Some teachers do not even got properly reviewed on their capability. I bet everyone in Malaysia experienced this when some teachers come in and said \"Today you all do your own things.\" and everyone just chitchat and make noise. Education Ministry did a very poor job in this area as they do not even know what to do. Policy has been swinging here and there due to lousy unstable politics, where even politician who wants to be Minister are of \"D\" grade. how can good policies come out of them.\n\n2. Core Subject Language:  Some politician just wanna push their own \"Malay Political Agenda\" into education thus the education system got screwed badly. What's the use of using Malay language in Science and Math if Malaysia is just a small 3rd world country? We are not even big and influence enough to lead in Science or Technology of the world. Why do the government think that by using Malay language will help the student being competitive with other students in the world? Another retard move by the politicians.\n\n3. Syllabus: The Syllabus is so out-dated. compare to education system with Singapore and Brunei. Their science and math is at least 3-4 grades higher if you compare both Grade 3 in respective countries. No critical thinking methodologies was thought to Malaysia student which is why many Malaysian student are extremely reliant on teachers and being spoon feed. The schools are not competitive enough to produce highly talented students. This is why many financial capable student are more willing to send their students to International Schools. Even the Chief Minister of Sarawak plans to build his own international school and gave subsidize to local children to enter so Sarawak children can detach themselves from Malaysia's lousy education system.\n\n4. Funding and Recognition: Many local schools are not being funded well. Political instability, political agenda prevents certain funding to be issued to opposition party districts. Another shitty politics tradition. Racist issue had even case some international school syllabus not recognized by Malaysian Education system and cause some graduates or elite students migrating to other country and contribute to the economical growth of other country.\n\n5. Malaysia Workforce: Its no news that Malaysia fresh graduate is getting pathetic income as they are lowly skilled or severely inexperience (higher education problem). This will to a downward spiral when many see some people who did not even undergo higher education and can earn better than those going to high education. Which leads Malaysia continue to be in a developing country with local people being blue-collar labor.   \n\nEverything from the above boils down to bad Politician exercise, and there are still many uneducated or lowly-educated people voting for these idiotic politician who has no intention in advancing the country but only to gain wealth. Reformed should be done swift and sternly so clean all these or there will not be any hope for improvement.", "time": "1 tahun lalu", "author": "@viclai007", "channel": "UCgbK--8Y2_2MrWkdpEJxBsg", "votes": "0", "replies": "", "photo": "https://yt3.ggpht.com/ytc/AIdro_mDBlJqw5SAcIDPp-IUMWQjeWwwaHazz4o_DUm6ffFz9do=s88-c-k-c0x00ffffff-no-rj", "heart": false, "reply": false, "time_parsed": 1715483296.703305}
{"cid": "Ugz2Z274XDyRfrBQaq14AaABAg.A-GGs8J4G-eA-IzAJ_UBm5", "text": "This needs to be upvoted.", "time": "1 tahun lalu", "author": "@ndt2046", "channel": "UC9sEcQbY18zT9e3gXLc4X7A", "votes": "1", "replies": "", "photo": "https://yt3.ggpht.com/ytc/AIdro_nMnm5rjX3NwOO7QqusOM4o9xwcyJcDyYbC9Hd1drKgkUgc=s88-c-k-c0x00ffffff-no-rj", "heart": false, "reply": true, "time_parsed": 1715483296.901357}
{"cid": "Ugy2HjZxmjFuICmvRpV4AaABAg.A-GEyJXvYG4A-GJM7RLWGu", "text": "You are good as well as lucky.", "time": "1 tahun lalu", "author": "@tongyawchong798", "channel": "UChb7TsnLBhFSfOkz8vG0zkA", "votes": "0", "replies": "", "photo": "https://yt3.ggpht.com/ytc/AIdro_nbHq_bzOIEQ-k9DjOfDGuN77V55RsKZQLtS05G18k=s88-c-k-c0x00ffffff-no-rj", "heart": false, "reply": true, "time_parsed": 1715483297.145182}
{"cid": "Ugy2HjZxmjFuICmvRpV4AaABAg.A-GEyJXvYG4A-GqB5cED5I", "text": "This! If you're a brilliant students nothing is gonna stop you from succeed academically. I went to both daily & boarding schools (rural schools)...you can expect resources  very limited. Growing up as B40 family member, not much resources also. But I was able to get 11As.", "time": "1 tahun lalu", "author": "@deanab-se5op", "channel": "UC86g2dtSZHOVEz-RK06P1dw", "votes": "0", "replies": "", "photo": "https://yt3.ggpht.com/ytc/AIdro_mTq_xqw0jBAnKwiHUwDKBFr-6Oku9I0kKXwMrotd1Dgw=s88-c-k-c0x00ffffff-no-rj", "heart": false, "reply": true, "time_parsed": 1715483297.148146}
{"cid": "Ugy2HjZxmjFuICmvRpV4AaABAg.A-GEyJXvYG4A-H4xt-UtJB", "text": " @deanab-se5op  So were you offered a government scholarship to further your studies?", "time": "1 tahun lalu (diedit)", "author": "@tongyawchong798", "channel": "UChb7TsnLBhFSfOkz8vG0zkA", "votes": "0", "replies": "", "photo": "https://yt3.ggpht.com/ytc/AIdro_nbHq_bzOIEQ-k9DjOfDGuN77V55RsKZQLtS05G18k=s88-c-k-c0x00ffffff-no-rj", "heart": false, "reply": true, "time_parsed": 1715483297.150611}
{"cid": "Ugy2HjZxmjFuICmvRpV4AaABAg.A-GEyJXvYG4A-I0DtgcCdm", "text": "I work hard and studying a lot for my SPM so I can study at university but only ended up with okay results. Now I study at vocational school for diploma with the rest of kids with bad SPM results. Working hard doesn't really guarantee anything. Stop giving false hope.", "time": "1 tahun lalu", "author": "@frog6054", "channel": "UCCsypymTgJM_BwPl-KlUI2g", "votes": "0", "replies": "", "photo": "https://yt3.ggpht.com/COWI6bTbaiQ9RwjuTmlSlHEwsDTDMEJ4LrCxg4YDRW6hhnCDEkLkgGVW84l1c8U662xdJltcCw=s88-c-k-c0x00ffffff-no-rj", "heart": false, "reply": true, "time_parsed": 1715483297.152955}
{"cid": "Ugy2HjZxmjFuICmvRpV4AaABAg.A-GEyJXvYG4A-I2OtB6etW", "text": " @frog6054  To score in exams, one must be smart too, not just hardworking alone.  Nowadays, a person with a diploma and skill may earn more than a degree holder.", "time": "1 tahun lalu (diedit)", "author": "@tongyawchong798", "channel": "UChb7TsnLBhFSfOkz8vG0zkA", "votes": "0", "replies": "", "photo": "https://yt3.ggpht.com/ytc/AIdro_nbHq_bzOIEQ-k9DjOfDGuN77V55RsKZQLtS05G18k=s88-c-k-c0x00ffffff-no-rj", "heart": false, "reply": true, "time_parsed": 1715483297.154947}
{"cid": "Ugy2HjZxmjFuICmvRpV4AaABAg.A-GEyJXvYG4A-WzPWAgQw7", "text": "Acknowledge UEC as that provides all the talent. Thanks.", "time": "1 tahun lalu", "author": "@leealex24", "channel": "UCCienV9O2Jkl3bcSyz04L1Q", "votes": "0", "replies": "", "photo": "https://yt3.ggpht.com/ytc/AIdro_k4oWz01IEHmmAJD8Za7cyMZuA66jBofSPqUMOeb7k=s88-c-k-c0x00ffffff-no-rj", "heart": false, "reply": true, "time_parsed": 1715483297.156762}
{"cid": "Ugy2HjZxmjFuICmvRpV4AaABAg.A-GEyJXvYG4A-ely7d2Cta", "text": "Actually if the student is brilliant  it doesn't matter which school. The student will still be brilliant. Like my daughter and her cousin. Memang straight A student. Its mind boggling how these kind of students stay above all their peers. Must be the IQ?!??!", "time": "1 tahun lalu", "author": "@norhaizanomar2926", "channel": "UCEhj3n6FiFRv-lIjaeaR05w", "votes": "0", "replies": "", "photo": "https://yt3.ggpht.com/ytc/AIdro_klhg9qgJQwhuUCEhUu-pMdetZQmAY0pJgzOAUqLcFg1QU=s88-c-k-c0x00ffffff-no-rj", "heart": false, "reply": true, "time_parsed": 1715483297.158525}
{"cid": "Ugy2HjZxmjFuICmvRpV4AaABAg.A-GEyJXvYG4A-eom7fryAn", "text": "​ @norhaizanomar2926 I disagree. The education system should be good enough to produce many great students. Dont have to be brilliant also. Malaysia needs great talent moving forward. Enough of politics.", "time": "1 tahun lalu (diedit)", "author": "@leealex24", "channel": "UCCienV9O2Jkl3bcSyz04L1Q", "votes": "0", "replies": "", "photo": "https://yt3.ggpht.com/ytc/AIdro_k4oWz01IEHmmAJD8Za7cyMZuA66jBofSPqUMOeb7k=s88-c-k-c0x00ffffff-no-rj", "heart": false, "reply": true, "time_parsed": 1715483297.160061}
{"cid": "Ugy2HjZxmjFuICmvRpV4AaABAg.A-GEyJXvYG4A-eon_58Sxa", "text": "​@norhaizanomar2926 I disagree. The education system should be good enough to produce many great students. Dont have to be brilliant also. Malaysia needs great talent moving forward. Enough of politics.", "time": "1 tahun lalu", "author": "@leealex24", "channel": "UCCienV9O2Jkl3bcSyz04L1Q", "votes": "0", "replies": "", "photo": "https://yt3.ggpht.com/ytc/AIdro_k4oWz01IEHmmAJD8Za7cyMZuA66jBofSPqUMOeb7k=s88-c-k-c0x00ffffff-no-rj", "heart": false, "reply": true, "time_parsed": 1715483297.161647}
{"cid": "Ugy2HjZxmjFuICmvRpV4AaABAg.A-GEyJXvYG4A-fBWnQVav7", "text": " @leealex24  the propaganda always says that there is a race based discrimination in education system which i find is bullshitting. For the education system to be better we need a much better teachers as Mr. Money TV stated. But at the end there is much money needed in education system to run projects for the students to have more self esteem and train them to think outside the box.", "time": "1 tahun lalu (diedit)", "author": "@norhaizanomar2926", "channel": "UCEhj3n6FiFRv-lIjaeaR05w", "votes": "0", "replies": "", "photo": "https://yt3.ggpht.com/ytc/AIdro_klhg9qgJQwhuUCEhUu-pMdetZQmAY0pJgzOAUqLcFg1QU=s88-c-k-c0x00ffffff-no-rj", "heart": false, "reply": true, "time_parsed": 1715483297.163197}
{"cid": "Ugy2HjZxmjFuICmvRpV4AaABAg.A-GEyJXvYG4A2ZU0ECoxhE", "text": "In Malaysia all that you achieved is possible if you are a Muslim- how have you not observed this . Using blinkers is very convenient when you are on the receiving end of the government s largesse", "time": "1 tahun lalu", "author": "@gulfstream8787", "channel": "UCNn4Xzx208FhxxtYdnnms5A", "votes": "0", "replies": "", "photo": "https://yt3.ggpht.com/ytc/AIdro_mYg4MLbvhY_tRDIg4-tId6EE7YY_dQeOp_iwAoecM=s88-c-k-c0x00ffffff-no-rj", "heart": false, "reply": true, "time_parsed": 1715483297.343877}
{"cid": "UgznrPec6vF6sq70rsN4AaABAg", "text": "Noticed a Typo at 12:07 with the word problem solving. After watching the video, I tried looking through the PISA test. I can understand why the answer for level 5 is C. level 6 tho, is beyond my comprehension 😂", "time": "1 tahun lalu", "author": "@SoloSnivy", "channel": "UC24K0CDTdKzSW9m9utHjRlg", "votes": "0", "replies": "", "photo": "https://yt3.ggpht.com/RtNclSxtNbNi3Ln6fcgxZaHoC5_-WGaEJdktfIUIZ_xNTfbWv48US9Xd7E2z0mNyxnP_fTPwjQ=s88-c-k-c0x00ffffff-no-rj", "heart": false, "reply": false, "time_parsed": 1715483297.704358}
{"cid": "Ugyd90AZ-0Pjug0dQ_h4AaABAg", "text": "honestly, IMO, iteacher quality is not the main issue, the structural flaws in the education system we have currently in Malaysia is. \n\n\nPolitics especially makes a HUGE impact, they are still deciding whether to teach the subject in malay or english.\n\n\nI had a mentor of mine who is an experienced educator in the private sector was invited to be part of the syllabus board of higher education. She found that those who are planning the syllabus don't really care if the teachers can teach or not. They will just throw whatever they think is good and stuffed it in.\n\n\nShe tried to point out the practicality of the Syllabus. To her surprise, the president look at others asking, \"Who is this lady? doesn't she know that our priority is to plan syllabus?? Practical or not, that's not our problem, that's the problem of teacher training department.\"", "time": "1 tahun lalu", "author": "@m3ng0789", "channel": "UCb9G0PT_O37YIP88EqI4mPA", "votes": "0", "replies": "", "photo": "https://yt3.ggpht.com/ytc/AIdro_kdol01gJ3VThL3SBK4b9f8X_5c9SynmixHSQZO1wY=s88-c-k-c0x00ffffff-no-rj", "heart": false, "reply": false, "time_parsed": 1715483297.706442}
{"cid": "UgxLs2QfmombtjeavBd4AaABAg", "text": "I'm one of the first batch of '04 students that took UPSR, PT3 and SPM with the new and updated formats, and I'm currently in my bachelor's degree. All I can say is that the new exam format is already good, and yes the teachers play a big role in how students understand what they've learnt in class. Now that the 2 out of 3 crucial exams in Malaysia are abolished, I see students' grades plummeting. It went viral on tiktok too with teachers showing how their students nowadays answer exam questions, very rude and very influenced by today's social media trends. Those \"sebab boleh dik\" as their asnwers are very insane. Thank you for making this video! This made me want to do my best in my Bachelor's Degree in TESL to be one of the teachers that Malaysia really needs.", "time": "1 tahun lalu", "author": "@fatinnabihah04", "channel": "UCBZ7A7ZBVoVjXksBKhl_lFA", "votes": "306", "replies": "15", "photo": "https://yt3.ggpht.com/ytc/AIdro_kwEdsD-HpRBjVb5tlJQtVW9jIHXiAYxUl7Z23Gx6F0QAJB=s88-c-k-c0x00ffffff-no-rj", "heart": false, "reply": false, "time_parsed": 1715483297.708243}
{"cid": "Ugwiyo0g6TULQpz1UNd4AaABAg", "text": "BUMIs 1st , the rest 2nd !! AND , THAT IS THE PROBLEM", "time": "1 tahun lalu", "author": "@Tony-nr8dp", "channel": "UCf99fP2xXLiY6zaQBhpp-mA", "votes": "1", "replies": "", "photo": "https://yt3.ggpht.com/ytc/AIdro_nsrz4zSg5dCaCCnEm7_KS4-_Sfa1doGWI7EyxUDUrudZ1ahvhxsdDwvXeOce18W0Drwg=s88-c-k-c0x00ffffff-no-rj", "heart": false, "reply": false, "time_parsed": 1715483297.710022}
{"cid": "Ugwb0zSky9QjJjD68T54AaABAg", "text": "Answer: Politikus ketuanan Melayu. 😂😂😂😂 They just ruined everything good. Harden losers😅", "time": "1 tahun lalu", "author": "@pasangafavmsq8728", "channel": "UCKu8lcmtD2CBjvZr6_bbuCg", "votes": "3", "replies": "", "photo": "https://yt3.ggpht.com/ytc/AIdro_lQxDjjNNS6FbnQUVTGg5xMYGm73EjmM3-BVr4fduKvyQ=s88-c-k-c0x00ffffff-no-rj", "heart": false, "reply": false, "time_parsed": 1715483297.711847}
{"cid": "UgxlDyXnrnIYOQ1nGWp4AaABAg", "text": "I have nothing much to say ...... but do you really think we could really turn the whole things around after decades of politicizing the education system, race/religious issues, demerit system, \"employing/recruiting\" poor quality (or unqualified) teachers (as mentioned) to teach our children ......which again producing even the poorer quality of next generations as teachers ....... and that continue as a vicious cycle ........!! Not to mention the issue of brain-drain ...... where good and well qualified graduates leaving in droves to S'pore and other countries looking for better pay jobs and life??  Where and what chances do we have to change that path eps. in public schools, colleges and universities??", "time": "1 tahun lalu", "author": "@ChengEakChew", "channel": "UCv6hJASAogt_C25N09XPyzQ", "votes": "0", "replies": "", "photo": "https://yt3.ggpht.com/ytc/AIdro_mS0Mc60NZyxaJydSkBsakuZ7vbNBZ-xu91vkuivg-cKqxwLCjAfub72z7AfatrbICoJg=s88-c-k-c0x00ffffff-no-rj", "heart": false, "reply": false, "time_parsed": 1715483297.71339}
{"cid": "Ugzk0BCMGxBhPHsgwFd4AaABAg", "text": "Simple..its a mode actually.. The slower the system.. The more you gain people's mind knowledge..limited access to the surroundings profitable to the one who's doing it..brilliant and intelligent students won't think about racist and provoking..", "time": "1 tahun lalu (diedit)", "author": "@spanky-g3g", "channel": "UCrINzNQ9KrMI1hTdhf4MLEg", "votes": "0", "replies": "", "photo": "https://yt3.ggpht.com/ytc/AIdro_kUpev3UoxeMEST6HoCvjFH_DgpCCzbrQK_oNUjTkthH2-WV5A-n1zN2EavYE8xZ7xOFQ=s88-c-k-c0x00ffffff-no-rj", "heart": false, "reply": false, "time_parsed": 1715483297.714943}
{"cid": "UgxZrCwU94usZfZLYO14AaABAg", "text": "Apart from teachers, there are other issues about the subject taught in the government school system. Malaysian history classes are nothing but cerita dongeng? Religion subjects should be kept out of school systems. If they want to practice religion, they should learn in the mosques, temples, churches, etc.  We should keep religion and politics out from school and let the student learn what is important to build the nation future, not learning more useless subjects that serve no purpose but syok sendiri.", "time": "1 tahun lalu (diedit)", "author": "@hykok", "channel": "UCPmdjMTaL-hoA7gnDGoPy9A", "votes": "3", "replies": "3", "photo": "https://yt3.ggpht.com/ytc/AIdro_nKyu7_-n-GoTqaC0Yq4CWt4AKTrwlAsV-tN2o4l8i3f4o=s88-c-k-c0x00ffffff-no-rj", "heart": false, "reply": false, "time_parsed": 1715483297.716491}
{"cid": "UgwYL4D7GHA-HMLosj14AaABAg", "text": "What to expect when politicians do not think of meritocracy. They only think of mediocracy. In Malaysia you can see mediocracy everywhere. I remember when Anwar Ibrahim (AI) during the campaigning of PRU-15 scolded the poor Indian girl who raised a valid point on education. AI said in the world there is no meritocracy as the students in a poor area in Sarawak, Kapit cannot be compared with those in West Malaysia because of the poor facilities in Kapit. AI even cited a book written by a Harvard professor (forgot his name AI cited as a few idiot professors also wrote about the myth of meritocracy). What AI had read or briefly read I don't know but by evaluating of what he was saying about meritocracy is inaccurate. He interpreted the failure to attain meritocracy is due to failure to have equal facilities provided to all classes of society. There are two arguments against these premise. First meritocracy is motivated by positive thinking and effort, not so much about facilities. That is why people in poorer areas do well on many cases. Second why is there imbalance of facilities?, say Kapit and in West Malaysia!. Surely this is no coincidence; this is an artifact created by lousy State or/and Federal governments to allocate different resources to different regions of the country. This would mean the availability of factifies in different region is artificially created, most probably by corrupted people. By definition a person success or a country success lies in meritocracy. The problem is: there are too many Malaysians who don't really understand what they read or don't know how to think rationally. These group of people think that they are born smart.", "time": "1 tahun lalu", "author": "@kchoong6663", "channel": "UC1FR0pzKDANXFqLNlDffwBA", "votes": "1", "replies": "", "photo": "https://yt3.ggpht.com/ytc/AIdro_nydSxi-W1dcKGwSp7LWPr3iiWSquXsNQFwu7d9TOv1WAA=s88-c-k-c0x00ffffff-no-rj", "heart": false, "reply": false, "time_parsed": 1715483297.71801}
{"cid": "Ugz_18COpLQiGf3Br8V4AaABAg", "text": "Admin work passed to teachers are taking up quite a lot of time.", "time": "1 tahun lalu", "author": "@berryapplejuice", "channel": "UCjNIE5CR6JHoOqIEjUcTbqQ", "votes": "0", "replies": "", "photo": "https://yt3.ggpht.com/ytc/AIdro_niLeceyGf4bMzwOG6MOR_MBIUXXBh6qtLElMoPmTbHB0C2=s88-c-k-c0x00ffffff-no-rj", "heart": false, "reply": false, "time_parsed": 1715483297.719393}
{"cid": "UgykzK3LiiPru0x1-WN4AaABAg", "text": "Setuju dengan point awak. Guru tu yang paling penting selepas ibu bapa la of course, they are the first teacher, but in the school, the teacher plays a significant role in educating the children. Rindu zaman saya dulu di mana Cikgu adalah yang paling excellent dalam apa yang diorang ajar, dan itu memang pilihan mereka untuk menjadi pendidik. While sekarang menjadi Cikgu adalah pilihan, suatu kerjaya, nak expect apa kan? Setengah orang tu subjek yang dia ajar tu subjek minor degree dia, bukan subjek major dia pun 😢. Sedih betul la", "time": "1 tahun lalu (diedit)", "author": "@hashimzainal-minangkabawi8357", "channel": "UCI8W9E5cndxOG9Au6EO4ndw", "votes": "11", "replies": "1", "photo": "https://yt3.ggpht.com/ytc/AIdro_n2d2CvdtkoWCt8FDbbE6Bk4pL05u4VOFeysuCKpUoHV8jK=s88-c-k-c0x00ffffff-no-rj", "heart": false, "reply": false, "time_parsed": 1715483297.720777}
{"cid": "Ugy_Jtaq58o9KAnj2QR4AaABAg", "text": "My education was fully in government school in a ‘sekolah prestasi tinggi’ (high performing school). Only students with 5As from UPSR could enter. We had a small student to teacher ratio (1:20), the best teachers from the surrounding area, good funding - all the makes of a good education system. I got straight A1 in my SPM, and so did many of my classmates. Many of us went on to get scholarships to study abroad in medicine, engineering, business, law, etc. I reckon this is proof that the Malaysian education system can work well if given the right conditions, but I also realise that this is an exception rather than the norm. How do we replicate this successful model to the rest of the country?", "time": "1 tahun lalu (diedit)", "author": "@amalinadavis", "channel": "UCSlWhtzgTTxuaUGkZiu3xgQ", "votes": "10", "replies": "2", "photo": "https://yt3.ggpht.com/ytc/AIdro_mV72-5H2MYb2VAfmShUAJ5TckWZ0InS-a91ZhVow7e3Bce=s88-c-k-c0x00ffffff-no-rj", "heart": false, "reply": false, "time_parsed": 1715483297.722183}
{"cid": "UgwHW2UEJzVtTM2Frgl4AaABAg", "text": "Race Based School. \nSJKC, SJKT. \nWe have to follow Singapore, Thailand, and Indonesia", "time": "1 tahun lalu", "author": "@abazlaa", "channel": "UC9sxkWkifYaQyIES2P332rw", "votes": "2", "replies": "", "photo": "https://yt3.ggpht.com/ytc/AIdro_mAeTx5W8nhkqKENJNSqGXXlv4jJHh4y7DNgaumZ5rtcZo-XnQNZ_n5_q6cgnKRWdOtyQ=s88-c-k-c0x00ffffff-no-rj", "heart": false, "reply": false, "time_parsed": 1715483297.723549}
{"cid": "Ugz861Qf_RKpdPnlgsZ4AaABAg", "text": "Fadhlina Sidek should absolutely be blamed. Yes the rot didn’t happen under her watch, but we don’t see ANY solutions from the PH administration besides non sequiturs like black shoes and Palestine week. And she dismissed parents’ concerns with “Jangan bising, Jangan usik”. Absolute rubbish.", "time": "1 tahun lalu", "author": "@guineapiig8089", "channel": "UCFLZBgwwu5vf4caxIglPJEQ", "votes": "3", "replies": "", "photo": "https://yt3.ggpht.com/ytc/AIdro_mjGxy_nbbhpeZc1VwujQWajhaMUFNr3MGEa3I2t-B26Womd19utKLYqWseY7eQgQXonw=s88-c-k-c0x00ffffff-no-rj", "heart": false, "reply": false, "time_parsed": 1715483297.724794}
{"cid": "UgzX6vYOqa5jVbRyDMh4AaABAg", "text": "PISA", "time": "1 tahun lalu", "author": "@tsetseeeee", "channel": "UCfRN4UzDPUh5Hd_UPSRjInQ", "votes": "0", "replies": "", "photo": "https://yt3.ggpht.com/ytc/AIdro_miPdisHfSOqQSkhFz6C_Fcw0uxmn0KmFR3zFrBYo0=s88-c-k-c0x00ffffff-no-rj", "heart": false, "reply": false, "time_parsed": 1715483297.726024}
{"cid": "UgyXO0dAqxBCRHW72ZF4AaABAg", "text": "PISA", "time": "1 tahun lalu", "author": "@MabelYin", "channel": "UCRbGgvvBuRd66AE7T5--7ZQ", "votes": "0", "replies": "", "photo": "https://yt3.ggpht.com/ytc/AIdro_mzwk73fmnfDwFs4aca8l6kkQx6GyTAVAtENSyHlH_Zex_oOyaCVbcQl_w7mzDMX7MLRg=s88-c-k-c0x00ffffff-no-rj", "heart": false, "reply": false, "time_parsed": 1715483297.727254}
{"cid": "UgwcEmBlwANam0Tx5WB4AaABAg", "text": "PISA", "time": "1 tahun lalu", "author": "@ElisAdventureTime", "channel": "UCfHAOiBd8B04_ZbaTqLaZAQ", "votes": "0", "replies": "", "photo": "https://yt3.ggpht.com/ytc/AIdro_nrk2-xgav75CLEoK1P00QgIDEJIGwj0ijzv_CMNt9pmw=s88-c-k-c0x00ffffff-no-rj", "heart": false, "reply": false, "time_parsed": 1715483297.72848}
{"cid": "UgxjnDiEQaf5NWidJ4x4AaABAg", "text": "Malaysia is a racist country with ethnic Malay islamic supremacy laws/education", "time": "1 tahun lalu", "author": "@metatoad", "channel": "UCZwLPUZKQtXcUuJWGzW1TBQ", "votes": "1", "replies": "", "photo": "https://yt3.ggpht.com/mXk3BdlK65y92KE2rfIgmYUcqvzqtUbH6Nba1zW6wkg57C1KGEXlFHZGP24EPpuayUrsQOlRrA4=s88-c-k-c0x00ffffff-no-rj", "heart": false, "reply": false, "time_parsed": 1715483297.729694}
{"cid": "Ugzi2CP7RW2uxp-ccgh4AaABAg", "text": "You should state correctly that it is The state run school's and not ot private or Chinese schools", "time": "1 tahun lalu", "author": "@ClementChai", "channel": "UC6r3IWIRKJTNvkRqKpG_4rg", "votes": "1", "replies": "", "photo": "https://yt3.ggpht.com/ytc/AIdro_mFeAcHYDUOWnwKaaYahxaYipXAFbKUEDB8d8WSaIw=s88-c-k-c0x00ffffff-no-rj", "heart": false, "reply": false, "time_parsed": 1715483297.730849}
{"cid": "UgyRn4L5aHB2W8XMMGp4AaABAg", "text": "Agreed that teacher need to be reward by diff merit based scale salary instead of fixed income, these will cause many underqualified ppl to become teacher just becoz of stable income but no passion in teaching. Sad to say I got a few Uni mates working as teacher just for the sake of the above reason and waiting for pension scheme later.", "time": "1 tahun lalu (diedit)", "author": "@michelleteh1152", "channel": "UCCSuOLw7A9j-Lpfjy9W6O7g", "votes": "0", "replies": "", "photo": "https://yt3.ggpht.com/ytc/AIdro_kC60x_MwQuaT0RauEQJ-frZ5D4teThMsqkqzKBrMht0g=s88-c-k-c0x00ffffff-no-rj", "heart": false, "reply": false, "time_parsed": 1715483297.732029}
{"cid": "UgxLs2QfmombtjeavBd4AaABAg.A-G7_IiHjlUA-G__quFjQB", "text": "It's much worse when the students aren't reminded of the importance of these exams.....PT3 and UPSR existed to get a better assessment on children and giving them options that suits their abilities. Nowadays, students especially form 2s dont care about writing the right answer, and some straight-up wrote racist answers influenced by political propaganda trends on tiktok....This is what plummeted our education standards all because of that Radzi Jidin aka. Nobita's headmaster. Its deeply concerning, and they can't just make stupid experimental policies which CHANGES based on administration its sooooo dumb and waste of resources", "time": "1 tahun lalu", "author": "@miyahara6059", "channel": "UCIK1tdqB9N_WfyNKmuHcEZw", "votes": "20", "replies": "", "photo": "https://yt3.ggpht.com/ytc/AIdro_nkCsUk01Bp1lMryPCaJ2PJEAR3iW5QjTxqcRtkhVg1Eow=s88-c-k-c0x00ffffff-no-rj", "heart": false, "reply": true, "time_parsed": 1715483297.965562}
{"cid": "UgxLs2QfmombtjeavBd4AaABAg.A-G7_IiHjlUA-GgKulcnxZ", "text": "true true! batch '06 here and I took upsr and sadly pt3 was abolished. With upsr , I'm able to somehow continue and understand f1-2 better and without pt3 I was suffering in f4/5 but too late dy spm started already for me so I can only fix and move forward ~", "time": "1 tahun lalu", "author": "@keshnashree2392", "channel": "UCuCw2zXpK5qz57784mrbYRQ", "votes": "6", "replies": "", "photo": "https://yt3.ggpht.com/ytc/AIdro_m0JjafsyMZnUUTmKfq2p95hNypYwYsPdfeH9qn9OfZnF3o=s88-c-k-c0x00ffffff-no-rj", "heart": false, "reply": true, "time_parsed": 1715483297.968497}
{"cid": "UgxLs2QfmombtjeavBd4AaABAg.A-G7_IiHjlUA-MXRvkMfh-", "text": "Malaysian schools should cultivate the habit of retaining students, at least when pt3 and upsr are removed. instead of making them move forward and do national exams without being prepared.", "time": "1 tahun lalu", "author": "@ryoutacooks", "channel": "UChI9ulRZpiFTkuCHl5-2W3w", "votes": "0", "replies": "", "photo": "https://yt3.ggpht.com/lCbKftAqcM9nVYVaHdFR16_BsfcrBoV1WWok21_cEkng2GiCGKSZ2NEhbiuPTbI1aNCTeW_LyQ=s88-c-k-c0x00ffffff-no-rj", "heart": false, "reply": true, "time_parsed": 1715483297.970989}
{"cid": "UgxLs2QfmombtjeavBd4AaABAg.A-G7_IiHjlUA-OV7p-EQ6G", "text": "..... one of the first batches .....  When you say one of.... it means there are two or more and you are picking one.  So,  one of the houses, one of the the cars, one of the groups, etc.", "time": "1 tahun lalu", "author": "@joachimlai1332", "channel": "UClwYjrhpC1WxbAcmzEQbUVg", "votes": "1", "replies": "", "photo": "https://yt3.ggpht.com/ytc/AIdro_nXcYJS1rSueU0xBClAv9Iiw3noZX3ka1TekWL7UFc=s88-c-k-c0x00ffffff-no-rj", "heart": false, "reply": true, "time_parsed": 1715483297.973151}
{"cid": "UgxLs2QfmombtjeavBd4AaABAg.A-G7_IiHjlUA-OrxRDquOh", "text": " @joachimlai1332  it really doesnt matter", "time": "1 tahun lalu (diedit)", "author": "@ryoutacooks", "channel": "UChI9ulRZpiFTkuCHl5-2W3w", "votes": "2", "replies": "", "photo": "https://yt3.ggpht.com/lCbKftAqcM9nVYVaHdFR16_BsfcrBoV1WWok21_cEkng2GiCGKSZ2NEhbiuPTbI1aNCTeW_LyQ=s88-c-k-c0x00ffffff-no-rj", "heart": false, "reply": true, "time_parsed": 1715483297.974926}
{"cid": "UgxLs2QfmombtjeavBd4AaABAg.A-G7_IiHjlUA-RIYuzeuLZ", "text": "Goodluck for you sis! Pray for us batch 06 o7", "time": "1 tahun lalu", "author": "@syahmellow5114", "channel": "UCJlmnCGtpruSYyJOswYxr5g", "votes": "1", "replies": "", "photo": "https://yt3.ggpht.com/xry1f-9nukL75R0DkY-lA1wr8ZQ95P4QG2ZJBiMDLI-I5uIx6n1qakf6VW8TixrdwX-mrzzR3Q=s88-c-k-c0x00ffffff-no-rj", "heart": false, "reply": true, "time_parsed": 1715483297.976693}
{"cid": "UgxLs2QfmombtjeavBd4AaABAg.A-G7_IiHjlUA-Rr9RyYOC7", "text": "We 99 as the OG of PBS and PT3 seeing 04 saying they are 1 of the first batch is weird as hell. Aside from the joke, social media do play a big roles on people across all ages but the \"sebab boleh dik\" thing i think i can agree on them a portion of it. The answer for me can be view as \"thinking outside of the box\" < this phase i literally listen it the whole time in PBS and PT3 time but the problem with that answer is the student use that as a joke even in exam... The rude behaviour is really quite questioning for me and it getting worse, the batch older than my batch is literally the fighting club, the younger batch than my batch is getting better then all the sudden the even younger one is 1 hell of the rude club. All these different behaviour got me wondering what makes those thing happen", "time": "1 tahun lalu", "author": "@TJunChuan", "channel": "UCEHz8iRkNBwJRxuZtNRXRLQ", "votes": "0", "replies": "", "photo": "https://yt3.ggpht.com/ytc/AIdro_mYFg6M41aO0LesyH-pRXphongCCLc1wdr_VbFWqKd2fh4=s88-c-k-c0x00ffffff-no-rj", "heart": false, "reply": true, "time_parsed": 1715483297.978464}
{"cid": "UgxLs2QfmombtjeavBd4AaABAg.A-G7_IiHjlUA-T9mp0JDE8", "text": " @joachimlai1332  Not necessarily, the phrase is in fact grammatically correct.", "time": "1 tahun lalu (diedit)", "author": "@izzdakwat0.591", "channel": "UCpeoWog-IGc7QEVYyP8WehA", "votes": "2", "replies": "", "photo": "https://yt3.ggpht.com/ytc/AIdro_kCHEEBNnIWRmd472LC5B2qIdMP8nOuyWY08zb0wOSwKw=s88-c-k-c0x00ffffff-no-rj", "heart": false, "reply": true, "time_parsed": 1715483297.98001}
{"cid": "UgxLs2QfmombtjeavBd4AaABAg.A-G7_IiHjlUA-TDwwJTgN8", "text": "'Sebab boleh dik' for me such a dumbass excuse. Really annoyed", "time": "1 tahun lalu", "author": "@azrael4338", "channel": "UCmYcjUoUSJrSiky-woJpapg", "votes": "1", "replies": "", "photo": "https://yt3.ggpht.com/ytc/AIdro_n_XVAY0zk4_MCDiTIydfgHYreuK06U54T8F9fePLYxFHw=s88-c-k-c0x00ffffff-no-rj", "heart": false, "reply": true, "time_parsed": 1715483297.981577}
{"cid": "UgxLs2QfmombtjeavBd4AaABAg.A-G7_IiHjlUA-Wz6gfkX5s", "text": "Acknowledge UEC as that provides all the talent. Thanks.", "time": "1 tahun lalu", "author": "@leealex24", "channel": "UCCienV9O2Jkl3bcSyz04L1Q", "votes": "0", "replies": "", "photo": "https://yt3.ggpht.com/ytc/AIdro_k4oWz01IEHmmAJD8Za7cyMZuA66jBofSPqUMOeb7k=s88-c-k-c0x00ffffff-no-rj", "heart": false, "reply": true, "time_parsed": 1715483297.983154}
{"cid": "UgxLs2QfmombtjeavBd4AaABAg.A-G7_IiHjlUA-_h4Oew2CR", "text": "I think we really need to indoctrinate pupils with being a failure if they do not pass any major exams, I still remember how afraid I was if I don't perform well during my SPM. Ended up, I tried very hard to pass the exam and surprisingly I scored some of the subjects, got into the University and graduated to work as a software engineer now.", "time": "1 tahun lalu", "author": "@nakhihit9408", "channel": "UCb0w5Z27gb35OU6lZ5OHjdQ", "votes": "0", "replies": "", "photo": "https://yt3.ggpht.com/ytc/AIdro_n-EzQ1I_7cfec-TqyDFWtasA8WZeheHWU0DsM32gsL9w=s88-c-k-c0x00ffffff-no-rj", "heart": false, "reply": true, "time_parsed": 1715483298.199698}
{"cid": "UgxLs2QfmombtjeavBd4AaABAg.A-G7_IiHjlUA44l4NWszkT", "text": "Useless when you go overseas. You will be working as office girl. Sorry to say that but that is the facts. Malaysian educations system, I really do not know what you people are learning these days.", "time": "11 bulan lalu", "author": "@richardliu7499", "channel": "UCncI5YPVlEjBrW-ef7OctSQ", "votes": "0", "replies": "", "photo": "https://yt3.ggpht.com/ytc/AIdro_m6P161ymH7WAZgI-aIPYCA9oBxtPh8FNFmsPACVF93Gg=s88-c-k-c0x00ffffff-no-rj", "heart": false, "reply": true, "time_parsed": 1718161698.20442}
{"cid": "UgxLs2QfmombtjeavBd4AaABAg.A-G7_IiHjlUA4s1dNsrp-o", "text": "​ @joachimlai1332  you misunderstood her. She's basically saying she's one of the students from the first batch of 04.", "time": "10 bulan lalu", "author": "@dragonniz", "channel": "UC9K3akMBfIbJe1rwGAct2Sw", "votes": "0", "replies": "", "photo": "https://yt3.ggpht.com/ytc/AIdro_m4M47plb8sAPSV0VSFLYw1dwfH8Gjd0nHgFT_vsRDCOg=s88-c-k-c0x00ffffff-no-rj", "heart": false, "reply": true, "time_parsed": 1720753698.207758}
{"cid": "UgxLs2QfmombtjeavBd4AaABAg.A-G7_IiHjlUA5_wpx9A7v2", "text": "TESL STUDENT HERE AS WELL, I’ve been keeping myself to be updated on the ongoing issue of the education system nowadays, and the youngsters behaviors. its upsetting to see this kind of behavior and swept under the rug.", "time": "10 bulan lalu", "author": "@mrahshanullah8031", "channel": "UCxff2Y21RP8V2Pnm9fmr7RA", "votes": "1", "replies": "", "photo": "https://yt3.ggpht.com/ytc/AIdro_nZFYvN5ThLVYEc0LBOzRc621wVlCbMVv3LzNHHJSX549s=s88-c-k-c0x00ffffff-no-rj", "heart": false, "reply": true, "time_parsed": 1720753698.210496}
{"cid": "UgxLs2QfmombtjeavBd4AaABAg.A-G7_IiHjlUA5eFW_yZhGy", "text": "Good for you and good for the country, as rich people said.. Keep them poor keep them working 9 to 5 😂😂😂", "time": "10 bulan lalu", "author": "@BonESaw95", "channel": "UCeLABbwgqi4Jy5PieBk3FNQ", "votes": "0", "replies": "", "photo": "https://yt3.ggpht.com/ytc/AIdro_lbHV92kYHa2Bt6vyC6PGPgjKr2MrfwPfuHywf_3QAOLng=s88-c-k-c0x00ffffff-no-rj", "heart": false, "reply": true, "time_parsed": 1720753698.212699}
{"cid": "UgxZrCwU94usZfZLYO14AaABAg.A-G5ciIFBw2A-MY9TXDY8_", "text": "I agree, but religious classes can be important for those who aspire to become a religious teacher in the future, the knowledge is crucial knowing that malaysia is a \"majority muslim\" country (Not a muslim country). But its pitiful how even PSV and RBT subjects in school are useless. PSV is taught by a teacher who cant do art, and English is taught by a teacher who can't speak a full sentence of English in class. embarassing. this is not implied to every teachers, but most of them are like this", "time": "1 tahun lalu", "author": "@ryoutacooks", "channel": "UChI9ulRZpiFTkuCHl5-2W3w", "votes": "0", "replies": "", "photo": "https://yt3.ggpht.com/lCbKftAqcM9nVYVaHdFR16_BsfcrBoV1WWok21_cEkng2GiCGKSZ2NEhbiuPTbI1aNCTeW_LyQ=s88-c-k-c0x00ffffff-no-rj", "heart": false, "reply": true, "time_parsed": 1715483298.513616}
{"cid": "UgxZrCwU94usZfZLYO14AaABAg.A-G5ciIFBw2A-Twc978Av9", "text": " @ryoutacooks  Education is one thing, the other things are those not in education profession becomes the current leaders.  Do you trust them making the right judgement in subjects they aren't familiar with?  Promoting them based on race and not based on qualification certainly is questionable. Imagine building a bridge millions depends on to drive or walk every day, or going to a medical doctor and their first word they utter is \"Bismillahir Rahmanir Raheem\", I'll probably be the first to walk out the door. ;-)", "time": "1 tahun lalu (diedit)", "author": "@hykok", "channel": "UCPmdjMTaL-hoA7gnDGoPy9A", "votes": "0", "replies": "", "photo": "https://yt3.ggpht.com/ytc/AIdro_nKyu7_-n-GoTqaC0Yq4CWt4AKTrwlAsV-tN2o4l8i3f4o=s88-c-k-c0x00ffffff-no-rj", "heart": false, "reply": true, "time_parsed": 1715483298.51665}
{"cid": "UgxZrCwU94usZfZLYO14AaABAg.A-G5ciIFBw2A1KxlO85mY2", "text": "​​ @hykok  Nah, nothing wrong with uttering bismillah. It basically just means \"in the name of Allah\". Yeah but malaysia can definitely improve in choosing their leaders. Although its actually impossible cause corruption in malaysia is inevitable. however, Religion isnt the problem. I give u an instance, dr nisha graduated from Madrasah wak tanjong in Singapore. And now she is a yale postdoctoral researcher. there are lots of madrasah alumni who graduated and entered a good University. It's always about the education and clearly malaysia isnt the best at handling it", "time": "1 tahun lalu (diedit)", "author": "@ryoutacooks", "channel": "UChI9ulRZpiFTkuCHl5-2W3w", "votes": "0", "replies": "", "photo": "https://yt3.ggpht.com/lCbKftAqcM9nVYVaHdFR16_BsfcrBoV1WWok21_cEkng2GiCGKSZ2NEhbiuPTbI1aNCTeW_LyQ=s88-c-k-c0x00ffffff-no-rj", "heart": false, "reply": true, "time_parsed": 1715483298.518969}
{"cid": "UgykzK3LiiPru0x1-WN4AaABAg.A-G4Q42eVQtA-GSRI6TDxD", "text": "masalah dia sekarang juga adalah cikgu2 yg bagus semua dapat offer pergi private yg lagi bagus duitnya compared to gov service", "time": "1 tahun lalu", "author": "@dariel299", "channel": "UCjuC74px-7mbBCNzpEBqaEA", "votes": "0", "replies": "", "photo": "https://yt3.ggpht.com/ytc/AIdro_kVGrFo7JPaOuCTi1RAvKfk0XUs7zBlnE1mpZAFftlOKQc=s88-c-k-c0x00ffffff-no-rj", "heart": false, "reply": true, "time_parsed": 1715483298.714647}
{"cid": "Ugy_Jtaq58o9KAnj2QR4AaABAg.A-G4EhP1331A-GDF4GJ07I", "text": "You are lucky. There were many more with straight As in UPSR but not given the opportunity. If not Malaysia would have produced a lot more talented professionals.", "time": "1 tahun lalu", "author": "@tongyawchong798", "channel": "UChb7TsnLBhFSfOkz8vG0zkA", "votes": "5", "replies": "", "photo": "https://yt3.ggpht.com/ytc/AIdro_nbHq_bzOIEQ-k9DjOfDGuN77V55RsKZQLtS05G18k=s88-c-k-c0x00ffffff-no-rj", "heart": false, "reply": true, "time_parsed": 1715483299.022903}
{"cid": "Ugy_Jtaq58o9KAnj2QR4AaABAg.A-G4EhP1331A-IblaK72As", "text": "This PISA never had a test on this type of school.  They only focusing on the rural school to conduct those test.", "time": "1 tahun lalu", "author": "@theseal777", "channel": "UCkNSHrfz19e97Rh2aBzUJAg", "votes": "0", "replies": "", "photo": "https://yt3.ggpht.com/ITtoXL9j28DPrMVt1M2gjXGIUVg3-sZUeNRdVuSy_MwGxmg25xpdd02bF37C_OwSLu92G2auwyA=s88-c-k-c0x00ffffff-no-rj", "heart": false, "reply": true, "time_parsed": 1715483299.025947}
{"cid": "UgzDqSxOk5pLGNTf40N4AaABAg", "text": "If u are Bumi, which would u prefer more?\n\na) better education, better future, equal chance to all races\n\nb) Bumi s right protected, quota, education quality as 2nd priority", "time": "1 tahun lalu", "author": "@Minimanemohahaha", "channel": "UC8sz19hoEdk_OKamcfqqOyA", "votes": "0", "replies": "1", "photo": "https://yt3.ggpht.com/ytc/AIdro_kIUV8hYtIlQkzn8494lxT9vy-9b3V-V-Cofnyv4tQ=s88-c-k-c0x00ffffff-no-rj", "heart": false, "reply": false, "time_parsed": 1715483299.332331}
{"cid": "UgzXXHTGS3boDGL5LMp4AaABAg", "text": "Mahathir the root cause of our low education, we were left with a very good education by the British and mathatir destroy it", "time": "1 tahun lalu", "author": "@ChuanTeh", "channel": "UC3Ko0iCVsU6mNFZigRIw2ng", "votes": "0", "replies": "1", "photo": "https://yt3.ggpht.com/ytc/AIdro_nEaD_Rk3gYEqhmikjMp7vwgj1kjo_1clhZVFPoWzf4kyAVnj5RvUUogQGgDuScZLz2rA=s88-c-k-c0x00ffffff-no-rj", "heart": false, "reply": false, "time_parsed": 1715483299.334589}
{"cid": "UgzaJZyeQW0YzyOEpxp4AaABAg", "text": "To quote a writer \"They want workers, not thinkers/leaders\". The rich and political leaders knew all along our education system is fked up and only serve to produce workers, that's why they send their kids to private schools or abroad.", "time": "1 tahun lalu", "author": "@bloomingblossom5269", "channel": "UC3b3mmmZpQ2HzhTeuXWl5zQ", "votes": "0", "replies": "", "photo": "https://yt3.ggpht.com/F05aLlqN212mcebXQEEuqTA_1Wx06SVfl9cdTkvFowWLKa5zhvsZmfWtAqB2uiG1NdxfjNCHdA=s88-c-k-c0x00ffffff-no-rj", "heart": false, "reply": false, "time_parsed": 1715483299.336407}
{"cid": "UgzsO1sOB1NllJrLpld4AaABAg", "text": "Why do you get your panties in a bunch over some rank made by foreign entities with their imagined 'standards'. Who cares if they rank us low, it's our own journey to correct it and make it work. If you really love the Scandinavian model then go there and live it. Stop complaining and come support our kids.", "time": "1 tahun lalu", "author": "@justyasier", "channel": "UCESD_dsfjTLUVQyj7Jg9bRg", "votes": "0", "replies": "", "photo": "https://yt3.ggpht.com/kLaQ2RtKOkiLmdSaOdCxsomda75jHFczXT7Svc3P-38f6rukdK0kiuXXZH49e_b_2hPNmRX8=s88-c-k-c0x00ffffff-no-rj", "heart": false, "reply": false, "time_parsed": 1715483299.338213}
{"cid": "Ugw-ORliO4t4kpbILhR4AaABAg", "text": "I still remember there was a time whereby our government keep changing the languages used on STEM subjects to suit their need politic agenda. From English format to BM format and then back and forth for nearly 3 or 4 times. Changing to BM format for STEM subjects purpose was to give a perception to the public so that they (government) are seem favorable and patriotic. But in the student perspectives, its neither patriotic nor suitable for their future. These MOE leadership are the failure of our Malaysian students. They should never bring politic agenda into the school education system. Period. Why should the students suffer for their future when the leaders of this country cares not with the new generation's education?", "time": "1 tahun lalu", "author": "@Freedom621", "channel": "UC-OseH76ucJEfA1WZ4NUhpg", "votes": "0", "replies": "", "photo": "https://yt3.ggpht.com/ytc/AIdro_mt9DM4uF3QMegOl6StpGr9R9fKJOVV7qNUBj-YTL-prg=s88-c-k-c0x00ffffff-no-rj", "heart": false, "reply": false, "time_parsed": 1715483299.339825}
{"cid": "UgyQX7yB2LtRc3kL7EV4AaABAg", "text": "PISA = PIZZA, delicious, sedap! But Malaysia kantoi.\r\n\r\nSingapore uses the method of recruiting “crème de la crème” students. Give them scholarships. Bond them. Send them to the best universities e.g. Cambridge, Oxford, Harvard, MIT. Come back to be teachers and paid well and comparable to architects, IT professional etc. School students are well taught because the teaches themselves are clever. Additional advantage is Singapore uses English as medium of instruction. Singapore uses budget allocation well for education. May be Malaysia can adopt some of these footsteps.", "time": "1 tahun lalu", "author": "@tg988", "channel": "UCsDlKLuzH63fcJpdb2siTQA", "votes": "23", "replies": "1", "photo": "https://yt3.ggpht.com/ytc/AIdro_lLXLVWalffOBNTww84RdCYyvS7hgCR270mG0haKPB_fZ4ru5-6J-VbloaMX_3nNSVpx00=s88-c-k-c0x00ffffff-no-rj", "heart": false, "reply": false, "time_parsed": 1715483299.3414}
{"cid": "UgyCF4ETQ26MPCs8rpx4AaABAg", "text": "It is impossible to teach the cow to climb a tree....", "time": "1 tahun lalu", "author": "@KOKCHANGPAN", "channel": "UCvB4MrDUOdcrAtSP1K2gY3g", "votes": "1", "replies": "", "photo": "https://yt3.ggpht.com/ytc/AIdro_kgo5-MnM8oZR7nY16V-tDL5_A6dKIJoQqTwiqSgTbZYwwthXx2pd4s6k-o2cXayo3jJA=s88-c-k-c0x00ffffff-no-rj", "heart": false, "reply": false, "time_parsed": 1715483299.342949}
{"cid": "UgwjWJALj9LKe6gwASR4AaABAg", "text": "If you read about how long it takes Singapore to train teachers  and effect a major change, it is like 20 years.  \n\n20 years of constantly upholding the new standards while the old fades away. I dont think MY can do\n\nIt's an uphill task considering MY spend more on education per capita than JP or SG.", "time": "1 tahun lalu", "author": "@NEAAFFAIRS", "channel": "UCEnt8VXll8pkSJfIzycFOFw", "votes": "1", "replies": "", "photo": "https://yt3.ggpht.com/ytc/AIdro_kjBw4PZk56WR-WQWhQ7PLAzGch0U4ZMoyBsuWeHlGnjQ=s88-c-k-c0x00ffffff-no-rj", "heart": false, "reply": false, "time_parsed": 1715483299.344478}
{"cid": "UgyvMz-8KuRxwW1WcXR4AaABAg", "text": "It is not a failure to the elites lah. It succeeded in dumbing down those without connections so that the general public continues to believe in the capability of the governing class.", "time": "1 tahun lalu", "author": "@uwet.8826", "channel": "UC3DSFpI2Om9h5mt99Be5u2w", "votes": "0", "replies": "", "photo": "https://yt3.ggpht.com/ytc/AIdro_kccAjnf7BaVgI0rBEeD61UbEtnDyfrPxGlHVRQzVo=s88-c-k-c0x00ffffff-no-rj", "heart": false, "reply": false, "time_parsed": 1715483299.346013}
{"cid": "Ugz9JUUFGDNCK9hOput4AaABAg", "text": "Not teachers problem bro.. results for SBP and MRSM as well as other excellent schools did not decline drastically including international and private schools. we have good teachers, but they are not given the right circumstances to teach properly. shifting policies as well as overnight revamps killed the education system because they cannot adapt to the demands of their higher ups. the teachers are still answering to a higher up, and their decisions they choose in teaching still is affected by the higher ups. removals of high stakes national examination also contributes to these dropping performances because parents and schools are not incentivized to make the child study effectively. \n\nsystematic problem. not personnel problem. our pool of teachers are talented because we have IPG, UPSI and many other uni offering education degrees. the training is sound. just that how the system is operated is killing the education itself.", "time": "1 tahun lalu", "author": "@21isTuAN", "channel": "UCl8TtfI1YwDdhNDBR7QJhzQ", "votes": "1", "replies": "", "photo": "https://yt3.ggpht.com/ytc/AIdro_mKYC49Al9b4Ko3SrrOWr5arbOg85GwC1f-anwJIJCz9m4=s88-c-k-c0x00ffffff-no-rj", "heart": false, "reply": false, "time_parsed": 1715483299.347439}
{"cid": "Ugz5SgUOFx4U0on2UvV4AaABAg", "text": "Setuju bro ... we as Malaysians have to improve", "time": "1 tahun lalu", "author": "@bsg2201", "channel": "UCNGdBFQRZ1MlUSEg6RCzeAA", "votes": "0", "replies": "1", "photo": "https://yt3.ggpht.com/ncrGYd2PR8ycqf4uL_pDveOsI_1injkmai8Jutw0-ORkQyuPJpU_Gm9dxdk2AfVX566g7iJHZrw=s88-c-k-c0x00ffffff-no-rj", "heart": false, "reply": false, "time_parsed": 1715483299.348805}
{"cid": "Ugx12FFVfjqeCRL3rqh4AaABAg", "text": "When you simply put all the blame on teachers, thats where you are now partially become the problem in our education system. \n\nHave you ever wondered why more and more teachers are now leaving the profession? Being a teacher in Malaysia is now super stressful. Teachers not only teach, but are also required to do many other things i.e clerk, gardener, accountant, carpenter, librarian, it technician, electrician, plumber painter, sports coach, security guard, etc.\n\nLets just compare the system in a school to a hospital. In hospital, you'll have doctors responsible with treating patients, nurses to assist the doctors, dedicated IT support to ensure computers run smooth, clerks to handle documentations and payments, accountant to handle finances, radiologist to conduct all the scans, electricians for the wiring, etc. You get the gist. But in school, everything falls under the responsibility of teachers. Teachers receive no help whatsoever, yet job scope of teachers keep increasing year after year. Hence teachers can't really focus on teaching quality. Energy wasted on other things not related to actual teaching, to the extent that many malaysian teachers are already burnt out. \n\nDespite that, this is not even half of the entire problem in our education system. There are many more. But please remember, as outsiders looking inside, you can only see things on the surface. To get real understanding on issue, talk to the teachers, the actual people on the field.", "time": "1 tahun lalu", "author": "@tmhaikalty", "channel": "UCQeFvn31U1Rer4BxrJG67kw", "votes": "1", "replies": "", "photo": "https://yt3.ggpht.com/ytc/AIdro_k1u9fRdlOWXD4mntBFougjT1l81pTh0qC9Uo_QsFGC-g=s88-c-k-c0x00ffffff-no-rj", "heart": false, "reply": false, "time_parsed": 1715483299.350161}
{"cid": "Ugy9lLLFL6j6AhrJkjB4AaABAg", "text": "its in English... not the first working language in malaysia right?", "time": "1 tahun lalu", "author": "@sohjiasheng7247", "channel": "UC7lOgg-uigQ6zelKuVIarCQ", "votes": "0", "replies": "", "photo": "https://yt3.ggpht.com/ytc/AIdro_nzZ87tNMFcy2ZQ4hS57gEtY85NxSMlOuM8C0xlozpuWQ=s88-c-k-c0x00ffffff-no-rj", "heart": false, "reply": false, "time_parsed": 1715483299.351573}
{"cid": "UgxaOPQLlnVI3Wmdokd4AaABAg", "text": "SPM is \"protected\" under thr Internal Security Acts. No one is allowed to know the grades thresholds. This already shows how rubbish the public education system is in msia.", "time": "1 tahun lalu", "author": "@SW-fy8pq", "channel": "UCiTXq6gkV-NLHhCz3inVdlw", "votes": "0", "replies": "", "photo": "https://yt3.ggpht.com/ytc/AIdro_kflsCb-erzzZCWLwd4h6rLoi_sCbxZRCbu86it72A=s88-c-k-c0x00ffffff-no-rj", "heart": false, "reply": false, "time_parsed": 1715483299.352888}
{"cid": "UgwM0XhES9U0P4LHIKZ4AaABAg", "text": "Teachers nowadays also need to do administrative works, which is burdensome.", "time": "1 tahun lalu", "author": "@mangrooveDan", "channel": "UCFEbJHmHvs5o6nBW6jrTjOg", "votes": "0", "replies": "", "photo": "https://yt3.ggpht.com/ytc/AIdro_khjNpLjzqFq2QiSYQdiI-oLNsrO63M6vlwqNK2a-f14jc=s88-c-k-c0x00ffffff-no-rj", "heart": false, "reply": false, "time_parsed": 1715483299.354123}
{"cid": "UgzUHydQC8SeeWsSjU54AaABAg", "text": "I heard this issues a lot and please don't blame the teacher (this is my perspective as a student that just grad from college) it was more to the system itself\n\n1. Too many task / responsibilities\n\nLecturers / teacher in schools tend to have more than one responsibilities making them having no time to focus on class for material, research and discipline like back in early 2010's. I remember one of my teacher had more than 4 responsibilities and she doesn't have time to teach us due to that.\n\n2. Too soft\n\nIn today generations kids are being pampered too much by parents, there are no more rotan, no more campak buku, no more slapping on the face, no more slapping on the butt or etc having punishment that we have before. We need to bring this back as punishment's is a way to shape one individuality.\n\n3. Silibus are too far from the exam.\n\nI have one elementary kid and whenever I look at her book the question and it make sense until come the exam \"wtf was this exam question? Are the examiner or paper maker on drug or something?\" i didn't know  what is on their mind at all.. I can understand that \"Section B\" is creative thinking but the question itself is too much.\n\nI wanna write and rant more but I'm lazy and know it won't solve anything. Everyone just please educate and take care of your child especially from media social \"DON\"T LET THEM SEE THOSE STUPID INFLUENCER, THOSE INFLUENCER ARE NOT EVEN THINKING WHAT ARE THINKING ABOUT\"", "time": "1 tahun lalu", "author": "@ryuuu9818", "channel": "UCRFecH_f3UlQ-wcLziLt80g", "votes": "2", "replies": "4", "photo": "https://yt3.ggpht.com/ytc/AIdro_nG4SbiRinF1vfW-o9Rnw5llJVk7TkcI6fsy_QOXjoibee1KSsh76gul9To0U7W2NWuBQ=s88-c-k-c0x00ffffff-no-rj", "heart": false, "reply": false, "time_parsed": 1715483299.355345}
{"cid": "UgymcoKLCa_9QjDPURl4AaABAg", "text": "When Principals and school teachers became race base.  There is no quality of education and qualified talents were given but just quota to support race base livelihood not qualify quality. Multiracial international standard are lost.  Teaching became religion base, race base styles, religious clothing styles,, not motivated, backwards not international standards.  English is International Standard. There is no more international styles but race base religious styles & backwards styles.", "time": "1 tahun lalu (diedit)", "author": "@wendyshoowaiching4161", "channel": "UCPsJyGnd99EaTzMuaHMHltQ", "votes": "1", "replies": "", "photo": "https://yt3.ggpht.com/ytc/AIdro_lS4rTS_NUWN9GQsoRf_gUsflV7YbmKryNGqK5J7xWOIt3AtHQVn0Ahc6cAWoAyQVqJvQ=s88-c-k-c0x00ffffff-no-rj", "heart": false, "reply": false, "time_parsed": 1715483299.356575}
{"cid": "UgzZeq-Zg41GTG7ERld4AaABAg", "text": "It's was mathatir who pull down our education back to 20 years, appointing unqualified headmaster and teachers who are only qualified for religion school", "time": "1 tahun lalu", "author": "@ChuanTeh", "channel": "UC3Ko0iCVsU6mNFZigRIw2ng", "votes": "2", "replies": "1", "photo": "https://yt3.ggpht.com/ytc/AIdro_nEaD_Rk3gYEqhmikjMp7vwgj1kjo_1clhZVFPoWzf4kyAVnj5RvUUogQGgDuScZLz2rA=s88-c-k-c0x00ffffff-no-rj", "heart": false, "reply": false, "time_parsed": 1715483299.3578}
{"cid": "UgydH14WOpjV3LdwKtl4AaABAg", "text": "Politics had creeped in and messed with our education system. Just ask yourself, what will solidarity week do good for our kids? Humanity? Don't we already have moral subject? Ask the politician who headed the education ministry. 😅😅😅", "time": "1 tahun lalu", "author": "@choo928", "channel": "UCtqh8J2Y_CFYfgiRa3U_slg", "votes": "0", "replies": "", "photo": "https://yt3.ggpht.com/ytc/AIdro_lS52x_GPzhO6SEhz6FgZRlUnkxvfogktISLx5ggGmcEw0=s88-c-k-c0x00ffffff-no-rj", "heart": false, "reply": false, "time_parsed": 1715483299.358953}
{"cid": "Ugx0VgQV8vGKDStyo7R4AaABAg", "text": "Mahathir!!", "time": "1 tahun lalu", "author": "@harrishvarman", "channel": "UCSlulbZQX1Vtbt_FaZbq84g", "votes": "0", "replies": "1", "photo": "https://yt3.ggpht.com/QEg67rnAIS4oC18Enn_jECi57ON87xwSYvBGxYqSB-6qkwRnIuk7C8Di-PPIXnS39tvx5BYpBQ=s88-c-k-c0x00ffffff-no-rj", "heart": false, "reply": false, "time_parsed": 1715483299.360086}
{"cid": "UgzDqSxOk5pLGNTf40N4AaABAg.A-G0iq0NaroA-I0khgSm5V", "text": "Almost all Malay would pick b. They don't care about this country, they only care about Malays.", "time": "1 tahun lalu (diedit)", "author": "@frog6054", "channel": "UCCsypymTgJM_BwPl-KlUI2g", "votes": "0", "replies": "", "photo": "https://yt3.ggpht.com/COWI6bTbaiQ9RwjuTmlSlHEwsDTDMEJ4LrCxg4YDRW6hhnCDEkLkgGVW84l1c8U662xdJltcCw=s88-c-k-c0x00ffffff-no-rj", "heart": false, "reply": true, "time_parsed": 1715483299.637927}
{"cid": "UgzXXHTGS3boDGL5LMp4AaABAg.A-G0E4t-xcMA-G34mJLimi", "text": "Agree he was responsible. But it’s the Rakyat that gave his the mandate repeatedly.  Blame cannot be squarely on him.", "time": "1 tahun lalu", "author": "@garychong8898", "channel": "UCbe27gIgVs3trllH9kpHfvg", "votes": "0", "replies": "", "photo": "https://yt3.ggpht.com/GIIkgk56Xnze_QjSnJQoMUJrEHDYj3j9190aEj5_h7DfV1dgFxsdnEMzOVNnHkUiY1TScSH-5A=s88-c-k-c0x00ffffff-no-rj", "heart": false, "reply": true, "time_parsed": 1715483299.862071}
{"cid": "UgyQX7yB2LtRc3kL7EV4AaABAg.A-G02WTgl8mA00U7PZcqDV", "text": "Singapore practises a meritocratic system.", "time": "1 tahun lalu", "author": "@leonleon765", "channel": "UC_W2yLXRurLlKzWUg9oGvUQ", "votes": "4", "replies": "", "photo": "https://yt3.ggpht.com/ytc/AIdro_kMnKZ4r6f548evTMG67HsUqsSOW8NmyiMZgdfLC1U=s88-c-k-c0x00ffffff-no-rj", "heart": false, "reply": true, "time_parsed": 1715483300.059626}
{"cid": "Ugz5SgUOFx4U0on2UvV4AaABAg.A-FzXmQ-f-hA-G-OD9yCos", "text": "All agree. But how?", "time": "1 tahun lalu", "author": "@garychong8898", "channel": "UCbe27gIgVs3trllH9kpHfvg", "votes": "0", "replies": "", "photo": "https://yt3.ggpht.com/GIIkgk56Xnze_QjSnJQoMUJrEHDYj3j9190aEj5_h7DfV1dgFxsdnEMzOVNnHkUiY1TScSH-5A=s88-c-k-c0x00ffffff-no-rj", "heart": false, "reply": true, "time_parsed": 1715483300.287637}
{"cid": "UgzUHydQC8SeeWsSjU54AaABAg.A-FyDGHXcmFA-G6DIt6Na4", "text": "too many task? It is suitable with your salary though. What you expect.", "time": "1 tahun lalu", "author": "@ainajoe5874", "channel": "UCT-IHmygvzwTIBIWwb6RaQg", "votes": "0", "replies": "", "photo": "https://yt3.ggpht.com/gpKtiOMvXIBSVAYV3EZMl_NcGna_KH4daJF4zGeeV5O7b8xGR1hqUIT-Xna-99joc8D9UP72ytw=s88-c-k-c0x00ffffff-no-rj", "heart": false, "reply": true, "time_parsed": 1715483300.492228}
{"cid": "UgzUHydQC8SeeWsSjU54AaABAg.A-FyDGHXcmFA-If_TByUcf", "text": " @ainajoe5874  If it related to their perspective job than it's okay, curriculum, classroom, sports etc are being put on 1 teacher making them can't focus on the class. Not too mentioned the paperwork and all those meeting that were held between class", "time": "1 tahun lalu (diedit)", "author": "@ryuuu9818", "channel": "UCRFecH_f3UlQ-wcLziLt80g", "votes": "0", "replies": "", "photo": "https://yt3.ggpht.com/ytc/AIdro_nG4SbiRinF1vfW-o9Rnw5llJVk7TkcI6fsy_QOXjoibee1KSsh76gul9To0U7W2NWuBQ=s88-c-k-c0x00ffffff-no-rj", "heart": false, "reply": true, "time_parsed": 1715483300.494185}
{"cid": "UgzUHydQC8SeeWsSjU54AaABAg.A-FyDGHXcmFA-J1ELBon-p", "text": " @ryuuu9818  divide it lah. Or are the teacher selfish.", "time": "1 tahun lalu (diedit)", "author": "@ainajoe5874", "channel": "UCT-IHmygvzwTIBIWwb6RaQg", "votes": "0", "replies": "", "photo": "https://yt3.ggpht.com/gpKtiOMvXIBSVAYV3EZMl_NcGna_KH4daJF4zGeeV5O7b8xGR1hqUIT-Xna-99joc8D9UP72ytw=s88-c-k-c0x00ffffff-no-rj", "heart": false, "reply": true, "time_parsed": 1715483300.495976}
{"cid": "UgzUHydQC8SeeWsSjU54AaABAg.A-FyDGHXcmFA-J1KycegX3", "text": " @ryuuu9818  If cannot also try bancuh simen with rm2500 only salary.", "time": "1 tahun lalu (diedit)", "author": "@ainajoe5874", "channel": "UCT-IHmygvzwTIBIWwb6RaQg", "votes": "0", "replies": "", "photo": "https://yt3.ggpht.com/gpKtiOMvXIBSVAYV3EZMl_NcGna_KH4daJF4zGeeV5O7b8xGR1hqUIT-Xna-99joc8D9UP72ytw=s88-c-k-c0x00ffffff-no-rj", "heart": false, "reply": true, "time_parsed": 1715483300.497767}
{"cid": "UgzZeq-Zg41GTG7ERld4AaABAg.A-Fwvu02AcNA-G2LiKrpDh", "text": "But why was Tun M being elected again and again?", "time": "1 tahun lalu", "author": "@garychong8898", "channel": "UCbe27gIgVs3trllH9kpHfvg", "votes": "0", "replies": "", "photo": "https://yt3.ggpht.com/GIIkgk56Xnze_QjSnJQoMUJrEHDYj3j9190aEj5_h7DfV1dgFxsdnEMzOVNnHkUiY1TScSH-5A=s88-c-k-c0x00ffffff-no-rj", "heart": false, "reply": true, "time_parsed": 1715483300.762697}
{"cid": "Ugx0VgQV8vGKDStyo7R4AaABAg.A-Fwc7fUqeDA-FzGY6FFL_", "text": "But he was PM for many years. Can we really blame him? The Rakyat voted for him and his government.", "time": "1 tahun lalu", "author": "@garychong8898", "channel": "UCbe27gIgVs3trllH9kpHfvg", "votes": "0", "replies": "", "photo": "https://yt3.ggpht.com/GIIkgk56Xnze_QjSnJQoMUJrEHDYj3j9190aEj5_h7DfV1dgFxsdnEMzOVNnHkUiY1TScSH-5A=s88-c-k-c0x00ffffff-no-rj", "heart": false, "reply": true, "time_parsed": 1715483300.965048}
{"cid": "Ugxd6GNs2jBCJbpL9F54AaABAg", "text": "we malay too focus in our early religion education  which couldn't help for future living.", "time": "1 tahun lalu", "author": "@earthboy5148BinMat", "channel": "UCWSDgprbcSOEQQOIAigssuQ", "votes": "3", "replies": "", "photo": "https://yt3.ggpht.com/ytc/AIdro_nR804otqKaIc5YPaPz7Wn5F0E6VUPk5S8ToShNS_Q3Cw=s88-c-k-c0x00ffffff-no-rj", "heart": false, "reply": false, "time_parsed": 1715483301.270507}
{"cid": "Ugy0BNyh2pr8SUb-o6F4AaABAg", "text": "Same record playing over past 30 plus years. Hope it will change soon. But I am not optimistic. Even Brunei is trending up. They have similar demographics", "time": "1 tahun lalu (diedit)", "author": "@garychong8898", "channel": "UCbe27gIgVs3trllH9kpHfvg", "votes": "0", "replies": "", "photo": "https://yt3.ggpht.com/GIIkgk56Xnze_QjSnJQoMUJrEHDYj3j9190aEj5_h7DfV1dgFxsdnEMzOVNnHkUiY1TScSH-5A=s88-c-k-c0x00ffffff-no-rj", "heart": false, "reply": false, "time_parsed": 1715483301.273098}
{"cid": "UgxqOlzc2kTGOIoldZJ4AaABAg", "text": "many people in comments here claim that the teachers arent the problem or whatever but no factually and statistically its not true how many teachers have you had that even speak fluent english it genuinely feels like some teachers are just under qualified. The part where he mentioned a graduate said some teachers teach in bahasa despite the subject being in english is so true", "time": "1 tahun lalu (diedit)", "author": "@dankshadow5665", "channel": "UCd_XdNufdklJ_ut9GT3bTFw", "votes": "2", "replies": "", "photo": "https://yt3.ggpht.com/ov8QbbiqLfiOnHhz4pwxY8xb8ajG1f1PrUzRrJsq7c2mi5KyWZIkhz0DxuXbrAp5dAG72TEj9Q=s88-c-k-c0x00ffffff-no-rj", "heart": false, "reply": false, "time_parsed": 1715483301.275108}
{"cid": "UgxpIjwee2LjoRYjyJ94AaABAg", "text": "If only maintain the English language medium we will not like this\nBecause student can read all the material available around the worlds to be better student\nBut malay\nWe have to depend on the intellect of existing so call experts to translate who are mostly slanted by Islamic cause", "time": "1 tahun lalu", "author": "@sathiyamurthit748", "channel": "UCzoVRLm2bmSU00qkTIAofFg", "votes": "5", "replies": "", "photo": "https://yt3.ggpht.com/ytc/AIdro_n2rmIbtvIKS7tYMAoFjoXAfmIY__cBpvofmdSa6h61jAs=s88-c-k-c0x00ffffff-no-rj", "heart": false, "reply": false, "time_parsed": 1715483301.277006}
{"cid": "UgwZ5kXed3ZP2Bnu_-54AaABAg", "text": "PISA", "time": "1 tahun lalu", "author": "@dzet1000", "channel": "UCifoGm0SZCwzYpakqYuzeQw", "votes": "0", "replies": "", "photo": "https://yt3.ggpht.com/ytc/AIdro_maRDEKHA_ZpDiwISVZg9BaLmLNazXQMHmzVK0PP7A=s88-c-k-c0x00ffffff-no-rj", "heart": false, "reply": false, "time_parsed": 1715483301.278792}
{"cid": "UgyTqa0ZvvIQ7J5SCFx4AaABAg", "text": "I don’t think it is caused by the each individual teachers. It is rather the way how they are trained. Imo a class that leads the students to learn rather than a teacher centered teaching is more beneficial. It develops soft skills of the learners rather than they only learning only for the sake of learning. :)", "time": "1 tahun lalu", "author": "@farnis7954", "channel": "UCXYnfHuc_EijiWumTD8T7MQ", "votes": "1", "replies": "", "photo": "https://yt3.ggpht.com/ytc/AIdro_mMRF-rcRa9b_yXNV-hvxnhOm6TnYsgR_H4o8INMq8xI4X1RzG0FqBQ7ldbX62yXqGQeA=s88-c-k-c0x00ffffff-no-rj", "heart": false, "reply": false, "time_parsed": 1715483301.280367}
{"cid": "UgxaNDbs0JT5wSwYI9Z4AaABAg", "text": "What do you mean??!! The Corridors of Power has repaired all the toilets in the schools in Malaysia, so the Education System has been fixed lor!! Amazing Malaysia lah!!", "time": "1 tahun lalu", "author": "@sunnyram8839", "channel": "UCwStXPyni_Kr1iGL6jWMfuA", "votes": "0", "replies": "", "photo": "https://yt3.ggpht.com/ytc/AIdro_nVRVGo9ijFRCxR38DGYt8ufzz5ndfi59fz7N1Rqqc=s88-c-k-c0x00ffffff-no-rj", "heart": false, "reply": false, "time_parsed": 1715483301.281998}
{"cid": "UgyFfBoAb6qBaumcO294AaABAg", "text": "Speaking from a parent's heart, education is the best gift you can give to your child. Sadly, I foresee not much hope for significant change in the next decade. If you are a parent, do your due diligence; there is nothing that can't be learned from the internet, and a parent is still the best teacher for your children.", "time": "1 tahun lalu", "author": "@jkohero", "channel": "UC4TTNt1iik1gbB1jQ1ZZDcw", "votes": "10", "replies": "1", "photo": "https://yt3.ggpht.com/ytc/AIdro_mTDvBv3t6W7BJUb8mlkcp0mhSGP-oun-UD0-0BtDpBbf09=s88-c-k-c0x00ffffff-no-rj", "heart": false, "reply": false, "time_parsed": 1715483301.283578}
{"cid": "UgwGiRgBuTKSVyqQ3IF4AaABAg", "text": "Why are u so over animated and dramatic. It's distracting", "time": "1 tahun lalu", "author": "@liruoyi3369", "channel": "UCmXOAwvLiqB1m-48fmDGFgw", "votes": "2", "replies": "", "photo": "https://yt3.ggpht.com/ytc/AIdro_mHM3JvlnC2WgpTGS36W6cZU0CfI7X_rUxDfod5Mg=s88-c-k-c0x00ffffff-no-rj", "heart": false, "reply": false, "time_parsed": 1715483301.285089}
{"cid": "Ugw83RjsNITdIYHrwLl4AaABAg", "text": "You know i know lah if we are Malaysians.", "time": "1 tahun lalu", "author": "@kcpkcp1000", "channel": "UCo33-fC0Da70CE_wQDal_sg", "votes": "1", "replies": "", "photo": "https://yt3.ggpht.com/ytc/AIdro_kER9hiZNz8X1QOLfoxrmqfLgCG7LZTDD71TbbHj76O_6k=s88-c-k-c0x00ffffff-no-rj", "heart": false, "reply": false, "time_parsed": 1715483301.286479}
{"cid": "Ugw0Ac6ZYmeuPp3kG1N4AaABAg", "text": "In this era of new millennials, we Malaysians are still arguing about the usage of the English language in schools.\nEducation here in Malaysia is Politics. Forget national unity. That does not exist in the ambition of our Ministers or Politicians. We are not even a \"nation\" ! We are all little \"country\" on its own with different takes & needs, spearheads by \"Politicians\" who didn't care about its People.", "time": "1 tahun lalu", "author": "@kingcrab8026", "channel": "UCk1EmS3cEGjEsHd8g9uhB5g", "votes": "3", "replies": "", "photo": "https://yt3.ggpht.com/ytc/AIdro_nZnzhM0AaNo5BcwfKsqVcZB6Xw5_HV8wcQAyTY7joSUOk=s88-c-k-c0x00ffffff-no-rj", "heart": false, "reply": false, "time_parsed": 1715483301.287877}
{"cid": "UgzpVMyu0Od76mGYaEF4AaABAg", "text": "PISA", "time": "1 tahun lalu", "author": "@isaacchung1826", "channel": "UCT5aem9r1-k9imGQolRa1Dg", "votes": "0", "replies": "", "photo": "https://yt3.ggpht.com/ytc/AIdro_ke_kChZSAkBJa1LDZAue3DngfltlcVqP4GeIREeFg=s88-c-k-c0x00ffffff-no-rj", "heart": false, "reply": false, "time_parsed": 1715483301.289265}
{"cid": "UgyZPO-wfybXthhTXQl4AaABAg", "text": "No no no. Maths and science must be in English. English is the language for maths and science.", "time": "1 tahun lalu", "author": "@rakyatprihatin", "channel": "UCwLnkfc0I4V9XTzPkmZFEGg", "votes": "3", "replies": "", "photo": "https://yt3.ggpht.com/ytc/AIdro_nJzEQ2IwG33TN8G-UXgwp314UmwnR02ACKyt2QVbw=s88-c-k-c0x00ffffff-no-rj", "heart": false, "reply": false, "time_parsed": 1715483301.290614}
{"cid": "Ugy7T1Fo2j9luKIDAjd4AaABAg", "text": "Mostly preparing go heaven.. education not important", "time": "1 tahun lalu", "author": "@ngkeong3387", "channel": "UCmsWqthIhWDDwdaEfeY3npQ", "votes": "1", "replies": "", "photo": "https://yt3.ggpht.com/ytc/AIdro_kXrVzf2kng6Bt3fDoTQur3nO0uITlQpQYpnFjviaOOtG-Tqfo3rW8xJWXn5hrlnURcGA=s88-c-k-c0x00ffffff-no-rj", "heart": false, "reply": false, "time_parsed": 1715483301.291878}
{"cid": "UgxGxU1hX8PxpV_24CB4AaABAg", "text": "ni salah satu sebab mengapa sistem pelajaran Malaysia gagal, rakyat lebih memilih bertutur dalam bahasa inggeris berbanding bahasa kebangsaan iaitu bahasa melayu. What a shame", "time": "1 tahun lalu", "author": "@oneusman2868", "channel": "UC1LhuL4YcC9WxZsjPYrEhrg", "votes": "0", "replies": "", "photo": "https://yt3.ggpht.com/ytc/AIdro_ltIO-zsZN-_36QRW6QSe4xeSNfzF16NbWcy9J71-2sVRE=s88-c-k-c0x00ffffff-no-rj", "heart": false, "reply": false, "time_parsed": 1715483301.293112}
{"cid": "UgxnRZEb7XEq_gNVKpF4AaABAg", "text": "There is no tomorrow for Msia. Buying votes through skin colour.", "time": "1 tahun lalu", "author": "@davidhamtaro", "channel": "UC8nJ4s-j3R9MTO8_2nhE-uQ", "votes": "1", "replies": "", "photo": "https://yt3.ggpht.com/ytc/AIdro_mrjO9OGCV3s4KL5FAO-JkZCuMMdHk-I8doHCLmp6C9osfz_JqGDDAT1lwVBwdRzZ35_w=s88-c-k-c0x00ffffff-no-rj", "heart": false, "reply": false, "time_parsed": 1715483301.294352}
{"cid": "Ugy_fHmzDhPM6Q41z7B4AaABAg", "text": "This is the consequence of ditching English completely after independence and choosing race based politics over a merit based system.", "time": "1 tahun lalu", "author": "@plobthewhale", "channel": "UChYJWiXZMkWbrScHUh5pEyQ", "votes": "9", "replies": "", "photo": "https://yt3.ggpht.com/ytc/AIdro_lN16EIReYc3CYUDXsMB1I7Z2AamA79lMcooJ4BrNHloA=s88-c-k-c0x00ffffff-no-rj", "heart": false, "reply": false, "time_parsed": 1715483301.295591}
{"cid": "Ugx9GaQo-oLvdf71bjx4AaABAg", "text": "Lousy teachers. Teachers are not up to standard. Teaching English but speak ing English also no good. Some cannot even pronounce saliva correctly. Haiz.", "time": "1 tahun lalu (diedit)", "author": "@rakyatprihatin", "channel": "UCwLnkfc0I4V9XTzPkmZFEGg", "votes": "1", "replies": "", "photo": "https://yt3.ggpht.com/ytc/AIdro_nJzEQ2IwG33TN8G-UXgwp314UmwnR02ACKyt2QVbw=s88-c-k-c0x00ffffff-no-rj", "heart": false, "reply": false, "time_parsed": 1715483301.296767}
{"cid": "Ugx3V7tw4EQlQGM6_5B4AaABAg", "text": "Pisa", "time": "1 tahun lalu", "author": "@dottielung", "channel": "UCh1aNWmm00KvPccaxMsu4Lw", "votes": "0", "replies": "", "photo": "https://yt3.ggpht.com/ytc/AIdro_nxqCkhCSRMgC-CRTnPvbSQkSm36o_Yk0D_DMq4dY8SyiY=s88-c-k-c0x00ffffff-no-rj", "heart": false, "reply": false, "time_parsed": 1715483301.297899}
{"cid": "UgxcL-GrppDmwkTxrXR4AaABAg", "text": "Don't bluff yourself. It is actually the religious education school that stagnant the system.", "time": "1 tahun lalu", "author": "@ongernie7216", "channel": "UC3-QCdCCsfO-1hWoGKifsRw", "votes": "1", "replies": "", "photo": "https://yt3.ggpht.com/ytc/AIdro_lERaNUWM6HD2oUsc_pO1R6okDb5F2q2AED7X42IBk=s88-c-k-c0x00ffffff-no-rj", "heart": false, "reply": false, "time_parsed": 1715483301.299036}
{"cid": "UgyFfBoAb6qBaumcO294AaABAg.A-FspdL4YA0A-GctygKMs1", "text": "You are a smart person", "time": "1 tahun lalu (diedit)", "author": "@KingKong-z4v", "channel": "UCYxCWUEOZIxYzgtQ25ddl5w", "votes": "0", "replies": "", "photo": "https://yt3.ggpht.com/ytc/AIdro_miAAAPZKICt45qLVk9PCfhKibQpsxJuYKJ1jCv5OhzuED7_B4kfBYRTHdu6Lm8ocHlAQ=s88-c-k-c0x00ffffff-no-rj", "heart": false, "reply": true, "time_parsed": 1715483301.582333}
{"cid": "UgythRbfeqWqLklGRL14AaABAg", "text": "Malaysia educational system in corruptabilty don't need to comdamn. They are self taught. The are among the champion of champion. It is self taught improve among their bloodline. Each generation is better than their previous. The PISA is just a joke. They grow and keep improving believe among themself in a family itself.", "time": "1 tahun lalu (diedit)", "author": "@ongernie7216", "channel": "UC3-QCdCCsfO-1hWoGKifsRw", "votes": "0", "replies": "", "photo": "https://yt3.ggpht.com/ytc/AIdro_lERaNUWM6HD2oUsc_pO1R6okDb5F2q2AED7X42IBk=s88-c-k-c0x00ffffff-no-rj", "heart": false, "reply": false, "time_parsed": 1715483301.903981}
{"cid": "UgyUfAybwullB5AgrIF4AaABAg", "text": "PISA", "time": "1 tahun lalu", "author": "@geekoacolyte", "channel": "UCCN4wmceR5zizYatfP8j70w", "votes": "0", "replies": "", "photo": "https://yt3.ggpht.com/ytc/AIdro_mrEXXR35gEc6XogqTZjFflhBju1M1X-cvBZGKyBxu5icY=s88-c-k-c0x00ffffff-no-rj", "heart": false, "reply": false, "time_parsed": 1715483301.906207}
{"cid": "UgzTQoEeLDMs43cdw6R4AaABAg", "text": "Minister of education the biggest project are change white shoe to black, less school uniform days, win so many parents heart but.....😂😅😅😅 Abolish all kind of exam so we have no pressure of comparison and challenges, govnt can easily manipulate education achievement without a trace", "time": "1 tahun lalu (diedit)", "author": "@ngeo88", "channel": "UCLx6dC3sa1GLk4O6B406qlQ", "votes": "1", "replies": "", "photo": "https://yt3.ggpht.com/ytc/AIdro_nxAmDQQ2ye6bfvYwh54FfJCby0OSHCtgsh8drjxlcs4A=s88-c-k-c0x00ffffff-no-rj", "heart": false, "reply": false, "time_parsed": 1715483301.908077}
{"cid": "UgwUWVU8X_G0502Oz_N4AaABAg", "text": "it all becaue of flip flop education since decades under the rule of BN, then PH with BN DNA helm the education(the old fox), Now the gov too paralysis to reform the whole education system. The worse is the inconsistent policy, the changes of teaching S&M in english to BM, the marking system just to passed the exam and qualities of the half-baked educator. not to mentioned the responsiblility parenting to discipline their children going downhill in the era of smartphone.", "time": "1 tahun lalu (diedit)", "author": "@astrodomelife1819", "channel": "UChOHoOggCkHkkvHteWAlNvQ", "votes": "1", "replies": "", "photo": "https://yt3.ggpht.com/ytc/AIdro_mCl3f8yzZPLSbM6Lehdrymr44Am4UQMqmWSjm8sdPhd5sG=s88-c-k-c0x00ffffff-no-rj", "heart": false, "reply": false, "time_parsed": 1715483301.909891}
{"cid": "UgzCruqu8_lnrhrcA5d4AaABAg", "text": "Why Msia education is doing badly? Mix politics with education. This is not simply a government issue. If Malaysian wants better education; research what \"better education\" means first. Instead of supporting govt printing university degree.", "time": "1 tahun lalu", "author": "@ckokloong", "channel": "UCLDKM0T43YIyG-M0BP7Jlqw", "votes": "2", "replies": "", "photo": "https://yt3.ggpht.com/a9gQrwY9MMuRasYrFFI3cuPUm3t6cehdtPmO6MiNTAqk2djdRyW-1_s7pOq_t7mPc2oKF_lBips=s88-c-k-c0x00ffffff-no-rj", "heart": false, "reply": false, "time_parsed": 1715483301.91157}
{"cid": "UgwjB97BiUc5dQ0mpdd4AaABAg", "text": "Singaporean here. My observations are that those Malaysians that came over here to work are really bright and well qualified and hardworking. However English is their weakness. Most that came here are also of a minority race if you catch my drift 😂", "time": "1 tahun lalu", "author": "@HKspurs10", "channel": "UCAoXFWtQr78dvZeuPCHWPng", "votes": "4", "replies": "", "photo": "https://yt3.ggpht.com/ytc/AIdro_lfFnJk3FPi94Bx76K97EfV0OR6ctDpjWd4xReezSaA0w=s88-c-k-c0x00ffffff-no-rj", "heart": false, "reply": false, "time_parsed": 1715483301.913139}
{"cid": "UgzIRlrfsGy1nbUxlGt4AaABAg", "text": "Language is a very sensitive issue. A better (more sensitive) approach is to offer English stream schools and \"vernacular\" stream schools, and let parents choose which to send their kids. If you, as a parent, believe that English will give your children an advantage, then you will choose English schools. But if you believe your child should have a good basis in their \"mother tongue\" then you might choose to send your child to a Bahasa or Mandarin School. Forcing ALL schools to be English when the schools and the teachers are NOT ready, is as you note, a recipe for failure and frustration.\nOver time, parents will choose, and the education system will evolve. In Singapore, initially there were non-English Schools, but parents realised that English offered their children an advantage in Life and over time, all schools in Singapore are English stream. (There are also schools offering Higher Chinese for students who are competent in Mandarin, but that's another story). \nBut yes, a good basis (i.e. good, competent teachers) is critically essential for a good education system. And the system must be in place before trying new things. Mahathir, as usual, wanted things to be as he sees it, instead of seeing things as they are and responding to it. (But that is his failure, and another story).", "time": "1 tahun lalu", "author": "@angeluscorpius", "channel": "UCWu_gSuoXuzC8T_lXEPwJgw", "votes": "10", "replies": "1", "photo": "https://yt3.ggpht.com/ytc/AIdro_nukDUmPPQsCfGfyCVdDYpXnbJ3RKW5ucD4mmV3AVo=s88-c-k-c0x00ffffff-no-rj", "heart": false, "reply": false, "time_parsed": 1715483301.914707}
{"cid": "Ugz6kAub3PW8hQkArlR4AaABAg", "text": "Another problem is. Most of the top student will go for engineering or medical, so the rest will go for education. I know a lot of my friends that is so average in school end up being teacher, in fact most if them will go for teaching career. That is good for them but they have to improve and be a very passionate teacher. If not, the average mentality will be passed down to the student too", "time": "1 tahun lalu", "author": "@lionelj8106", "channel": "UCG6wL-S6OBzj30yI3am2AUA", "votes": "0", "replies": "", "photo": "https://yt3.ggpht.com/ytc/AIdro_laf8bWuZPWrc-soet45rVy0KGkJyoJ-cVeRYBIAbk=s88-c-k-c0x00ffffff-no-rj", "heart": false, "reply": false, "time_parsed": 1715483301.91628}
{"cid": "UgzEH2BcLg5yJr6QRYF4AaABAg", "text": "Syllabus especially maths need serious review, instead we are focusing on what uniform to wear. Announce like it's huge? Teachers also under dilemma, the stress results in non-performing. Why abort the exams?", "time": "1 tahun lalu", "author": "@santichardnavichit5907", "channel": "UCAAQXagNisDtTD8j3uVTecw", "votes": "5", "replies": "", "photo": "https://yt3.ggpht.com/ytc/AIdro_nPMEgCHkXerfw1Av7KHmKuaF-8OTb-SmT3z_9sE7A=s88-c-k-c0x00ffffff-no-rj", "heart": false, "reply": false, "time_parsed": 1715483301.917671}
{"cid": "UgyVPzZ-NTPBRg9aLFF4AaABAg", "text": "PISA", "time": "1 tahun lalu", "author": "@sathiesh22", "channel": "UCvzZEeClNQzH3Y11o_yG1Hw", "votes": "0", "replies": "", "photo": "https://yt3.ggpht.com/ytc/AIdro_lDkFnQicH5PLo3FHoPPZVnX3oD0gU9L8c7Wk3Te-Yq1qY=s88-c-k-c0x00ffffff-no-rj", "heart": false, "reply": false, "time_parsed": 1715483301.919082}
{"cid": "UgwQUrqLX0z6PsmWRhZ4AaABAg", "text": "PISA", "time": "1 tahun lalu", "author": "@anonymous13141", "channel": "UCaIflzGC82TpxlWa7R8BVGg", "votes": "0", "replies": "", "photo": "https://yt3.ggpht.com/6ocKCfKI2u_TS0BtRbyt6OPR3soIjjC7q30dhfCrL5-eEv3up165MBWkcvRirPdukLFooa2lhWs=s88-c-k-c0x00ffffff-no-rj", "heart": false, "reply": false, "time_parsed": 1715483301.920461}
{"cid": "UgxbeJrpLCoCibwNpBl4AaABAg", "text": "In the end we need to self educate for better opportunity", "time": "1 tahun lalu", "author": "@wl9742", "channel": "UCYHksllsUeTIt0oTXYMREjw", "votes": "0", "replies": "1", "photo": "https://yt3.ggpht.com/UnE4HGpTxYJsS7BUya5jC7srhjESgCcidDnHtDLFRkCsG0tU3X5AsZ5R2ch5C70XD6t0Fs9B=s88-c-k-c0x00ffffff-no-rj", "heart": false, "reply": false, "time_parsed": 1715483301.92188}
{"cid": "UgxA14J_xCuksszATU14AaABAg", "text": "1. Education system does not emphasize on critical thinking. Govt abolished pmr/upsr with the right thinking of being less exam-oriented. But they failed to replace it with something else. \n\n2. Teachers will always be unqualified. Need to improve the teacher training schools. Friends mentioned that it is trash. \n\n3. A committee (govt, experts, ngos) should review through the education materials. Too much dumbing down and brainwashing. \n\n4. Some teachers refuse english. Perhaps due to institutionalised racism. Pmx needs to send a clearer message on this. Interpret the constitution once and for all.", "time": "1 tahun lalu", "author": "@chongu", "channel": "UCE_lu9YCL-xZhtbq3aUoInQ", "votes": "14", "replies": "", "photo": "https://yt3.ggpht.com/ytc/AIdro_lRL2hl8tLxjgebVlcYVT7_jH84-2agy3EULpxCd_0=s88-c-k-c0x00ffffff-no-rj", "heart": false, "reply": false, "time_parsed": 1715483301.923185}
{"cid": "Ugyal6Go0HozP6rfI1Z4AaABAg", "text": "Pisa", "time": "1 tahun lalu", "author": "@Hiphiphooray316", "channel": "UCug8-0uVMADF7juFYpiw8-Q", "votes": "0", "replies": "", "photo": "https://yt3.ggpht.com/mGL1AML5vqDegCHfTGNPwZAu72bq0BDTWj_yfCbDfAfcv--9SZNmocxR7zOeDTQ99lTLeguPLQ=s88-c-k-c0x00ffffff-no-rj", "heart": false, "reply": false, "time_parsed": 1715483301.92443}
{"cid": "UgxqvuWpd2XeinLJMgl4AaABAg", "text": "When Malaysia put more emphasis in religious study and neglect the advance language ‘English’, Malaysia will still be ‘rowing the sampan’ for years to come.", "time": "1 tahun lalu (diedit)", "author": "@tanchye1720", "channel": "UCe7XgnliwR049t9DDrKYfWA", "votes": "34", "replies": "4", "photo": "https://yt3.ggpht.com/ytc/AIdro_mYjVKrra1fOt4UnvyrpaWXmNuSzldO-7V6bAQA-gA=s88-c-k-c0x00ffffff-no-rj", "heart": false, "reply": false, "time_parsed": 1715483301.925671}
{"cid": "Ugxh1--PC_A7vqj6Jhx4AaABAg", "text": "Teachers with passion counts and must be fairly treated with good salary ..those with good performances should be rewarded....those only can communicate more on Malay language can be send for english upgrade or courses if standard below par ...is unfair to get a salary with only one language knowledge...we parents sure hope our kids and have good education and earn more money in future....just need enter politics and stand near those bad apples in order to have good salary or step into corruption events better dont study .. tackle teachers 1st", "time": "1 tahun lalu", "author": "@Humorousguy64", "channel": "UCrUhMTH7X55OG4qzuECKNVg", "votes": "2", "replies": "", "photo": "https://yt3.ggpht.com/ytc/AIdro_nYQvAmUyrYtkF2soc7ppz6IxaER9_xGSrVZLHiG4eUGMeY1Tl-U5nqn34h_UtOew4GdA=s88-c-k-c0x00ffffff-no-rj", "heart": false, "reply": false, "time_parsed": 1715483301.926916}
{"cid": "UgyhPvV9jXrk_Cc0mYx4AaABAg", "text": "Schools actually prefer sports and religion compared to actual learning.", "time": "1 tahun lalu", "author": "@franciswoon2130", "channel": "UCBv09HMsac1paS0VGQ9cLRA", "votes": "3", "replies": "", "photo": "https://yt3.ggpht.com/ytc/AIdro_nIbnRdrxx8kxYEjbvKf42p-nCdtDBzy9KJimTtZps=s88-c-k-c0x00ffffff-no-rj", "heart": false, "reply": false, "time_parsed": 1715483301.928162}
{"cid": "UgxyF2t8tf0YG7JkXV54AaABAg", "text": "Listen to the multi racial teachers of yesteryears.(pre and after Merdeka) Listen to them and the missing link can be widely seen. There is definitely structural damage in the education system of Malaysia. We can bark and bark not realising it was only falling on deaf years. Political desire to better the education system is not up to mark and thus far it is getting from bad to worse.", "time": "1 tahun lalu", "author": "@viswanathan2054", "channel": "UC3R2vmFU8Bzlz6ZKucwGwxg", "votes": "2", "replies": "", "photo": "https://yt3.ggpht.com/ytc/AIdro_nrDWhh_yN6oYnaBqnZoAgxqswIpIEyM86ipJZwYps=s88-c-k-c0x00ffffff-no-rj", "heart": false, "reply": false, "time_parsed": 1715483301.929405}
{"cid": "UgyEf0XFnM7cimCtJtR4AaABAg", "text": "The system actually deterioated when they took in teachers based on merit if you know what i mean.", "time": "1 tahun lalu", "author": "@franciswoon2130", "channel": "UCBv09HMsac1paS0VGQ9cLRA", "votes": "1", "replies": "", "photo": "https://yt3.ggpht.com/ytc/AIdro_nIbnRdrxx8kxYEjbvKf42p-nCdtDBzy9KJimTtZps=s88-c-k-c0x00ffffff-no-rj", "heart": false, "reply": false, "time_parsed": 1715483301.930624}
{"cid": "UgzxIyBOfJyn_WnTvWt4AaABAg", "text": "Our education failure should be thanked to Tun M regime in 80's", "time": "1 tahun lalu", "author": "@3006kiki", "channel": "UCcanCqFLy9GFVUsPhPWqHHA", "votes": "1", "replies": "2", "photo": "https://yt3.ggpht.com/ytc/AIdro_k7kr3iuDaA3CDpv20m3aPsdJysgOLGuu_qbqzrzO3gckg=s88-c-k-c0x00ffffff-no-rj", "heart": false, "reply": false, "time_parsed": 1715483301.931771}
{"cid": "UgzIRlrfsGy1nbUxlGt4AaABAg.A-FjxW85K_WA000Nym_Lp-", "text": "Nanyang University whose medium of instruction was in Mandarin \"died\" as students preferred to go to NUS as English educated NUS graduates had better career prospects. All the Government has to do is to give parents a choice. Market forces will prevail, and we will know what parents actually want for their children.", "time": "1 tahun lalu (diedit)", "author": "@YoonLeeKok", "channel": "UC2jgSQykbcVHdjhQ98VNwZA", "votes": "1", "replies": "", "photo": "https://yt3.ggpht.com/ytc/AIdro_ltcGxnbzZ4i9XUSAYN8YSTvFkCIy1CKFG8FuMHUFuCIq8=s88-c-k-c0x00ffffff-no-rj", "heart": false, "reply": true, "time_parsed": 1715483302.127528}
{"cid": "UgxbeJrpLCoCibwNpBl4AaABAg.A-FhmEr7dP6A-G-1h_J23m", "text": "Provided you know how to and the future requirements of the knowledge economy.", "time": "1 tahun lalu", "author": "@garychong8898", "channel": "UCbe27gIgVs3trllH9kpHfvg", "votes": "0", "replies": "", "photo": "https://yt3.ggpht.com/GIIkgk56Xnze_QjSnJQoMUJrEHDYj3j9190aEj5_h7DfV1dgFxsdnEMzOVNnHkUiY1TScSH-5A=s88-c-k-c0x00ffffff-no-rj", "heart": false, "reply": true, "time_parsed": 1715483302.324252}
{"cid": "UgxqvuWpd2XeinLJMgl4AaABAg.A-Fg8GTr4phA-OcTmF2ndQ", "text": "Spot on, they are preparing for the afterlife. Heaven await them.", "time": "1 tahun lalu", "author": "@Sengyipgoh", "channel": "UCVqfgx7t0GL7O8Mduvb0bdg", "votes": "3", "replies": "", "photo": "https://yt3.ggpht.com/ytc/AIdro_lA7jr0LZvBQFLmBc7jijnVjyoazsJEdCveoYk4bFvSLqy3mJRIVzhAwp7IKIkTOUTl9A=s88-c-k-c0x00ffffff-no-rj", "heart": false, "reply": true, "time_parsed": 1715483302.608364}
{"cid": "UgxqvuWpd2XeinLJMgl4AaABAg.A-Fg8GTr4phA-TvhKY9SOa", "text": "Bruh English proficiency in Malaysia is already good compared to the rest. You must be too dumb to think that english is so important considering the dominance of west has been exposed and declining. It doesn’t indicates intelligence as a whole whatsoever. What we need is an integrated system that is effective. The problem is we cant even integrate well due to citizens who can’t even communicate in the basic national language. ultimate failures. Living in denials within in their own shells. Everybody is working in silo with different identity and worse some identity is foreign to this land.", "time": "1 tahun lalu", "author": "@ggggg3459", "channel": "UCKoRv3OABgyVCCWD_9xeJQQ", "votes": "0", "replies": "", "photo": "https://yt3.ggpht.com/HRLLo5KCSAtIbsIQOPXAWBCTF8JFQ1h9ICEML5mgExZj80giW1V8SDGAOptfsjmdz2C_tMgHGA=s88-c-k-c0x00ffffff-no-rj", "heart": false, "reply": true, "time_parsed": 1715483302.611792}
{"cid": "UgxqvuWpd2XeinLJMgl4AaABAg.A-Fg8GTr4phA-aBUAw8AAK", "text": "Why busy body about other people religions? Mind your own religion la, no one even bzbody your guys religion, not like we forced u guys to learn Islam or Christian lessons. The main problems, not only the unqualified teacher assessing the subjects, that’s not even their profession in the 1st place. But also the syok sendiri silibus by KPM, which even the math question they gave to SK students, same level as form 5 old batch lesson. This just show, you dont know the real issues, more less I bet you didn’t even have family who at age primary schools right now.", "time": "1 tahun lalu (diedit)", "author": "@akihibara6436", "channel": "UC_zCQFcAhMzsyDcYern6hyg", "votes": "1", "replies": "", "photo": "https://yt3.ggpht.com/c0qT-f_M_V6fo-05A7yg99M9lQG_XxibBv2-H-7mTQ7OoXAo2Rm6EKmjxV_IFUI_R-ZjQsyThA=s88-c-k-c0x00ffffff-no-rj", "heart": false, "reply": true, "time_parsed": 1715483302.614277}
{"cid": "UgxqvuWpd2XeinLJMgl4AaABAg.A-Fg8GTr4phA-ahEti8H7G", "text": "this has no basis whatsoever. As a matter of fact, Islamic Religious schools are the top scorers in SPM. You could check the ranking, I dare you. The main problem is basically we got citizens who cant integrate well with society, don't even have the basic knowledge of this country and its national language. It is a well recipe for disaster in the future, a time ticking bomb.", "time": "1 tahun lalu", "author": "@ggggg3459", "channel": "UCKoRv3OABgyVCCWD_9xeJQQ", "votes": "0", "replies": "", "photo": "https://yt3.ggpht.com/HRLLo5KCSAtIbsIQOPXAWBCTF8JFQ1h9ICEML5mgExZj80giW1V8SDGAOptfsjmdz2C_tMgHGA=s88-c-k-c0x00ffffff-no-rj", "heart": false, "reply": true, "time_parsed": 1715483302.616628}
{"cid": "UgzxIyBOfJyn_WnTvWt4AaABAg.A-FetyF4sKwA-G12aKuhxL", "text": "But Tun M continued to enjoy the Rakyat’s support as he was the longest serving PM. We cannot blame all on him, betul?", "time": "1 tahun lalu", "author": "@garychong8898", "channel": "UCbe27gIgVs3trllH9kpHfvg", "votes": "0", "replies": "", "photo": "https://yt3.ggpht.com/GIIkgk56Xnze_QjSnJQoMUJrEHDYj3j9190aEj5_h7DfV1dgFxsdnEMzOVNnHkUiY1TScSH-5A=s88-c-k-c0x00ffffff-no-rj", "heart": false, "reply": true, "time_parsed": 1715483302.811636}
{"cid": "UgzxIyBOfJyn_WnTvWt4AaABAg.A-FetyF4sKwA-G2M_6cd6L", "text": " @garychong8898  If you know how Tun M used his authority to destroy our national system during his regime. You won't say that. My friend.😀", "time": "1 tahun lalu (diedit)", "author": "@3006kiki", "channel": "UCcanCqFLy9GFVUsPhPWqHHA", "votes": "0", "replies": "", "photo": "https://yt3.ggpht.com/ytc/AIdro_k7kr3iuDaA3CDpv20m3aPsdJysgOLGuu_qbqzrzO3gckg=s88-c-k-c0x00ffffff-no-rj", "heart": false, "reply": true, "time_parsed": 1715483302.81492}
{"cid": "UgzrNHSps77PlrnZ-yJ4AaABAg", "text": "macam-macam sebab, terlalu kompleks !", "time": "1 tahun lalu", "author": "@MarkGilau-sq6di", "channel": "UCEpJRzseengiAQ7CLem9SFQ", "votes": "0", "replies": "", "photo": "https://yt3.ggpht.com/ytc/AIdro_k0PVo4Ayjzf9FlRcdjZAQYBwK430_hLvWlP9jgikQjC65W-ONDWjkk4dykteuHJ96HgQ=s88-c-k-c0x00ffffff-no-rj", "heart": false, "reply": false, "time_parsed": 1715483303.117227}
{"cid": "Ugw6opKVYU3RpyQ5L4F4AaABAg", "text": "science and mathematic are important subject for develop the country", "time": "1 tahun lalu", "author": "@beNic3-bdy", "channel": "UCiWmVbO66ByYI3jH6PmwP3w", "votes": "0", "replies": "", "photo": "https://yt3.ggpht.com/Sdr_DpTLdYnKzxKCQcZc6UlYlaOJzyX8En_X9ODI-iCUl_PNACQ3EjrE8867-uyyzEwoERouPw=s88-c-k-c0x00ffffff-no-rj", "heart": false, "reply": false, "time_parsed": 1715483303.11938}
{"cid": "Ugw5onVTQz8tgK_WM1p4AaABAg", "text": "The only way is have the PISA test in BM.😅", "time": "1 tahun lalu (diedit)", "author": "@gedaymet", "channel": "UCaT5WyFk4MYCfRs2GxemCfQ", "votes": "0", "replies": "1", "photo": "https://yt3.ggpht.com/ytc/AIdro_lkrMsuIdFFLsxQ3IMwkmcaN3sah6IOThu9cpDH82I=s88-c-k-c0x00ffffff-no-rj", "heart": false, "reply": false, "time_parsed": 1715483303.121182}
{"cid": "Ugy_oEU4Wrh8zjXzy8R4AaABAg", "text": "The gap between quality and opportunities of education is very vast. Especially comparing rural, urban, high income, student coming from middle income and low income families. To make it more complicated, education policies flip flop and interference from politicians and NGOs which some has prejudice, shallow knowledge and mindset makes the task more difficult. Certainly, if u want the best education for your children, parents must take education of their own children into ur own hands and not others, especially the politicians.", "time": "1 tahun lalu (diedit)", "author": "@beranihati2008", "channel": "UC5GzdUX8I9Hq4VBSu_9C8oA", "votes": "0", "replies": "", "photo": "https://yt3.ggpht.com/ytc/AIdro_lV36nVrRKbyCbOHKUswHll2vBhHqO721JgKcPNkAo=s88-c-k-c0x00ffffff-no-rj", "heart": false, "reply": false, "time_parsed": 1715483303.123026}
{"cid": "Ugz-af2TcXz-RxrgR2F4AaABAg", "text": "the rate of decline is gaining speed. won't be long before the country is officially declared a PISANG republic.", "time": "1 tahun lalu", "author": "@ipanmei3380", "channel": "UCH8KefTLQxYxTE-xpaHH-Ow", "votes": "0", "replies": "", "photo": "https://yt3.ggpht.com/ytc/AIdro_n0gTSL_s0RyX6J1ZnPdIZGCjr8jfGIjVIkoN-y6zJNZAWPf0qt9RQZTCeDN4KElkvqQQ=s88-c-k-c0x00ffffff-no-rj", "heart": false, "reply": false, "time_parsed": 1715483303.124838}
{"cid": "UgxlTetfAOFnzm5H6EB4AaABAg", "text": "PISA", "time": "1 tahun lalu", "author": "@muhdmuhayminothman2339", "channel": "UCnC8wzbg6OUJn3nqj34fR_w", "votes": "0", "replies": "", "photo": "https://yt3.ggpht.com/ytc/AIdro_lqrWZTomQBL2rzmS9CmesJCjGaHSR1avXsfBY4sZY=s88-c-k-c0x00ffffff-no-rj", "heart": false, "reply": false, "time_parsed": 1715483303.126391}
{"cid": "UgxbAyFLPiSUTOf0wCZ4AaABAg", "text": "I’m 300% agreed with you.", "time": "1 tahun lalu", "author": "@yasufumithebest", "channel": "UCdWuIK0Rcx0w8WwxmsWjMSA", "votes": "3", "replies": "", "photo": "https://yt3.ggpht.com/ytc/AIdro_mkzmjgnYAB_qLjAo1ZewkdYk0T8LFi3O1NEN_NhVpJuZE=s88-c-k-c0x00ffffff-no-rj", "heart": false, "reply": false, "time_parsed": 1715483303.127948}
{"cid": "UgySqF-KbFv9cVpj45F4AaABAg", "text": "Fire your staff that failed 😅", "time": "1 tahun lalu", "author": "@charlieyang2613", "channel": "UCH_qLaPrkBt7Rk5IZ7ED5FA", "votes": "0", "replies": "", "photo": "https://yt3.ggpht.com/ytc/AIdro_l3GqylzCbvF1VLOVNh6s-bg1H7pr4SdnBLA6HzkG8=s88-c-k-c0x00ffffff-no-rj", "heart": false, "reply": false, "time_parsed": 1715483303.129513}
{"cid": "UgwpNvuXD6_Gv9UeloZ4AaABAg", "text": "Teachers now a days has more work than just teaching. So many paper work!!! Fill in this, fill in that... Teaching? not that important... Teach well doesnt mean perform well in education.... The one that teach well but doesnt listen or get along with \"up line senior\" are not getting good \"KPI\". ikr..... Teachers who read this give me a like.", "time": "1 tahun lalu (diedit)", "author": "@MrLittlecat123", "channel": "UCWLt5JGMqvk1d8xqY1cedLA", "votes": "0", "replies": "", "photo": "https://yt3.ggpht.com/lZepH5JWdWomF1dvizUI7pxnn-UU9fyLPqHs6fj_oH6aXNfC7BFzb1XTbgI-BO9sPQu_qIuaUw=s88-c-k-c0x00ffffff-no-rj", "heart": false, "reply": false, "time_parsed": 1715483303.131036}
{"cid": "Ugw1YRvAaNDw7kVqhi14AaABAg", "text": "In Singapore, all primary school teachers have 5 to 10 As for GCE 'A' level and a degree.", "time": "1 tahun lalu (diedit)", "author": "@paullee6414", "channel": "UCwYDC38lyeR6t2iyw7ar13Q", "votes": "4", "replies": "1", "photo": "https://yt3.ggpht.com/ytc/AIdro_n0N-4hOfsZukkShrvdJ63wz2uBptqff_Ddf6Ar5RX2zRU=s88-c-k-c0x00ffffff-no-rj", "heart": false, "reply": false, "time_parsed": 1715483303.132465}
{"cid": "Ugxa8wRmww28x35WRSF4AaABAg", "text": "Well, we don have any education system, technically speaking. The MOE itself is a big joke.", "time": "1 tahun lalu", "author": "@garyliu6589", "channel": "UCGJ0w97Ogec8WapnjUXGV-A", "votes": "5", "replies": "", "photo": "https://yt3.ggpht.com/ytc/AIdro_kJGHEClZHwPE6r58_DhJFsB-NR09sYlUKXnX4zOl0=s88-c-k-c0x00ffffff-no-rj", "heart": false, "reply": false, "time_parsed": 1715483303.133861}
{"cid": "UgxH5dsQFBuLKwhUsK94AaABAg", "text": "1. You cant find good study material, except those expensive oversea textbooks which most students cannot afford.\n2. Teachers are incompetent\n3. Schools and MOE are not managed professionally", "time": "1 tahun lalu", "author": "@garyliu6589", "channel": "UCGJ0w97Ogec8WapnjUXGV-A", "votes": "1", "replies": "", "photo": "https://yt3.ggpht.com/ytc/AIdro_kJGHEClZHwPE6r58_DhJFsB-NR09sYlUKXnX4zOl0=s88-c-k-c0x00ffffff-no-rj", "heart": false, "reply": false, "time_parsed": 1715483303.135243}
{"cid": "UgxWIv8dteQL0Jdxf3B4AaABAg", "text": "PISA", "time": "1 tahun lalu", "author": "@MiseryBearAndFriends", "channel": "UCWp-OZDGpdASazut1ApLp9A", "votes": "0", "replies": "", "photo": "https://yt3.ggpht.com/wfMzwmSWZa8AxwvZxq0pTke6lbhrF8iiHm0VKv4dB4KvWfWk2L0q4jEip3fuBqX4wnnUl1Kg=s88-c-k-c0x00ffffff-no-rj", "heart": false, "reply": false, "time_parsed": 1715483303.136619}
{"cid": "Ugw0ZFzVnspl9U2uYKJ4AaABAg", "text": "Majority of teachers in Malaysia think speaking English is a sin.", "time": "1 tahun lalu", "author": "@MiseryBearAndFriends", "channel": "UCWp-OZDGpdASazut1ApLp9A", "votes": "2", "replies": "", "photo": "https://yt3.ggpht.com/wfMzwmSWZa8AxwvZxq0pTke6lbhrF8iiHm0VKv4dB4KvWfWk2L0q4jEip3fuBqX4wnnUl1Kg=s88-c-k-c0x00ffffff-no-rj", "heart": false, "reply": false, "time_parsed": 1715483303.137859}
{"cid": "Ugx9nEwk_ZUIWkX2iLB4AaABAg", "text": "Our education ministers are so concern about what uniform to wear and shoes colour. LOL", "time": "1 tahun lalu", "author": "@van6355", "channel": "UCZ9BuQHhEnSoiWXVFmo9jcA", "votes": "7", "replies": "", "photo": "https://yt3.ggpht.com/ytc/AIdro_lpmC-lpo80rgcXs2R2vByPznW4XLFVh5tgWAzNlcUVeoM=s88-c-k-c0x00ffffff-no-rj", "heart": false, "reply": false, "time_parsed": 1715483303.139107}
{"cid": "UgwU6SXN1r072IsuVPZ4AaABAg", "text": "Why am I not surprised that the minister gave a stupid answer. Giving excuses is the best these fellas can do because no government servants get fired. Even if they take bribes or underperform they will only be transferred but they will still have a secured employment.", "time": "1 tahun lalu", "author": "@MiseryBearAndFriends", "channel": "UCWp-OZDGpdASazut1ApLp9A", "votes": "11", "replies": "", "photo": "https://yt3.ggpht.com/wfMzwmSWZa8AxwvZxq0pTke6lbhrF8iiHm0VKv4dB4KvWfWk2L0q4jEip3fuBqX4wnnUl1Kg=s88-c-k-c0x00ffffff-no-rj", "heart": false, "reply": false, "time_parsed": 1715483303.140342}
{"cid": "UgxGxwTTpFCWA2T514R4AaABAg", "text": "In all the schools that I have been to, it's a fact that many teachers don't enter class to teach and if they do, they are mostly on their hp. You can also see them playing their hp  during assemblies and invigilations.\n\nThe teachers are mostly unqualified. You can find quite a number of them being late, not entering class", "time": "1 tahun lalu", "author": "@peggytan8809", "channel": "UCI4pQNkJwRQMagM2rWE7rRw", "votes": "16", "replies": "1", "photo": "https://yt3.ggpht.com/ytc/AIdro_l4jQ4Rl4xzETp0AETFvgUL8o8v1QVQjp7B5VBGh6pLCrfG=s88-c-k-c0x00ffffff-no-rj", "heart": false, "reply": false, "time_parsed": 1715483303.141616}
{"cid": "Ugy0zsae4eMpFnXAoHp4AaABAg", "text": "In my opinion, one of the reasons why our teachers nowadays is not really good as before is due to the subject that was assigned to them to be teaching… I have a few friends who graduated as a teacher and major in Sastera but then was assigned to teaching in Math… therefore, at the end, they just teach what was showed in the textbooks and sometimes don’t even master it on that subject… that is based on my friend situation… I think it’s one of the factors…", "time": "1 tahun lalu", "author": "@Riku7okester", "channel": "UCqYJtco-1apSwNA-p6u-Jaw", "votes": "111", "replies": "4", "photo": "https://yt3.ggpht.com/ytc/AIdro_nATaj_XyZ449yTpyY9GNkkpedOEjet8B9ru95ikqwS3Mf-MXvcS1UlV0t6a5VEu6AwMQ=s88-c-k-c0x00ffffff-no-rj", "heart": false, "reply": false, "time_parsed": 1715483303.142841}
{"cid": "UgzOstnmbkvBZEc54ex4AaABAg", "text": "If can read, write and solve math problem, you ll be alright.", "time": "1 tahun lalu", "author": "@Catreturn", "channel": "UCLYByhjQg2h5QFWQz1jYgzQ", "votes": "0", "replies": "", "photo": "https://yt3.ggpht.com/ytc/AIdro_meZQDvkVwIytlz05tUr4sKYRoxduo30MYm6fDWZDFwo5Dx5x44u4bpmQY2f_R4uW4yGQ=s88-c-k-c0x00ffffff-no-rj", "heart": false, "reply": false, "time_parsed": 1715483303.143973}
{"cid": "Ugxuy6AHVrmW-zp1el14AaABAg", "text": "The Malaysian learning system has to be on par internationally. And making sure that the teachers are skilled and reskilled continuously.", "time": "1 tahun lalu", "author": "@sathiyaperkash", "channel": "UCEs4UJl908WKSC-uS-cRpVw", "votes": "0", "replies": "", "photo": "https://yt3.ggpht.com/ISS28DIw-qc1edGx6ChwY_c3H0cWQ1B9VKWHpaEiapPDuIwb_zDnar1rCajn3xHDfjfqJwubzm8=s88-c-k-c0x00ffffff-no-rj", "heart": false, "reply": false, "time_parsed": 1715483303.145104}
{"cid": "Ugw5onVTQz8tgK_WM1p4AaABAg.A-FckdVp9z4A-G2DDGnVd2", "text": "What a brilliant idea.  Rest of the world will surely be below Malaysia.", "time": "1 tahun lalu", "author": "@garychong8898", "channel": "UCbe27gIgVs3trllH9kpHfvg", "votes": "0", "replies": "", "photo": "https://yt3.ggpht.com/GIIkgk56Xnze_QjSnJQoMUJrEHDYj3j9190aEj5_h7DfV1dgFxsdnEMzOVNnHkUiY1TScSH-5A=s88-c-k-c0x00ffffff-no-rj", "heart": false, "reply": true, "time_parsed": 1715483303.341732}
{"cid": "Ugw1YRvAaNDw7kVqhi14AaABAg.A-FV6gH9qP6A-FzdBiPX2r", "text": "In Singapore, education starts from pre-nursery. So is it kiasu or giving the kids a good foundation? Our opinions don't really matter. Results is very clear PISA scores and other education and economic indicators.", "time": "1 tahun lalu", "author": "@garychong8898", "channel": "UCbe27gIgVs3trllH9kpHfvg", "votes": "1", "replies": "", "photo": "https://yt3.ggpht.com/GIIkgk56Xnze_QjSnJQoMUJrEHDYj3j9190aEj5_h7DfV1dgFxsdnEMzOVNnHkUiY1TScSH-5A=s88-c-k-c0x00ffffff-no-rj", "heart": false, "reply": true, "time_parsed": 1715483303.73289}
{"cid": "UgxGxwTTpFCWA2T514R4AaABAg.A-FPAuIUILsA-MYSVp9Sb8", "text": "This is true as hell. Even the teachers are not well disciplined, yet they expect their students to do the same. Ironic. \n\nthey are also more daring, just because theyre a teacher they can slap the students anyhow they want. and act like they own the place,", "time": "1 tahun lalu (diedit)", "author": "@ryoutacooks", "channel": "UChI9ulRZpiFTkuCHl5-2W3w", "votes": "0", "replies": "", "photo": "https://yt3.ggpht.com/lCbKftAqcM9nVYVaHdFR16_BsfcrBoV1WWok21_cEkng2GiCGKSZ2NEhbiuPTbI1aNCTeW_LyQ=s88-c-k-c0x00ffffff-no-rj", "heart": false, "reply": true, "time_parsed": 1715483303.923286}
{"cid": "Ugy0zsae4eMpFnXAoHp4AaABAg.A-FMEGjwWTuA-GDAnM3ZDW", "text": "I heard of many teachers who are asked to teach English even when they aren't qualified and not trained as English teachers.\nAlso my friend knew teachers who marked SPM papers and you will be shocked to know the passing score for Maths & Add Maths. It's unbelievable and no wonder many goats A* in SPM but perform badly in college and unis.", "time": "1 tahun lalu (diedit)", "author": "@ListerTube", "channel": "UCzL5EsqOacu2f6nyAtdjzLw", "votes": "19", "replies": "", "photo": "https://yt3.ggpht.com/61u8KZbPNlIOX8emTc2xh-79Q5Tuxnn0ORoWyulnD42NQvv3taELL-TnbQM161NwWSMaTyz7fQ=s88-c-k-c0x00ffffff-no-rj", "heart": false, "reply": true, "time_parsed": 1715483304.247082}
{"cid": "Ugy0zsae4eMpFnXAoHp4AaABAg.A-FMEGjwWTuA-HRB4GuPb9", "text": "I not smart  but i pretty sure there's a book how to teach maths especially at elementary level.", "time": "1 tahun lalu", "author": "@someguywithabirdface2583", "channel": "UCzZUXvfz8UofWzhI5gJ42rw", "votes": "0", "replies": "", "photo": "https://yt3.ggpht.com/ytc/AIdro_l-e2IHnQnHrQvUnoGSGshbWoq_DNkYlewfIaDiURytIg=s88-c-k-c0x00ffffff-no-rj", "heart": false, "reply": true, "time_parsed": 1715483304.250286}
{"cid": "Ugy0zsae4eMpFnXAoHp4AaABAg.A-FMEGjwWTuA-vM6Oktxk0", "text": " @ListerTube  its 30 or sumtin,maybe less than 15,my friend jokingly said that anyone who didnt pass math in spm either have to be lack of chromosome or just fell asleep as soon as they get the paper", "time": "1 tahun lalu (diedit)", "author": "@absolutemadlad4905", "channel": "UCbtPMwZTkA6r12bzM2Dy-IA", "votes": "1", "replies": "", "photo": "https://yt3.ggpht.com/ytc/AIdro_mL_w2hgvfS2-n6rqETPPPZp5qxyaY_xzWnleMmTq2t7g=s88-c-k-c0x00ffffff-no-rj", "heart": false, "reply": true, "time_parsed": 1715483304.252927}
{"cid": "Ugy0zsae4eMpFnXAoHp4AaABAg.A-FMEGjwWTuA06d6HirJTG", "text": "Same situation like Economics graduate was assigned to head the MOH ministry coincidentally invented Rojak Vaccination.", "time": "1 tahun lalu", "author": "@chuageokseng2168", "channel": "UC538N5gml92vUIJc0Df-cpA", "votes": "1", "replies": "", "photo": "https://yt3.ggpht.com/ytc/AIdro_m2K38GK3KrdzWQs097X2T2ENthUDjni0rltxsALL8=s88-c-k-c0x00ffffff-no-rj", "heart": false, "reply": true, "time_parsed": 1715483304.255122}
{"cid": "Ugwzvcqdwmsu92vyUCp4AaABAg", "text": "COVID, the only cause of Malaysian Education decline? That is not valid at all, you have to be smoking Ganja and Weed. You are saying Malaysia Education is world best before COVID? That is a load of wayang.😂\n\nI got a feeling after ahem, the NEP... It has been actually National Brainwashing not Education at all. Jokingly Moral Education for so long yet when you go out of society - it is money under the table, or to the police when asked, or no need for tenders and let it be business friendly Dr M style at the makan table?😅 \n\nIt is not fair for only the teachers to be blamed when they are \"manufactured\" by or expected to follow the Malaysia Educational Recipe, that if not mistaken - keeps flipping like roti canai? Surely, no teachers want to be unemployed right. Thus, you are barking on the actual wrong trees. Seriously, did the past Malaysian Government actually spend a lot of money on teachers salary, employment, training and upgrading? After 1MDB, and students complained to Anwar their school toilet was not fixed... You have to wonder right?\n\nNot too sure if the quality of the current curriculum is still on the level of rote learning, and fact memorization rather than thinking, synthesis, demonstration of competency, or higher level abilities that goes beyond acquisition of knowledge. Malaysian were one of the earliest knowledge databases before the Google/Yahoo search engine, you know? How many local versions of Steve Jobs, Elon Musk that are game changers to the Malaysian economy, technology and science fields currently that can compete at the world stage has the education system since NEP produced? Was it wise to have politicians to meddle in the educational policies till it is dysfunctional on their whims and fancy?\n\nCulturally, a closed minded society where you have an education system that does not allow questioning, doubt and thinking out of the box - it may act as a limit for new paradigms in technology, etc, to be formed. Yet, credit and some gratitude to PAS and gang - the Woke movement in Canada, US and Hollywood has not taken hold in Malaysia, that is another madness in the other extreme😅.\n\nDual language teaching in the STEM field may be unavoidable in the Malaysia context. You have more instances to buck up English and Malay - it definitely is good for Malays not strong in English if they ever go overseas to further studies or careers, as scientific journals are in English for example.\n\nMalaysia does have to keep up with global development trends, while not neglecting existing strengths. Ultimately, education serves to supply labor, research strength and leadership resources. STEM is important, yet other fields like agriculture should not be neglected. An education system that does not fulfill the needs of local industries, business and society is practically a wasted endeavor. All stakeholders must have regular discussion to convey the needs and expectations of each other. I feel like politicians say, and civil servants just do it like NIKE? Please involve the other stakeholders in education policy formulation too. \n\nChanges in the education system have to be gradual and assessed for its effectiveness , adjustment or replacement. It cannot be on the whim of a politician when he/she wants to flip the roti canai.", "time": "1 tahun lalu", "author": "@fkfms5945", "channel": "UCX9hDDj9pvvq8aNfKIM54Cw", "votes": "1", "replies": "", "photo": "https://yt3.ggpht.com/ytc/AIdro_kCx6_r7zHrwKRWO-cDE6cokqc8242QbeUSglVtA6k=s88-c-k-c0x00ffffff-no-rj", "heart": false, "reply": false, "time_parsed": 1715483304.567255}
{"cid": "UgzuLwwkKGnFFdekVed4AaABAg", "text": "Did Mr Money knows that all teachera need to collect SPLKPM credit scores like private companies CPDs. Man, sorry but you need to do more research or maybe work as a replacement teacher in a public school for a few months.", "time": "1 tahun lalu", "author": "@ChampionsPodcastbySeanCh-eh9dz", "channel": "UCI8wXtMDcfEOf-Ih0MQufjA", "votes": "0", "replies": "", "photo": "https://yt3.ggpht.com/h708StGHNrCpGEsy2mYA0PlK-YQ_-N1xzm1Klqq3n4Z_fA2Vm42DQZ0bnG234Kfh4hazRxXilA=s88-c-k-c0x00ffffff-no-rj", "heart": false, "reply": false, "time_parsed": 1715483304.569541}
{"cid": "Ugxnx_xMFKY4tBMQcsB4AaABAg", "text": "PISA", "time": "1 tahun lalu", "author": "@RameshK.Subramaniam", "channel": "UCaGdzco2NV7JTQUMKqUISJg", "votes": "0", "replies": "", "photo": "https://yt3.ggpht.com/ytc/AIdro_nhoOi8Lhcr7w0l0Ur6N0ern1n6gqe49p8sDZDsXjKezsAllwS3frRAi1p45L_qVDrCfQ=s88-c-k-c0x00ffffff-no-rj", "heart": false, "reply": false, "time_parsed": 1715483304.571368}
{"cid": "UgxesDNXpABhX0VneAF4AaABAg", "text": "Nowadays teacher only know how to make TikTok content like ms qiwie", "time": "1 tahun lalu", "author": "@noneofthem8686", "channel": "UCt8Xk4dQqhoozHmAt9kxJTA", "votes": "2", "replies": "", "photo": "https://yt3.ggpht.com/ytc/AIdro_n4EABOy6Ijor53Y9vON11pv7lnVa4DCZbpGTyhfVHnh3Pxiux6cQbieChI2FN94xMBGA=s88-c-k-c0x00ffffff-no-rj", "heart": false, "reply": false, "time_parsed": 1715483304.573217}
{"cid": "UgyLTwlSumJa6cPG09h4AaABAg", "text": "The various international rankings show that m'sia is way behind s'pore in many areas. M'sians must start uniting and make m'sia less of a goner.", "time": "1 tahun lalu", "author": "@anziar3038", "channel": "UCATOnqaUkf3R8fbUhYOTAcQ", "votes": "1", "replies": "1", "photo": "https://yt3.ggpht.com/ytc/AIdro_l5LLkTg-D-orAjIv3QnONs9TM45y_AotBXm2mRPRn4eltxYktPs1EaE6EeEfGMXSfLHQ=s88-c-k-c0x00ffffff-no-rj", "heart": false, "reply": false, "time_parsed": 1715483304.574812}
{"cid": "UgzypYybaZHcj97SoeB4AaABAg", "text": "Jai Hinduja.  I was dreaming about my next Pizza when my children were trying out Pisa. Some clerics are not sure whether the Ham & Cheese pizza is halal or not because there is no pork mentioned in the Pisa comprehension test.  In any case,  almost all Malaysians like to eat hamburger.", "time": "1 tahun lalu (diedit)", "author": "@tedchandran", "channel": "UCjTtL0mL0hiCEfJpXIUFLXg", "votes": "0", "replies": "", "photo": "https://yt3.ggpht.com/ytc/AIdro_kvArhkxytHZ9ti17pbTNqwO7b2Q4uHndCx19_Iayo=s88-c-k-c0x00ffffff-no-rj", "heart": false, "reply": false, "time_parsed": 1715483304.576367}
{"cid": "Ugyrm4lUZmT3gxZbbYN4AaABAg", "text": "Bahasa Malaysia👎. Don't care.", "time": "1 tahun lalu", "author": "@alvinandzin1982", "channel": "UC37tuuRUKXmrQGc_-INRMtg", "votes": "1", "replies": "", "photo": "https://yt3.ggpht.com/ytc/AIdro_l_W3RjKhc_cgCQgS144zgFdC3-B-pPoeLntbK4HJA=s88-c-k-c0x00ffffff-no-rj", "heart": false, "reply": false, "time_parsed": 1715483304.577921}
{"cid": "UgwfD7l7HLKJiwmR5TR4AaABAg", "text": "It's not the problem of early education or teachers.. It's the mentality of beloved policy makers that sabotaged the education system, government employment system for political gains.. It had been 'twisted' so badly that it might take decades to straighten back only IF they willing to..\nAs for language, we always hear terms like Perkasakan Bahasa hailed by politicians.. But they happily sending their own generations overseas to study which obviously in other language.. At the end, perkosakan our generations.. Sadly, there are still some Ultra M that live in the state of denial again and again.. \nCut short: Rubbish In.. Rubbish Out", "time": "1 tahun lalu", "author": "@yewfaichan8931", "channel": "UCKN4h3_gn0DXD2N1rNqPl2Q", "votes": "204", "replies": "20", "photo": "https://yt3.ggpht.com/ytc/AIdro_m9vnpvLDuCjN3benUeTYbdwWWXR-SG2Q9WZSq15GVI1DuDYBub2lf4hmef0g1yidFIrw=s88-c-k-c0x00ffffff-no-rj", "heart": false, "reply": false, "time_parsed": 1715483304.579489}
{"cid": "UgxnXLVjXKPMp1mqvC14AaABAg", "text": "Why many comment Pisa. Its so annoying", "time": "1 tahun lalu", "author": "@modestman6753", "channel": "UCwwnCKIoZTD5VLPE4vDB4WA", "votes": "0", "replies": "", "photo": "https://yt3.ggpht.com/ytc/AIdro_lK8d5iM8M5o0VIL8U9KlVKhvozfUn3MJkw7HifzVjFOuY=s88-c-k-c0x00ffffff-no-rj", "heart": false, "reply": false, "time_parsed": 1715483304.581035}
{"cid": "Ugy_mKbodkD5tVoOf6V4AaABAg", "text": "I want to simply add a point here... some parents are also a problem. They prefer their child to be in a \"loving, stress free environment without any care in the world\". Hence the school/teacher cannot even scold and reprimand their children, heck the parents would even do the child's homework for them(true story) and with the new (no national exam policy till form 5) there is no will for the children to study. So we are now breeding an even worse upcoming generation.", "time": "1 tahun lalu", "author": "@yongkheankhoon6710", "channel": "UCGg0EXrHikeODrSuMFGF-kg", "votes": "51", "replies": "2", "photo": "https://yt3.ggpht.com/ytc/AIdro_nS8iFOFV9xkkqoNKESYyEJclaqIlr3lnN_4HL9PE0rEQ=s88-c-k-c0x00ffffff-no-rj", "heart": false, "reply": false, "time_parsed": 1715483304.582476}
{"cid": "UgwQHyb9FK1_tsuPHiZ4AaABAg", "text": "Firstly, to improve the education system, teachers have to attend training courses to learn English. Let's have training programme like the ones in Kirkby. Send the teachers in batches to learn the English Language. Next, teachers need to learn the basic teaching skills, from elementary to advanced stage. This may take time but we have to start the programme. It takes time to see the progress of improvement.  The training of teachers  may take up big amount of funds but the government must thevthe initiative  to invest in teachers' training in order to improve & revamp our education system. Most importantly is the medium of instruction must be in English. Please do not use Bahasa as the medium of instruction because we need to start using English as the medium of instruction in order to revamp our education system.", "time": "1 tahun lalu", "author": "@lilywong7384", "channel": "UCugvl4nW2kot48KecrdPAcQ", "votes": "1", "replies": "", "photo": "https://yt3.ggpht.com/ytc/AIdro_lDSJSDjAUAtuef0JTtAFXzaAujtvgNy8NZpTO3bv855fKQsLRkeAc5pd5228DEub_8fA=s88-c-k-c0x00ffffff-no-rj", "heart": false, "reply": false, "time_parsed": 1715483304.583881}
{"cid": "UgyDHCSp4r6T0UE6tEx4AaABAg", "text": "One way to destroy the country is to destroy the education...students and teachers are refering to the internet...real time teaching with learning methods for students to LEARN. The data is a warning for Kem. Pendidikan Negara...", "time": "1 tahun lalu", "author": "@bobteo813", "channel": "UCTlsav4Panw7JSfBGKd0Gvg", "votes": "2", "replies": "", "photo": "https://yt3.ggpht.com/ytc/AIdro_lfheUCXeMZsEUmkF6Jy0-T37ToIoLCzNeakjBclZ0=s88-c-k-c0x00ffffff-no-rj", "heart": false, "reply": false, "time_parsed": 1715483304.585303}
{"cid": "Ugy8wURBulEmDStZQ-N4AaABAg", "text": "Watched most of your video but this time I really can see you speak of your heart as a parent! Great video!!!!", "time": "1 tahun lalu", "author": "@DecodeTheirHearts", "channel": "UC94RHDkKXAxM5AJpZ7v5tJQ", "votes": "10", "replies": "", "photo": "https://yt3.ggpht.com/ZUnEenPb1T4JeEVBfasImqeGic1wkafIwJKQLn9LyLNfQT48KLwOhlx6tRao9MmSPuZbV64hhg=s88-c-k-c0x00ffffff-no-rj", "heart": false, "reply": false, "time_parsed": 1715483304.586687}
{"cid": "UgxyeNEwZyXJJMViAKd4AaABAg", "text": "when i was in school, pendidikan moral for form 4 and form 5, teacher didnt come to class at all....she showed 1 time for first week, and then when there was a complaint our class sgt bising, so she appeared like a wild pokemon scolded us, but when i questioned here why she dont come to class, she just told me she was busy and dont ask so many questions. WOW. So my kids are going to be sent to private school because i cannot trust malaysian education system.", "time": "1 tahun lalu", "author": "@ganendranpillay3283", "channel": "UC34qqWsdcUbEtYiT4Tgi28g", "votes": "20", "replies": "7", "photo": "https://yt3.ggpht.com/ytc/AIdro_keS1X6Bd5xLj_3-5pRX63mjLla1czwhQIvMK6Vkcrh41A=s88-c-k-c0x00ffffff-no-rj", "heart": false, "reply": false, "time_parsed": 1715483304.587978}
{"cid": "UgxC4iHMDJhEeYmbR0R4AaABAg", "text": "As a language instructor, my advice is to conduct language drill for all levels..sounds good and natural. In school, teachers should provide sufficient opportunities for group presentation and QnA.", "time": "1 tahun lalu (diedit)", "author": "@adammanan8370", "channel": "UCpXpitaCiz-54Rs9Frc6Jww", "votes": "6", "replies": "", "photo": "https://yt3.ggpht.com/-jef3QIbOX1rUR5NSsFOYPCno3LKFnL-Q0H2hPAbjEwM7FJkYgYrpnTw7UvrujWzdo5LOdOE_g=s88-c-k-c0x00ffffff-no-rj", "heart": false, "reply": false, "time_parsed": 1715483304.589218}
{"cid": "UgyS92fIEhfPrwltn594AaABAg", "text": "If you look Siti Mastura recent comment, you will know what kind of level our education is at. And the bitter pill to swallow is that if the gov change the language to english, many Malays will go crazy and said that the governemnt is anti malay and want to destroy bahasa. The PN party will use this as a bullet to gain support. Thus there will always be a stalemate in decision. Change it, and the next thing you know, PN will become the government and we can kiss goodbye to Malaysia. The malays need to wake up to understand that nobody is challenging them. We are all for education. But sadly they can't think critically that way. They only have the 1 way street thinking. It's either you are with them or against them because they are the majority.", "time": "1 tahun lalu (diedit)", "author": "@jackofa11traits29", "channel": "UCMCqPrb--jTOchd7mCMLJDQ", "votes": "66", "replies": "5", "photo": "https://yt3.ggpht.com/ytc/AIdro_lm_zOZN6FVCMC9XEgozZJNxopPmyd0qspJwRJFxH0emdOvBN8EgbvmEsBy4G2A8EPFaA=s88-c-k-c0x00ffffff-no-rj", "heart": false, "reply": false, "time_parsed": 1715483304.590463}
{"cid": "Ugyq9v7LJe6d3QEKpXt4AaABAg", "text": "I think you are wrong on the point of upscaling the teachers. You forgot the root cause. Do keep in mind that teachers were once students before. These students are bad in their studies and wants to become a teacher maybe because it is an easy way out to become a government servant. With quota and all that, these subpar teachers become the educators. Do you think if a subpar students who became a teacher will be a great teacher? Even if you try to upscale them, they don't have the learning ability or interest. Else they would have excel well to meet the requirements as you mentioned. The root of the problem is the Quota system and the use of bahasa in those stem subjects. Remove the quota, change teaching in english and you will breed excellent students who will in turn become excellent teachers. Without the quota, all students will be fighting for entry instead of tidak apa attitude. From the temporary measure, yes we also need to upscale the teacher to help the current students.", "time": "1 tahun lalu (diedit)", "author": "@jackofa11traits29", "channel": "UCMCqPrb--jTOchd7mCMLJDQ", "votes": "4", "replies": "2", "photo": "https://yt3.ggpht.com/ytc/AIdro_lm_zOZN6FVCMC9XEgozZJNxopPmyd0qspJwRJFxH0emdOvBN8EgbvmEsBy4G2A8EPFaA=s88-c-k-c0x00ffffff-no-rj", "heart": false, "reply": false, "time_parsed": 1715483304.591722}
{"cid": "UgyKfKTHzq12t6j-Ba14AaABAg", "text": "Every Malaysian YouTuber videos I see and friends I spoke to all are critics of their system… \n\nThe smart and affluent parents knows it’s hopeless to say and do anything. \n\nThat’s why they send their children to overseas for education. Period…", "time": "1 tahun lalu", "author": "@aaronpan9698", "channel": "UCaN-UXzp0YsnR5hyIPJwc2g", "votes": "17", "replies": "", "photo": "https://yt3.ggpht.com/ytc/AIdro_lA499QI6eG0Fxsjnp3q32K9flEJ4aGNOUbs2PnLtvWLRo=s88-c-k-c0x00ffffff-no-rj", "heart": false, "reply": false, "time_parsed": 1715483304.592974}
{"cid": "UgzvahdMrFSaBd96igp4AaABAg", "text": "The solution is simple.  Private universities should Come up with a separate  syllabus from current one and offer it to students via online classes, or affordable private schools. Its obvious those running the current  education system will not alter their stand on attaining high standards, encouraging multi lingualism and enhancing STEM. Its all about race and religion they are concerned about. What we need is competition in the education system to improve. \nEven in the UK, oxford, Cambridge, london, scotland, wales, Hampshire, north East ......etc all have their own examination and syllabus. The education system is not a monopoly. Ours currently is.", "time": "1 tahun lalu", "author": "@syedputra5955", "channel": "UCAQKy562D4wVQY5cHA8kJJA", "votes": "0", "replies": "", "photo": "https://yt3.ggpht.com/ytc/AIdro_kgBWq1E2hqfih-Am5ANZ_fUPXVtdn36qkveK0NUzc=s88-c-k-c0x00ffffff-no-rj", "heart": false, "reply": false, "time_parsed": 1715483304.594111}
{"cid": "UgwauM0rrc2b-TZLRw14AaABAg", "text": "i got straight A's for spm last year and applied for IPG. I didn't even passed the psychometric test lol. i think it's slowly improving and IPG even have program cemerlang things where they sent excellent spm students abroad. sadly last year they sent students to arabic country for agama/arab while my school didn't even offer arab language as a subject. i wonder why can't they just offer more option for these excellent students? not to mention that only spm students for that year are the only one that can apply. but it's still concerning, my mom are teaching in primary school and she told me that the practicums teacher that are major in TESL from KPTM can't even speak in front of students in class! those who graduated from IPG are not going to disappoint but those who aren't, i've lost for words... if they're given the position as a full-time teacher, we might see the same Malaysia again 💁", "time": "1 tahun lalu", "author": "@zyadikmal7245", "channel": "UCjk0g75m9-71mxGYYT4MqSQ", "votes": "34", "replies": "4", "photo": "https://yt3.ggpht.com/czqb-XERtzbZ_Cz_weVI6E4ECkkCnN_eOtE_cIt-DWcljvu02jyU1JTFZzaLkJ2jhXh445Yovw=s88-c-k-c0x00ffffff-no-rj", "heart": false, "reply": false, "time_parsed": 1715483304.595238}
{"cid": "UgyLTwlSumJa6cPG09h4AaABAg.A-FA4TaLb5zA-G00DkNgbQ", "text": "It's a good hope.", "time": "1 tahun lalu", "author": "@garychong8898", "channel": "UCbe27gIgVs3trllH9kpHfvg", "votes": "0", "replies": "", "photo": "https://yt3.ggpht.com/GIIkgk56Xnze_QjSnJQoMUJrEHDYj3j9190aEj5_h7DfV1dgFxsdnEMzOVNnHkUiY1TScSH-5A=s88-c-k-c0x00ffffff-no-rj", "heart": false, "reply": true, "time_parsed": 1715483304.780019}
{"cid": "UgwfD7l7HLKJiwmR5TR4AaABAg.A-F6xgb0_ZbA-GS02_F0DG", "text": "I found it easier to understand and remember SPM's science course in DLP compared to in Bahasa Melayu, I speak Malay and took it in Malay. There's obviously some problem in the translation and explanation in our textbook. Not to mention most of it were directly translated to Bahasa from English, which as we know isn't ideal especially when it comes to education. \n\n This is just in my opinion and perspective; Or maybe I am just an oddball. Sure, there's certain concept that's easier to grasp when explained in Malay, but these textbooks were structred using English sources and by English scholars. There ought to be words and terms that is better explained in English. \n\n That doesn't mean that we shouldn't have Malay in science courses. After all, who's gonna use the language when not even the citizen of the country itself use it? We need to strengthen and put more care into writing science textbook in Malay. Add more words to the dictionary and write more definition to unknown terms. Give those words (in Bahasa) more exposure to the public so they can prepare themselves to learn those unfamiliar terms. \n\n ()", "time": "1 tahun lalu", "author": "@user-28qhfk65", "channel": "UCDaPA0I0rmUIyLEqccDPorg", "votes": "15", "replies": "", "photo": "https://yt3.ggpht.com/lKE3hDgfKCYqr790jwaau-Q033ResORSDpXgNexTRkli690RSvYnWBEnMD4FdO5F9Eqh0PZQwJk=s88-c-k-c0x00ffffff-no-rj", "heart": false, "reply": true, "time_parsed": 1715483305.053897}
{"cid": "UgwfD7l7HLKJiwmR5TR4AaABAg.A-F6xgb0_ZbA-H6TQNMcIu", "text": "I totally agree", "time": "1 tahun lalu", "author": "@compass_and_beyond", "channel": "UCE8GddM85uZgk75ID-YdZVw", "votes": "0", "replies": "", "photo": "https://yt3.ggpht.com/ytc/AIdro_mQZxpQZRnUl_wKlT4AQBHQKTky57pW7gyfrNBnMP6N7Cs=s88-c-k-c0x00ffffff-no-rj", "heart": false, "reply": true, "time_parsed": 1715483305.057132}
{"cid": "UgwfD7l7HLKJiwmR5TR4AaABAg.A-F6xgb0_ZbA-HelNYMk1A", "text": "@ptaeiy DLP stands for Dual Language Programme. Basically, there is two language you can choose to learn science & maths subjects, English or Malay.\n\n What I meant by DLP in my comment earlier is the English programme, since its' logo are only printed on the English course.\n\n Some subject that's included in the programme are:\n\n1) Science\n2) Additional Science\n3) Physics\n4) Chemistry\n5) Biology\n6) Maths\n7) Add Maths", "time": "1 tahun lalu (diedit)", "author": "@user-28qhfk65", "channel": "UCDaPA0I0rmUIyLEqccDPorg", "votes": "2", "replies": "", "photo": "https://yt3.ggpht.com/lKE3hDgfKCYqr790jwaau-Q033ResORSDpXgNexTRkli690RSvYnWBEnMD4FdO5F9Eqh0PZQwJk=s88-c-k-c0x00ffffff-no-rj", "heart": false, "reply": true, "time_parsed": 1715483305.059491}
{"cid": "UgwfD7l7HLKJiwmR5TR4AaABAg.A-F6xgb0_ZbA-JLOPZeq4P", "text": "​ @user-28qhfk65  You're not alone my man , I also feel the same , I learned my STEM subjects in Bahasa , but i feel weird with the explanation , tbh i prefer the English one", "time": "1 tahun lalu (diedit)", "author": "@mohdhafiz2559", "channel": "UCdg80G7NHPFup3yCKYV1RVw", "votes": "2", "replies": "", "photo": "https://yt3.ggpht.com/ytc/AIdro_kqam2m2aOJAYW9JlMZWZefdZP3awqN25P1SKLNGpvVy-E=s88-c-k-c0x00ffffff-no-rj", "heart": false, "reply": true, "time_parsed": 1715483305.0617}
{"cid": "UgwfD7l7HLKJiwmR5TR4AaABAg.A-F6xgb0_ZbA-K-l5Oykl4", "text": " @user-28qhfk65  I found it the other way around; that is I found it easier to comprehend SPM STEM subjects in Bahasa Melayu as opposed to English. I'm assuming that you studied under an older syllabus (KBSM), since the textbooks were translated from its English counterpart as PPSMI policy ended so the default textbooks were in English pre-2012. But starting from the new syllabus, DLP books are the ones being translated from its Malay edition. I took A-Level which is obviously in English and still scored well enough. Thus coming to my point, I don't think that the language itself is the problem but instead the way they are being taught in schools. There are a lot of teachers that were asked to teach Science even though it's not their major. Having STEM subjects being taught in Malay is not a problem as PPSMI policy is considered a failure, that's why it's been abolished. As a matter of fact, in the Philippines, the ones that were English-taught scored lower in PISA than the ones who didn't. Sure, I'm not denying that it is easier to find English-based sources for Science subjects but that doesn't necessarily means that the pupils would have higher science literacy as it would require them to be proficient in English first.", "time": "1 tahun lalu (diedit)", "author": "@izzdakwat0.591", "channel": "UCpeoWog-IGc7QEVYyP8WehA", "votes": "3", "replies": "", "photo": "https://yt3.ggpht.com/ytc/AIdro_kCHEEBNnIWRmd472LC5B2qIdMP8nOuyWY08zb0wOSwKw=s88-c-k-c0x00ffffff-no-rj", "heart": false, "reply": true, "time_parsed": 1715483305.063684}
{"cid": "UgwfD7l7HLKJiwmR5TR4AaABAg.A-F6xgb0_ZbA-T5YVQETK8", "text": "The selfish politicians have treated education as a goldmine so changing syllabus books and courses means making tons of money.", "time": "1 tahun lalu", "author": "@thomasho9637", "channel": "UCUZLvdxsds3bLhwk3TbRvCA", "votes": "2", "replies": "", "photo": "https://yt3.ggpht.com/ytc/AIdro_lKdYAX8M3BNuGVCB_YrVU0BcIsmQign6DD0CQvYbb-9Rs=s88-c-k-c0x00ffffff-no-rj", "heart": false, "reply": true, "time_parsed": 1715483305.0655}
{"cid": "UgwfD7l7HLKJiwmR5TR4AaABAg.A-F6xgb0_ZbA-Wz8GMaI4z", "text": "Acknowledge UEC as that provides all the talent. Thanks.", "time": "1 tahun lalu", "author": "@leealex24", "channel": "UCCienV9O2Jkl3bcSyz04L1Q", "votes": "1", "replies": "", "photo": "https://yt3.ggpht.com/ytc/AIdro_k4oWz01IEHmmAJD8Za7cyMZuA66jBofSPqUMOeb7k=s88-c-k-c0x00ffffff-no-rj", "heart": false, "reply": true, "time_parsed": 1715483305.0673}
{"cid": "UgwfD7l7HLKJiwmR5TR4AaABAg.A-F6xgb0_ZbA-Wzx7vWdPP", "text": " @leealex24  We already had STPM, which is under the purview of the Cambridge Assessment International Education, why the need to recognise UEC?", "time": "1 tahun lalu (diedit)", "author": "@izzdakwat0.591", "channel": "UCpeoWog-IGc7QEVYyP8WehA", "votes": "0", "replies": "", "photo": "https://yt3.ggpht.com/ytc/AIdro_kCHEEBNnIWRmd472LC5B2qIdMP8nOuyWY08zb0wOSwKw=s88-c-k-c0x00ffffff-no-rj", "heart": false, "reply": true, "time_parsed": 1715483305.068998}
{"cid": "UgwfD7l7HLKJiwmR5TR4AaABAg.A-F6xgb0_ZbA-X-a4Bm2Jf", "text": "​ @izzdakwat0.591 UEC is just like Cambridge but Chinese version. Moreover, UEC is multi lingual and the world is becoming Chinese and Asian centric, whats the problem to recognize UEC to keep our talents in the country? In fact, Sarawak fully agreed to recognize this, it is so basic.", "time": "1 tahun lalu (diedit)", "author": "@leealex24", "channel": "UCCienV9O2Jkl3bcSyz04L1Q", "votes": "2", "replies": "", "photo": "https://yt3.ggpht.com/ytc/AIdro_k4oWz01IEHmmAJD8Za7cyMZuA66jBofSPqUMOeb7k=s88-c-k-c0x00ffffff-no-rj", "heart": false, "reply": true, "time_parsed": 1715483305.070576}
{"cid": "UgwfD7l7HLKJiwmR5TR4AaABAg.A-F6xgb0_ZbA-X-agqFY4j", "text": "​@izzdakwat0.591 UEC is just like Cambridge but Chinese version. Moreover, UEC is multi lingual and the world is becoming Chinese and Asian centric, whats the problem to recognize UEC to keep our talents in the country? In fact, Sarawak fully agreed to recognize this, it is so basic.", "time": "1 tahun lalu", "author": "@leealex24", "channel": "UCCienV9O2Jkl3bcSyz04L1Q", "votes": "1", "replies": "", "photo": "https://yt3.ggpht.com/ytc/AIdro_k4oWz01IEHmmAJD8Za7cyMZuA66jBofSPqUMOeb7k=s88-c-k-c0x00ffffff-no-rj", "heart": false, "reply": true, "time_parsed": 1715483305.072164}
{"cid": "UgwfD7l7HLKJiwmR5TR4AaABAg.A-F6xgb0_ZbA-XAsXFISae", "text": " @leealex24  Yeah not quite, as the recognition of UEC in the overseas itself is much lesser than that of STPM, the majority of CIHS now are doing SPM and/or STPM in addition to UEC. The current local recognition of UEC is fine.", "time": "1 tahun lalu (diedit)", "author": "@izzdakwat0.591", "channel": "UCpeoWog-IGc7QEVYyP8WehA", "votes": "0", "replies": "", "photo": "https://yt3.ggpht.com/ytc/AIdro_kCHEEBNnIWRmd472LC5B2qIdMP8nOuyWY08zb0wOSwKw=s88-c-k-c0x00ffffff-no-rj", "heart": false, "reply": true, "time_parsed": 1715483305.331579}
{"cid": "UgwfD7l7HLKJiwmR5TR4AaABAg.A-F6xgb0_ZbA-XBPtGOgkC", "text": " @leealex24  Anyway if the world is getting more China-centric, do you care to explain why are there more and more Chinese nationals are studying in English-speaking countries? Taking UEC is just going to limit your options as most of the top universities in the world are still using English as their language of instruction.", "time": "1 tahun lalu (diedit)", "author": "@izzdakwat0.591", "channel": "UCpeoWog-IGc7QEVYyP8WehA", "votes": "0", "replies": "", "photo": "https://yt3.ggpht.com/ytc/AIdro_kCHEEBNnIWRmd472LC5B2qIdMP8nOuyWY08zb0wOSwKw=s88-c-k-c0x00ffffff-no-rj", "heart": false, "reply": true, "time_parsed": 1715483305.334475}
{"cid": "UgwfD7l7HLKJiwmR5TR4AaABAg.A-F6xgb0_ZbA-XFuhn5Z3I", "text": "​ @izzdakwat0.591 UEC is recognized in many Asian countries are you that dumb? It is enough about stupid politics but focus on having good talents happy and able to progress in the country. I dont know what world you live in but the fact is UEC is important and the world becoming more China centric in business is real, you are either blind or just ignorant.", "time": "1 tahun lalu (diedit)", "author": "@leealex24", "channel": "UCCienV9O2Jkl3bcSyz04L1Q", "votes": "0", "replies": "", "photo": "https://yt3.ggpht.com/ytc/AIdro_k4oWz01IEHmmAJD8Za7cyMZuA66jBofSPqUMOeb7k=s88-c-k-c0x00ffffff-no-rj", "heart": false, "reply": true, "time_parsed": 1715483305.336784}
{"cid": "UgwfD7l7HLKJiwmR5TR4AaABAg.A-F6xgb0_ZbA-XFvPTNKiA", "text": "​@izzdakwat0.591 UEC is recognized in many Asian countries are you that dumb? It is enough about stupid politics but focus on having good talents happy and able to progress in the country. I dont know what world you live in but the fact is UEC is important and the world becoming more China centric in business is real, you are either blind or just ignorant.", "time": "1 tahun lalu", "author": "@leealex24", "channel": "UCCienV9O2Jkl3bcSyz04L1Q", "votes": "0", "replies": "", "photo": "https://yt3.ggpht.com/ytc/AIdro_k4oWz01IEHmmAJD8Za7cyMZuA66jBofSPqUMOeb7k=s88-c-k-c0x00ffffff-no-rj", "heart": false, "reply": true, "time_parsed": 1715483305.338837}
{"cid": "UgwfD7l7HLKJiwmR5TR4AaABAg.A-F6xgb0_ZbA-XGvRjYLBn", "text": "​ @izzdakwat0.591  UEC is recognized in many major Asian countries of which many are very strong economies. Malaysia can tap on this great talents right in our backyard (To avoid brain drain) to grow, and develop the country to amazing heights whilst making them happy/prosper too. \n\nI don't know which would you are living in, it's 100% fact that the world is becoming more Chinese/Asian centric in the business world, together with English. It's either you are blind, or just decide to be foolishly ignorant.", "time": "1 tahun lalu (diedit)", "author": "@leealex24", "channel": "UCCienV9O2Jkl3bcSyz04L1Q", "votes": "0", "replies": "", "photo": "https://yt3.ggpht.com/ytc/AIdro_k4oWz01IEHmmAJD8Za7cyMZuA66jBofSPqUMOeb7k=s88-c-k-c0x00ffffff-no-rj", "heart": false, "reply": true, "time_parsed": 1715483305.340663}
{"cid": "UgwfD7l7HLKJiwmR5TR4AaABAg.A-F6xgb0_ZbA-XGwFDuxhs", "text": "​ @izzdakwat0.591  UEC is recognized in many major Asian countries of which many are very strong economies. Malaysia can tap on this great talents right in our backyard (To avoid brain drain) to grow, and develop the country to amazing heights whilst making them happy/prosper too. \r\n\r\nI don't know which would you are living in, it's 100% fact that the world is becoming more Chinese/Asian centric in the business world, together with English. It's either you are blind, or just decide to be foolishly ignorant.", "time": "1 tahun lalu", "author": "@leealex24", "channel": "UCCienV9O2Jkl3bcSyz04L1Q", "votes": "0", "replies": "", "photo": "https://yt3.ggpht.com/ytc/AIdro_k4oWz01IEHmmAJD8Za7cyMZuA66jBofSPqUMOeb7k=s88-c-k-c0x00ffffff-no-rj", "heart": false, "reply": true, "time_parsed": 1715483305.342483}
{"cid": "UgwfD7l7HLKJiwmR5TR4AaABAg.A-F6xgb0_ZbA-x4N3RRBeq", "text": " @izzdakwat0.591  True, I guess  its just my bias against DLP as a BM student. I took KSSM though. And it is certainly easier to remember and understand words like parallel and series compared to \"selari\" and \"sesiri\" 😅", "time": "1 tahun lalu (diedit)", "author": "@user-28qhfk65", "channel": "UCDaPA0I0rmUIyLEqccDPorg", "votes": "0", "replies": "", "photo": "https://yt3.ggpht.com/lKE3hDgfKCYqr790jwaau-Q033ResORSDpXgNexTRkli690RSvYnWBEnMD4FdO5F9Eqh0PZQwJk=s88-c-k-c0x00ffffff-no-rj", "heart": false, "reply": true, "time_parsed": 1715483305.344266}
{"cid": "UgwfD7l7HLKJiwmR5TR4AaABAg.A-F6xgb0_ZbA-xIZ9-9kim", "text": " @user-28qhfk65  To each their own I guess, 'jalinan endoplasma' sounds easier for me to remember than 'endoplasmic reticulum'", "time": "1 tahun lalu (diedit)", "author": "@izzdakwat0.591", "channel": "UCpeoWog-IGc7QEVYyP8WehA", "votes": "1", "replies": "", "photo": "https://yt3.ggpht.com/ytc/AIdro_kCHEEBNnIWRmd472LC5B2qIdMP8nOuyWY08zb0wOSwKw=s88-c-k-c0x00ffffff-no-rj", "heart": false, "reply": true, "time_parsed": 1715483305.345834}
{"cid": "UgwfD7l7HLKJiwmR5TR4AaABAg.A-F6xgb0_ZbA0Dd1iaaOOs", "text": "Well said", "time": "1 tahun lalu", "author": "@jamelbinseman6846", "channel": "UC1xnTfoydvBTZT-EeTuPAZw", "votes": "0", "replies": "", "photo": "https://yt3.ggpht.com/ytc/AIdro_nDOLDhMJ7Zx3Xfln6ZYuY7O6koEghMVt7Ki3_IXSLJvT8=s88-c-k-c0x00ffffff-no-rj", "heart": false, "reply": true, "time_parsed": 1715483305.347387}
{"cid": "UgwfD7l7HLKJiwmR5TR4AaABAg.A-F6xgb0_ZbA0F2YyMHM7a", "text": "​ @compass_and_beyond onñ😮😮😮😮😮😮😮", "time": "1 tahun lalu (diedit)", "author": "@sutharsananshanmugam6843", "channel": "UCj__Au42MlT2LqehUQjshuA", "votes": "0", "replies": "", "photo": "https://yt3.ggpht.com/ytc/AIdro_l_cdb12iEvfbconWqKW89iqSh69jL-NdmjZIuXCkr9Yg3iLzKFdf8SG32lYrR3AmrM9A=s88-c-k-c0x00ffffff-no-rj", "heart": false, "reply": true, "time_parsed": 1715483305.348947}
{"cid": "Ugy_mKbodkD5tVoOf6V4AaABAg.A-F60GtrueFA-G2Rs6Lrpa", "text": "Yeah true, let these parents suffer the consequences some day, when children say to their faces, \" Why didn't you tell me earlier!!,  otherwise my life won't be this bad\"", "time": "1 tahun lalu", "author": "@lowkatherine", "channel": "UCtp2DcSQDFbS3r3eqDS78cA", "votes": "8", "replies": "", "photo": "https://yt3.ggpht.com/ytc/AIdro_mPjIVKdIg7kC-sYQj5ewjX5YqdImLWqNn_eud81fIfBUg=s88-c-k-c0x00ffffff-no-rj", "heart": false, "reply": true, "time_parsed": 1715483305.678919}
{"cid": "Ugy_mKbodkD5tVoOf6V4AaABAg.A-F60GtrueFA-JdeUs-zVG", "text": "nope...its our school syllabus is shyt", "time": "1 tahun lalu", "author": "@popmitos", "channel": "UCV_Xm1agvD9ecEcs9euqaIg", "votes": "1", "replies": "", "photo": "https://yt3.ggpht.com/ccYWC8F870tx2QqMVoMxlLcmwx0LFNv1puQ_1JgOopY5IICXhkQl8zXNcDMuWWPQpYfSpT99JQ=s88-c-k-c0x00ffffff-no-rj", "heart": false, "reply": true, "time_parsed": 1715483305.682094}
{"cid": "UgxyeNEwZyXJJMViAKd4AaABAg.A-F-RKyhtmAA-G21k1efJE", "text": "wahh so nice of you all hahahah @circe_ng321 ", "time": "1 tahun lalu (diedit)", "author": "@ganendranpillay3283", "channel": "UC34qqWsdcUbEtYiT4Tgi28g", "votes": "0", "replies": "", "photo": "https://yt3.ggpht.com/ytc/AIdro_keS1X6Bd5xLj_3-5pRX63mjLla1czwhQIvMK6Vkcrh41A=s88-c-k-c0x00ffffff-no-rj", "heart": false, "reply": true, "time_parsed": 1715483305.988943}
{"cid": "UgxyeNEwZyXJJMViAKd4AaABAg.A-F-RKyhtmAA-GSPhhG0i9", "text": "well tbf moral is a useless subject lol, honestly we should scrap sivik and moral for actually more useful subject like language based or IT", "time": "1 tahun lalu", "author": "@dariel299", "channel": "UCjuC74px-7mbBCNzpEBqaEA", "votes": "7", "replies": "", "photo": "https://yt3.ggpht.com/ytc/AIdro_kVGrFo7JPaOuCTi1RAvKfk0XUs7zBlnE1mpZAFftlOKQc=s88-c-k-c0x00ffffff-no-rj", "heart": false, "reply": true, "time_parsed": 1715483305.991431}
{"cid": "UgxyeNEwZyXJJMViAKd4AaABAg.A-F-RKyhtmAA-H7QYFZPJc", "text": "moral if implemented correctly can be useful, ditto for sivik, IT should me made compulsory,  @dariel299 ", "time": "1 tahun lalu (diedit)", "author": "@ganendranpillay3283", "channel": "UC34qqWsdcUbEtYiT4Tgi28g", "votes": "0", "replies": "", "photo": "https://yt3.ggpht.com/ytc/AIdro_keS1X6Bd5xLj_3-5pRX63mjLla1czwhQIvMK6Vkcrh41A=s88-c-k-c0x00ffffff-no-rj", "heart": false, "reply": true, "time_parsed": 1715483305.993636}
{"cid": "UgxyeNEwZyXJJMViAKd4AaABAg.A-F-RKyhtmAA-LU4Zg4h2K", "text": "Law is better than moral and sivik combined. ​ @dariel299 ", "time": "1 tahun lalu (diedit)", "author": "@kingraplhmativo5178", "channel": "UCgNDRphznaMy9mtw5v_OAhw", "votes": "0", "replies": "", "photo": "https://yt3.ggpht.com/ytc/AIdro_m3B_ylAAteBH_e6oSTLM1iaQkWpxemxOvbqPlxPXIJ6UE=s88-c-k-c0x00ffffff-no-rj", "heart": false, "reply": true, "time_parsed": 1715483305.995435}
{"cid": "UgxyeNEwZyXJJMViAKd4AaABAg.A-F-RKyhtmAA-MYp6cBCCS", "text": "If u have the money, then good for u can avoid the shitty education system. What if u cant afford? then suffer lah", "time": "1 tahun lalu", "author": "@ryoutacooks", "channel": "UChI9ulRZpiFTkuCHl5-2W3w", "votes": "2", "replies": "", "photo": "https://yt3.ggpht.com/lCbKftAqcM9nVYVaHdFR16_BsfcrBoV1WWok21_cEkng2GiCGKSZ2NEhbiuPTbI1aNCTeW_LyQ=s88-c-k-c0x00ffffff-no-rj", "heart": false, "reply": true, "time_parsed": 1715483305.997238}
{"cid": "UgxyeNEwZyXJJMViAKd4AaABAg.A-F-RKyhtmAA-Mxe3NDBaU", "text": "i guess you have to make a choice la.  @ryoutacooks ", "time": "1 tahun lalu (diedit)", "author": "@ganendranpillay3283", "channel": "UC34qqWsdcUbEtYiT4Tgi28g", "votes": "0", "replies": "", "photo": "https://yt3.ggpht.com/ytc/AIdro_keS1X6Bd5xLj_3-5pRX63mjLla1czwhQIvMK6Vkcrh41A=s88-c-k-c0x00ffffff-no-rj", "heart": false, "reply": true, "time_parsed": 1715483305.999048}
{"cid": "UgxyeNEwZyXJJMViAKd4AaABAg.A-F-RKyhtmAA0nOKzNcshm", "text": "In my school most teachers are marking exam papers after the examination period and told us to do our own work for at 2 weeks or more. Even if we have a question, we're told not to disturb because they're busy marking exam papers. Eventually, most teachers will be running around to borrow time from other teachers to finish the syllabus before the finals", "time": "1 tahun lalu", "author": "@mila5796", "channel": "UCJWd-Z31KsZpKDEQmjoCZSg", "votes": "0", "replies": "", "photo": "https://yt3.ggpht.com/E07Sxmpat_UXOP86jVoNLv-uROjfHsJrOcm6-_zwoMaYXnjegAxuF2Sju0fQq8VqvKl76Rh9wJY=s88-c-k-c0x00ffffff-no-rj", "heart": false, "reply": true, "time_parsed": 1715483306.000669}
{"cid": "UgyS92fIEhfPrwltn594AaABAg.A-EynHDUV-jA-LxWgpp7cB", "text": "it got nothing to do with medium of education. Many monolingual countries performed well in math and science, eg Korea, Japan, china, HK, taiwan and others.\nsomemore malay language doesnt have enough words by itself and it oftens borrow words from english anywhere and tried to malaylised it. You got to learn the english words also.\nthere are many issues resulted in the standard of education here. flip flop policies, teachers quality, parents dont care abt their children's education performance, parents care too much about their children education performance and removed them and placed in private schools and etc", "time": "1 tahun lalu", "author": "@linustw", "channel": "UCZfx3qff_PSkKSEtD3WSBWw", "votes": "11", "replies": "", "photo": "https://yt3.ggpht.com/ytc/AIdro_mWI-uT55-jMBsPVxYI7_S4PquovWqRd95BQ4nbR9Qpwscx=s88-c-k-c0x00ffffff-no-rj", "heart": false, "reply": true, "time_parsed": 1715483306.601666}
{"cid": "UgyS92fIEhfPrwltn594AaABAg.A-EynHDUV-jA-RbJeuN0dq", "text": "Nah language aint the main problem", "time": "1 tahun lalu", "author": "@rinharter7758", "channel": "UCAfuGjtON10OIlj1RgzdJgQ", "votes": "1", "replies": "", "photo": "https://yt3.ggpht.com/ytc/AIdro_n6Lv0N1ZGsTZ5tB_OySfWbLh7GRCE_zboEXl6E1npaIxU=s88-c-k-c0x00ffffff-no-rj", "heart": false, "reply": true, "time_parsed": 1715483306.604293}
{"cid": "UgyS92fIEhfPrwltn594AaABAg.A-EynHDUV-jA-T-gYqyYs1", "text": "running away from staying the main issue just shows ya got no balls in life...kunyit bunch", "time": "1 tahun lalu", "author": "@TheLastSultan420", "channel": "UCAWRo2dQtp96FawDAMV8d0A", "votes": "0", "replies": "", "photo": "https://yt3.ggpht.com/gpkZURTHAyxGy4c8tiMnHpUPUEHkPzNY3lMHlcsdpRAcp36eE-r-zBOp6CeWdOsUasHQ9IZZPg=s88-c-k-c0x00ffffff-no-rj", "heart": false, "reply": true, "time_parsed": 1715483306.60646}
{"cid": "UgyS92fIEhfPrwltn594AaABAg.A-EynHDUV-jA0zelOkv6o9", "text": "Å", "time": "1 tahun lalu", "author": "@leeeelee7933", "channel": "UCliq7uvelCHPIH5QXU00DSw", "votes": "0", "replies": "", "photo": "https://yt3.ggpht.com/ytc/AIdro_ltmbFW-pU-JRsnNOo9yMn2W8Gf1VSvD0hopaYJpKMKAteu=s88-c-k-c0x00ffffff-no-rj", "heart": false, "reply": true, "time_parsed": 1715483306.608283}
{"cid": "UgyS92fIEhfPrwltn594AaABAg.A-EynHDUV-jA8bX70IogM3", "text": "My friend sent me a job application for the UN. And I quote ‘they have had a lot of applicants but so far none of them have a good enough grasp of English for the position’… I declined coz I have no interest in being a bureaucratic hack. The position required a masters degree ‘from a reputable learning institution’ and fluency in English and BM. They had to extend the deadline.", "time": "7 bulan lalu (diedit)", "author": "@lingy74", "channel": "UC-hH751KgOTxOpXkqaZu4Zw", "votes": "0", "replies": "", "photo": "https://yt3.ggpht.com/ytc/AIdro_mtHkj3YeV4FqUhQ-PRjoz3XuyKoe1nM1i2NPQVG8gE8-M=s88-c-k-c0x00ffffff-no-rj", "heart": false, "reply": true, "time_parsed": 1728702506.610798}
{"cid": "Ugyq9v7LJe6d3QEKpXt4AaABAg.A-EyJSmivjbA-HGjogIKsL", "text": "Right....the japanese & Korean become the Frontliners of modern technology by learning their education in English..hehe", "time": "1 tahun lalu", "author": "@arsenenaim", "channel": "UCXmwdjTJ_aK3eby6a-lLgrg", "votes": "0", "replies": "", "photo": "https://yt3.ggpht.com/ytc/AIdro_kfo-pnwbNaG_-W5x7bmAR7CtpmVc4QuxvjkxBFoyF8QwM=s88-c-k-c0x00ffffff-no-rj", "heart": false, "reply": true, "time_parsed": 1715483306.908143}
{"cid": "Ugyq9v7LJe6d3QEKpXt4AaABAg.A-EyJSmivjbA-HQ4B6QRQ2", "text": " @arsenenaim  Right..as usual you are trying to act smart, defensive but continue to be clueless. Cherry picking just that but failed to see the whole picture. I can counter your cherry pick points easily. Singapore official language is Bahasa. But they adopted English and became so successful. Philippines too uses a lot of english. Why english? Because it's the international language. It's easy to adopt and a lot of books are written in english. Knowledge are all there properly written. Secondly, bahasa is not build to learn stem subjects. If you are saying for communication purpose then it is fine. Korean and Japanese language have a very strong foundation integrated to STEM subjects. Next thing is, the character, attitude of Japanese are one of the best. You would know if you go to Japan. Another thing is they don't have QUOTA. Everyone will compete fairly. We are already lacking behind so much and yet you want to play your defense game. Korean even started to take Chinese language as part of the 3rd language. English as 2nd language. And if we look at attitude, Malaysian have the tidak apa attitude. I have much more to say but i ain't going to waste my time on you. The damage has been done. It's only up to the Malays whether they want a change for the future or remain the same mentality.", "time": "1 tahun lalu (diedit)", "author": "@jackofa11traits29", "channel": "UCMCqPrb--jTOchd7mCMLJDQ", "votes": "2", "replies": "", "photo": "https://yt3.ggpht.com/ytc/AIdro_lm_zOZN6FVCMC9XEgozZJNxopPmyd0qspJwRJFxH0emdOvBN8EgbvmEsBy4G2A8EPFaA=s88-c-k-c0x00ffffff-no-rj", "heart": false, "reply": true, "time_parsed": 1715483306.911796}
{"cid": "UgwauM0rrc2b-TZLRw14AaABAg.A-EwdpY5m2pA-HRpwryF6F", "text": "Did you try to apply as a substitute teacher?", "time": "1 tahun lalu", "author": "@someguywithabirdface2583", "channel": "UCzZUXvfz8UofWzhI5gJ42rw", "votes": "0", "replies": "", "photo": "https://yt3.ggpht.com/ytc/AIdro_l-e2IHnQnHrQvUnoGSGshbWoq_DNkYlewfIaDiURytIg=s88-c-k-c0x00ffffff-no-rj", "heart": false, "reply": true, "time_parsed": 1715483307.215983}
{"cid": "UgwauM0rrc2b-TZLRw14AaABAg.A-EwdpY5m2pA-HbLY3hI6S", "text": " @someguywithabirdface2583  nah im currently taking diploma. thinking of applying MEXT for degree", "time": "1 tahun lalu (diedit)", "author": "@zyadikmal7245", "channel": "UCjk0g75m9-71mxGYYT4MqSQ", "votes": "1", "replies": "", "photo": "https://yt3.ggpht.com/czqb-XERtzbZ_Cz_weVI6E4ECkkCnN_eOtE_cIt-DWcljvu02jyU1JTFZzaLkJ2jhXh445Yovw=s88-c-k-c0x00ffffff-no-rj", "heart": false, "reply": true, "time_parsed": 1715483307.219077}
{"cid": "UgwauM0rrc2b-TZLRw14AaABAg.A-EwdpY5m2pA-MPy_P2up5", "text": "That's why many, including malays send their children to venacular schools instead", "time": "1 tahun lalu", "author": "@xxxcool2565", "channel": "UCRYYuWmXFchzxn0lRYSK9wg", "votes": "0", "replies": "", "photo": "https://yt3.ggpht.com/ytc/AIdro_lmEAigCxDqmH-rccutGr8kb2k5D1VInpGkX-1VI8o=s88-c-k-c0x00ffffff-no-rj", "heart": false, "reply": true, "time_parsed": 1715483307.221617}
{"cid": "UgwauM0rrc2b-TZLRw14AaABAg.A-EwdpY5m2pA0L3vlAmS2p", "text": "You need to polish up on your English before facing any students.", "time": "1 tahun lalu", "author": "@sirocco7151", "channel": "UCaeQNiC7d9IE2ljLvgq78VA", "votes": "0", "replies": "", "photo": "https://yt3.ggpht.com/ytc/AIdro_mESfQ0ti1KRtxNtWvyoJie3aviI3uX9r93Izy0cFQ=s88-c-k-c0x00ffffff-no-rj", "heart": false, "reply": true, "time_parsed": 1715483307.224125}
{"cid": "UgzM7-aUkmdrgd8ZzBd4AaABAg", "text": "teachers are burden with clerical duties in addition to teaching duties", "time": "1 tahun lalu", "author": "@sideecm", "channel": "UCobKfVICuimC6bA10lbFTVQ", "votes": "0", "replies": "", "photo": "https://yt3.ggpht.com/ytc/AIdro_lGNpcRGema3s3eX69k49M1RgcXe3FvubefueUZsro5sA=s88-c-k-c0x00ffffff-no-rj", "heart": false, "reply": false, "time_parsed": 1715483307.564396}
{"cid": "UgzL4r-ht-nxEzpoXUZ4AaABAg", "text": "😢", "time": "1 tahun lalu", "author": "@nickkjz", "channel": "UCV-cEK7tAysm_ueBlYXDt7w", "votes": "0", "replies": "", "photo": "https://yt3.ggpht.com/ytc/AIdro_klknJjcLlztOfhVrk0BypXdDnObO-iwe8vpIvk7SrfAw=s88-c-k-c0x00ffffff-no-rj", "heart": false, "reply": false, "time_parsed": 1715483307.566241}
{"cid": "Ugy7owG1JA6Z4r8nW0V4AaABAg", "text": "Monkey teach, monkey do! That's explain why the country is a zoo!", "time": "1 tahun lalu", "author": "@Ak1m2", "channel": "UCBmOnoLL5v_n3jG_u78ABIw", "votes": "1", "replies": "", "photo": "https://yt3.ggpht.com/ytc/AIdro_mJGo-v-P8hmTtwpRiR-T8x2Kn66JVVW_x7Wxsu0ko=s88-c-k-c0x00ffffff-no-rj", "heart": false, "reply": false, "time_parsed": 1715483307.567961}
{"cid": "Ugx24M_bjXCSCwcKLJx4AaABAg", "text": "Feels like some “group” of people will blame that it is bc we have SJKC AND SJKT and also independent sekolah kebangsaan, that’s why our education is so bad and having these problems right now lol.", "time": "1 tahun lalu (diedit)", "author": "@MMM-hn2ul", "channel": "UCdmstRD-1udqdyhxyuWk9yQ", "votes": "1", "replies": "", "photo": "https://yt3.ggpht.com/lUJwxBi5KvpgUMqQnGkG9mDHnEk36DXhr-1TvCOFsej40Tf-oi3X6jSq-Exo1dwuZQUGYrViTw=s88-c-k-c0x00ffffff-no-rj", "heart": false, "reply": false, "time_parsed": 1715483307.569518}
{"cid": "Ugyz9rMr3gf4-TEDOUN4AaABAg", "text": "if you are saying that it is due to the teachers,  it is totally wrong ! There are teachers from Gen X that is really committed. The main reason is the teachers are burden with the internal IT system that is not realiable and stable ie input the score into the grading system and the system is always hang. Hence the teacher has to stay up late until 3 am just to input the data. No enough sleep. Got to do clerical work. No 2 - too many ad-hoc that is not related to teaching. The children were left in the classroom due to teachers got to do the ad-hoc things. No 3 is changing the policy from time to time without referring to the teachers that are already at the ground. The minister and ministrial senior management are still looking the best for the nation but end up too many of them are just makan angin...or just NATO (No action talk only).", "time": "1 tahun lalu", "author": "@BarracudaBoracay", "channel": "UCf_NfYx200upEcYYduXF-cQ", "votes": "19", "replies": "3", "photo": "https://yt3.ggpht.com/ytc/AIdro_kx7LRXG9JxEQPwGG5Y-3-amHKIcX2nDJF5PElO758mf4e-_81WiP_1aIdW3MoO0j1Pgg=s88-c-k-c0x00ffffff-no-rj", "heart": false, "reply": false, "time_parsed": 1715483307.57108}
{"cid": "UgyBSgDuWw3aZ3i4tjN4AaABAg", "text": "You left out a big elephant in the room. Race based politics that resulted in race based discrimination in education system.", "time": "1 tahun lalu (diedit)", "author": "@soccer.547", "channel": "UCYB4lLBLbvV5fMPItNXQqQg", "votes": "841", "replies": "158", "photo": "https://yt3.ggpht.com/bCGTzHlIBcb64mCDjgnNjHdiv7rxN2xDA8zLM1dJpd12zO0i18kcvM1DO7tIOg5i7mHmgmyyOA=s88-c-k-c0x00ffffff-no-rj", "heart": false, "reply": false, "time_parsed": 1715483307.572685}
{"cid": "UgwJ1XHxU5-B_H-SBgd4AaABAg", "text": "Off-topic - wow you had to choose to decorate the scene at the start making it look like there's ants on my screen. 😆", "time": "1 tahun lalu", "author": "@goldfries", "channel": "UC30Go-oRY1nbnQCk3ONYguA", "votes": "0", "replies": "", "photo": "https://yt3.ggpht.com/ytc/AIdro_mHHDhYpHTGn9Xs9gvZHfOWYu21oZT9ANgb4BlbxLi-FI8=s88-c-k-c0x00ffffff-no-rj", "heart": false, "reply": false, "time_parsed": 1715483307.574145}
{"cid": "UgxlmhOKiMEjvw_RxDF4AaABAg", "text": "Too many subjects . How to pay attention to all 13 subjects?", "time": "1 tahun lalu", "author": "@BeigeBrownClip-jd2pv", "channel": "UCY4pB7o0WYIGzZBOvb5dqHg", "votes": "9", "replies": "", "photo": "https://yt3.ggpht.com/ytc/AIdro_kOb7QQDcZFwpMIdd9bTrXMar1ggASA-XZvBJ1dsoZ7ILZXnMflzIOdl1i8MGKOzZIN6g=s88-c-k-c0x00ffffff-no-rj", "heart": false, "reply": false, "time_parsed": 1715483307.575551}
{"cid": "Ugxvq46wG8hmligdp994AaABAg", "text": "DO NOT let politicians screw our children's education (future).", "time": "1 tahun lalu", "author": "@co6033", "channel": "UCUwdycRTBQe1g0BRDEw5WJg", "votes": "1", "replies": "", "photo": "https://yt3.ggpht.com/ytc/AIdro_n5lbw-Pfsjbxmz4dg_Bm5Q-epMvVfAfm-1gn57jYE=s88-c-k-c0x00ffffff-no-rj", "heart": false, "reply": false, "time_parsed": 1715483307.57692}
{"cid": "Ugxvn3xCOO7qiltTJ4J4AaABAg", "text": "You said it does not matter what language is used to teach the STEM subjects so long the students get the concepts, understand. Well, you are dead wrong. The world out there works mainly in the english language when it comes to STEM. As a student, most reference education materials are first hand in english. As he moves to a more advanced level as in uni, english usage is more vital and prevalent. And when he looks for a job, english proficiency is key and an edge that gives us a one up on your competition (as the world has gotten smarter while good old malaysia has gotten dumber). Thanks to our politicians. Know this - generations of malaysians have been scammed by the political elite through the education system", "time": "1 tahun lalu (diedit)", "author": "@patriciakedeni", "channel": "UCHcgOS01Q-aIdWDlJX2WOjQ", "votes": "8", "replies": "3", "photo": "https://yt3.ggpht.com/ytc/AIdro_lYG6VHFFPG0XrYt2mW1csTgHnYo_l8VZZhr6dNBbM=s88-c-k-c0x00ffffff-no-rj", "heart": false, "reply": false, "time_parsed": 1715483307.578295}
{"cid": "UgxiBFp6fZlwO7olFdl4AaABAg", "text": "obviously it is because the majority of the population demands it. malaysia is a democracy, majority dictates what happens. they will vote out anyone who tries to do the right thing for the country.", "time": "1 tahun lalu", "author": "@idoit5005", "channel": "UC3YbGHIGDMbiEty8BLSwcqg", "votes": "1", "replies": "", "photo": "https://yt3.ggpht.com/n_RS9Ofcq1yYnv58xSqfz2e3SFYRi5ph5TZOkL7HrAgbPtyHSnFLU2IWQTM9kUiG4pXIuOc6ues=s88-c-k-c0x00ffffff-no-rj", "heart": false, "reply": false, "time_parsed": 1715483307.579632}
{"cid": "UgxCCl6qJHxcl3wbMIB4AaABAg", "text": "Hi, how can I access the statistics that you used in the video?", "time": "1 tahun lalu", "author": "@THOMASBALAN", "channel": "UCw70rNodGDcZDslbgBTepEQ", "votes": "0", "replies": "", "photo": "https://yt3.ggpht.com/SaWj_2DsRfG1ZwSZDeOJQs7lPAoCdaMKVffAX8_tGKzce3RqMJJhv6iC8V5Q9EzmDxAICkZJ8A=s88-c-k-c0x00ffffff-no-rj", "heart": false, "reply": false, "time_parsed": 1715483307.580874}
{"cid": "UgyB8ldi_wyLvMLjGs94AaABAg", "text": "well it is what it is, standard has been dragging down in order for so called quota, no surprise at all", "time": "1 tahun lalu", "author": "@kcchiok", "channel": "UCjdKCAWrpuVHfHZTm6vX0pA", "votes": "1", "replies": "", "photo": "https://yt3.ggpht.com/2awpuLF9Bt_ttXBlL2wRkJGV5tCphZvskrYaKFlij7tgKNsvo27t4VZG03aXP4a0G1O3euUNsQ=s88-c-k-c0x00ffffff-no-rj", "heart": false, "reply": false, "time_parsed": 1715483307.582113}
{"cid": "UgzWEGzlXdZAgqvLKgB4AaABAg", "text": "Home is where the education start where parents need to find out the talent of the children.", "time": "1 tahun lalu", "author": "@AzuanArby", "channel": "UC4PN9Tu5709PXNJxedej_9A", "votes": "0", "replies": "", "photo": "https://yt3.ggpht.com/ytc/AIdro_kHdwpgeLxtVxA-EHG37476rJ3gYhDqFYxJR1GIZoA=s88-c-k-c0x00ffffff-no-rj", "heart": false, "reply": false, "time_parsed": 1715483307.583366}
{"cid": "Ugw6TTHks7YeJ6swQtd4AaABAg", "text": "Age 5-7 is important to ensure student can write, speak n read properly either in bahasa or english, if in primary school they still cab reach that, how they will find out to answer a test. An exam prepare they attach with zero answer paper because they dont know what to write ☝️ failed to understand question, identify also analise 🙃 language proficiency is important as for education n job requirement, bahasa our bahasa rasmi should be pass not failed, there a lot student failed bahasa, teacher play roles but student itself need to able to follow, even study at top school but the result still same 🥱", "time": "1 tahun lalu", "author": "@mircasyafirdaus7183", "channel": "UCEgyF3l2UE9UHV8uCNUeR5w", "votes": "0", "replies": "", "photo": "https://yt3.ggpht.com/ytc/AIdro_lpIVxACnqK-Gu-mCnmmnOWIzv-au7V2IE-s3ZjaUlV7Hc=s88-c-k-c0x00ffffff-no-rj", "heart": false, "reply": false, "time_parsed": 1715483307.584598}
{"cid": "UgzTq6Q71j3hWFUqMhJ4AaABAg", "text": "Aside from the emphasis on English, the teachers need sex education as well. Some of them are just too busy getting pregnant.", "time": "1 tahun lalu", "author": "@DominicTanTV", "channel": "UCheGUZjAIq7sc_9HxKFFokQ", "votes": "8", "replies": "2", "photo": "https://yt3.ggpht.com/ytc/AIdro_nZAu6CNvgm-JpBK4Fvb4J43W9ahyyxv8UD5UBhmyUbeRMORs1BrrOoUhSF1HHip9sZUg=s88-c-k-c0x00ffffff-no-rj", "heart": false, "reply": false, "time_parsed": 1715483307.585775}
{"cid": "UgxF64ZTixQu-B7dB3V4AaABAg", "text": "These are not important issues…what is important now is to support Palestine! Who cares whether our PISA scores are low and who cares if we don’t have any foreign investment. Foreigners must learn malay language to come here, don’t expect us to communicate in English.", "time": "1 tahun lalu", "author": "@Guynextdoor1993", "channel": "UC_GMXCOZE3YJ-hNTzP9Wr9Q", "votes": "0", "replies": "1", "photo": "https://yt3.ggpht.com/ytc/AIdro_msXUJTCrkr2wvBpVAeAb9HGBWu5g9us220LmTQ5fQ=s88-c-k-c0x00ffffff-no-rj", "heart": false, "reply": false, "time_parsed": 1715483307.586898}
{"cid": "UgxwFSUzu-rru-HiMJh4AaABAg", "text": "PISA might not be the best comparison but Malaysia is the only country i know where you can find an old Lady in a remote village and talk with her in English but her grandchildren coming to visit her after school do not understand English… my daughters English teacher at a PT meet apologised that her English is not so good", "time": "1 tahun lalu", "author": "@Ghredle", "channel": "UCyr0T2ZAYtXBz2Zj3nX-Rfw", "votes": "12", "replies": "", "photo": "https://yt3.ggpht.com/ytc/AIdro_kInYHAbWc0UJQk2TMHhZ1P3ibtuTG2QOdYIk09Awg=s88-c-k-c0x00ffffff-no-rj", "heart": false, "reply": false, "time_parsed": 1715483307.588025}
{"cid": "UgydBgz7nmFJPEvQSM54AaABAg", "text": "Even our PHD programmmes needed re-assessment..", "time": "1 tahun lalu", "author": "@gogoneeve6387", "channel": "UCGPvYLs17EBUNAXaFNkRezQ", "votes": "13", "replies": "1", "photo": "https://yt3.ggpht.com/yh6FguN5fx4fTH5LAGi3gLHGWC5mHaj4XakIGVTumDB6kFgmWkKwyTePq9L4U9SOiiYQk2QB5Ak=s88-c-k-c0x00ffffff-no-rj", "heart": false, "reply": false, "time_parsed": 1715483307.589151}
{"cid": "UgxlKXZrp7nm2HlEMlh4AaABAg", "text": "Your opinion is only scratching the surface my friend and your information is lacking soo much. We do have teachers that were trained overseas nowadays. Im one of them. We teachers have a lot...I mean aaaa lot of training, upskilling program etc2. even sometimes it is too much too handle. The question you should be asking is why the teachers do not implement what they have learn? Or why arent they performing even though they know how to? Ask these questions to the right people then you will understand the real issues. I want to rant but im tired already. We are all tired already.......................", "time": "1 tahun lalu", "author": "@anirsyafiq", "channel": "UC8fVev7KJAkvWrPkQPLXmNg", "votes": "9", "replies": "2", "photo": "https://yt3.ggpht.com/ytc/AIdro_noifdCNh_yX2LUBe0Y_esmsz0QmNh8RgXbkprsCXuZJsc=s88-c-k-c0x00ffffff-no-rj", "heart": false, "reply": false, "time_parsed": 1715483307.59028}
{"cid": "Ugyz9rMr3gf4-TEDOUN4AaABAg.A-Er6BGRzbiA-EusegXlhT", "text": "Thank you. Feel like Mr Money TV needs to go teaching for a few months. Have a try & let us know once it is over.", "time": "1 tahun lalu", "author": "@seanchen9265", "channel": "UCbf_M2TJagYCarJse8te_pw", "votes": "4", "replies": "", "photo": "https://yt3.ggpht.com/ytc/AIdro_kN-GdpVT-fkyPkNf6Db1ZCm4LWOIwRC1UVnPltYvXmoaY=s88-c-k-c0x00ffffff-no-rj", "heart": false, "reply": true, "time_parsed": 1715483307.933159}
{"cid": "Ugyz9rMr3gf4-TEDOUN4AaABAg.A-Er6BGRzbiA-FywnQLGgL", "text": "Programming and software immature due to corruption practicing when sourcing the IT products and sale after services.\nEducation basically every year score a very good budget provided by government expenditures , All money and planners has (politician) it agenda by purchased unqualified service providers and supplies the low or lower edition (which does not responding well in huge users). I T shall able to assist all the organization and company to concise the manual works and less time spending to do analysis and decision making.", "time": "1 tahun lalu", "author": "@masterseries4004", "channel": "UCdvr0l42HucWzT0oUG7YX5g", "votes": "0", "replies": "", "photo": "https://yt3.ggpht.com/ytc/AIdro_mpc6Dzh2Ax8e12YwPzwwFG7zV-S3SqnDCk4rkMm2o=s88-c-k-c0x00ffffff-no-rj", "heart": false, "reply": true, "time_parsed": 1715483307.936589}
{"cid": "Ugyz9rMr3gf4-TEDOUN4AaABAg.A-Er6BGRzbiA-HNg46aE5f", "text": " @seanchen9265  true... its very black and white... not indepth at all", "time": "1 tahun lalu (diedit)", "author": "@PrioBak", "channel": "UCF9rFkjkhq4TzDHJi46txaQ", "votes": "0", "replies": "", "photo": "https://yt3.ggpht.com/ytc/AIdro_lIKrKlXDdL-CudVcfiXuFA60NiiajvKOhAyLzK9Sxvew=s88-c-k-c0x00ffffff-no-rj", "heart": false, "reply": true, "time_parsed": 1715483307.939175}
{"cid": "UgyBSgDuWw3aZ3i4tjN4AaABAg.A-EplDgQLmHA-FcI_Wh1P6", "text": "All  the  head scratching  is for  show  only.", "time": "1 tahun lalu", "author": "@foreveryoung999", "channel": "UCGN7vwYFUz-fJ_ydYGEFHiQ", "votes": "33", "replies": "", "photo": "https://yt3.ggpht.com/ytc/AIdro_m4yBztTKBIOPUi_OrOUqDfINNKbZ-w8S8b7S7uBiuwQ2fUjAPTXxW72THAbvgqFMD3sg=s88-c-k-c0x00ffffff-no-rj", "heart": false, "reply": true, "time_parsed": 1715483308.217754}
{"cid": "UgyBSgDuWw3aZ3i4tjN4AaABAg.A-EplDgQLmHA-FlRLnk0QN", "text": "Yes. Left out the most important thing.. and this guy is scared of ppl condemn his view and don't dare to mention race base politics", "time": "1 tahun lalu", "author": "@jwanglerz8500", "channel": "UCKEfrzObmBEQXluM5uaPcVw", "votes": "58", "replies": "", "photo": "https://yt3.ggpht.com/ytc/AIdro_nWMTt6S3wmE5Xie3os3wNiEQ4ZASwwDKNVJI1ChSXxPw=s88-c-k-c0x00ffffff-no-rj", "heart": false, "reply": true, "time_parsed": 1715483308.220697}
{"cid": "UgyBSgDuWw3aZ3i4tjN4AaABAg.A-EplDgQLmHA-FnbsB8n1F", "text": "Everyone knows, but if he speak he's in trouble.", "time": "1 tahun lalu", "author": "@mocmocmoc13", "channel": "UCak6YjmGNT8nLufWb-mb3VA", "votes": "99", "replies": "", "photo": "https://yt3.ggpht.com/MZ476IajZmyC34cSJgwz4XmEERfeT94-hN45y0WiefQM_J5o9JflgAN4nYYjo260KXZ4yjcOaQ=s88-c-k-c0x00ffffff-no-rj", "heart": false, "reply": true, "time_parsed": 1715483308.223286}
{"cid": "UgyBSgDuWw3aZ3i4tjN4AaABAg.A-EplDgQLmHA-Fq88CV4-M", "text": "Tanah ini milik siapa? 🫢", "time": "1 tahun lalu", "author": "@FreakyShirley", "channel": "UCvkzFLI5ZwlPfLWtjLNSegA", "votes": "12", "replies": "", "photo": "https://yt3.ggpht.com/ytc/AIdro_mcnesyn78keqYlLEdsRnz1Xm9Nl-Jv0s7ioNgimBADNA=s88-c-k-c0x00ffffff-no-rj", "heart": false, "reply": true, "time_parsed": 1715483308.225543}
{"cid": "UgyBSgDuWw3aZ3i4tjN4AaABAg.A-EplDgQLmHA-FtHuVXApC", "text": " @FreakyShirley  tanah melayu la. Hidup melayu. Keris dijunjung tinggi. Jangan cabar", "time": "1 tahun lalu (diedit)", "author": "@jwanglerz8500", "channel": "UCKEfrzObmBEQXluM5uaPcVw", "votes": "23", "replies": "", "photo": "https://yt3.ggpht.com/ytc/AIdro_nWMTt6S3wmE5Xie3os3wNiEQ4ZASwwDKNVJI1ChSXxPw=s88-c-k-c0x00ffffff-no-rj", "heart": false, "reply": true, "time_parsed": 1715483308.22751}
{"cid": "UgyBSgDuWw3aZ3i4tjN4AaABAg.A-EplDgQLmHA-FtSD8sK1i", "text": " @FreakyShirley  Which part you own? Did you pay for shit?", "time": "1 tahun lalu (diedit)", "author": "@wwong82", "channel": "UCmOdRJ96EC6Bpggjq4JuWyA", "votes": "36", "replies": "", "photo": "https://yt3.ggpht.com/ytc/AIdro_lOdiQAu9TtTCgw6_YGRnzflT9QLoHJSeGvu6qUQNw=s88-c-k-c0x00ffffff-no-rj", "heart": false, "reply": true, "time_parsed": 1715483308.229326}
{"cid": "UgyBSgDuWw3aZ3i4tjN4AaABAg.A-EplDgQLmHA-FtXauhxZe", "text": " @FreakyShirley  maj oil.  Seksi betul awek ni", "time": "1 tahun lalu (diedit)", "author": "@jwanglerz8500", "channel": "UCKEfrzObmBEQXluM5uaPcVw", "votes": "0", "replies": "", "photo": "https://yt3.ggpht.com/ytc/AIdro_nWMTt6S3wmE5Xie3os3wNiEQ4ZASwwDKNVJI1ChSXxPw=s88-c-k-c0x00ffffff-no-rj", "heart": false, "reply": true, "time_parsed": 1715483308.231057}
{"cid": "UgyBSgDuWw3aZ3i4tjN4AaABAg.A-EplDgQLmHA-FwtzkmCNN", "text": " @FreakyShirley  orang  asking  ler.", "time": "1 tahun lalu (diedit)", "author": "@foreveryoung999", "channel": "UCGN7vwYFUz-fJ_ydYGEFHiQ", "votes": "0", "replies": "", "photo": "https://yt3.ggpht.com/ytc/AIdro_m4yBztTKBIOPUi_OrOUqDfINNKbZ-w8S8b7S7uBiuwQ2fUjAPTXxW72THAbvgqFMD3sg=s88-c-k-c0x00ffffff-no-rj", "heart": false, "reply": true, "time_parsed": 1715483308.232621}
{"cid": "UgyBSgDuWw3aZ3i4tjN4AaABAg.A-EplDgQLmHA-Fyd4PAHpB", "text": " @FreakyShirley  awek mantap.. seksi nak romen dgn you", "time": "1 tahun lalu (diedit)", "author": "@jwanglerz8500", "channel": "UCKEfrzObmBEQXluM5uaPcVw", "votes": "0", "replies": "", "photo": "https://yt3.ggpht.com/ytc/AIdro_nWMTt6S3wmE5Xie3os3wNiEQ4ZASwwDKNVJI1ChSXxPw=s88-c-k-c0x00ffffff-no-rj", "heart": false, "reply": true, "time_parsed": 1715483308.234191}
{"cid": "UgyBSgDuWw3aZ3i4tjN4AaABAg.A-EplDgQLmHA-G-2pLtVXe", "text": "There is nothing wrong with preference for bumiputera\nEven for bumiputera there is certain cgpa need to be achieved before entering public university(it's not that easy)\nTo enter the most prestigious university in Malaysia you still need to have good spm result", "time": "1 tahun lalu", "author": "@kalimacho1", "channel": "UC7OTPp-ohmFQqqbVa79Ht2A", "votes": "16", "replies": "", "photo": "https://yt3.ggpht.com/ytc/AIdro_m8rvJyaY3S-wN9LQ2-3Cj_GJ3r42COxlIEceg7BTHzm-o=s88-c-k-c0x00ffffff-no-rj", "heart": false, "reply": true, "time_parsed": 1715483308.235749}
{"cid": "UgyBSgDuWw3aZ3i4tjN4AaABAg.A-EplDgQLmHA-G2QD4BqvG", "text": " @jwanglerz8500  🤣", "time": "1 tahun lalu (diedit)", "author": "@soccer.547", "channel": "UCYB4lLBLbvV5fMPItNXQqQg", "votes": "1", "replies": "", "photo": "https://yt3.ggpht.com/bCGTzHlIBcb64mCDjgnNjHdiv7rxN2xDA8zLM1dJpd12zO0i18kcvM1DO7tIOg5i7mHmgmyyOA=s88-c-k-c0x00ffffff-no-rj", "heart": false, "reply": true, "time_parsed": 1715483308.637156}
{"cid": "UgyBSgDuWw3aZ3i4tjN4AaABAg.A-EplDgQLmHA-GDTJO5_2C", "text": " @FreakyShirley  kak janganlah delete comment.. kak mantap, tengok profile pic sedap nak makan", "time": "1 tahun lalu (diedit)", "author": "@jwanglerz8500", "channel": "UCKEfrzObmBEQXluM5uaPcVw", "votes": "2", "replies": "", "photo": "https://yt3.ggpht.com/ytc/AIdro_nWMTt6S3wmE5Xie3os3wNiEQ4ZASwwDKNVJI1ChSXxPw=s88-c-k-c0x00ffffff-no-rj", "heart": false, "reply": true, "time_parsed": 1715483308.6386}
{"cid": "UgyBSgDuWw3aZ3i4tjN4AaABAg.A-EplDgQLmHA-GHVYQXN3S", "text": "Race used to be the big elephant. But now students of all races are performing just as bad. 😂", "time": "1 tahun lalu (diedit)", "author": "@jainicz", "channel": "UC7DglTjwdQbsrskvmOyx5pg", "votes": "0", "replies": "", "photo": "https://yt3.ggpht.com/ytc/AIdro_nfjUZvK35o9j9xw7evgGKjjCDIyET4MojAs4BQ1HL0X6owAqbaRfHIOtGpCCRfa_npfA=s88-c-k-c0x00ffffff-no-rj", "heart": false, "reply": true, "time_parsed": 1715483308.639947}
{"cid": "UgyBSgDuWw3aZ3i4tjN4AaABAg.A-EplDgQLmHA-GJim6A4Xi", "text": "Race based discrimination in primary and high school? What, no chinese can attend national schools and no malays can attend chinese schools? Is there a quota on races in the k12 system? Pisa scores are based on high schoolers, specifically 15 year olds.\n\nAs usual, some 2wat drank the kool aid so much they actually believe their own bs. Wake up bruv and read some books and maybe fact check before u mouth off. Not all problems in this country has to do with race, but i guess educating someone with deep seated prejudice and inferiority complex is a herculean and sisyphean task all rolled into one.", "time": "1 tahun lalu", "author": "@slayersckaff", "channel": "UCqkw5yBbwUygbnnZ9ymho2g", "votes": "0", "replies": "", "photo": "https://yt3.ggpht.com/ytc/AIdro_mU6wjO9jduUqDcn4B8KolbgYPSPOh-VYI9jphalGk=s88-c-k-c0x00ffffff-no-rj", "heart": false, "reply": true, "time_parsed": 1715483308.641225}
{"cid": "UgyBSgDuWw3aZ3i4tjN4AaABAg.A-EplDgQLmHA-GK6JdKxnG", "text": "And that’s only half of the whole story. You forgot or conveniently left out Islamic fundamentalism & radicalism", "time": "1 tahun lalu", "author": "@tengfs", "channel": "UCBr7mEicp0tdHO-sLNIxmOg", "votes": "33", "replies": "", "photo": "https://yt3.ggpht.com/ytc/AIdro_kpitG9Y_ez9jBOIP3rc45VM_RYhxKr99oFEvPujjL4AA=s88-c-k-c0x00ffffff-no-rj", "heart": false, "reply": true, "time_parsed": 1715483308.642478}
{"cid": "UgyBSgDuWw3aZ3i4tjN4AaABAg.A-EplDgQLmHA-GL-KPk-R5", "text": " @tengfs  what's the fun of doing it all yourself, I started a piece and everyone are welcome to join and add their pieces. 😘 I am not a selfish player. 😜", "time": "1 tahun lalu (diedit)", "author": "@soccer.547", "channel": "UCYB4lLBLbvV5fMPItNXQqQg", "votes": "4", "replies": "", "photo": "https://yt3.ggpht.com/bCGTzHlIBcb64mCDjgnNjHdiv7rxN2xDA8zLM1dJpd12zO0i18kcvM1DO7tIOg5i7mHmgmyyOA=s88-c-k-c0x00ffffff-no-rj", "heart": false, "reply": true, "time_parsed": 1715483308.643735}
{"cid": "UgyBSgDuWw3aZ3i4tjN4AaABAg.A-EplDgQLmHA-GLopTWXUx", "text": "I will add another piece here. Instead of appreciating the value of a comprehensive Chinese medium education system, the people in power uses it as a political pawn to leverage Chinese votes. Even though Malays and other non-Chinese children attend Chinese independent schools, the government refuses to issue permit to build more when there is demand for more. Why there is no limit to building more for profit international schools, but the we can't build more non-profit Chinese medium schools even without government funding? Why the double standard? Discriminate much?🤭", "time": "1 tahun lalu", "author": "@soccer.547", "channel": "UCYB4lLBLbvV5fMPItNXQqQg", "votes": "27", "replies": "", "photo": "https://yt3.ggpht.com/bCGTzHlIBcb64mCDjgnNjHdiv7rxN2xDA8zLM1dJpd12zO0i18kcvM1DO7tIOg5i7mHmgmyyOA=s88-c-k-c0x00ffffff-no-rj", "heart": false, "reply": true, "time_parsed": 1715483308.644977}
{"cid": "UgyBSgDuWw3aZ3i4tjN4AaABAg.A-EplDgQLmHA-GMO-k6KsL", "text": "Also all the smart people go to Singapore/other countries", "time": "1 tahun lalu", "author": "@butterymuffinz", "channel": "UC_pUqBT41esi50QKXD2Lk4Q", "votes": "28", "replies": "", "photo": "https://yt3.ggpht.com/ytc/AIdro_nZXnae-bMYI_3zMU5DoNuqEBilvU9_4bvzlcL5RY0=s88-c-k-c0x00ffffff-no-rj", "heart": false, "reply": true, "time_parsed": 1715483308.646137}
{"cid": "UgyBSgDuWw3aZ3i4tjN4AaABAg.A-EplDgQLmHA-GN7OVPJX-", "text": "This is a problem mainly shows in universities, but pisa test is for students of age 15 though", "time": "1 tahun lalu", "author": "@karhoong92", "channel": "UCVBXBFSCgK5hNQtIx_dg6kg", "votes": "6", "replies": "", "photo": "https://yt3.ggpht.com/7RwW3I4HXsyKE23ddFTMMPPCJifdADMlJXVLCAQHJc_9hHCaGVvTciCrUmMbqk_9fVuGtAKKTA=s88-c-k-c0x00ffffff-no-rj", "heart": false, "reply": true, "time_parsed": 1715483308.647259}
{"cid": "UgyBSgDuWw3aZ3i4tjN4AaABAg.A-EplDgQLmHA-GNRAWM_UC", "text": " @karhoong92  shhhhh don’t wake them up from their delusion, keep the dose up so they’ll keep wallowing in their self pity and victimhood.", "time": "1 tahun lalu (diedit)", "author": "@slayersckaff", "channel": "UCqkw5yBbwUygbnnZ9ymho2g", "votes": "0", "replies": "", "photo": "https://yt3.ggpht.com/ytc/AIdro_mU6wjO9jduUqDcn4B8KolbgYPSPOh-VYI9jphalGk=s88-c-k-c0x00ffffff-no-rj", "heart": false, "reply": true, "time_parsed": 1715483308.648385}
{"cid": "UgyBSgDuWw3aZ3i4tjN4AaABAg.A-EplDgQLmHA-GOuqCCchA", "text": " @soccer.547  oh I see. I didn’t know it’s meant to be a game of scrabbles 😅", "time": "1 tahun lalu (diedit)", "author": "@tengfs", "channel": "UCBr7mEicp0tdHO-sLNIxmOg", "votes": "0", "replies": "", "photo": "https://yt3.ggpht.com/ytc/AIdro_kpitG9Y_ez9jBOIP3rc45VM_RYhxKr99oFEvPujjL4AA=s88-c-k-c0x00ffffff-no-rj", "heart": false, "reply": true, "time_parsed": 1715483308.649511}
{"cid": "UgyBSgDuWw3aZ3i4tjN4AaABAg.A-EplDgQLmHA-GPrpW6GUQ", "text": "I think he intentionally left it out", "time": "1 tahun lalu", "author": "@loonwengfatt1416", "channel": "UC8YNW5rdv5p_tTRYKKih7Lw", "votes": "1", "replies": "", "photo": "https://yt3.ggpht.com/ytc/AIdro_nQ-lyWDgZJ4UoQfkgrPo30qYdSOSBuQk29YAUToZ1XgQc=s88-c-k-c0x00ffffff-no-rj", "heart": false, "reply": true, "time_parsed": 1715483308.650647}
{"cid": "UgyBSgDuWw3aZ3i4tjN4AaABAg.A-EplDgQLmHA-G_oRLG12l", "text": "Mahathir is the man who killed our education and judiciary system, the Malays were cheated by him to agree to change all English schools to Malay schools which eventually killed the Malays and all the Malaysians, Mahathir even lower down the education standards lower just to easily pass the Malay students without having to study hard, bad trees bear bad fruits, it’s too late to regret let all Malaysians suffer and be weak so that there is no competition among the race 😊 this is what Mahathir want!", "time": "1 tahun lalu", "author": "@Amy-we4ij", "channel": "UCjMjeRp8wxdwXIWgD8bm9IA", "votes": "1", "replies": "", "photo": "https://yt3.ggpht.com/ytc/AIdro_lukxOZ3sReDSU9ey9pen6cPPhXW5_PuOocgdHF1JkMAj8=s88-c-k-c0x00ffffff-no-rj", "heart": false, "reply": true, "time_parsed": 1715483308.651785}
{"cid": "UgyBSgDuWw3aZ3i4tjN4AaABAg.A-EplDgQLmHA-GawgNyu5I", "text": " @Amy-we4ij  Mahathir was the education minister back in 1974 under Tun Abdul Razak’s cabinet. At that time, the English medium mission schools were already converted to Malay medium national schools. He actually wanted it to be in English but did not change the medium due to political expediency.", "time": "1 tahun lalu (diedit)", "author": "@tengfs", "channel": "UCBr7mEicp0tdHO-sLNIxmOg", "votes": "6", "replies": "", "photo": "https://yt3.ggpht.com/ytc/AIdro_kpitG9Y_ez9jBOIP3rc45VM_RYhxKr99oFEvPujjL4AA=s88-c-k-c0x00ffffff-no-rj", "heart": false, "reply": true, "time_parsed": 1715483308.652939}
{"cid": "UgyBSgDuWw3aZ3i4tjN4AaABAg.A-EplDgQLmHA-GbWO5ny6z", "text": " @tengfs  he is the man who treated education like playing cards, English changed to Malay, Malay change to English, he is a dumb that the people and the country have to pay such huge price to learn a lesson.", "time": "1 tahun lalu (diedit)", "author": "@Amy-we4ij", "channel": "UCjMjeRp8wxdwXIWgD8bm9IA", "votes": "0", "replies": "", "photo": "https://yt3.ggpht.com/ytc/AIdro_lukxOZ3sReDSU9ey9pen6cPPhXW5_PuOocgdHF1JkMAj8=s88-c-k-c0x00ffffff-no-rj", "heart": false, "reply": true, "time_parsed": 1715483308.654009}
{"cid": "UgyBSgDuWw3aZ3i4tjN4AaABAg.A-EplDgQLmHA-Gfe9l8PFW", "text": "​ @kalimacho1 everything is wrong with a policy that discriminates against  non bumis. what is this \"certain GPA\"? you may say it depends on school. then if so, please provide an example of \"certain GPA\" for any school of your choice. and since you are on this, pray tell us the \"preference for bumiputra\" extends to how many% of the spaces for a particular cohort okay?\nAnd is the \"good SPM result\" good compared to the non bumis? This kind of policy will mean that the best and brightest may not get into the universities in malaysia.\nNevermind, just keep doing this and screwing up your education system and the country as whole. I as your neighbour in the south, will NOT be unhappy at all hahahah!", "time": "1 tahun lalu (diedit)", "author": "@bennykoh", "channel": "UC7IOs-9gfNppOQai9EPhOYw", "votes": "16", "replies": "", "photo": "https://yt3.ggpht.com/ytc/AIdro_mXl5vEZetSFCfuG2B7_VLqc38fE5TVJMtL_CGIeMUbdXJf55quvy5KONcX81xCv66Llw=s88-c-k-c0x00ffffff-no-rj", "heart": false, "reply": true, "time_parsed": 1715483308.655057}
{"cid": "UgyBSgDuWw3aZ3i4tjN4AaABAg.A-EplDgQLmHA-GjrRrW1tO", "text": "Please enlighten us all with more specific details", "time": "1 tahun lalu", "author": "@sustainablerenewableintegr8311", "channel": "UCtBssn8loRxQ3E6evFm0RvQ", "votes": "0", "replies": "", "photo": "https://yt3.ggpht.com/ytc/AIdro_monx3D3K8LcfgzBqzjUc_5vJC_PXSA4OEljYYOtu-HbQ=s88-c-k-c0x00ffffff-no-rj", "heart": false, "reply": true, "time_parsed": 1715483308.656127}
{"cid": "UgyBSgDuWw3aZ3i4tjN4AaABAg.A-EplDgQLmHA-Goh7xFaoV", "text": "Pisa", "time": "1 tahun lalu", "author": "@kathysam6062", "channel": "UCSj5cdcE4CHRdc3qL_-7Wpg", "votes": "1", "replies": "", "photo": "https://yt3.ggpht.com/ytc/AIdro_kgximRD3468lec7xons_EO5_Gf9F0hUvf_DG7rKYMyfO8=s88-c-k-c0x00ffffff-no-rj", "heart": false, "reply": true, "time_parsed": 1715483308.657171}
{"cid": "UgyBSgDuWw3aZ3i4tjN4AaABAg.A-EplDgQLmHA-Gr7dLCC94", "text": "While the existence of a race based education quota is an ongoing issue, I’m afraid the seriousness of this issue may have been over exaggerated. Some of my malay friends in high school back then failed to get into the university of their choice as well, and they got about the same result as mine. It doesn’t really matter which race get the special treatment when every students across the nation is declining in their academic performance. I would say the most pressing issue in education is really about empowering the teachers, with continuous training and better incentives, provided that they are not being drown in the day to day mundane administrative tasks. After all, teachers are really the driving force that has direct influence over cultivating thinking skill among the kids. That said, all these can’t happen without supportive parents that are willing to involve themselves and cooperate with the teachers.", "time": "1 tahun lalu (diedit)", "author": "@yeongvoonkang1966", "channel": "UCMHHDUokNJfRKXhmGQLjH8A", "votes": "12", "replies": "", "photo": "https://yt3.ggpht.com/ytc/AIdro_m0R7-KU4Ih5YrM6NYg3_u02pJDZdtmn6tl1KjeNrU=s88-c-k-c0x00ffffff-no-rj", "heart": false, "reply": true, "time_parsed": 1715483308.65821}
{"cid": "UgyBSgDuWw3aZ3i4tjN4AaABAg.A-EplDgQLmHA-H-9YxU3pn", "text": "Too much politics doesn't help but really set the ball rolls downhill. Why don't leave it to the neutral experts & the people who really in the field", "time": "1 tahun lalu", "author": "@MyKaloi", "channel": "UCaKq3tmqLk-n0C2fT9EHvuA", "votes": "0", "replies": "", "photo": "https://yt3.ggpht.com/ytc/AIdro_nlym7AAZxvR7Ahca02u6rZGKKC4Ynbf7T3xBPV1jD-CJ2f=s88-c-k-c0x00ffffff-no-rj", "heart": false, "reply": true, "time_parsed": 1715483308.659251}
{"cid": "UgyBSgDuWw3aZ3i4tjN4AaABAg.A-EplDgQLmHA-H39e77CHM", "text": " @FreakyShirley   milik semua bangsa malaysia!", "time": "1 tahun lalu (diedit)", "author": "@fireat40", "channel": "UC-6SHnimMJt0UY6_X_p1jqQ", "votes": "5", "replies": "", "photo": "https://yt3.ggpht.com/ytc/AIdro_nZfCLnM44mNUF7Crj4E-PgqfmlmAhJ-PV5eut_kfXa_yTwgefCrxm4i3Gyba6fyhYSEw=s88-c-k-c0x00ffffff-no-rj", "heart": false, "reply": true, "time_parsed": 1715483308.660247}
{"cid": "UgyBSgDuWw3aZ3i4tjN4AaABAg.A-EplDgQLmHA-HH33hIOEv", "text": "And that’s the one & only reason!", "time": "1 tahun lalu", "author": "@TheDevaser", "channel": "UCC4Qa4aupIDrcBDelCLqMVQ", "votes": "0", "replies": "", "photo": "https://yt3.ggpht.com/ytc/AIdro_kDJ0Wcc9Cy6ZNGcb0KM_F06FxAe8LIMKxBsrCzd3MlF-w=s88-c-k-c0x00ffffff-no-rj", "heart": false, "reply": true, "time_parsed": 1715483308.661222}
{"cid": "UgyBSgDuWw3aZ3i4tjN4AaABAg.A-EplDgQLmHA-HPvGHcV9d", "text": "Well yes but actually no", "time": "1 tahun lalu", "author": "@someguywithabirdface2583", "channel": "UCzZUXvfz8UofWzhI5gJ42rw", "votes": "0", "replies": "", "photo": "https://yt3.ggpht.com/ytc/AIdro_l-e2IHnQnHrQvUnoGSGshbWoq_DNkYlewfIaDiURytIg=s88-c-k-c0x00ffffff-no-rj", "heart": false, "reply": true, "time_parsed": 1715483308.662239}
{"cid": "UgyBSgDuWw3aZ3i4tjN4AaABAg.A-EplDgQLmHA-HWTvnqclA", "text": " @wwong82  I guess most of us did pay for shit. Indah Water. lol", "time": "1 tahun lalu (diedit)", "author": "@FreakyShirley", "channel": "UCvkzFLI5ZwlPfLWtjLNSegA", "votes": "0", "replies": "", "photo": "https://yt3.ggpht.com/ytc/AIdro_mcnesyn78keqYlLEdsRnz1Xm9Nl-Jv0s7ioNgimBADNA=s88-c-k-c0x00ffffff-no-rj", "heart": false, "reply": true, "time_parsed": 1715483308.663217}
{"cid": "UgyBSgDuWw3aZ3i4tjN4AaABAg.A-EplDgQLmHA-HWXF5m7H2", "text": " @jwanglerz8500  hahahaha best answer ever.", "time": "1 tahun lalu (diedit)", "author": "@FreakyShirley", "channel": "UCvkzFLI5ZwlPfLWtjLNSegA", "votes": "0", "replies": "", "photo": "https://yt3.ggpht.com/ytc/AIdro_mcnesyn78keqYlLEdsRnz1Xm9Nl-Jv0s7ioNgimBADNA=s88-c-k-c0x00ffffff-no-rj", "heart": false, "reply": true, "time_parsed": 1715483308.664195}
{"cid": "UgyBSgDuWw3aZ3i4tjN4AaABAg.A-EplDgQLmHA-IJZSnM8p6", "text": " @FreakyShirley  can we be friends, can share whatapp", "time": "1 tahun lalu (diedit)", "author": "@jwanglerz8500", "channel": "UCKEfrzObmBEQXluM5uaPcVw", "votes": "0", "replies": "", "photo": "https://yt3.ggpht.com/ytc/AIdro_nWMTt6S3wmE5Xie3os3wNiEQ4ZASwwDKNVJI1ChSXxPw=s88-c-k-c0x00ffffff-no-rj", "heart": false, "reply": true, "time_parsed": 1715483308.665175}
{"cid": "UgyBSgDuWw3aZ3i4tjN4AaABAg.A-EplDgQLmHA-IKLiADTHT", "text": " @yeongvoonkang1966  provided teachers are of the right calibre in the first place! Sadly, when the question of the teachers capabilities are raised, the government quickly sends selected teachers abroad for training! The government should send teachers showing promise overseas if they want & ensure those teachers then train the rest. Sadly the only thing I notice is there’s never a follow up, too much show in the beginning, then all fizzles out & our poor children are stuck in a mediocre educational environment, sigh…. The government should walk the talk if it seriously wants to revamp our education system. I dare say we are faring the worst in south east asia, sigh….", "time": "1 tahun lalu (diedit)", "author": "@TheDevaser", "channel": "UCC4Qa4aupIDrcBDelCLqMVQ", "votes": "1", "replies": "", "photo": "https://yt3.ggpht.com/ytc/AIdro_kDJ0Wcc9Cy6ZNGcb0KM_F06FxAe8LIMKxBsrCzd3MlF-w=s88-c-k-c0x00ffffff-no-rj", "heart": false, "reply": true, "time_parsed": 1715483308.666108}
{"cid": "UgyBSgDuWw3aZ3i4tjN4AaABAg.A-EplDgQLmHA-ITXF0iPlg", "text": "About 30 years ago, we started using Klinik instead of Rumah Sakit, I know this Bahasa Malaysia is not a good language, in-completed. check the Dwi Bahasa dictionary, English portion is almost 3X thicker than Malay words, so literally we cannot expect a good teaching out from this Bahasa. \nWhen you don’t respect your own language, how can you expect other race to learn it? \n\nHapuskan rumah sakit, pakai klinik\nPerbincangan/  Diskusi\nPerusahaan/industri\nMeneroka/Ekpedisi\nKeluarga/Famili\nTempat Letak kereta/parkir\n\nKontroversi, imej, skrin, reformasi, institusi, kupon, diskaun, kempen, fesbuk, bisnis, koleksi, produk, sukses, komen, kolej, servis, unik, teknik, akademik, memori, pakej, kuiz, illusi, tipikal, agensi, situasi, clik, promosi, kosmetik, katagori, prediksi, klaim, vakum, visi, analisis, ofis, industri, ekspres, kritik, sekuriti, lokasi, tolelansi, stesen, kartun, dialog, skrip, kualiti, kes, blok, realisasi, proses, polis, mesej, aktif, protes \nPotensi, destinasi, operasi, justifikasi, provokasi, kompetitif, c, inspirasi, sektor, stesen, kelab, ekstra, konvensyen, restoran, prestij, Galeri, servis, ikonik\nFarmasi\n\nMight as well use English to replace Bahasa for teaching entirely", "time": "1 tahun lalu (diedit)", "author": "@yougohgoh1", "channel": "UCYU8NXyPbcz2IXy530xIy0A", "votes": "0", "replies": "", "photo": "https://yt3.ggpht.com/hKNyZDdAuDxUqOfTnAAZrIIQoRgEjspisp8goXjzPzr4nMk-dgqmTU5nqI3z2s4WnO-gCyy1=s88-c-k-c0x00ffffff-no-rj", "heart": false, "reply": true, "time_parsed": 1715483308.667036}
{"cid": "UgyBSgDuWw3aZ3i4tjN4AaABAg.A-EplDgQLmHA-IXOAGlVRF", "text": " @TheDevaser  in all honesty who in the right mind would want to be in teaching force when the pay is bad, work is twice as hard while both parents and school hold them accountable for everything. People who got into teaching are either due to genuine passion, or that it gives them simply a job prospect with benefits as gov servant. While qualifying the right candidate to serve as teacher is important, on going support and development is just as crucial. With the pencen system removed in the near future, teaching jobs are just going to be less desirable", "time": "1 tahun lalu (diedit)", "author": "@yeongvoonkang1966", "channel": "UCMHHDUokNJfRKXhmGQLjH8A", "votes": "3", "replies": "", "photo": "https://yt3.ggpht.com/ytc/AIdro_m0R7-KU4Ih5YrM6NYg3_u02pJDZdtmn6tl1KjeNrU=s88-c-k-c0x00ffffff-no-rj", "heart": false, "reply": true, "time_parsed": 1715483308.66797}
{"cid": "UgyBSgDuWw3aZ3i4tjN4AaABAg.A-EplDgQLmHA-Iivx3EKGn", "text": "You forgot the Dong Zhong. Shall abolish it 1st", "time": "1 tahun lalu", "author": "@akihibara6436", "channel": "UC_zCQFcAhMzsyDcYern6hyg", "votes": "3", "replies": "", "photo": "https://yt3.ggpht.com/c0qT-f_M_V6fo-05A7yg99M9lQG_XxibBv2-H-7mTQ7OoXAo2Rm6EKmjxV_IFUI_R-ZjQsyThA=s88-c-k-c0x00ffffff-no-rj", "heart": false, "reply": true, "time_parsed": 1715483308.668913}
{"cid": "UgyBSgDuWw3aZ3i4tjN4AaABAg.A-EplDgQLmHA-IjyzeBlbk", "text": " @akihibara6436  is it funded by government like sekolah agama?", "time": "1 tahun lalu (diedit)", "author": "@yougohgoh1", "channel": "UCYU8NXyPbcz2IXy530xIy0A", "votes": "4", "replies": "", "photo": "https://yt3.ggpht.com/hKNyZDdAuDxUqOfTnAAZrIIQoRgEjspisp8goXjzPzr4nMk-dgqmTU5nqI3z2s4WnO-gCyy1=s88-c-k-c0x00ffffff-no-rj", "heart": false, "reply": true, "time_parsed": 1715483308.669848}
{"cid": "UgyBSgDuWw3aZ3i4tjN4AaABAg.A-EplDgQLmHA-JDU8nniUI", "text": "What we get today is Quota-based PhD.", "time": "1 tahun lalu", "author": "@chuageokseng2168", "channel": "UC538N5gml92vUIJc0Df-cpA", "votes": "6", "replies": "", "photo": "https://yt3.ggpht.com/ytc/AIdro_m2K38GK3KrdzWQs097X2T2ENthUDjni0rltxsALL8=s88-c-k-c0x00ffffff-no-rj", "heart": false, "reply": true, "time_parsed": 1715483308.670776}
{"cid": "UgyBSgDuWw3aZ3i4tjN4AaABAg.A-EplDgQLmHA-Jwcy2F-Iv", "text": "Not everything is entirely abt politics. I hv been in education for 35 years n hv just retired n I can tell u tha it's got everything to do what goes on in the classroom n the school. Basically, the underperformance of our students due to too much rote learning n teachers n tuition teachers teaching young ppl short cuts to achieving their A's with no regard for genuine understanding n application.", "time": "1 tahun lalu", "author": "@mayfoo02", "channel": "UCOiPW4WOt1GZyJ3Dkf3MEEg", "votes": "4", "replies": "", "photo": "https://yt3.ggpht.com/ytc/AIdro_ng8kCmTvF256CnAMuZZ-pYKC0Ee1iIEoXHxgFQctS3JCw=s88-c-k-c0x00ffffff-no-rj", "heart": false, "reply": true, "time_parsed": 1715483308.671695}
{"cid": "UgyBSgDuWw3aZ3i4tjN4AaABAg.A-EplDgQLmHA-LC2wKyFrP", "text": " @bennykoh  Race-based country produces Quota-based graduates(showcase quota- based PhD@USM recently).", "time": "1 tahun lalu (diedit)", "author": "@chuageokseng2168", "channel": "UC538N5gml92vUIJc0Df-cpA", "votes": "4", "replies": "", "photo": "https://yt3.ggpht.com/ytc/AIdro_m2K38GK3KrdzWQs097X2T2ENthUDjni0rltxsALL8=s88-c-k-c0x00ffffff-no-rj", "heart": false, "reply": true, "time_parsed": 1715483308.672602}
{"cid": "UgyBSgDuWw3aZ3i4tjN4AaABAg.A-EplDgQLmHA-LVxOQbpYE", "text": "You dont have to be highly strung abt anything...if Singapore is better than Mysia migrate to Singapore lah.We are happy as we are.If you are ambitious and not satisfied with education or life in Mysia you are welcome to go to other countries of your liking.Nobody  is stopping you", "time": "1 tahun lalu", "author": "@mazenahmohamed4497", "channel": "UCJ99T21xTYQjE7bOxPj-Xmg", "votes": "0", "replies": "", "photo": "https://yt3.ggpht.com/ytc/AIdro_lOlHdNoAOlqRhtFv8PX1fShTWJ_bosbp1bfmIrZ3I=s88-c-k-c0x00ffffff-no-rj", "heart": false, "reply": true, "time_parsed": 1715483308.673494}
{"cid": "UgyBSgDuWw3aZ3i4tjN4AaABAg.A-EplDgQLmHA-LnxhgGaKd", "text": " @mazenahmohamed4497  that's most uncalled for. I hv been in education for 34 years n most of what he's saying is true. To say that is to turn a blind eye to a seething problem thars going to destroy the competitive edge of our younger generation. Don't think ur being patriotic. Saying what u said is the most unpatriotic thing to do n a great disservice to our country n our fellow Malaysians who hv children.", "time": "1 tahun lalu (diedit)", "author": "@mayfoo02", "channel": "UCOiPW4WOt1GZyJ3Dkf3MEEg", "votes": "10", "replies": "", "photo": "https://yt3.ggpht.com/ytc/AIdro_ng8kCmTvF256CnAMuZZ-pYKC0Ee1iIEoXHxgFQctS3JCw=s88-c-k-c0x00ffffff-no-rj", "heart": false, "reply": true, "time_parsed": 1715483308.674384}
{"cid": "UgyBSgDuWw3aZ3i4tjN4AaABAg.A-EplDgQLmHA-Lo-sLh7N7", "text": "Its politicians best interest that rakyat becoming dumb and dumber so that they can control their minds and physical strenght. Best is they dont think, just follow instructions.\nIt worked best for umno for many years until the internet becoming a free tools for many. \nI thought those decades already over. But the education chart suggests otherwise. So this is no longer political wrong doing. But its the results of many yesrs abuse by political system that rendered this resukts", "time": "1 tahun lalu", "author": "@linustw", "channel": "UCZfx3qff_PSkKSEtD3WSBWw", "votes": "0", "replies": "", "photo": "https://yt3.ggpht.com/ytc/AIdro_mWI-uT55-jMBsPVxYI7_S4PquovWqRd95BQ4nbR9Qpwscx=s88-c-k-c0x00ffffff-no-rj", "heart": false, "reply": true, "time_parsed": 1715483308.675273}
{"cid": "UgyBSgDuWw3aZ3i4tjN4AaABAg.A-EplDgQLmHA-MZcCy31nP", "text": " @FreakyShirley  kalau sentiasa perlu tongkat tolong baru mampu berdiri,  takkan mampu berdiri atas tapak kaki sendiri.", "time": "1 tahun lalu (diedit)", "author": "@cactusamber1703", "channel": "UCq_Ma0OlqxHaK45V_xbNTmw", "votes": "6", "replies": "", "photo": "https://yt3.ggpht.com/ytc/AIdro_mGGJAe_CSpCBZ7TwwkZ5IIWDerj7oYaWVBVH1Tvw6gkZc=s88-c-k-c0x00ffffff-no-rj", "heart": false, "reply": true, "time_parsed": 1715483308.676164}
{"cid": "UgyBSgDuWw3aZ3i4tjN4AaABAg.A-EplDgQLmHA-NQ8t1Eww_", "text": "​ @kalimacho1  Fact check, your \"good SPM result\" is only \"good\" for your standard.", "time": "1 tahun lalu (diedit)", "author": "@tian5852", "channel": "UCqrAiQXE7ayS6OR_IUGSpRg", "votes": "3", "replies": "", "photo": "https://yt3.ggpht.com/ytc/AIdro_ntgPrUcHyzZ9-vVtMugfOvEyfrYUXSF9CNTYHBl3ld87eoFostv-kIwHbSagae3U3GEw=s88-c-k-c0x00ffffff-no-rj", "heart": false, "reply": true, "time_parsed": 1715483308.677052}
{"cid": "UgyBSgDuWw3aZ3i4tjN4AaABAg.A-EplDgQLmHA-NdjeSjs60", "text": "He can't say that on live programme la", "time": "1 tahun lalu", "author": "@kimchiba4570", "channel": "UCKG4pHv1vG6Vt7t-JK_xlkg", "votes": "0", "replies": "", "photo": "https://yt3.ggpht.com/ytc/AIdro_n7T2HLU7JQUvDRxPv3L4O8Bt6iJvjdFI3DbJCb2haaET6FyolDnJdpfFCiEZLMcXsZpw=s88-c-k-c0x00ffffff-no-rj", "heart": false, "reply": true, "time_parsed": 1715483308.677915}
{"cid": "UgyBSgDuWw3aZ3i4tjN4AaABAg.A-EplDgQLmHA-NpSyyx4Yd", "text": "Yes. Agreed. ​ @foreveryoung999 ", "time": "1 tahun lalu (diedit)", "author": "@huibeng6075", "channel": "UC0QnNuUFcB1DJV5kfp2F-iw", "votes": "0", "replies": "", "photo": "https://yt3.ggpht.com/ytc/AIdro_lLHBET9epdsMIS5T6EspKezJha-JYe_EwqhCtiWe8=s88-c-k-c0x00ffffff-no-rj", "heart": false, "reply": true, "time_parsed": 1715483308.678779}
{"cid": "UgyBSgDuWw3aZ3i4tjN4AaABAg.A-EplDgQLmHA-OZlYIlgM0", "text": "Just migrate overseas", "time": "1 tahun lalu", "author": "@tanjpk", "channel": "UCfFiY1TWlXDpL3A-t0c0S9w", "votes": "1", "replies": "", "photo": "https://yt3.ggpht.com/ytc/AIdro_mhYMd8eRIZw_raiPQ_0axWm9uyydiERTzQTiAUmcLwaXTp-LIqnfZZsPeFGM2BjEvxXw=s88-c-k-c0x00ffffff-no-rj", "heart": false, "reply": true, "time_parsed": 1715483308.679641}
{"cid": "UgyBSgDuWw3aZ3i4tjN4AaABAg.A-EplDgQLmHA-Ox0C2DhPR", "text": "​@jwanglerz8500 you can criticise her without having to make such derogatory comments about her and then have the nerve to ask her for her number like a creep, can see why our education system failed cuz produce ppl like you, use dick as brain", "time": "1 tahun lalu", "author": "@nicholasyong7051", "channel": "UCah0yQ1BpqsKJsWTVkjWQ1A", "votes": "0", "replies": "", "photo": "https://yt3.ggpht.com/ytc/AIdro_l1w4fflsSpyVxSAT1OJi1ZrvkI0MhjFGU4pnqrvMXTvj-d=s88-c-k-c0x00ffffff-no-rj", "heart": false, "reply": true, "time_parsed": 1715483308.680512}
{"cid": "UgyBSgDuWw3aZ3i4tjN4AaABAg.A-EplDgQLmHA-P1yMNa4jk", "text": " @tanjpk  many already did and many more are in process. Funny thing is those who migrate, include bumiputeras.🤭", "time": "1 tahun lalu (diedit)", "author": "@soccer.547", "channel": "UCYB4lLBLbvV5fMPItNXQqQg", "votes": "3", "replies": "", "photo": "https://yt3.ggpht.com/bCGTzHlIBcb64mCDjgnNjHdiv7rxN2xDA8zLM1dJpd12zO0i18kcvM1DO7tIOg5i7mHmgmyyOA=s88-c-k-c0x00ffffff-no-rj", "heart": false, "reply": true, "time_parsed": 1715483308.681358}
{"cid": "UgyBSgDuWw3aZ3i4tjN4AaABAg.A-EplDgQLmHA-Q2MYWfOv6", "text": "this is race issue broo", "time": "1 tahun lalu", "author": "@afizi1213", "channel": "UCBN0hpUcOt759QLsfFIHytA", "votes": "1", "replies": "", "photo": "https://yt3.ggpht.com/pR9f-0ZRSkhGeG-tqmYMJBni3ujCwws9feT7kR6_m4DCtGW2Mlios_CUx7ReOCBVwEd7-YIj1C0=s88-c-k-c0x00ffffff-no-rj", "heart": false, "reply": true, "time_parsed": 1715483308.682213}
{"cid": "UgyBSgDuWw3aZ3i4tjN4AaABAg.A-EplDgQLmHA-QssZrs3Rp", "text": "Race based and religion based systems sure turns your country into shit", "time": "1 tahun lalu", "author": "@artemiusz69", "channel": "UCKQxTJCurl7pTV65FcsIb-g", "votes": "0", "replies": "", "photo": "https://yt3.ggpht.com/x4zEAYbq1ODf5DUbZFR5Wd4BprrkuA3Jj3t0esLNUo7ZEdZlrWowjI4c9Y9vGBPU4muqLUnXyQ=s88-c-k-c0x00ffffff-no-rj", "heart": false, "reply": true, "time_parsed": 1715483308.683049}
{"cid": "UgyBSgDuWw3aZ3i4tjN4AaABAg.A-EplDgQLmHA-RGv8e9JqS", "text": "Those things almost got abolished but were rejected by people of many sides", "time": "1 tahun lalu", "author": "@mohdjoharicha7194", "channel": "UCnEbOKohhu3RT4aJu_skw3w", "votes": "0", "replies": "", "photo": "https://yt3.ggpht.com/ytc/AIdro_kRrE354iTOnrDAYSUwd1ToQZrPcR0fvkA0U9MWpXA=s88-c-k-c0x00ffffff-no-rj", "heart": false, "reply": true, "time_parsed": 1715483308.683878}
{"cid": "UgyBSgDuWw3aZ3i4tjN4AaABAg.A-EplDgQLmHA-RH1Hy1egX", "text": "​ @FreakyShirley mmg la Melayu tapi kite pun elok je Sekolah Kebangsaan tkde sekolah Melayu (kecuali MRSM kot)", "time": "1 tahun lalu (diedit)", "author": "@mohdjoharicha7194", "channel": "UCnEbOKohhu3RT4aJu_skw3w", "votes": "0", "replies": "", "photo": "https://yt3.ggpht.com/ytc/AIdro_kRrE354iTOnrDAYSUwd1ToQZrPcR0fvkA0U9MWpXA=s88-c-k-c0x00ffffff-no-rj", "heart": false, "reply": true, "time_parsed": 1715483308.684711}
{"cid": "UgyBSgDuWw3aZ3i4tjN4AaABAg.A-EplDgQLmHA-RH8dBdWdt", "text": "​ @kalimacho1 betul 👍🏻", "time": "1 tahun lalu (diedit)", "author": "@mohdjoharicha7194", "channel": "UCnEbOKohhu3RT4aJu_skw3w", "votes": "0", "replies": "", "photo": "https://yt3.ggpht.com/ytc/AIdro_kRrE354iTOnrDAYSUwd1ToQZrPcR0fvkA0U9MWpXA=s88-c-k-c0x00ffffff-no-rj", "heart": false, "reply": true, "time_parsed": 1715483308.685536}
{"cid": "UgyBSgDuWw3aZ3i4tjN4AaABAg.A-EplDgQLmHA-RHCs4KmMc", "text": "​ @tengfs there arent such things for now. Only FB propagandas at most", "time": "1 tahun lalu (diedit)", "author": "@mohdjoharicha7194", "channel": "UCnEbOKohhu3RT4aJu_skw3w", "votes": "0", "replies": "", "photo": "https://yt3.ggpht.com/ytc/AIdro_kRrE354iTOnrDAYSUwd1ToQZrPcR0fvkA0U9MWpXA=s88-c-k-c0x00ffffff-no-rj", "heart": false, "reply": true, "time_parsed": 1715483308.686371}
{"cid": "UgyBSgDuWw3aZ3i4tjN4AaABAg.A-EplDgQLmHA-RHP9jrEcU", "text": "​ @tengfs damn. Imagine if schools like VI were kept more english at those times", "time": "1 tahun lalu (diedit)", "author": "@mohdjoharicha7194", "channel": "UCnEbOKohhu3RT4aJu_skw3w", "votes": "0", "replies": "", "photo": "https://yt3.ggpht.com/ytc/AIdro_kRrE354iTOnrDAYSUwd1ToQZrPcR0fvkA0U9MWpXA=s88-c-k-c0x00ffffff-no-rj", "heart": false, "reply": true, "time_parsed": 1715483309.190549}
{"cid": "UgyBSgDuWw3aZ3i4tjN4AaABAg.A-EplDgQLmHA-RPswWHHC1", "text": " @kalimacho1  certain cgpa is 2.0  only😂 4flat student cant have a seat or cant get the course they desired, those with preference only achieved 3.0 just go in like for granted... Like this still u say nothing wrong?", "time": "1 tahun lalu (diedit)", "author": "@jasonngjs5779", "channel": "UCupItJgNu4Y0sO48LiorttA", "votes": "5", "replies": "", "photo": "https://yt3.ggpht.com/ytc/AIdro_m5ojwRc0q_GPMcb69IHXx9pYWAaa4xMGDW3_vQP4k=s88-c-k-c0x00ffffff-no-rj", "heart": false, "reply": true, "time_parsed": 1715483309.191979}
{"cid": "UgyBSgDuWw3aZ3i4tjN4AaABAg.A-EplDgQLmHA-RQeS8n8M5", "text": "​ @mazenahmohamed4497 wait for coconuts drop. 😂😂😂", "time": "1 tahun lalu (diedit)", "author": "@jcliswong", "channel": "UCFANHr6m9sj0pQVOH62BnxA", "votes": "1", "replies": "", "photo": "https://yt3.ggpht.com/ytc/AIdro_lky_okJc-e23EKuixp75WvKHh2Y3UpuRAElMmO6kM=s88-c-k-c0x00ffffff-no-rj", "heart": false, "reply": true, "time_parsed": 1715483309.193431}
{"cid": "UgyBSgDuWw3aZ3i4tjN4AaABAg.A-EplDgQLmHA-SoiRikWHG", "text": "​ @mohdjoharicha7194  mrsm tafis geh schools sekolah agama then uni for Malays only...use brains a bit here y'all r just bin tongkats remember that", "time": "1 tahun lalu (diedit)", "author": "@TheLastSultan420", "channel": "UCAWRo2dQtp96FawDAMV8d0A", "votes": "1", "replies": "", "photo": "https://yt3.ggpht.com/gpkZURTHAyxGy4c8tiMnHpUPUEHkPzNY3lMHlcsdpRAcp36eE-r-zBOp6CeWdOsUasHQ9IZZPg=s88-c-k-c0x00ffffff-no-rj", "heart": false, "reply": true, "time_parsed": 1715483309.194728}
{"cid": "UgyBSgDuWw3aZ3i4tjN4AaABAg.A-EplDgQLmHA-Szk9eKZIH", "text": "Well if thats true then our PM wont care about teh indegenous people beyond the penisular. He even mentioned about improving the indigenous Ibans or Dayaks in Kapit education facilities and the system itself. Youre living under a rock indeed.", "time": "1 tahun lalu (diedit)", "author": "@zekeaffy9647", "channel": "UChDTUgO3b-Zo5sgHYMvyfxw", "votes": "1", "replies": "", "photo": "https://yt3.ggpht.com/ytc/AIdro_kI9nw25qTXp214CiOSo8fkgclOdu6N-DIsGJ0tP0LXYbQ=s88-c-k-c0x00ffffff-no-rj", "heart": false, "reply": true, "time_parsed": 1715483309.195975}
{"cid": "UgyBSgDuWw3aZ3i4tjN4AaABAg.A-EplDgQLmHA-T-FvFzFYN", "text": "​ @jwanglerz8500 nah still the majority of beyond the peninsular is owned by the indigenous, and some chinese. We do not have Malay supremacy here, even Im Malay and my neighbourhood here is mostly chinese. You guys might be advanced infrastructure wise but your community's way of thinking is still during the racism that happened in our country in the past. This situation of yours is in shambles an utter train wreck.", "time": "1 tahun lalu (diedit)", "author": "@zekeaffy9647", "channel": "UChDTUgO3b-Zo5sgHYMvyfxw", "votes": "2", "replies": "", "photo": "https://yt3.ggpht.com/ytc/AIdro_kI9nw25qTXp214CiOSo8fkgclOdu6N-DIsGJ0tP0LXYbQ=s88-c-k-c0x00ffffff-no-rj", "heart": false, "reply": true, "time_parsed": 1715483309.197222}
{"cid": "UgyBSgDuWw3aZ3i4tjN4AaABAg.A-EplDgQLmHA-T0IC0BWl1", "text": "​ @mohdjoharicha7194 youre brain dead are you? MRSM is for all. We have already made malay the country's national language, why bother build a malay school when everyone is already abiding the \"must learn malay because it is mandatory for malaysian citizens\". Youre brain dead bro. Brain dead. Before that im also Malay, KL malay is cringe, if everyone wants to speak english then do it properly, modernity of our language is cringe. We should respect Malay like the Chinese did with Mandarin. Cakap nak memartabatkan bahasa melayu tapi rojak sini rojak situ, dah kenapa? Haih. Bingung aku.", "time": "1 tahun lalu (diedit)", "author": "@zekeaffy9647", "channel": "UChDTUgO3b-Zo5sgHYMvyfxw", "votes": "0", "replies": "", "photo": "https://yt3.ggpht.com/ytc/AIdro_kI9nw25qTXp214CiOSo8fkgclOdu6N-DIsGJ0tP0LXYbQ=s88-c-k-c0x00ffffff-no-rj", "heart": false, "reply": true, "time_parsed": 1715483309.198503}
{"cid": "UgyBSgDuWw3aZ3i4tjN4AaABAg.A-EplDgQLmHA-T1QGRNWKJ", "text": " @zekeaffy9647  dont have Malay supremacy? You sure or not abang...?? You know you get alot of privilege that other kaum don't get", "time": "1 tahun lalu (diedit)", "author": "@jwanglerz8500", "channel": "UCKEfrzObmBEQXluM5uaPcVw", "votes": "0", "replies": "", "photo": "https://yt3.ggpht.com/ytc/AIdro_nWMTt6S3wmE5Xie3os3wNiEQ4ZASwwDKNVJI1ChSXxPw=s88-c-k-c0x00ffffff-no-rj", "heart": false, "reply": true, "time_parsed": 1715483309.199738}
{"cid": "UgyBSgDuWw3aZ3i4tjN4AaABAg.A-EplDgQLmHA-T33lZGyxf", "text": " @zekeaffy9647  The fact that you mentioned that \"our PM cares about indigenous people and want to improve their lives\", points out the fact that majority of indigenous people are living in poverty when they have lived in Malaysia land long before the Malays arrived. The Malays who have held absolute political power since independence, failed the indigenous people community. Why is that?", "time": "1 tahun lalu (diedit)", "author": "@soccer.547", "channel": "UCYB4lLBLbvV5fMPItNXQqQg", "votes": "4", "replies": "", "photo": "https://yt3.ggpht.com/bCGTzHlIBcb64mCDjgnNjHdiv7rxN2xDA8zLM1dJpd12zO0i18kcvM1DO7tIOg5i7mHmgmyyOA=s88-c-k-c0x00ffffff-no-rj", "heart": false, "reply": true, "time_parsed": 1715483309.200886}
{"cid": "UgyBSgDuWw3aZ3i4tjN4AaABAg.A-EplDgQLmHA-T3mDOTDPB", "text": " @mohdjoharicha7194  Sekolah Kebangsaan is Sekolah Melayu. Just look at what are the majority demographic of the teachers and students in Sekolah Kebangsaan. I am talking about \"Sekolah Kebangsaan\", not \"Sekolah Jenis Kebangsaan\"; those are 2 different types of school.", "time": "1 tahun lalu (diedit)", "author": "@soccer.547", "channel": "UCYB4lLBLbvV5fMPItNXQqQg", "votes": "2", "replies": "", "photo": "https://yt3.ggpht.com/bCGTzHlIBcb64mCDjgnNjHdiv7rxN2xDA8zLM1dJpd12zO0i18kcvM1DO7tIOg5i7mHmgmyyOA=s88-c-k-c0x00ffffff-no-rj", "heart": false, "reply": true, "time_parsed": 1715483309.202032}
{"cid": "UgyBSgDuWw3aZ3i4tjN4AaABAg.A-EplDgQLmHA-T4xhN1cOn", "text": "When news media interviews Malay community what they want from the government, the most common answer you hear is, we want to vote for the government who will give us more subsidies. A good government will have policies that improves the economic status and quality of life of their citizens that they do not need government subsidies to live a comfortable life. They would have received a good quality education and secured a good paying job, or has good business growth environmental to be profitable entrepreneurs. Examples of countries with competent governments are Singapore, Switzerland, Finland, etc. Their citizens are not looking for their government to give them subsidies because they don't need it. Their expectations of their government are at a much higher level.", "time": "1 tahun lalu", "author": "@soccer.547", "channel": "UCYB4lLBLbvV5fMPItNXQqQg", "votes": "7", "replies": "", "photo": "https://yt3.ggpht.com/bCGTzHlIBcb64mCDjgnNjHdiv7rxN2xDA8zLM1dJpd12zO0i18kcvM1DO7tIOg5i7mHmgmyyOA=s88-c-k-c0x00ffffff-no-rj", "heart": false, "reply": true, "time_parsed": 1715483309.203179}
{"cid": "UgyBSgDuWw3aZ3i4tjN4AaABAg.A-EplDgQLmHA-T66241SLJ", "text": " @soccer.547  Im am half indigenous myself. My mother is from an indigenous race. Yes our local authority has done so less to improve our community. We have just now have a PM that really does have a concern about us. He did have tried to reach out to us. Our internet connectivity. Road access to major nodes in the state, making bridges for easier access to the residents to make purchases in cities. Have you thought about that? Why am I pointing that out? Im half indigeneous myself. Local communities thrive here because of him. Lets see the long term still in his administration, what is his contribution during his service as PM. Unlike other PM's that put Towers as their symbol of contribution...", "time": "1 tahun lalu (diedit)", "author": "@zekeaffy9647", "channel": "UChDTUgO3b-Zo5sgHYMvyfxw", "votes": "2", "replies": "", "photo": "https://yt3.ggpht.com/ytc/AIdro_kI9nw25qTXp214CiOSo8fkgclOdu6N-DIsGJ0tP0LXYbQ=s88-c-k-c0x00ffffff-no-rj", "heart": false, "reply": true, "time_parsed": 1715483309.204309}
{"cid": "UgyBSgDuWw3aZ3i4tjN4AaABAg.A-EplDgQLmHA-TQ1buw3Fm", "text": "True one of the biggest issues in primary and secondary levels when it comes to unity is vernacular schools while one of the issues when it comes to university entry is the quota system.", "time": "1 tahun lalu", "author": "@sausagedancer1712", "channel": "UCxz2lSL7Ey_xi6oqqb2QovQ", "votes": "0", "replies": "", "photo": "https://yt3.ggpht.com/VeyoxTBF3JhAgwM8XcPnXiZfrcXGnu8EwV_ZUqfh6hV1rrVstqKC-rnZQ8gHYaFiln7Qk1kDig=s88-c-k-c0x00ffffff-no-rj", "heart": false, "reply": true, "time_parsed": 1715483309.205439}
{"cid": "UgyBSgDuWw3aZ3i4tjN4AaABAg.A-EplDgQLmHA-TQsUJpBSA", "text": "​ @tengfs excuse me what is all this about Islamic fundamentalism? What is the proof of this being a cause of our educations downfall? Just so you know 3 out of 10 of the top MRSM schools are from religious schools, 6 out of the top 15 schools for trial SPM in Melaka were from religious schools, 7 out of the top 14 schools for SPM in Sabah were from religious schools, a Maahad Tahfiz (School for Quranic memorisation) in Pahang were one of the top 5 schools in SPM in all of Malaysia back in 2022 and 10 out of 31 schools in Kelantan got 100% pass in SPM 2021. So is religious studies, or as you would call it \"Islamic fundamentalism\" the cause? I beg to differ.", "time": "1 tahun lalu (diedit)", "author": "@sausagedancer1712", "channel": "UCxz2lSL7Ey_xi6oqqb2QovQ", "votes": "2", "replies": "", "photo": "https://yt3.ggpht.com/VeyoxTBF3JhAgwM8XcPnXiZfrcXGnu8EwV_ZUqfh6hV1rrVstqKC-rnZQ8gHYaFiln7Qk1kDig=s88-c-k-c0x00ffffff-no-rj", "heart": false, "reply": true, "time_parsed": 1715483309.206487}
{"cid": "UgyBSgDuWw3aZ3i4tjN4AaABAg.A-EplDgQLmHA-TR28DaR4m", "text": "​ @yeongvoonkang1966 this I agree.", "time": "1 tahun lalu (diedit)", "author": "@sausagedancer1712", "channel": "UCxz2lSL7Ey_xi6oqqb2QovQ", "votes": "0", "replies": "", "photo": "https://yt3.ggpht.com/VeyoxTBF3JhAgwM8XcPnXiZfrcXGnu8EwV_ZUqfh6hV1rrVstqKC-rnZQ8gHYaFiln7Qk1kDig=s88-c-k-c0x00ffffff-no-rj", "heart": false, "reply": true, "time_parsed": 1715483309.207527}
{"cid": "UgyBSgDuWw3aZ3i4tjN4AaABAg.A-EplDgQLmHA-TqY6m34r4", "text": "shhhhhhhhhhhhhh, there's no racism in malaysia", "time": "1 tahun lalu", "author": "@hellnickyable", "channel": "UCiSCm4zoqmcpdNxCH3lxtXQ", "votes": "0", "replies": "", "photo": "https://yt3.ggpht.com/ytc/AIdro_lq6MrBfYb9lFwXQxDRZzU-fZtZJnjI9ak0zBPc9Ks=s88-c-k-c0x00ffffff-no-rj", "heart": false, "reply": true, "time_parsed": 1715483309.208573}
{"cid": "UgyBSgDuWw3aZ3i4tjN4AaABAg.A-EplDgQLmHA-UAzmUJ83m", "text": " @zekeaffy9647  mentioned or already did something to help the iban? Only the sarawak govt did thr most... PN BN and even anwar so far only talk and mentioned, not enuf? Ok then, what about emphasise but still no action", "time": "1 tahun lalu (diedit)", "author": "@jasonngjs5779", "channel": "UCupItJgNu4Y0sO48LiorttA", "votes": "0", "replies": "", "photo": "https://yt3.ggpht.com/ytc/AIdro_m5ojwRc0q_GPMcb69IHXx9pYWAaa4xMGDW3_vQP4k=s88-c-k-c0x00ffffff-no-rj", "heart": false, "reply": true, "time_parsed": 1715483309.209613}
{"cid": "UgyBSgDuWw3aZ3i4tjN4AaABAg.A-EplDgQLmHA-WKkzFD3_y", "text": " @sausagedancer1712 ????? Hello, unlike other schools which accept ALL students doesn't matter their religious background and any academic achievement, muslim religious schools only accept students with good results. Muslim religious schools achieving good result is a given since they do not accept muslim students with poor results. Duhhhhh", "time": "1 tahun lalu (diedit)", "author": "@tian5852", "channel": "UCqrAiQXE7ayS6OR_IUGSpRg", "votes": "0", "replies": "", "photo": "https://yt3.ggpht.com/ytc/AIdro_ntgPrUcHyzZ9-vVtMugfOvEyfrYUXSF9CNTYHBl3ld87eoFostv-kIwHbSagae3U3GEw=s88-c-k-c0x00ffffff-no-rj", "heart": false, "reply": true, "time_parsed": 1715483309.210661}
{"cid": "UgyBSgDuWw3aZ3i4tjN4AaABAg.A-EplDgQLmHA-Wz3iOPpss", "text": "Acknowledge UEC as that provides all the talent. Thanks.", "time": "1 tahun lalu", "author": "@leealex24", "channel": "UCCienV9O2Jkl3bcSyz04L1Q", "votes": "0", "replies": "", "photo": "https://yt3.ggpht.com/ytc/AIdro_k4oWz01IEHmmAJD8Za7cyMZuA66jBofSPqUMOeb7k=s88-c-k-c0x00ffffff-no-rj", "heart": false, "reply": true, "time_parsed": 1715483309.211697}
{"cid": "UgyBSgDuWw3aZ3i4tjN4AaABAg.A-EplDgQLmHA-aAhxrsscB", "text": "Why not talk about the existence of Dong Zhong, who culprit of all culprits for unity? Oppps, ofc you wouldn’t talk about it", "time": "1 tahun lalu", "author": "@akihibara6436", "channel": "UC_zCQFcAhMzsyDcYern6hyg", "votes": "0", "replies": "", "photo": "https://yt3.ggpht.com/c0qT-f_M_V6fo-05A7yg99M9lQG_XxibBv2-H-7mTQ7OoXAo2Rm6EKmjxV_IFUI_R-ZjQsyThA=s88-c-k-c0x00ffffff-no-rj", "heart": false, "reply": true, "time_parsed": 1715483309.21269}
{"cid": "UgyBSgDuWw3aZ3i4tjN4AaABAg.A-EplDgQLmHA-aAsUMKGdT", "text": " @leealex24 no thank you. You should follow SG, they abolished other schools, since they know how it causing unity become impossible. Should abolished UEC, and adapt some of its system and SG systems.", "time": "1 tahun lalu (diedit)", "author": "@akihibara6436", "channel": "UC_zCQFcAhMzsyDcYern6hyg", "votes": "1", "replies": "", "photo": "https://yt3.ggpht.com/c0qT-f_M_V6fo-05A7yg99M9lQG_XxibBv2-H-7mTQ7OoXAo2Rm6EKmjxV_IFUI_R-ZjQsyThA=s88-c-k-c0x00ffffff-no-rj", "heart": false, "reply": true, "time_parsed": 1715483309.213666}
{"cid": "UgyBSgDuWw3aZ3i4tjN4AaABAg.A-EplDgQLmHA-aCCC7q02k", "text": "​ @akihibara6436 UEC is just like Cambridge and multilingual as well. Whats the problem? Malaysia can recognize Cambridge, whats the issue with UEC? The world is becoming more competitive, globalized hence Malaysia must progress with the best available talents. A talent lost only gain other countries. Wake up!", "time": "1 tahun lalu (diedit)", "author": "@leealex24", "channel": "UCCienV9O2Jkl3bcSyz04L1Q", "votes": "1", "replies": "", "photo": "https://yt3.ggpht.com/ytc/AIdro_k4oWz01IEHmmAJD8Za7cyMZuA66jBofSPqUMOeb7k=s88-c-k-c0x00ffffff-no-rj", "heart": false, "reply": true, "time_parsed": 1715483309.214643}
{"cid": "UgyBSgDuWw3aZ3i4tjN4AaABAg.A-EplDgQLmHA-aCDBdF-VS", "text": "​@akihibara6436 UEC is just like Cambridge and multilingual as well. Whats the problem? Malaysia can recognize Cambridge, whats the issue with UEC? The world is becoming more competitive, globalized hence Malaysia must progress with the best available talents. A talent lost only gain other countries. Wake up!", "time": "1 tahun lalu", "author": "@leealex24", "channel": "UCCienV9O2Jkl3bcSyz04L1Q", "votes": "2", "replies": "", "photo": "https://yt3.ggpht.com/ytc/AIdro_k4oWz01IEHmmAJD8Za7cyMZuA66jBofSPqUMOeb7k=s88-c-k-c0x00ffffff-no-rj", "heart": false, "reply": true, "time_parsed": 1715483309.21562}
{"cid": "UgyBSgDuWw3aZ3i4tjN4AaABAg.A-EplDgQLmHA-aixcFSPp2", "text": "Oi stupid you sepet only 6 million, Malay have 20 million, do the math fuck face", "time": "1 tahun lalu", "author": "@K2DareDevils", "channel": "UCFrsrU37d0uhB5ex5lPStwQ", "votes": "0", "replies": "", "photo": "https://yt3.ggpht.com/ytc/AIdro_mo-ngw2iXTjilc4X3R9TWfKMVubJaaWmP-E9AYx2N-KkwGfZ7Ck2wgooJGVstqf0wbRw=s88-c-k-c0x00ffffff-no-rj", "heart": false, "reply": true, "time_parsed": 1715483309.2166}
{"cid": "UgyBSgDuWw3aZ3i4tjN4AaABAg.A-EplDgQLmHA-bgmnNuArr", "text": "​ @tengfs are you atheist or believer of gaysus", "time": "1 tahun lalu (diedit)", "author": "@moneyfocus9680", "channel": "UCs6LqWALSsGfmbZS33I4JqQ", "votes": "0", "replies": "", "photo": "https://yt3.ggpht.com/m8cUQ8UW29LjS8vS2mYVHtewQwQGj1mId6JQWses6l8RLoGmmoHpz1chdbXUBeWcu07MUKo36g=s88-c-k-c0x00ffffff-no-rj", "heart": false, "reply": true, "time_parsed": 1715483309.217564}
{"cid": "UgyBSgDuWw3aZ3i4tjN4AaABAg.A-EplDgQLmHA-cLp2ekuST", "text": " @moneyfocus9680  I’m also an a-SantaClausist, an a-Leprechaunist and a-SpaghettiMonster. I’m more like a Pastafarian. But you’re certainly a paedo-lover", "time": "1 tahun lalu (diedit)", "author": "@tengfs", "channel": "UCBr7mEicp0tdHO-sLNIxmOg", "votes": "0", "replies": "", "photo": "https://yt3.ggpht.com/ytc/AIdro_kpitG9Y_ez9jBOIP3rc45VM_RYhxKr99oFEvPujjL4AA=s88-c-k-c0x00ffffff-no-rj", "heart": false, "reply": true, "time_parsed": 1715483309.218494}
{"cid": "UgyBSgDuWw3aZ3i4tjN4AaABAg.A-EplDgQLmHA-enFBPiHRz", "text": " @butterymuffinz all the malay smart people still here in malaysia developing the country where you live in.", "time": "1 tahun lalu (diedit)", "author": "@norhaizanomar2926", "channel": "UCEhj3n6FiFRv-lIjaeaR05w", "votes": "0", "replies": "", "photo": "https://yt3.ggpht.com/ytc/AIdro_klhg9qgJQwhuUCEhUu-pMdetZQmAY0pJgzOAUqLcFg1QU=s88-c-k-c0x00ffffff-no-rj", "heart": false, "reply": true, "time_parsed": 1715483309.219422}
{"cid": "UgyBSgDuWw3aZ3i4tjN4AaABAg.A-EplDgQLmHA-ewN_84YC3", "text": " @jasonngjs5779 my son dapat 4 flat pun tak dapat masuk. Bila masa 2.0 dapat masuk?!!?? Don't talk bullshit laa", "time": "1 tahun lalu (diedit)", "author": "@norhaizanomar2926", "channel": "UCEhj3n6FiFRv-lIjaeaR05w", "votes": "2", "replies": "", "photo": "https://yt3.ggpht.com/ytc/AIdro_klhg9qgJQwhuUCEhUu-pMdetZQmAY0pJgzOAUqLcFg1QU=s88-c-k-c0x00ffffff-no-rj", "heart": false, "reply": true, "time_parsed": 1715483309.220359}
{"cid": "UgyBSgDuWw3aZ3i4tjN4AaABAg.A-EplDgQLmHA-fLmRRQZ9P", "text": " @norhaizanomar2926  your son 4flat tak masuk mana? Uitm kan ada, yg tu special utk son like yours", "time": "1 tahun lalu (diedit)", "author": "@jasonngjs5779", "channel": "UCupItJgNu4Y0sO48LiorttA", "votes": "0", "replies": "", "photo": "https://yt3.ggpht.com/ytc/AIdro_m5ojwRc0q_GPMcb69IHXx9pYWAaa4xMGDW3_vQP4k=s88-c-k-c0x00ffffff-no-rj", "heart": false, "reply": true, "time_parsed": 1715483309.221285}
{"cid": "UgyBSgDuWw3aZ3i4tjN4AaABAg.A-EplDgQLmHA-i7v2iPfjH", "text": " @yeongvoonkang1966  I think it has impact. If majority of people find it easier to get into university, the competitiveness is greatly reduced. When you are less competitive you are worse in your performance-just logic. So when we think the majority thinks they are good enough actually they are not. And you have a majority of not good enough competing against each other thinking they are good. It’s okay if you live and then close yourself only in Malaysia compete only with Malaysians.  But reality is you compete with the world when you start working. We definitely lose out because race based politics makes the majority as whole not competitive. The competition among the Bumis, is translating into jaguh kampung fight only. Sad to hear but yep.", "time": "1 tahun lalu (diedit)", "author": "@choysum", "channel": "UC-SOKoeCoKT2dx6g60qIo6g", "votes": "1", "replies": "", "photo": "https://yt3.ggpht.com/ytc/AIdro_k2MBvG9XLwRN9If4YzA0VF87BhAwOctBy8L32dSbG-AmH722OkziMXKiHaJkuGXf4ZlA=s88-c-k-c0x00ffffff-no-rj", "heart": false, "reply": true, "time_parsed": 1715483309.222256}
{"cid": "UgyBSgDuWw3aZ3i4tjN4AaABAg.A-EplDgQLmHA-iFQ8NNZkS", "text": " @choysum  fair point, academic competition do somewhat serve as an extrinsic motivation. For me i reckoned that it is still more important to promote intrinsic motivation by getting students to love learning itself via quality teaching and learning content.", "time": "1 tahun lalu (diedit)", "author": "@yeongvoonkang1966", "channel": "UCMHHDUokNJfRKXhmGQLjH8A", "votes": "2", "replies": "", "photo": "https://yt3.ggpht.com/ytc/AIdro_m0R7-KU4Ih5YrM6NYg3_u02pJDZdtmn6tl1KjeNrU=s88-c-k-c0x00ffffff-no-rj", "heart": false, "reply": true, "time_parsed": 1715483309.223187}
{"cid": "UgyBSgDuWw3aZ3i4tjN4AaABAg.A-EplDgQLmHA-oFyDIuYpI", "text": "Orang Asli ... No?​ @FreakyShirley ", "time": "1 tahun lalu (diedit)", "author": "@genbond7459", "channel": "UCP0NIKggH-NorcPkZDNo2pw", "votes": "1", "replies": "", "photo": "https://yt3.ggpht.com/ytc/AIdro_mOlsgwea8EuVKtSWWBGPprYpaJ3ABGLE-6xcRkc0Pv0eB5KGX5SrKX2B1RGWTU5OGDNw=s88-c-k-c0x00ffffff-no-rj", "heart": false, "reply": true, "time_parsed": 1715483309.22408}
{"cid": "UgyBSgDuWw3aZ3i4tjN4AaABAg.A-EplDgQLmHA-oJlPMcJl7", "text": " @jwanglerz8500  ... Alamak seumur hidup pakai TONGKAT,  main pun perlu TONGKAT ALI,  lu pasti tau pakai keris kah? P. RAMLEE kata jangan temberang lah lu ... kakakakah!", "time": "1 tahun lalu (diedit)", "author": "@genbond7459", "channel": "UCP0NIKggH-NorcPkZDNo2pw", "votes": "0", "replies": "", "photo": "https://yt3.ggpht.com/ytc/AIdro_mOlsgwea8EuVKtSWWBGPprYpaJ3ABGLE-6xcRkc0Pv0eB5KGX5SrKX2B1RGWTU5OGDNw=s88-c-k-c0x00ffffff-no-rj", "heart": false, "reply": true, "time_parsed": 1715483309.224968}
{"cid": "UgyBSgDuWw3aZ3i4tjN4AaABAg.A-EplDgQLmHA-oK5Aj2BAx", "text": " @tian5852 ... Yes they are graded differently from the NONS. That's why their A1 is just like a C3 or C4.", "time": "1 tahun lalu (diedit)", "author": "@genbond7459", "channel": "UCP0NIKggH-NorcPkZDNo2pw", "votes": "0", "replies": "", "photo": "https://yt3.ggpht.com/ytc/AIdro_mOlsgwea8EuVKtSWWBGPprYpaJ3ABGLE-6xcRkc0Pv0eB5KGX5SrKX2B1RGWTU5OGDNw=s88-c-k-c0x00ffffff-no-rj", "heart": false, "reply": true, "time_parsed": 1715483309.225856}
{"cid": "UgyBSgDuWw3aZ3i4tjN4AaABAg.A-EplDgQLmHA-oKDaQOETC", "text": " @afizi1213 ..\n RACIST NOT RACE  ..", "time": "1 tahun lalu (diedit)", "author": "@genbond7459", "channel": "UCP0NIKggH-NorcPkZDNo2pw", "votes": "0", "replies": "", "photo": "https://yt3.ggpht.com/ytc/AIdro_mOlsgwea8EuVKtSWWBGPprYpaJ3ABGLE-6xcRkc0Pv0eB5KGX5SrKX2B1RGWTU5OGDNw=s88-c-k-c0x00ffffff-no-rj", "heart": false, "reply": true, "time_parsed": 1715483309.226741}
{"cid": "UgyBSgDuWw3aZ3i4tjN4AaABAg.A-EplDgQLmHA-oNTAZcPzh", "text": " @zekeaffy9647  ... Alo lu jgn temberang lah, Peninsular Malaysia (Malaya) ada lah hak Orang Asli bukan Melayu tau? Lu punya STPM kah SPM kah semua temberang juga. Nons punya paper tak di grading sama lu punya lah. Kalau campur grading lu punya keputusan terok lah ... koyak rabak lah. Lu malas lah jadi bodo tau? Cakap sok hebat! Lu punya orang elit macam Diam, Madir semua tipu dan curi lu punya hak pun lu kata mrk best! Tu pasal lu punya olang banyak B40 kan? Bang ang oh Bang ang ...", "time": "1 tahun lalu (diedit)", "author": "@genbond7459", "channel": "UCP0NIKggH-NorcPkZDNo2pw", "votes": "0", "replies": "", "photo": "https://yt3.ggpht.com/ytc/AIdro_mOlsgwea8EuVKtSWWBGPprYpaJ3ABGLE-6xcRkc0Pv0eB5KGX5SrKX2B1RGWTU5OGDNw=s88-c-k-c0x00ffffff-no-rj", "heart": false, "reply": true, "time_parsed": 1715483309.227634}
{"cid": "UgyBSgDuWw3aZ3i4tjN4AaABAg.A-EplDgQLmHA-oU12SQemd", "text": " @genbond7459  keris + tongkat Ali = hidup melayu", "time": "1 tahun lalu (diedit)", "author": "@jwanglerz8500", "channel": "UCKEfrzObmBEQXluM5uaPcVw", "votes": "0", "replies": "", "photo": "https://yt3.ggpht.com/ytc/AIdro_nWMTt6S3wmE5Xie3os3wNiEQ4ZASwwDKNVJI1ChSXxPw=s88-c-k-c0x00ffffff-no-rj", "heart": false, "reply": true, "time_parsed": 1715483309.228523}
{"cid": "UgyBSgDuWw3aZ3i4tjN4AaABAg.A-EplDgQLmHA-oUqrLdaSX", "text": " @genbond7459  arghhhhhhh, sickkk same laa tueee weakk", "time": "1 tahun lalu (diedit)", "author": "@afizi1213", "channel": "UCBN0hpUcOt759QLsfFIHytA", "votes": "0", "replies": "", "photo": "https://yt3.ggpht.com/pR9f-0ZRSkhGeG-tqmYMJBni3ujCwws9feT7kR6_m4DCtGW2Mlios_CUx7ReOCBVwEd7-YIj1C0=s88-c-k-c0x00ffffff-no-rj", "heart": false, "reply": true, "time_parsed": 1715483309.229402}
{"cid": "UgyBSgDuWw3aZ3i4tjN4AaABAg.A-EplDgQLmHA-p9V7kkesJ", "text": " @jwanglerz8500  ... Mana ada hidup? Tanpa TONGKAT Ali tak bole hidup kehkehkeh ... barang lembab... otak lembap ...", "time": "1 tahun lalu (diedit)", "author": "@genbond7459", "channel": "UCP0NIKggH-NorcPkZDNo2pw", "votes": "0", "replies": "", "photo": "https://yt3.ggpht.com/ytc/AIdro_mOlsgwea8EuVKtSWWBGPprYpaJ3ABGLE-6xcRkc0Pv0eB5KGX5SrKX2B1RGWTU5OGDNw=s88-c-k-c0x00ffffff-no-rj", "heart": false, "reply": true, "time_parsed": 1715483309.230268}
{"cid": "UgyBSgDuWw3aZ3i4tjN4AaABAg.A-EplDgQLmHA-qQFWQlavK", "text": " @akihibara6436  You still get discounts even if there is no Dong Zhong. What unity again?", "time": "1 tahun lalu (diedit)", "author": "@tian5852", "channel": "UCqrAiQXE7ayS6OR_IUGSpRg", "votes": "1", "replies": "", "photo": "https://yt3.ggpht.com/ytc/AIdro_ntgPrUcHyzZ9-vVtMugfOvEyfrYUXSF9CNTYHBl3ld87eoFostv-kIwHbSagae3U3GEw=s88-c-k-c0x00ffffff-no-rj", "heart": false, "reply": true, "time_parsed": 1715483309.231123}
{"cid": "UgyBSgDuWw3aZ3i4tjN4AaABAg.A-EplDgQLmHA-riUhC2i2O", "text": " @mazenahmohamed4497  ... Many talented people have migrated to Singapore lah! Why you think ONE Singapore dollar = RM 3.54 sen? Soon to be RM 1,000.00 sen ... BTW Singapore gomen very happy with your attitude lah! If no Singapore cannot survive!", "time": "1 tahun lalu (diedit)", "author": "@genbond7459", "channel": "UCP0NIKggH-NorcPkZDNo2pw", "votes": "1", "replies": "", "photo": "https://yt3.ggpht.com/ytc/AIdro_mOlsgwea8EuVKtSWWBGPprYpaJ3ABGLE-6xcRkc0Pv0eB5KGX5SrKX2B1RGWTU5OGDNw=s88-c-k-c0x00ffffff-no-rj", "heart": false, "reply": true, "time_parsed": 1715483309.231997}
{"cid": "UgyBSgDuWw3aZ3i4tjN4AaABAg.A-EplDgQLmHA-vNHJSm1LF", "text": " @yeongvoonkang1966 , How can you empower teachers when many just cannot cope  with basic subjects. Some time ago, my brother who was a supervising teacher in the lower forms complained that new graduates with BSc 1st class refused to be sent to the A, B or C classes in his school to teach Mathematic and Science subjects.  Reason: those students often asked \"funny\" questions!!!\nThe right way to motivate the Malay students, they should ensure the top students in each class should be based on quality , and the other half could be Malay students to encourage a sense of competition!", "time": "1 tahun lalu (diedit)", "author": "@PahatRout", "channel": "UCo9yoswoulbAVnF2So8tIzw", "votes": "1", "replies": "", "photo": "https://yt3.ggpht.com/ytc/AIdro_kQb66_r-tkBEn2iZDFhJ2GG4iHBNhSUfLuMmYXH4kfLpzB1eRO46tXEjwegiB59Ph2gg=s88-c-k-c0x00ffffff-no-rj", "heart": false, "reply": true, "time_parsed": 1715483309.232876}
{"cid": "UgyBSgDuWw3aZ3i4tjN4AaABAg.A-EplDgQLmHA-xT-vxdPaJ", "text": "Quota-based education produces quota-based certificates compromising its quality in our education system in the country.", "time": "1 tahun lalu", "author": "@chuageokseng2168", "channel": "UC538N5gml92vUIJc0Df-cpA", "votes": "3", "replies": "", "photo": "https://yt3.ggpht.com/ytc/AIdro_m2K38GK3KrdzWQs097X2T2ENthUDjni0rltxsALL8=s88-c-k-c0x00ffffff-no-rj", "heart": false, "reply": true, "time_parsed": 1715483309.233747}
{"cid": "UgyBSgDuWw3aZ3i4tjN4AaABAg.A-EplDgQLmHA-x_y-fEpJa", "text": " @chuageokseng2168  ... Bro Quota is one thing, worst thing is your exam papers are not graded together.  The MM are group together and graded under a different BELL 🔔 CURVE than the NM. So their Best Student might only be an average student  if graded together with the NM. Can you see how screwed up the education system you're having? And those average and below average are the ones becoming teachers (98.9% of the civil servants are NM).", "time": "1 tahun lalu (diedit)", "author": "@genbond7459", "channel": "UCP0NIKggH-NorcPkZDNo2pw", "votes": "3", "replies": "", "photo": "https://yt3.ggpht.com/ytc/AIdro_mOlsgwea8EuVKtSWWBGPprYpaJ3ABGLE-6xcRkc0Pv0eB5KGX5SrKX2B1RGWTU5OGDNw=s88-c-k-c0x00ffffff-no-rj", "heart": false, "reply": true, "time_parsed": 1715483309.234608}
{"cid": "UgyBSgDuWw3aZ3i4tjN4AaABAg.A-EplDgQLmHA00qMi-xFNt", "text": " @mohdjoharicha7194  You can't even speak proper Malay. Hush", "time": "1 tahun lalu (diedit)", "author": "@tian5852", "channel": "UCqrAiQXE7ayS6OR_IUGSpRg", "votes": "1", "replies": "", "photo": "https://yt3.ggpht.com/ytc/AIdro_ntgPrUcHyzZ9-vVtMugfOvEyfrYUXSF9CNTYHBl3ld87eoFostv-kIwHbSagae3U3GEw=s88-c-k-c0x00ffffff-no-rj", "heart": false, "reply": true, "time_parsed": 1715483309.235457}
{"cid": "UgyBSgDuWw3aZ3i4tjN4AaABAg.A-EplDgQLmHA01EXAqH4xI", "text": "​ @norhaizanomar2926  Did you take a look at the foreign exchange today? US$1 = RM4.79, Singapore $1 = RM 3.56. Is that the result of smart Malay development results of this country? Actually you can say so, because since 1957, every PM has been a Malay, and 90% of finance minister has been a Malay. As simple to put it, this is the result of selecting leaders based on skin color above performance/competency.", "time": "1 tahun lalu (diedit)", "author": "@soccer.547", "channel": "UCYB4lLBLbvV5fMPItNXQqQg", "votes": "2", "replies": "", "photo": "https://yt3.ggpht.com/bCGTzHlIBcb64mCDjgnNjHdiv7rxN2xDA8zLM1dJpd12zO0i18kcvM1DO7tIOg5i7mHmgmyyOA=s88-c-k-c0x00ffffff-no-rj", "heart": false, "reply": true, "time_parsed": 1715483309.236288}
{"cid": "UgyBSgDuWw3aZ3i4tjN4AaABAg.A-EplDgQLmHA06df6oHN-P", "text": "​ @jwanglerz8500  Raced based politics produce quota-based education in turn produce quota-based certificates compromising its quality.", "time": "1 tahun lalu (diedit)", "author": "@chuageokseng2168", "channel": "UC538N5gml92vUIJc0Df-cpA", "votes": "1", "replies": "", "photo": "https://yt3.ggpht.com/ytc/AIdro_m2K38GK3KrdzWQs097X2T2ENthUDjni0rltxsALL8=s88-c-k-c0x00ffffff-no-rj", "heart": false, "reply": true, "time_parsed": 1715483309.237122}
{"cid": "UgyBSgDuWw3aZ3i4tjN4AaABAg.A-EplDgQLmHA0AsMGcedih", "text": "private chinese school receive bantuan from govt while having accepting contribution from local rich.\n\nYeah, we know which race has been receiving privilige. Since pre-merdeka what", "time": "1 tahun lalu", "author": "@azizulhaziq9766", "channel": "UCjwY2Q9GRcpi1ULxudhW3sg", "votes": "1", "replies": "", "photo": "https://yt3.ggpht.com/ytc/AIdro_njMp9P5pDrqRaj4oHRodXslSma01EB2tIA4mBbGR7rDJoi92M1smujcI3N84wSKYdkGA=s88-c-k-c0x00ffffff-no-rj", "heart": false, "reply": true, "time_parsed": 1715483309.23796}
{"cid": "UgyBSgDuWw3aZ3i4tjN4AaABAg.A-EplDgQLmHA0As_3XBkqp", "text": " @bennykoh what about the collective preference in helping non-bumi school? last week govt add bantuan to private chinese school (that is also rich)\n\nthat is discrimination?", "time": "1 tahun lalu (diedit)", "author": "@azizulhaziq9766", "channel": "UCjwY2Q9GRcpi1ULxudhW3sg", "votes": "0", "replies": "", "photo": "https://yt3.ggpht.com/ytc/AIdro_njMp9P5pDrqRaj4oHRodXslSma01EB2tIA4mBbGR7rDJoi92M1smujcI3N84wSKYdkGA=s88-c-k-c0x00ffffff-no-rj", "heart": false, "reply": true, "time_parsed": 1715483309.23879}
{"cid": "UgyBSgDuWw3aZ3i4tjN4AaABAg.A-EplDgQLmHA0AvWwxoKYG", "text": " @azizulhaziq9766  what is this \"collective reference\"? When you are doing is a classic case of \"whataboutism\"  where you cannot even refute what I said in my earlier posts and bring in something else. Is this the kind of students national schools produce in Malaysia?", "time": "1 tahun lalu (diedit)", "author": "@bennykoh", "channel": "UC7IOs-9gfNppOQai9EPhOYw", "votes": "1", "replies": "", "photo": "https://yt3.ggpht.com/ytc/AIdro_mXl5vEZetSFCfuG2B7_VLqc38fE5TVJMtL_CGIeMUbdXJf55quvy5KONcX81xCv66Llw=s88-c-k-c0x00ffffff-no-rj", "heart": false, "reply": true, "time_parsed": 1715483309.239611}
{"cid": "UgyBSgDuWw3aZ3i4tjN4AaABAg.A-EplDgQLmHA0AwubHeCfd", "text": " @genbond7459  huh? I wasn't aware that MM and NM are graded differently. If you have some sources do let me know. I will be glad to read up.", "time": "1 tahun lalu (diedit)", "author": "@bennykoh", "channel": "UC7IOs-9gfNppOQai9EPhOYw", "votes": "1", "replies": "", "photo": "https://yt3.ggpht.com/ytc/AIdro_mXl5vEZetSFCfuG2B7_VLqc38fE5TVJMtL_CGIeMUbdXJf55quvy5KONcX81xCv66Llw=s88-c-k-c0x00ffffff-no-rj", "heart": false, "reply": true, "time_parsed": 1715483309.697195}
{"cid": "UgyBSgDuWw3aZ3i4tjN4AaABAg.A-EplDgQLmHA0BKO6HSu6E", "text": " @azizulhaziq9766  From tax payers is ok.", "time": "1 tahun lalu (diedit)", "author": "@chuageokseng2168", "channel": "UC538N5gml92vUIJc0Df-cpA", "votes": "2", "replies": "", "photo": "https://yt3.ggpht.com/ytc/AIdro_m2K38GK3KrdzWQs097X2T2ENthUDjni0rltxsALL8=s88-c-k-c0x00ffffff-no-rj", "heart": false, "reply": true, "time_parsed": 1715483309.698614}
{"cid": "UgyBSgDuWw3aZ3i4tjN4AaABAg.A-EplDgQLmHA0Bux5nFwR-", "text": " @bennykoh  ... This has been going on for a long time. First time I heard was from a NM working in Singapore I was shocked ! His parents who were teachers ( thats why they knew about thus 🔔 BELL CURVE thingy) and are retired now,  found out this fact and decided to send all their children overseas to study. They gave up hope on Malaysia! Another interesting thing I read on a Malaysian website quoting their own gomen statistic is that 98.9% of their Gomen Servants are MM. If you meet NM who are studying or working overseas and chat with them they'll tell you, but I guess maybe some (especially the present generation) don't know these facts.", "time": "1 tahun lalu (diedit)", "author": "@genbond7459", "channel": "UCP0NIKggH-NorcPkZDNo2pw", "votes": "0", "replies": "", "photo": "https://yt3.ggpht.com/ytc/AIdro_mOlsgwea8EuVKtSWWBGPprYpaJ3ABGLE-6xcRkc0Pv0eB5KGX5SrKX2B1RGWTU5OGDNw=s88-c-k-c0x00ffffff-no-rj", "heart": false, "reply": true, "time_parsed": 1715483309.699968}
{"cid": "UgyBSgDuWw3aZ3i4tjN4AaABAg.A-EplDgQLmHA0BynP0x_7B", "text": " @jwanglerz8500  ... Kak tu adil. Aku pun kena delete kadang²... BTW kamu tau orang Melayu tu origin dari Yunan, China    dan Taiwan kan?", "time": "1 tahun lalu (diedit)", "author": "@genbond7459", "channel": "UCP0NIKggH-NorcPkZDNo2pw", "votes": "0", "replies": "", "photo": "https://yt3.ggpht.com/ytc/AIdro_mOlsgwea8EuVKtSWWBGPprYpaJ3ABGLE-6xcRkc0Pv0eB5KGX5SrKX2B1RGWTU5OGDNw=s88-c-k-c0x00ffffff-no-rj", "heart": false, "reply": true, "time_parsed": 1715483309.701212}
{"cid": "UgyBSgDuWw3aZ3i4tjN4AaABAg.A-EplDgQLmHA0BzeoQzxZH", "text": " @bennykoh  ... Look up the NM retiree teachers and ask them, they'll know the truth! I got deleted with my long reply to you.", "time": "1 tahun lalu (diedit)", "author": "@genbond7459", "channel": "UCP0NIKggH-NorcPkZDNo2pw", "votes": "0", "replies": "", "photo": "https://yt3.ggpht.com/ytc/AIdro_mOlsgwea8EuVKtSWWBGPprYpaJ3ABGLE-6xcRkc0Pv0eB5KGX5SrKX2B1RGWTU5OGDNw=s88-c-k-c0x00ffffff-no-rj", "heart": false, "reply": true, "time_parsed": 1715483309.702485}
{"cid": "UgyBSgDuWw3aZ3i4tjN4AaABAg.A-EplDgQLmHA0C-SlGt5H-", "text": " @norhaizanomar2926  ... What smart? Your A1 student is only a C3 or C4 if graded together with the NM. You go to the 4th Floor (you know where lah ) and you'll see the NM are doing the work whilst the MM makan Gaji Buta!", "time": "1 tahun lalu (diedit)", "author": "@genbond7459", "channel": "UCP0NIKggH-NorcPkZDNo2pw", "votes": "0", "replies": "", "photo": "https://yt3.ggpht.com/ytc/AIdro_mOlsgwea8EuVKtSWWBGPprYpaJ3ABGLE-6xcRkc0Pv0eB5KGX5SrKX2B1RGWTU5OGDNw=s88-c-k-c0x00ffffff-no-rj", "heart": false, "reply": true, "time_parsed": 1715483309.70374}
{"cid": "UgyBSgDuWw3aZ3i4tjN4AaABAg.A-EplDgQLmHA0C-dT09Sq7", "text": " @norhaizanomar2926 ... Ahh but your son exams are graded differently from the NM kan? Or you don't know? No?", "time": "1 tahun lalu (diedit)", "author": "@genbond7459", "channel": "UCP0NIKggH-NorcPkZDNo2pw", "votes": "0", "replies": "", "photo": "https://yt3.ggpht.com/ytc/AIdro_mOlsgwea8EuVKtSWWBGPprYpaJ3ABGLE-6xcRkc0Pv0eB5KGX5SrKX2B1RGWTU5OGDNw=s88-c-k-c0x00ffffff-no-rj", "heart": false, "reply": true, "time_parsed": 1715483309.704972}
{"cid": "UgyBSgDuWw3aZ3i4tjN4AaABAg.A-EplDgQLmHA0C6htShPO1", "text": " @genbond7459  eh jangan cakap melayu origin dari china. Nanti kena kecam", "time": "1 tahun lalu (diedit)", "author": "@jwanglerz8500", "channel": "UCKEfrzObmBEQXluM5uaPcVw", "votes": "0", "replies": "", "photo": "https://yt3.ggpht.com/ytc/AIdro_nWMTt6S3wmE5Xie3os3wNiEQ4ZASwwDKNVJI1ChSXxPw=s88-c-k-c0x00ffffff-no-rj", "heart": false, "reply": true, "time_parsed": 1715483309.706145}
{"cid": "UgyBSgDuWw3aZ3i4tjN4AaABAg.A-EplDgQLmHA0CAsGTBDXB", "text": " @jwanglerz8500  ... Kebenaran dan kenyataan dong, Austronesians ( Malays origin dari Yunan 🇨🇳 dan Taiwan 🇹🇼 )   ... Manusia paling pertama di rantau ini ialah NEGRITOS (Orang Asli : Orang Asal : Orang Pertama). Kemudian barulah Austronesians (Malays btw Malays don't actually means Melayu but all Austronesians).", "time": "1 tahun lalu (diedit)", "author": "@genbond7459", "channel": "UCP0NIKggH-NorcPkZDNo2pw", "votes": "0", "replies": "", "photo": "https://yt3.ggpht.com/ytc/AIdro_mOlsgwea8EuVKtSWWBGPprYpaJ3ABGLE-6xcRkc0Pv0eB5KGX5SrKX2B1RGWTU5OGDNw=s88-c-k-c0x00ffffff-no-rj", "heart": false, "reply": true, "time_parsed": 1715483309.707267}
{"cid": "UgyBSgDuWw3aZ3i4tjN4AaABAg.A-EplDgQLmHA0CuAZY2nkG", "text": " @FreakyShirley  ... Ini Tanah NEGRITOS iaitu Orang Asli aka Orang Asal aka Orang Pertama...! Orang Melayu origin dari Yunan, China 🇨🇳 dan Taiwan 🇹🇼 .... Terkejut dengar nya kan?", "time": "1 tahun lalu (diedit)", "author": "@genbond7459", "channel": "UCP0NIKggH-NorcPkZDNo2pw", "votes": "1", "replies": "", "photo": "https://yt3.ggpht.com/ytc/AIdro_mOlsgwea8EuVKtSWWBGPprYpaJ3ABGLE-6xcRkc0Pv0eB5KGX5SrKX2B1RGWTU5OGDNw=s88-c-k-c0x00ffffff-no-rj", "heart": false, "reply": true, "time_parsed": 1715483309.708396}
{"cid": "UgyBSgDuWw3aZ3i4tjN4AaABAg.A-EplDgQLmHA0Gh90OJeEB", "text": "Our PMs have been burning white elephants to blur their robbing the country. Our education system has stood still just like those buildings", "time": "1 tahun lalu", "author": "@janleeintube", "channel": "UCxVAETW2EBKOt8DGMCzM3Qw", "votes": "0", "replies": "", "photo": "https://yt3.ggpht.com/ytc/AIdro_lNNPJ8IUkp8yXVRyJXG4sYVeyHDrN78jZKsp-4vwAO_io=s88-c-k-c0x00ffffff-no-rj", "heart": false, "reply": true, "time_parsed": 1715483309.709526}
{"cid": "UgyBSgDuWw3aZ3i4tjN4AaABAg.A-EplDgQLmHA0QvBYMDI7p", "text": " @FreakyShirley  sarawak tanah dayak", "time": "1 tahun lalu (diedit)", "author": "@drk7016", "channel": "UCNAgYwJg0CaF6D9nazxpBLQ", "votes": "0", "replies": "", "photo": "https://yt3.ggpht.com/ytc/AIdro_nc7bFk-4BBx0ZhfmCamyiPqI4pNjVvvoiqkkpj9f8=s88-c-k-c0x00ffffff-no-rj", "heart": false, "reply": true, "time_parsed": 1715483309.710671}
{"cid": "UgyBSgDuWw3aZ3i4tjN4AaABAg.A-EplDgQLmHA0QvIOkeHUG", "text": " @soccer.547  singapore is mini china, we cant compete", "time": "1 tahun lalu (diedit)", "author": "@drk7016", "channel": "UCNAgYwJg0CaF6D9nazxpBLQ", "votes": "0", "replies": "", "photo": "https://yt3.ggpht.com/ytc/AIdro_nc7bFk-4BBx0ZhfmCamyiPqI4pNjVvvoiqkkpj9f8=s88-c-k-c0x00ffffff-no-rj", "heart": false, "reply": true, "time_parsed": 1715483309.711781}
{"cid": "UgyBSgDuWw3aZ3i4tjN4AaABAg.A-EplDgQLmHA0RiIvfc-Cf", "text": "Agreed there is very big biase towards students that have parents that donate a lot to the school or a bias towards muslim students", "time": "1 tahun lalu", "author": "@Lololotus2709", "channel": "UCrUNJI97dghnSMZSECcg_4A", "votes": "0", "replies": "", "photo": "https://yt3.ggpht.com/57McgQnnUeNtLJ5U79GFnk6tWtXWc2D66K2RwX9Il9XS1NAkhVtoaljs4w0y1iw9-kZjcYBKRiM=s88-c-k-c0x00ffffff-no-rj", "heart": false, "reply": true, "time_parsed": 1715483309.712851}
{"cid": "UgyBSgDuWw3aZ3i4tjN4AaABAg.A-EplDgQLmHA0RiTf4_zGe", "text": "​ @kalimacho1 it's universities just correcting your grammar there", "time": "1 tahun lalu (diedit)", "author": "@Lololotus2709", "channel": "UCrUNJI97dghnSMZSECcg_4A", "votes": "0", "replies": "", "photo": "https://yt3.ggpht.com/57McgQnnUeNtLJ5U79GFnk6tWtXWc2D66K2RwX9Il9XS1NAkhVtoaljs4w0y1iw9-kZjcYBKRiM=s88-c-k-c0x00ffffff-no-rj", "heart": false, "reply": true, "time_parsed": 1715483309.713895}
{"cid": "UgyBSgDuWw3aZ3i4tjN4AaABAg.A-EplDgQLmHA0Ria__02aF", "text": "Ya I agree I'm only 14 and already noticing these things", "time": "1 tahun lalu", "author": "@Lololotus2709", "channel": "UCrUNJI97dghnSMZSECcg_4A", "votes": "0", "replies": "", "photo": "https://yt3.ggpht.com/57McgQnnUeNtLJ5U79GFnk6tWtXWc2D66K2RwX9Il9XS1NAkhVtoaljs4w0y1iw9-kZjcYBKRiM=s88-c-k-c0x00ffffff-no-rj", "heart": false, "reply": true, "time_parsed": 1715483309.714939}
{"cid": "UgyBSgDuWw3aZ3i4tjN4AaABAg.A-EplDgQLmHA0TS8Bjyrqt", "text": " @FreakyShirley  Semo orang Malaysia", "time": "1 tahun lalu (diedit)", "author": "@hailyrizzo5428", "channel": "UCw4aiVvdRte4WIZJOc2fePA", "votes": "0", "replies": "", "photo": "https://yt3.ggpht.com/ytc/AIdro_kpUXuxDlKiZWaJpL2MIodPCwQFCQosP3xX9TuHkSE=s88-c-k-c0x00ffffff-no-rj", "heart": false, "reply": true, "time_parsed": 1715483309.715984}
{"cid": "UgyBSgDuWw3aZ3i4tjN4AaABAg.A-EplDgQLmHA0TSWTWPhk7", "text": " @akihibara6436 don't be sohai. vernacular schools produce smarter students. enrollment of Malays increasing every year. unity? vernacular schools give both quality and unity.", "time": "1 tahun lalu (diedit)", "author": "@hailyrizzo5428", "channel": "UCw4aiVvdRte4WIZJOc2fePA", "votes": "0", "replies": "", "photo": "https://yt3.ggpht.com/ytc/AIdro_kpUXuxDlKiZWaJpL2MIodPCwQFCQosP3xX9TuHkSE=s88-c-k-c0x00ffffff-no-rj", "heart": false, "reply": true, "time_parsed": 1715483309.717025}
{"cid": "UgyBSgDuWw3aZ3i4tjN4AaABAg.A-EplDgQLmHA0_Svxg_jOE", "text": " @hailyrizzo5428   Closed both school, Dong Zhong and vernacular. Just open one stream school. Just because close both, doesn't mean sohai. The one sohai is, someone like you who don't even want unity in the 1st place. You think SMK can't implement same things like SJK did? Lol, you the one who sohai, who doesn't want unity. Take a look at SG, is more than enough.", "time": "1 tahun lalu (diedit)", "author": "@akihibara6436", "channel": "UC_zCQFcAhMzsyDcYern6hyg", "votes": "1", "replies": "", "photo": "https://yt3.ggpht.com/c0qT-f_M_V6fo-05A7yg99M9lQG_XxibBv2-H-7mTQ7OoXAo2Rm6EKmjxV_IFUI_R-ZjQsyThA=s88-c-k-c0x00ffffff-no-rj", "heart": false, "reply": true, "time_parsed": 1715483309.718046}
{"cid": "UgyBSgDuWw3aZ3i4tjN4AaABAg.A-EplDgQLmHA0_rt4G3XeS", "text": " @akihibara6436  i don't want my kids to be as sohai as you, sohai. obviously the results speak for themselves. even malays now choosing to send their kids to vernacular schools. because these smart parents also don't want to end up as sohai as you.", "time": "1 tahun lalu (diedit)", "author": "@hailyrizzo5428", "channel": "UCw4aiVvdRte4WIZJOc2fePA", "votes": "1", "replies": "", "photo": "https://yt3.ggpht.com/ytc/AIdro_kpUXuxDlKiZWaJpL2MIodPCwQFCQosP3xX9TuHkSE=s88-c-k-c0x00ffffff-no-rj", "heart": false, "reply": true, "time_parsed": 1715483309.719026}
{"cid": "UgyBSgDuWw3aZ3i4tjN4AaABAg.A-EplDgQLmHA0tCidjc1Gq", "text": " @genbond7459  any proof of this on top of your non existent articulation skill and bad grammar? Racist delusional 2wats like you who blame your own shortcomings on fairy tales is the real crux of the problem. \nIn fact, if you ever get an A, they should recheck your paper, pretty sure you paid someone off for that. After all, your type love giving bribes…", "time": "1 tahun lalu (diedit)", "author": "@slayersckaff", "channel": "UCqkw5yBbwUygbnnZ9ymho2g", "votes": "0", "replies": "", "photo": "https://yt3.ggpht.com/ytc/AIdro_mU6wjO9jduUqDcn4B8KolbgYPSPOh-VYI9jphalGk=s88-c-k-c0x00ffffff-no-rj", "heart": false, "reply": true, "time_parsed": 1715483309.720023}
{"cid": "UgyBSgDuWw3aZ3i4tjN4AaABAg.A-EplDgQLmHA2oo7ikvCWU", "text": "Bullshit. It was during Dr M Anwar's time the change from English to Malay medium ​@tengfs", "time": "1 tahun lalu", "author": "@tunkulailitunkushahriman3939", "channel": "UCqevHlXaWnfvsdRlsurUSTg", "votes": "0", "replies": "", "photo": "https://yt3.ggpht.com/ytc/AIdro_nBaGPyYqyitZwpmG3P4NLo_fe1src66LdVNwfqLLk=s88-c-k-c0x00ffffff-no-rj", "heart": false, "reply": true, "time_parsed": 1715483309.721011}
{"cid": "UgyBSgDuWw3aZ3i4tjN4AaABAg.A-EplDgQLmHA2ook-dzLix", "text": "​@soccer.547 by the way, there's a few org asli groups which are considered  Malays.Malays are not pendatangs but moved around the Nusantara region troll!", "time": "1 tahun lalu", "author": "@tunkulailitunkushahriman3939", "channel": "UCqevHlXaWnfvsdRlsurUSTg", "votes": "0", "replies": "", "photo": "https://yt3.ggpht.com/ytc/AIdro_nBaGPyYqyitZwpmG3P4NLo_fe1src66LdVNwfqLLk=s88-c-k-c0x00ffffff-no-rj", "heart": false, "reply": true, "time_parsed": 1715483309.722002}
{"cid": "UgyBSgDuWw3aZ3i4tjN4AaABAg.A-EplDgQLmHA2qanJCZQPO", "text": "Nak percaya dgn orang asking ke ? ...tak payah lah", "time": "1 tahun lalu", "author": "@nonama1000", "channel": "UCw71FgzYQOY3H2B0gAWAhrA", "votes": "0", "replies": "", "photo": "https://yt3.ggpht.com/ytc/AIdro_ls05GlP4-DsvOy8revtK45pPgUL1kFgh4LGuYfvV-O3nyWoRp3CJzDqI8Ctf7Dywg_LQ=s88-c-k-c0x00ffffff-no-rj", "heart": false, "reply": true, "time_parsed": 1715483309.723005}
{"cid": "UgyBSgDuWw3aZ3i4tjN4AaABAg.A-EplDgQLmHA2zmU33m1qK", "text": " @kalimacho1  , when you say, it is not that easy, with what and with whom are you comparing with?", "time": "1 tahun lalu", "author": "@PahatRout", "channel": "UCo9yoswoulbAVnF2So8tIzw", "votes": "0", "replies": "", "photo": "https://yt3.ggpht.com/ytc/AIdro_kQb66_r-tkBEn2iZDFhJ2GG4iHBNhSUfLuMmYXH4kfLpzB1eRO46tXEjwegiB59Ph2gg=s88-c-k-c0x00ffffff-no-rj", "heart": false, "reply": true, "time_parsed": 1715483309.723961}
{"cid": "UgyBSgDuWw3aZ3i4tjN4AaABAg.A-EplDgQLmHA3Nkw5caDa4", "text": " @FreakyShirley  4 negeri utara milik siam, sebelum datang enggeris", "time": "11 bulan lalu", "author": "@justiceseeker3213", "channel": "UC0cUEK4oBQbtCg9DQT9MWRQ", "votes": "0", "replies": "", "photo": "https://yt3.ggpht.com/ytc/AIdro_nvCGG9cGn2LhOgIasnpHt5_HrUKVtDqNaFBAThPWJZSyfO-e9dBiL6d1nivf887HmArw=s88-c-k-c0x00ffffff-no-rj", "heart": false, "reply": true, "time_parsed": 1718161709.725184}
{"cid": "UgyBSgDuWw3aZ3i4tjN4AaABAg.A-EplDgQLmHA4IGNTv7-iq", "text": "like how?", "time": "11 bulan lalu", "author": "@astutetraderMY", "channel": "UCdtjwGwRo84zYhyreTOEzBQ", "votes": "0", "replies": "", "photo": "https://yt3.ggpht.com/ytc/AIdro_l38j3-1kYe0w_r4h4Cfda2zzQuaKkssLsBbdzbBLtyY6M=s88-c-k-c0x00ffffff-no-rj", "heart": false, "reply": true, "time_parsed": 1718161709.726284}
{"cid": "UgyBSgDuWw3aZ3i4tjN4AaABAg.A-EplDgQLmHA4QwiicQaag", "text": "Am a teacher we know better and its not bad .You are overreacting.Not satisfied... migrate", "time": "11 bulan lalu", "author": "@mazenahmohamed4497", "channel": "UCJ99T21xTYQjE7bOxPj-Xmg", "votes": "0", "replies": "", "photo": "https://yt3.ggpht.com/ytc/AIdro_lOlHdNoAOlqRhtFv8PX1fShTWJ_bosbp1bfmIrZ3I=s88-c-k-c0x00ffffff-no-rj", "heart": false, "reply": true, "time_parsed": 1718161709.727374}
{"cid": "UgyBSgDuWw3aZ3i4tjN4AaABAg.A-EplDgQLmHA4QxjgVjyWW", "text": " @mazenahmohamed4497  already did.", "time": "11 bulan lalu", "author": "@soccer.547", "channel": "UCYB4lLBLbvV5fMPItNXQqQg", "votes": "1", "replies": "", "photo": "https://yt3.ggpht.com/bCGTzHlIBcb64mCDjgnNjHdiv7rxN2xDA8zLM1dJpd12zO0i18kcvM1DO7tIOg5i7mHmgmyyOA=s88-c-k-c0x00ffffff-no-rj", "heart": false, "reply": true, "time_parsed": 1718161709.728468}
{"cid": "UgyBSgDuWw3aZ3i4tjN4AaABAg.A-EplDgQLmHA4RS3RAqxCn", "text": " @mazenahmohamed4497  , Of course your reaction had been the same all along. The yard stick is not what you think but how the students are going to compete in the world market. By the yard stick of PISA, we are  on the wrong side of the divide; notwithstanding that we graduated ten of thousands of First Class students acceptable only within our national border! I know it because I used to do what you are doing now!", "time": "11 bulan lalu", "author": "@PahatRout", "channel": "UCo9yoswoulbAVnF2So8tIzw", "votes": "1", "replies": "", "photo": "https://yt3.ggpht.com/ytc/AIdro_kQb66_r-tkBEn2iZDFhJ2GG4iHBNhSUfLuMmYXH4kfLpzB1eRO46tXEjwegiB59Ph2gg=s88-c-k-c0x00ffffff-no-rj", "heart": false, "reply": true, "time_parsed": 1718161709.729544}
{"cid": "UgyBSgDuWw3aZ3i4tjN4AaABAg.A-EplDgQLmHA4S3wvng5px", "text": "True, race based school also need to be acknowledged. Want to be great and emulate S’pore? Then let go of your chinese racial ego", "time": "11 bulan lalu", "author": "@astutetraderMY", "channel": "UCdtjwGwRo84zYhyreTOEzBQ", "votes": "0", "replies": "", "photo": "https://yt3.ggpht.com/ytc/AIdro_l38j3-1kYe0w_r4h4Cfda2zzQuaKkssLsBbdzbBLtyY6M=s88-c-k-c0x00ffffff-no-rj", "heart": false, "reply": true, "time_parsed": 1718161709.730594}
{"cid": "UgyBSgDuWw3aZ3i4tjN4AaABAg.A-EplDgQLmHA4S4JzqGVrk", "text": " @soccer.547  this is bullshit. Did u just mentioned race based politics in the meantime u want sjkc to be funded. Get the f*ck off. U just being racist whilst blaming the other race. Ni cina meludah ke langit!", "time": "11 bulan lalu", "author": "@astutetraderMY", "channel": "UCdtjwGwRo84zYhyreTOEzBQ", "votes": "0", "replies": "", "photo": "https://yt3.ggpht.com/ytc/AIdro_l38j3-1kYe0w_r4h4Cfda2zzQuaKkssLsBbdzbBLtyY6M=s88-c-k-c0x00ffffff-no-rj", "heart": false, "reply": true, "time_parsed": 1718161709.731641}
{"cid": "UgyBSgDuWw3aZ3i4tjN4AaABAg.A-EplDgQLmHA5_M3oJUEdq", "text": "yes i agree...sekolah vernacular is a problem.", "time": "10 bulan lalu", "author": "@wanafnanhariz7650", "channel": "UCH_lyPpZaR-6GgFDqywMtKg", "votes": "0", "replies": "", "photo": "https://yt3.ggpht.com/ytc/AIdro_n_pVct7gHJKLJ_eK7E6hglaFSssTpOqrV-Agyc2Pon9K4=s88-c-k-c0x00ffffff-no-rj", "heart": false, "reply": true, "time_parsed": 1720753709.732726}
{"cid": "UgyBSgDuWw3aZ3i4tjN4AaABAg.A-EplDgQLmHA5_M9X3QRzu", "text": "​ @yougohgoh1 sekolah agama is not race based...dumb ass", "time": "10 bulan lalu", "author": "@wanafnanhariz7650", "channel": "UCH_lyPpZaR-6GgFDqywMtKg", "votes": "0", "replies": "", "photo": "https://yt3.ggpht.com/ytc/AIdro_n_pVct7gHJKLJ_eK7E6hglaFSssTpOqrV-Agyc2Pon9K4=s88-c-k-c0x00ffffff-no-rj", "heart": false, "reply": true, "time_parsed": 1720753709.733784}
{"cid": "UgyBSgDuWw3aZ3i4tjN4AaABAg.A-EplDgQLmHA5_uitsX4On", "text": " @jwanglerz8500  tambah ayat darjat tinggi dalam islam🤡🤡", "time": "10 bulan lalu", "author": "@mrahshanullah8031", "channel": "UCxff2Y21RP8V2Pnm9fmr7RA", "votes": "0", "replies": "", "photo": "https://yt3.ggpht.com/ytc/AIdro_nZFYvN5ThLVYEc0LBOzRc621wVlCbMVv3LzNHHJSX549s=s88-c-k-c0x00ffffff-no-rj", "heart": false, "reply": true, "time_parsed": 1720753709.734825}
{"cid": "UgyBSgDuWw3aZ3i4tjN4AaABAg.A-EplDgQLmHA5_v72pVm38", "text": " @yougohgoh1 sekolah agama is not funded by government. do you know Zakat ?", "time": "10 bulan lalu", "author": "@mrahshanullah8031", "channel": "UCxff2Y21RP8V2Pnm9fmr7RA", "votes": "0", "replies": "", "photo": "https://yt3.ggpht.com/ytc/AIdro_nZFYvN5ThLVYEc0LBOzRc621wVlCbMVv3LzNHHJSX549s=s88-c-k-c0x00ffffff-no-rj", "heart": false, "reply": true, "time_parsed": 1720753709.735848}
{"cid": "UgyBSgDuWw3aZ3i4tjN4AaABAg.A-EplDgQLmHA5_vK6VWGQU", "text": " @mazenahmohamed4497 useless clown,  you are doing nothing at all, no solution takut comfort zone kau kena hilang🤡🤡.", "time": "10 bulan lalu", "author": "@mrahshanullah8031", "channel": "UCxff2Y21RP8V2Pnm9fmr7RA", "votes": "0", "replies": "", "photo": "https://yt3.ggpht.com/ytc/AIdro_nZFYvN5ThLVYEc0LBOzRc621wVlCbMVv3LzNHHJSX549s=s88-c-k-c0x00ffffff-no-rj", "heart": false, "reply": true, "time_parsed": 1720753709.736854}
{"cid": "UgyBSgDuWw3aZ3i4tjN4AaABAg.A-EplDgQLmHA5_xFxR4tX2", "text": " @mrahshanullah8031  ya paying xakat and exemptions from paying the income tax, so every other non Muslim also follow the same, the country with no income tax earning will go bankrupt. What a logic", "time": "10 bulan lalu", "author": "@yougohgoh1", "channel": "UCYU8NXyPbcz2IXy530xIy0A", "votes": "1", "replies": "", "photo": "https://yt3.ggpht.com/hKNyZDdAuDxUqOfTnAAZrIIQoRgEjspisp8goXjzPzr4nMk-dgqmTU5nqI3z2s4WnO-gCyy1=s88-c-k-c0x00ffffff-no-rj", "heart": false, "reply": true, "time_parsed": 1720753709.737863}
{"cid": "UgyBSgDuWw3aZ3i4tjN4AaABAg.A-EplDgQLmHA5bxvj16F9e", "text": " @yougohgoh1  you don’t know, muslim pay two taxes.", "time": "10 bulan lalu", "author": "@mrahshanullah8031", "channel": "UCxff2Y21RP8V2Pnm9fmr7RA", "votes": "0", "replies": "", "photo": "https://yt3.ggpht.com/ytc/AIdro_nZFYvN5ThLVYEc0LBOzRc621wVlCbMVv3LzNHHJSX549s=s88-c-k-c0x00ffffff-no-rj", "heart": false, "reply": true, "time_parsed": 1720753709.738873}
{"cid": "UgyBSgDuWw3aZ3i4tjN4AaABAg.A-EplDgQLmHA65L1q4UMG2", "text": " @jwanglerz8500  Kalau kita cabar, kamu nak hancurkan kita ke? Ingat dulu, sumbangan yang tak terhingga oleh bukan Melayu. Semua kaum bersama Tun untuk pergi mendapatkan kemerdekaan. Kamu yang tak patut cabar?", "time": "9 bulan lalu", "author": "@stelfran1546", "channel": "UCLM2X-YYrvFv4gxoleYzP6g", "votes": "0", "replies": "", "photo": "https://yt3.ggpht.com/ytc/AIdro_m_We3hGV2gSy0EOPLiA-ka0no7vRp_UMhjmAa9f1xsAdw=s88-c-k-c0x00ffffff-no-rj", "heart": false, "reply": true, "time_parsed": 1723432109.739836}
{"cid": "UgyBSgDuWw3aZ3i4tjN4AaABAg.A-EplDgQLmHA65VFhsUlHy", "text": " @stelfran1546  apa hang merepek??", "time": "9 bulan lalu", "author": "@jwanglerz8500", "channel": "UCKEfrzObmBEQXluM5uaPcVw", "votes": "1", "replies": "", "photo": "https://yt3.ggpht.com/ytc/AIdro_nWMTt6S3wmE5Xie3os3wNiEQ4ZASwwDKNVJI1ChSXxPw=s88-c-k-c0x00ffffff-no-rj", "heart": false, "reply": true, "time_parsed": 1723432109.740793}
{"cid": "UgyBSgDuWw3aZ3i4tjN4AaABAg.A-EplDgQLmHA6HC2nqZp9b", "text": "​ @FreakyShirley  Milik rakyat Malaysia 🇲🇾... siapa lagi?", "time": "9 bulan lalu", "author": "@lionelproctor82", "channel": "UCsKHWIYDYyoSXPyAbZJR4tA", "votes": "1", "replies": "", "photo": "https://yt3.ggpht.com/ytc/AIdro_kJxBeZ-HKY1cZ86Xtxt2T1nn5zcs8CfMaGqzAb1CI=s88-c-k-c0x00ffffff-no-rj", "heart": false, "reply": true, "time_parsed": 1723432109.741731}
{"cid": "UgyBSgDuWw3aZ3i4tjN4AaABAg.A-EplDgQLmHA6JiFMhzTHP", "text": "​ @jwanglerz8500 , unintelligent answer. There is noone that can claim ownership forever. Human migration and integration occurred throughout human history. Did u learn history?", "time": "9 bulan lalu", "author": "@justicerules1373", "channel": "UCZE-pP6XK6KFnBEJAxJc82A", "votes": "1", "replies": "", "photo": "https://yt3.ggpht.com/ytc/AIdro_kue4bVSiTbBD5tk9nP7Y3_Uc3g7FkGErx0TYpx4Uk=s88-c-k-c0x00ffffff-no-rj", "heart": false, "reply": true, "time_parsed": 1723432109.74267}
{"cid": "UgyBSgDuWw3aZ3i4tjN4AaABAg.A-EplDgQLmHA6JmgvKI4G0", "text": " @justicerules1373  did you learn your history then? Are you a Malay?", "time": "9 bulan lalu", "author": "@jwanglerz8500", "channel": "UCKEfrzObmBEQXluM5uaPcVw", "votes": "1", "replies": "", "photo": "https://yt3.ggpht.com/ytc/AIdro_nWMTt6S3wmE5Xie3os3wNiEQ4ZASwwDKNVJI1ChSXxPw=s88-c-k-c0x00ffffff-no-rj", "heart": false, "reply": true, "time_parsed": 1723432109.743589}
{"cid": "UgyBSgDuWw3aZ3i4tjN4AaABAg.A-EplDgQLmHA6JnJie04Jz", "text": " @jwanglerz8500  , sorry brother. I misunderstood your comment 😁! I thought u are a bumiputra.. 😂", "time": "9 bulan lalu", "author": "@justicerules1373", "channel": "UCZE-pP6XK6KFnBEJAxJc82A", "votes": "0", "replies": "", "photo": "https://yt3.ggpht.com/ytc/AIdro_kue4bVSiTbBD5tk9nP7Y3_Uc3g7FkGErx0TYpx4Uk=s88-c-k-c0x00ffffff-no-rj", "heart": false, "reply": true, "time_parsed": 1723432109.744511}
{"cid": "UgyBSgDuWw3aZ3i4tjN4AaABAg.A-EplDgQLmHA7PL5nuQoBa", "text": "Actually the Kebangsaan schools are the best for borderline free education that is both inclusive and gives you basic education.", "time": "8 bulan lalu", "author": "@tengkualiff", "channel": "UC3ukId7Pu2fQgi7r3h7l0Kw", "votes": "0", "replies": "", "photo": "https://yt3.ggpht.com/Bth0tGFpm8m7uFyNFDy6c2pDYA3OXqneWPHkGkaZEQGxcxoHG4LaXS6zf35RF4X4ZaiLsQf9=s88-c-k-c0x00ffffff-no-rj", "heart": false, "reply": true, "time_parsed": 1726110509.745424}
{"cid": "UgyBSgDuWw3aZ3i4tjN4AaABAg.A-EplDgQLmHA7twYGLPove", "text": "Because want to help Malay", "time": "8 bulan lalu", "author": "@ngrobert5054", "channel": "UCPgjdFb3wi_vF8MkVJ6LgEA", "votes": "1", "replies": "", "photo": "https://yt3.ggpht.com/ytc/AIdro_mAve3C6FFngkzLFjqbX1o8gmUDWJqyzFzQ0It4kv46xHM=s88-c-k-c0x00ffffff-no-rj", "heart": false, "reply": true, "time_parsed": 1726110509.746332}
{"cid": "UgyBSgDuWw3aZ3i4tjN4AaABAg.A-EplDgQLmHACO8NZx6h0Q", "text": "well, thats the same crap happening in the private employment sector, preferring type C over really qualified individuals. Stop BS ppl", "time": "4 bulan lalu", "author": "@indianfood4281", "channel": "UCC1smpwMyInpbu6tnDXLDTQ", "votes": "0", "replies": "", "photo": "https://yt3.ggpht.com/ytc/AIdro_m2Iljt9Exff8dpvv9TrLYvthPzttcQX5pWWSLzTmM=s88-c-k-c0x00ffffff-no-rj", "heart": false, "reply": true, "time_parsed": 1736651309.747246}
{"cid": "Ugxvn3xCOO7qiltTJ4J4AaABAg.A-Enaynv2HMA-EvyhXBSr7", "text": "What about Japan, Taiwan & Germany?", "time": "1 tahun lalu", "author": "@Y3llow_Submarin3", "channel": "UCuPEmfRU8EZmiG0pWkVcUIA", "votes": "0", "replies": "", "photo": "https://yt3.ggpht.com/ORhe32-29zI7sMrQN1H3n5DrtiV-c6QOfNnWFWMzc7F6LHsvyxQeSmdm8Mdkx7dJQkJKfO5Wyw=s88-c-k-c0x00ffffff-no-rj", "heart": false, "reply": true, "time_parsed": 1715483309.982161}
{"cid": "Ugxvn3xCOO7qiltTJ4J4AaABAg.A-Enaynv2HMA-F2Ju9NqIh", "text": " @Y3llow_Submarin3  I like how these Japan and Germany are always brought up every time teaching STEM not in the national language is mentioned. If we want to learn from these countries, we have to first understand how did they rise in technology using their national languages. They both invested a lot in R&D under the support of government, and they started the journey a very long time ago. \n\nGermany is the birthplace for most of the technology we have today. So, it is justifiable why do they not need English in STEM, because they started it. Let them lose in WW1 and WW2, but their people have high literacy level, and a very long history of vocational education (which our Syed Saddiq always tries to promote) which makes their people  highly technical and could make comeback easily. (By the way, most Europeans speak at least 2 languages fluently, which are their national language and English so they can communicate and trade within the EU. My Dutch colleague told me it was even mandatory to learn a 3rd language in their middle school.)\n\nJapanese, although started later than the Germans, are highly disciplined, and have the dedication to perfect anything they do. The government sent countless talents overseas, learned the technology from other countries (in those countries' languages), came back, started all over, had thousands of hardworking colleagues poured their hearts into R&D to master the craft. Grabbed the golden ticket offered by US to boost their export, and used that opportunity to level up in their game by continuing in R&D.\n\nNot to forget, most of our technology today are the heritage of wartime technology, and these 2 countries had very strong military. In other words, they have a better starting than we do.\n\n\nTaiwan's and China's rise are similar. Owing to the large population speaking the same language, they were able to duplicate the same success case of Japan, and rose in a very short time after WW2. \n\nLet's face the truth. We are a young country with a small population. Our national language, as beautiful as it is as a lingua franca and contains many borrowed words from various languages, does not common speaking population huge enough to support R&D (I thought we can communicate seamlessly with Indonesian until recently). Furthermore, our national language does not have vocabulary rich enough to express all technical terms, even if we borrowed words like how Japanese did. You cannot write a technical paper in a language without a complete technical vocabulary. We started late, and our focus on STEM wasn't enough. We simply do not have the historical conditions to thrive as they did.", "time": "1 tahun lalu (diedit)", "author": "@leeyuheng8456", "channel": "UCvT3y9ejqN6a14OJIDrVkCg", "votes": "3", "replies": "", "photo": "https://yt3.ggpht.com/ytc/AIdro_nR9s_H8JM5GNF8njgVARVmC-LAAX85NvI17XCS_pI=s88-c-k-c0x00ffffff-no-rj", "heart": false, "reply": true, "time_parsed": 1715483309.98557}
{"cid": "Ugxvn3xCOO7qiltTJ4J4AaABAg.A-Enaynv2HMA-F4NXHYyfS", "text": "problems r politician need to solve the IPG graduates allocation + barely gov servant got fired. \nyea, it is all about politic, they plant poison seeds on tis land.", "time": "1 tahun lalu", "author": "@Tia9752", "channel": "UCvGHZHkGbmxQyEbE6nLyrLA", "votes": "0", "replies": "", "photo": "https://yt3.ggpht.com/ytc/AIdro_lAlpLHfPf-_Xi1RtNJnfA-Ai_RTH3jl_GhM4Cxk4c=s88-c-k-c0x00ffffff-no-rj", "heart": false, "reply": true, "time_parsed": 1715483309.988329}
{"cid": "UgzTq6Q71j3hWFUqMhJ4AaABAg.A-ElGww6XfvA-MYzNbXgFl", "text": "LOL they be taking holidays half a year", "time": "1 tahun lalu", "author": "@ryoutacooks", "channel": "UChI9ulRZpiFTkuCHl5-2W3w", "votes": "1", "replies": "", "photo": "https://yt3.ggpht.com/lCbKftAqcM9nVYVaHdFR16_BsfcrBoV1WWok21_cEkng2GiCGKSZ2NEhbiuPTbI1aNCTeW_LyQ=s88-c-k-c0x00ffffff-no-rj", "heart": false, "reply": true, "time_parsed": 1715483310.199121}
{"cid": "UgzTq6Q71j3hWFUqMhJ4AaABAg.A-ElGww6XfvA0nRlwGNl5V", "text": "Busy telling female students not to do the deed and get pregnant since it'll ruin their future but from what I've seen, teachers should also be considerate of their students especially if there's not going to be a substitute while they're gone. Only teachers coming in to jaga kelas or none at all and most of the time,the class becomes way too noisy the even do any studies. My class was one of them. Most classmates laughing and screaming like monkeys while playing around like kids despite being secondary school students. Always made me feel overwhelmed and I was tempted to tie each of the crazy ones to their chairs and tape their mouths shut. Felt like I was at a theme park than in a classroom", "time": "1 tahun lalu", "author": "@mila5796", "channel": "UCJWd-Z31KsZpKDEQmjoCZSg", "votes": "1", "replies": "", "photo": "https://yt3.ggpht.com/E07Sxmpat_UXOP86jVoNLv-uROjfHsJrOcm6-_zwoMaYXnjegAxuF2Sju0fQq8VqvKl76Rh9wJY=s88-c-k-c0x00ffffff-no-rj", "heart": false, "reply": true, "time_parsed": 1715483310.201471}
{"cid": "UgxF64ZTixQu-B7dB3V4AaABAg.A-ElDIV7tvaA0nV_RFNgCc", "text": "Jadi,  kenapa awak sekarang bertutur Bahasa Inggeris? Misalnya, kalau saudara jadi pelancong melawat negara Perancis, adakah anda sedia bercakap Bahasa Perancis sahaja?", "time": "1 tahun lalu", "author": "@johntoh6552", "channel": "UCE4w0W7GSUmwOONi94ZxjaQ", "votes": "0", "replies": "", "photo": "https://yt3.ggpht.com/ytc/AIdro_lf0vLIKqPc9iaw6JjsXkubzMrSyEnXxbsdgfNGAt4=s88-c-k-c0x00ffffff-no-rj", "heart": false, "reply": true, "time_parsed": 1715483310.47086}
{"cid": "UgydBgz7nmFJPEvQSM54AaABAg.A-EksjI0v_jA-M9_qHHYDt", "text": "Can we switch from quota-based PhD to merit-based PhD  ?", "time": "1 tahun lalu", "author": "@chuageokseng2168", "channel": "UC538N5gml92vUIJc0Df-cpA", "votes": "3", "replies": "", "photo": "https://yt3.ggpht.com/ytc/AIdro_m2K38GK3KrdzWQs097X2T2ENthUDjni0rltxsALL8=s88-c-k-c0x00ffffff-no-rj", "heart": false, "reply": true, "time_parsed": 1715483310.798207}
{"cid": "UgxlKXZrp7nm2HlEMlh4AaABAg.A-EknYtKB7tA-ExZHMBYhm", "text": "ipg? which year? saya spm tahun lepas straight A tapi ipg punya program cemerlang open pergi negara arab. dahla tak ambil bahasa arab waktu spm🗿", "time": "1 tahun lalu", "author": "@zyadikmal7245", "channel": "UCjk0g75m9-71mxGYYT4MqSQ", "votes": "0", "replies": "", "photo": "https://yt3.ggpht.com/czqb-XERtzbZ_Cz_weVI6E4ECkkCnN_eOtE_cIt-DWcljvu02jyU1JTFZzaLkJ2jhXh445Yovw=s88-c-k-c0x00ffffff-no-rj", "heart": false, "reply": true, "time_parsed": 1715483311.107194}
{"cid": "UgxlKXZrp7nm2HlEMlh4AaABAg.A-EknYtKB7tA-G0bNg9u3m", "text": "Agree. We have a lot of armchair critics who become instant expert educational consultants after a few days of “research”. Hope they can ask the teacher’s opinions", "time": "1 tahun lalu", "author": "@garychong8898", "channel": "UCbe27gIgVs3trllH9kpHfvg", "votes": "1", "replies": "", "photo": "https://yt3.ggpht.com/GIIkgk56Xnze_QjSnJQoMUJrEHDYj3j9190aEj5_h7DfV1dgFxsdnEMzOVNnHkUiY1TScSH-5A=s88-c-k-c0x00ffffff-no-rj", "heart": false, "reply": true, "time_parsed": 1715483311.110471}
{"cid": "Ugw_LClgYrQsFKkQdK94AaABAg", "text": "PISA", "time": "1 tahun lalu", "author": "@averytan2390", "channel": "UCX9JN0l0w82nyysLlltu77A", "votes": "0", "replies": "", "photo": "https://yt3.ggpht.com/ytc/AIdro_luG0L-bZqOrw54jpVAPCOxZ4SiElFs-OmPTyAGNI2CtiQ=s88-c-k-c0x00ffffff-no-rj", "heart": false, "reply": false, "time_parsed": 1715483311.528394}
{"cid": "UgwTcqwa3yX-AGcehB54AaABAg", "text": "Salary too low! \nIn Malaysia, not jus teacher, alot job earn too less, people rather do direct sales to earn more den more & more don't care about education, study so hard for what. People form5 come out good in sales, good living liao.. \nNot sure everyone agree but my opinion saja 😢", "time": "1 tahun lalu", "author": "@thamSihou", "channel": "UCgNE6dTlLCnJhauQDp6tPvg", "votes": "5", "replies": "5", "photo": "https://yt3.ggpht.com/ytc/AIdro_mV0s5FovhRWUXwrumg8hsLJ1NTOh_KJYGrwqg0R2qqtJQ=s88-c-k-c0x00ffffff-no-rj", "heart": false, "reply": false, "time_parsed": 1715483311.530561}
{"cid": "UgxN9wNovnxd88Yybl54AaABAg", "text": "Pisa", "time": "1 tahun lalu", "author": "@ravenrama3100", "channel": "UC4GP2no6iSfqUZdmMB5ZEwg", "votes": "0", "replies": "", "photo": "https://yt3.ggpht.com/ytc/AIdro_k97d3h193v8N_OaE1ja93LHtzBxDy5ZLklko2eMoxWV3y6WaVyWqg_QGb-zkaZxPeKXw=s88-c-k-c0x00ffffff-no-rj", "heart": false, "reply": false, "time_parsed": 1715483311.53238}
{"cid": "UgynuyhISE55AInx4T54AaABAg", "text": "They say the more rural it is, the worse it gets. Edu offices tell schools to give out at least a Band 3 for PBD because there shouldn't be any excuses for them not to. In truth, those students that do not belong in the mainstream class, should've been put into a special needs class. but imagine hearing people saying our children is in a special needs class, it would probably be deemed as something derogatory.", "time": "1 tahun lalu", "author": "@andrew-ccc", "channel": "UCBFWBWh34M45pfjf9iTZUqw", "votes": "45", "replies": "", "photo": "https://yt3.ggpht.com/ytc/AIdro_nB9Tm9qpNPeUVqazDqRe4FZV6uFd0W3Uq2mMGoCDO5-URC1guRJ6X6izUpduu-J5L48g=s88-c-k-c0x00ffffff-no-rj", "heart": false, "reply": false, "time_parsed": 1715483311.534219}
{"cid": "Ugwo2gT5F1IWJZS_fc94AaABAg", "text": "My youngest brother corrected his schoolteacher by stating that Siem Reap is actually in Cambodia and not Thailand but got lambasted and his schoolteacher insisted that Siem Reap is in Thailand  - just shows the quality there. On a serious note, it's just the school system. I was only educated in the local school for 4 years and when I came back to Malaysia, I can see the vast differences - the ability to be critical, think for ourselves, the courage to express our views, evaluate thgs, love for knowledge etc were all missing. It's all about impressing busybody aunties and strangers with empty-shelled grades here.", "time": "1 tahun lalu", "author": "@ValourValour", "channel": "UCRvZFizpRUGn49KqKGvoJxw", "votes": "195", "replies": "12", "photo": "https://yt3.ggpht.com/ytc/AIdro_l7nFfACq0Kd5tPiDeQtMt1WHvs2VqinDHWCXf4CsuRhg=s88-c-k-c0x00ffffff-no-rj", "heart": false, "reply": false, "time_parsed": 1715483311.536044}
{"cid": "UgzJnhhCj-osg7BSeMB4AaABAg", "text": "Teacher is under kerajaan \nMostly they learn the sujects is in Malay. English diketepikan\nKerajaan speaks and write everything in Malay including email\nThen forces them to speak and teach in English? \n\nIts like asking people who has xx years in C++ teach them in Java WITHOUT prior learning Java. Similar concept but different syntax.", "time": "1 tahun lalu (diedit)", "author": "@SNOWOO", "channel": "UCz0x5QADcwoz3FndvXgiaIA", "votes": "3", "replies": "1", "photo": "https://yt3.ggpht.com/ytc/AIdro_kfuYgcvpNj1BVYYbd3MyxEat8ZUfbEWPjcgxuEr7D0sYc=s88-c-k-c0x00ffffff-no-rj", "heart": false, "reply": false, "time_parsed": 1715483311.537602}
{"cid": "UgzhaBxU9EZY1SMJP6l4AaABAg", "text": "big SHOUTOUT to Experian!", "time": "1 tahun lalu", "author": "@ericlai3221", "channel": "UCm9AO7MVrT5nzK7dGZqFxMA", "votes": "0", "replies": "", "photo": "https://yt3.ggpht.com/ytc/AIdro_kV0pl398MOz7of33psAK50QH_UfRPKjwY3oyO_g8U=s88-c-k-c0x00ffffff-no-rj", "heart": false, "reply": false, "time_parsed": 1715483311.539169}
{"cid": "UgwU0d6Umml0wdrxvcJ4AaABAg", "text": "Pisa", "time": "1 tahun lalu", "author": "@joesoo", "channel": "UCs9XOY-aqo3GaKazlZVDMPQ", "votes": "0", "replies": "", "photo": "https://yt3.ggpht.com/ytc/AIdro_nBtGLsn6tW7GroR0qCKFJpGtjy5fpUVVxk8G68D1Uk3tgX=s88-c-k-c0x00ffffff-no-rj", "heart": false, "reply": false, "time_parsed": 1715483311.540726}
{"cid": "UgzYJ9obA6iOyjvJrrZ4AaABAg", "text": "Failure? Fck you. You’re a fuckin failure luring viewers with such title. Hate this kind of youtuber", "time": "1 tahun lalu", "author": "@ronaldtwom6852", "channel": "UC0S1-vP7-G5hnKWeehbpXEw", "votes": "0", "replies": "1", "photo": "https://yt3.ggpht.com/ytc/AIdro_mCI1RTPuBvj7Uk5A-gKzKrgIp7Mmmb3BKMvZ6lBO4FTQ=s88-c-k-c0x00ffffff-no-rj", "heart": false, "reply": false, "time_parsed": 1715483311.542232}
{"cid": "Ugwh7mX3yJlMHW5qtLF4AaABAg", "text": "There are so many possible improvements that, in my opinion, could be tackled, like for example:\n\n1. Dead-end job teachers. This has been the way it is for a while, and our children are paying for it. Doesn't help that it's not a very high-income job for government schools, and there is the issue of many teachers having lots of children, just to get maternal leave. Schools could have gotten more substitute teachers at least. Saw this a lot, among my younger siblings especially.\n\n2. Biased education. Most of History class, during my time at least, avoids a lot of dark aspects of history to stroke the ego of our nation. I mean, do any of you know that Dato Maharajalela traded slaves? I didn't either before leaving school.\n\n3. Lack of focus on vocational schools. This was, ironically, actually a topic brought up in KOMSAS (BM Literature), yet it still remains a big problem for those who are less academically inclined. Even me, as a hands-on type of guy, did consider going, but didn't go for it due to the lack of prestige attached to it.\n\n4. Lack of racial integration. Apart from the obvious issue of vernacular schools (which is its own can of worms), from personal experience, it's actually not common to see \"1Malaysia\" friend groups in school. Most people are only friends with their own race to be honest.\n\nThese are just some of the problems wrong with our education system, and it's no wonder why those with the money opt for private schools.", "time": "1 tahun lalu", "author": "@stopsign606", "channel": "UCUpieAyR6aHDQxLCqgx6htQ", "votes": "22", "replies": "2", "photo": "https://yt3.ggpht.com/ytc/AIdro_m7SPCRc9T8Jbd8tcPk7AsOYyp-ubkQpkPVHEfDk9SnjWw=s88-c-k-c0x00ffffff-no-rj", "heart": false, "reply": false, "time_parsed": 1715483311.543645}
{"cid": "Ugzx9rcmCzmys7HTSjZ4AaABAg", "text": "Pisa", "time": "1 tahun lalu", "author": "@chionies83", "channel": "UCRVMkfZaD1KT-GdxvRWvXeA", "votes": "0", "replies": "", "photo": "https://yt3.ggpht.com/ytc/AIdro_mouvfJwbEx0otEHcOn8yuZbm4nsOO2obFWs-SA9Y0=s88-c-k-c0x00ffffff-no-rj", "heart": false, "reply": false, "time_parsed": 1715483311.545038}
{"cid": "UgxdAs6SssdeCD2L3kp4AaABAg", "text": "PISA", "time": "1 tahun lalu", "author": "@wycoconutgaming", "channel": "UCPOY9z2QkX-rHfWXme-XXdQ", "votes": "0", "replies": "", "photo": "https://yt3.ggpht.com/ytc/AIdro_kYMMhMNQ1YkM_PflGLfHqPqhVCy9EkymSzHvmbTV9qCw=s88-c-k-c0x00ffffff-no-rj", "heart": false, "reply": false, "time_parsed": 1715483311.546435}
{"cid": "UgxdhgehpOx98HsHcdh4AaABAg", "text": "It's not about the system, it's about the quality of the students. If you put a bunch of Africans in a Singaporean education system, they will still perform like Africans.", "time": "1 tahun lalu", "author": "@chriIIe", "channel": "UC9CA6l0z2gvylxA8Yj06kYA", "votes": "3", "replies": "10", "photo": "https://yt3.ggpht.com/ytc/AIdro_nb3VezN7MzT_7FKtzv4E4kHkUN6Y3xRud-AhuR2qEO6Um7lPzPQnEZK0uYnh5C3usuJw=s88-c-k-c0x00ffffff-no-rj", "heart": false, "reply": false, "time_parsed": 1715483311.547802}
{"cid": "UgxkctCj7_doF6QYioJ4AaABAg", "text": "Malaysia will soon have Grab school", "time": "1 tahun lalu", "author": "@zane9751", "channel": "UC1fi2fJV4DPpQ3AeQmMecoA", "votes": "7", "replies": "", "photo": "https://yt3.ggpht.com/ytc/AIdro_kGdHN37rT0oZ65xf60Ud2bqXsDGWuV3jO61DDSwL0=s88-c-k-c0x00ffffff-no-rj", "heart": false, "reply": false, "time_parsed": 1715483311.549039}
{"cid": "UgzTqwPcb6wUBpqUQ6J4AaABAg", "text": "Msia education has no hope.", "time": "1 tahun lalu", "author": "@blose4793", "channel": "UCA87VFNxDlbYbPJM7AXqV2w", "votes": "5", "replies": "1", "photo": "https://yt3.ggpht.com/ytc/AIdro_kRxZLUVLkE9fDC8W7sccvqY9T0ZDsfzR9xX9SNfFOe7Mc=s88-c-k-c0x00ffffff-no-rj", "heart": false, "reply": false, "time_parsed": 1715483311.550268}
{"cid": "UgxTk5NNv8GJhoKLjFl4AaABAg", "text": "Malaysia Boleh !!!\n\nEverything come with a price, are you prepared to pay the price.?\n\nMalaysia Boleh !!! \n\nWe need to keep anesthetize ourself.", "time": "1 tahun lalu (diedit)", "author": "@sklim22", "channel": "UCpLgnvzhYVTQzVBwjCU9IIA", "votes": "0", "replies": "", "photo": "https://yt3.ggpht.com/ytc/AIdro_kA8pgoHrKa30qRJObgKg544vBfzYynTnWapDQo9xE=s88-c-k-c0x00ffffff-no-rj", "heart": false, "reply": false, "time_parsed": 1715483311.551512}
{"cid": "UgxIVUBVOsnZdVDPPLt4AaABAg", "text": "Recruitment of teachers is race based and not on merit..thats why its a failure", "time": "1 tahun lalu", "author": "@mimollie6932", "channel": "UCHM9VemeOhJnOEBAugs6_PA", "votes": "1", "replies": "", "photo": "https://yt3.ggpht.com/IEOFeFKlD8OcYcnYOPfTWxO_8X4jpIgjDbcNUnRlKFv7YFsb5YZfphx3s-pByx8NT6HgOM52bg=s88-c-k-c0x00ffffff-no-rj", "heart": false, "reply": false, "time_parsed": 1715483311.552775}
{"cid": "Ugx-tBux7wumseRyiSp4AaABAg", "text": "Issue about Malaysia is IMPLEMENTATION!", "time": "1 tahun lalu", "author": "@premameha7057", "channel": "UCdwEI73dj7j571nvwmUrMlQ", "votes": "1", "replies": "", "photo": "https://yt3.ggpht.com/ytc/AIdro_lO7c_JLJgKxuHv2pb64Nh59f8QveuDhv-Vg6STjoaHvCE=s88-c-k-c0x00ffffff-no-rj", "heart": false, "reply": false, "time_parsed": 1715483311.553993}
{"cid": "UgzkGM-O9hLbrm9a4bd4AaABAg", "text": "Pisa", "time": "1 tahun lalu", "author": "@suthersangovindaraju", "channel": "UCFBPPJDi3vN0XBSqv1FsjiA", "votes": "0", "replies": "", "photo": "https://yt3.ggpht.com/j56_K3m7pLaQMdc6xP2F5nDIEPL16Kow_VfwlWryCBBaxIyuB0q5q0TbNbWEoqqpRVVhkjFUmQ=s88-c-k-c0x00ffffff-no-rj", "heart": false, "reply": false, "time_parsed": 1715483311.555116}
{"cid": "UgyGPwMIos0NxP7reXB4AaABAg", "text": "makes me grateful to my parents to fork out money to send me to private school, honestly feel if I was still in gov system I wouldn't be where I am today", "time": "1 tahun lalu", "author": "@carmenemrac", "channel": "UCXUxYrtJeZKLSZ68GzPV8sQ", "votes": "17", "replies": "6", "photo": "https://yt3.ggpht.com/gmeG4q54pqm1gCJtwYUNvSRCymZut0G2XkDI1GeHwM_S8c3DfEg48ZKKopHJEvoHd9Bw_7pdg_E=s88-c-k-c0x00ffffff-no-rj", "heart": false, "reply": false, "time_parsed": 1715483311.556241}
{"cid": "UgwTcqwa3yX-AGcehB54AaABAg.A-Ej4NOIHzRA-F2k3YagrQ", "text": "their starting salary is 4k++, consider low?? summore they hv bonus fr gov every year.", "time": "1 tahun lalu", "author": "@Tia9752", "channel": "UCvGHZHkGbmxQyEbE6nLyrLA", "votes": "1", "replies": "", "photo": "https://yt3.ggpht.com/ytc/AIdro_lAlpLHfPf-_Xi1RtNJnfA-Ai_RTH3jl_GhM4Cxk4c=s88-c-k-c0x00ffffff-no-rj", "heart": false, "reply": true, "time_parsed": 1715483311.824162}
{"cid": "UgwTcqwa3yX-AGcehB54AaABAg.A-Ej4NOIHzRA-F98XHwbuT", "text": "​ @Tia9752 i just knew my starting was so high lol. Our starting is RM2K+ by the way. RM5K+ is only after 8 years of teaching 😂", "time": "1 tahun lalu (diedit)", "author": "@seanchen9265", "channel": "UCbf_M2TJagYCarJse8te_pw", "votes": "1", "replies": "", "photo": "https://yt3.ggpht.com/ytc/AIdro_kN-GdpVT-fkyPkNf6Db1ZCm4LWOIwRC1UVnPltYvXmoaY=s88-c-k-c0x00ffffff-no-rj", "heart": false, "reply": true, "time_parsed": 1715483311.825989}
{"cid": "UgwTcqwa3yX-AGcehB54AaABAg.A-Ej4NOIHzRA-GF3QFr1UR", "text": "You cannot always blame a low salary for not doing your job properly. You are entrusted with the job and you agree to take it then do it properly. I hope you don't meet a doctor that tells you he cannot do the proper diagnosis on you because he feels he is being paid poorly.", "time": "1 tahun lalu", "author": "@ListerTube", "channel": "UCzL5EsqOacu2f6nyAtdjzLw", "votes": "1", "replies": "", "photo": "https://yt3.ggpht.com/61u8KZbPNlIOX8emTc2xh-79Q5Tuxnn0ORoWyulnD42NQvv3taELL-TnbQM161NwWSMaTyz7fQ=s88-c-k-c0x00ffffff-no-rj", "heart": false, "reply": true, "time_parsed": 1715483311.827789}
{"cid": "UgwTcqwa3yX-AGcehB54AaABAg.A-Ej4NOIHzRA-GJdKgCB0P", "text": " @ListerTube  low salary r the reason for the elites choose other sector jobs , unable to compete with private school who offer higher salary ,unable to recruit foreigner teachers = no competition formed= they can request higher pay/more benefits.", "time": "1 tahun lalu (diedit)", "author": "@Tia9752", "channel": "UCvGHZHkGbmxQyEbE6nLyrLA", "votes": "0", "replies": "", "photo": "https://yt3.ggpht.com/ytc/AIdro_lAlpLHfPf-_Xi1RtNJnfA-Ai_RTH3jl_GhM4Cxk4c=s88-c-k-c0x00ffffff-no-rj", "heart": false, "reply": true, "time_parsed": 1715483311.829406}
{"cid": "UgwTcqwa3yX-AGcehB54AaABAg.A-Ej4NOIHzRA-GrSgyWHgI", "text": "@vister6757  agree, but it demotivated the person & less people eat willing to be a good teacher. Low salary lead to alot not qualified teacher. \nDoctor is different as their salary not as low as teacher & need qualification. They even protest during MCO right. How their salaries is not match with their workload & proficient. But lucky they have good responsibility else we gg aldy 😂", "time": "1 tahun lalu", "author": "@thamSihou", "channel": "UCgNE6dTlLCnJhauQDp6tPvg", "votes": "1", "replies": "", "photo": "https://yt3.ggpht.com/ytc/AIdro_mV0s5FovhRWUXwrumg8hsLJ1NTOh_KJYGrwqg0R2qqtJQ=s88-c-k-c0x00ffffff-no-rj", "heart": false, "reply": true, "time_parsed": 1715483311.83096}
{"cid": "Ugwo2gT5F1IWJZS_fc94AaABAg.A-EhvBNT8EMA-FaF8i1qp-", "text": "yeah...  LIM KWAN YEW is me favorite subject...:eyes-pink-heart-shape:", "time": "1 tahun lalu", "author": "@dllm4254", "channel": "UCpUZSmvs4AvvlopxVHenaKw", "votes": "3", "replies": "", "photo": "https://yt3.ggpht.com/K5KGTasvvckaNhCR7WJQQCzrJplfTHc6lUJbSlvJv2Qvm0wKGG8GjcJ4cCiKPclxM6Qgh8jkIw=s88-c-k-c0x00ffffff-no-rj", "heart": false, "reply": true, "time_parsed": 1715483312.074783}
{"cid": "Ugwo2gT5F1IWJZS_fc94AaABAg.A-EhvBNT8EMA-G5DbvknS8", "text": "This is what I'm thinking", "time": "1 tahun lalu", "author": "@areenaava8202", "channel": "UC5OXjBGSlNeDDqcE1_ElkyQ", "votes": "0", "replies": "", "photo": "https://yt3.ggpht.com/ytc/AIdro_m8VkqWahQKns6VE0-vcgEMP1ltbFyIJuaRIHrlj3w=s88-c-k-c0x00ffffff-no-rj", "heart": false, "reply": true, "time_parsed": 1715483312.077635}
{"cid": "Ugwo2gT5F1IWJZS_fc94AaABAg.A-EhvBNT8EMA-GCs_O9L-D", "text": "🤦🏼🤣", "time": "1 tahun lalu", "author": "@ListerTube", "channel": "UCzL5EsqOacu2f6nyAtdjzLw", "votes": "0", "replies": "", "photo": "https://yt3.ggpht.com/61u8KZbPNlIOX8emTc2xh-79Q5Tuxnn0ORoWyulnD42NQvv3taELL-TnbQM161NwWSMaTyz7fQ=s88-c-k-c0x00ffffff-no-rj", "heart": false, "reply": true, "time_parsed": 1715483312.080052}
{"cid": "Ugwo2gT5F1IWJZS_fc94AaABAg.A-EhvBNT8EMA-GUvY8cmrQ", "text": "😂😂😂😂😂😂😂😂😣😣😣😣😣😣😣😢😢😢😢😢😢😢😢", "time": "1 tahun lalu", "author": "@franciswoon2130", "channel": "UCBv09HMsac1paS0VGQ9cLRA", "votes": "0", "replies": "", "photo": "https://yt3.ggpht.com/ytc/AIdro_nIbnRdrxx8kxYEjbvKf42p-nCdtDBzy9KJimTtZps=s88-c-k-c0x00ffffff-no-rj", "heart": false, "reply": true, "time_parsed": 1715483312.082144}
{"cid": "Ugwo2gT5F1IWJZS_fc94AaABAg.A-EhvBNT8EMA-ISioyEins", "text": "Government should really start investing more in education and have better standards in hiring teachers. I remember getting through PT3 and SPM relying on textbooks, and activity books with answer schemes because the teachers are either not teaching or absent. I didn't go to tuitions because they cost a lot. Books were enough to help me get straight As in both exams, and that's another problem. I only know how to sit for exams and regurgitate what I've read, not that I'm actually knowledgeable. Fortunately, I'm learning better in university now, I'm still learning independently (through the internet) but at least now I can apply, thanks to all the assignments, projects and practicals.", "time": "1 tahun lalu", "author": "@imthecoolest50", "channel": "UCPwXKWZDlF7KG8MBQl97z8A", "votes": "10", "replies": "", "photo": "https://yt3.ggpht.com/QpYwbILgzhs2sdaJaEZ_eQMfbVKRAuwh12FjAPxSZK8KxH8Hk0OoB79MRtzab-VHC3zRpWUZwQ=s88-c-k-c0x00ffffff-no-rj", "heart": false, "reply": true, "time_parsed": 1715483312.083979}
{"cid": "Ugwo2gT5F1IWJZS_fc94AaABAg.A-EhvBNT8EMA-LSoxJbrsg", "text": "I beleive being a teacher is a calling but for some teaching is an iron rice bowl.", "time": "1 tahun lalu", "author": "@rosidahariff2365", "channel": "UCpB1MOCJZU665pxAnRmImuQ", "votes": "0", "replies": "", "photo": "https://yt3.ggpht.com/ytc/AIdro_ntdmVFljDeAdqSz1c9jA8Ll3rE96Nj6Kins4nFjUM=s88-c-k-c0x00ffffff-no-rj", "heart": false, "reply": true, "time_parsed": 1715483312.085803}
{"cid": "Ugwo2gT5F1IWJZS_fc94AaABAg.A-EhvBNT8EMA-NmU1EGx-6", "text": "Your video reminded me of an embarrassing situation in class for my English teacher.  He mentioned that Octopus has 10 arms because the word Octopus is similar to October 😢.", "time": "1 tahun lalu", "author": "@rsashimi7810", "channel": "UCT7MmGvdDUrpT3A_Cb7_aFw", "votes": "6", "replies": "", "photo": "https://yt3.ggpht.com/ytc/AIdro_n104R24t-tlHA0Hm-MK0p4CuVNJcIPAJ97WV8n8CrZCBQ=s88-c-k-c0x00ffffff-no-rj", "heart": false, "reply": true, "time_parsed": 1715483312.087609}
{"cid": "Ugwo2gT5F1IWJZS_fc94AaABAg.A-EhvBNT8EMA-OJciBq8js", "text": "We should abolish vernacular school that is useless to the country following idea of lee kuan yew...", "time": "1 tahun lalu", "author": "@johnjohny6173", "channel": "UCPk3UdM91u06PFHKDQtwdeg", "votes": "0", "replies": "", "photo": "https://yt3.ggpht.com/ytc/AIdro_lJOMJNu2GxkJHeKLZkk_7Bgm6yWettiVvdp26au4qXcqHyy3vUy68uVTY_C4HFXp6QCA=s88-c-k-c0x00ffffff-no-rj", "heart": false, "reply": true, "time_parsed": 1715483312.089173}
{"cid": "Ugwo2gT5F1IWJZS_fc94AaABAg.A-EhvBNT8EMA-QSLWstWUJ", "text": "I would have requested a private session to 'thank' the teacher, then go \"make sure you teach him that Perlis, Terengganu, and Kelantan is in Thailand next. Those are Siamese territories kan?\" and just watch her face change", "time": "1 tahun lalu", "author": "@yurusei-eth", "channel": "UCbTUruKaawr1QcYDOFV3qvA", "votes": "2", "replies": "", "photo": "https://yt3.ggpht.com/ytc/AIdro_kL9ntuNzTq13s0mT9fD2EPnYFBX5anaE3QlQfKIAc=s88-c-k-c0x00ffffff-no-rj", "heart": false, "reply": true, "time_parsed": 1715483312.090738}
{"cid": "Ugwo2gT5F1IWJZS_fc94AaABAg.A-EhvBNT8EMA-TFfbtm007", "text": "Man, I cannot wait to tell my distant family who lives in Siem Reap that you are in Thai territory, not Cambodian territory. I can't wait to get the crap kicked out of me. That is absolutely ridiculous, thinking the city that houses the Angkor Wat is in Thailand.", "time": "1 tahun lalu (diedit)", "author": "@NicholasStabile", "channel": "UC2SNxIsVidLaaNjoywYIZCQ", "votes": "2", "replies": "", "photo": "https://yt3.ggpht.com/g6bY8Li3SVtDCXUN1OrP3T-09YGJbUj1wxjmv2ydxU5LVf1w7MqUoruB7YBukrhlG8pL9s1E9Q=s88-c-k-c0x00ffffff-no-rj", "heart": false, "reply": true, "time_parsed": 1715483312.092291}
{"cid": "Ugwo2gT5F1IWJZS_fc94AaABAg.A-EhvBNT8EMA2m5DSQJp62", "text": "The teacher fail & shame.", "time": "1 tahun lalu", "author": "@Frederick14788", "channel": "UCCTg70ukza9X1jTv1H77y8A", "votes": "0", "replies": "", "photo": "https://yt3.ggpht.com/lkUJzZJnGE_HgJGS5U_C6AfIRx18py9sDXilPHaaPCTJWb9DTp9w7tHeUrTjQOGC7XKikcJ9Ng=s88-c-k-c0x00ffffff-no-rj", "heart": false, "reply": true, "time_parsed": 1715483312.286264}
{"cid": "Ugwo2gT5F1IWJZS_fc94AaABAg.A-EhvBNT8EMA44lKdbAmPR", "text": "When teaches are hopeless, what do you expect. Hopeless students that cnanbe use in the workforce. Only can be use in Malaysia. New grad strudents who cannot even read or write a simple tech report.", "time": "11 bulan lalu", "author": "@richardliu7499", "channel": "UCncI5YPVlEjBrW-ef7OctSQ", "votes": "1", "replies": "", "photo": "https://yt3.ggpht.com/ytc/AIdro_m6P161ymH7WAZgI-aIPYCA9oBxtPh8FNFmsPACVF93Gg=s88-c-k-c0x00ffffff-no-rj", "heart": false, "reply": true, "time_parsed": 1718161712.289577}
{"cid": "UgzJnhhCj-osg7BSeMB4AaABAg.A-EhbvzJorVA-GL9IoXSvf", "text": " @circe_ng321  I mostly learned English trough movies and songs. But I get the point. Yeah, teachers only teach the concepts ie. grammars and comprehension. It's up to the students to study outside school. But no teachers tell students to practice English at home. \n\nLagi2 if you try speaking English in the luar bandar. You might get labeled as \"Melayu Celup\" or \"Cina Banana\".", "time": "1 tahun lalu (diedit)", "author": "@SNOWOO", "channel": "UCz0x5QADcwoz3FndvXgiaIA", "votes": "0", "replies": "", "photo": "https://yt3.ggpht.com/ytc/AIdro_kfuYgcvpNj1BVYYbd3MyxEat8ZUfbEWPjcgxuEr7D0sYc=s88-c-k-c0x00ffffff-no-rj", "heart": false, "reply": true, "time_parsed": 1715483312.498112}
{"cid": "UgzYJ9obA6iOyjvJrrZ4AaABAg.A-EgloeqPdPA-MZAuoefUj", "text": "everyone knows alrdy la", "time": "1 tahun lalu", "author": "@ryoutacooks", "channel": "UChI9ulRZpiFTkuCHl5-2W3w", "votes": "0", "replies": "", "photo": "https://yt3.ggpht.com/lCbKftAqcM9nVYVaHdFR16_BsfcrBoV1WWok21_cEkng2GiCGKSZ2NEhbiuPTbI1aNCTeW_LyQ=s88-c-k-c0x00ffffff-no-rj", "heart": false, "reply": true, "time_parsed": 1715483312.721847}
{"cid": "Ugwh7mX3yJlMHW5qtLF4AaABAg.A-Egieb9ng7A-F1p1xpomP", "text": "Well said", "time": "1 tahun lalu", "author": "@foureyeswonder", "channel": "UCe-wUwrdPn1rPBN8GDwBU5w", "votes": "1", "replies": "", "photo": "https://yt3.ggpht.com/ytc/AIdro_n9PxHgCfd3Tm1Yzk0vbL83gBWSEGH84z4teQECayQEQg=s88-c-k-c0x00ffffff-no-rj", "heart": false, "reply": true, "time_parsed": 1715483313.055804}
{"cid": "Ugwh7mX3yJlMHW5qtLF4AaABAg.A-Egieb9ng7A-S_4Rvtw5a", "text": "Very Biased. SO TRUE😂", "time": "1 tahun lalu", "author": "@Chromium-qj8fh", "channel": "UCcsZ-2cmwsTDV6FXM__rtaQ", "votes": "0", "replies": "", "photo": "https://yt3.ggpht.com/ytc/AIdro_nl6syQO2bmDL_KRWoSxsJXU1rY8koNIjbd4-pwRMoJqmk=s88-c-k-c0x00ffffff-no-rj", "heart": false, "reply": true, "time_parsed": 1715483313.058682}
{"cid": "UgxdhgehpOx98HsHcdh4AaABAg.A-EgCSgApr1A-EuzxvoTVC", "text": "What is performing like an African, mean?", "time": "1 tahun lalu", "author": "@Ak1m2", "channel": "UCBmOnoLL5v_n3jG_u78ABIw", "votes": "0", "replies": "", "photo": "https://yt3.ggpht.com/ytc/AIdro_mJGo-v-P8hmTtwpRiR-T8x2Kn66JVVW_x7Wxsu0ko=s88-c-k-c0x00ffffff-no-rj", "heart": false, "reply": true, "time_parsed": 1715483313.364154}
{"cid": "UgxdhgehpOx98HsHcdh4AaABAg.A-EgCSgApr1A-G-G4yxRKt", "text": "Yes. Africans are just as good as any other kids. Just nurture them in a good educational environment.", "time": "1 tahun lalu", "author": "@garychong8898", "channel": "UCbe27gIgVs3trllH9kpHfvg", "votes": "0", "replies": "", "photo": "https://yt3.ggpht.com/GIIkgk56Xnze_QjSnJQoMUJrEHDYj3j9190aEj5_h7DfV1dgFxsdnEMzOVNnHkUiY1TScSH-5A=s88-c-k-c0x00ffffff-no-rj", "heart": false, "reply": true, "time_parsed": 1715483313.367005}
{"cid": "UgxdhgehpOx98HsHcdh4AaABAg.A-EgCSgApr1A-G0OdoW9zg", "text": "Racist", "time": "1 tahun lalu", "author": "@kalimacho1", "channel": "UC7OTPp-ohmFQqqbVa79Ht2A", "votes": "0", "replies": "", "photo": "https://yt3.ggpht.com/ytc/AIdro_m8rvJyaY3S-wN9LQ2-3Cj_GJ3r42COxlIEceg7BTHzm-o=s88-c-k-c0x00ffffff-no-rj", "heart": false, "reply": true, "time_parsed": 1715483313.369477}
{"cid": "UgxdhgehpOx98HsHcdh4AaABAg.A-EgCSgApr1A-GLffqgzkB", "text": " @kalimacho1  Explain how", "time": "1 tahun lalu (diedit)", "author": "@chriIIe", "channel": "UC9CA6l0z2gvylxA8Yj06kYA", "votes": "0", "replies": "", "photo": "https://yt3.ggpht.com/ytc/AIdro_nb3VezN7MzT_7FKtzv4E4kHkUN6Y3xRud-AhuR2qEO6Um7lPzPQnEZK0uYnh5C3usuJw=s88-c-k-c0x00ffffff-no-rj", "heart": false, "reply": true, "time_parsed": 1715483313.371522}
{"cid": "UgxdhgehpOx98HsHcdh4AaABAg.A-EgCSgApr1A-GMF9dNtos", "text": " @garychong8898  Reality suggests otherwise, look at any western country, they are far behind the average despite being in the same education system.", "time": "1 tahun lalu (diedit)", "author": "@chriIIe", "channel": "UC9CA6l0z2gvylxA8Yj06kYA", "votes": "0", "replies": "", "photo": "https://yt3.ggpht.com/ytc/AIdro_nb3VezN7MzT_7FKtzv4E4kHkUN6Y3xRud-AhuR2qEO6Um7lPzPQnEZK0uYnh5C3usuJw=s88-c-k-c0x00ffffff-no-rj", "heart": false, "reply": true, "time_parsed": 1715483313.373333}
{"cid": "UgxdhgehpOx98HsHcdh4AaABAg.A-EgCSgApr1A-GVvqqmc3G", "text": " @chriIIe  Neill degrasse Tyson are black\nJust because some race dominate in certain things doesn't mean there will be no exception\n& Western countries take a lot of smart immigrants\nThat's why their education system look like it's successful when in fact there are not much difference", "time": "1 tahun lalu (diedit)", "author": "@kalimacho1", "channel": "UC7OTPp-ohmFQqqbVa79Ht2A", "votes": "0", "replies": "", "photo": "https://yt3.ggpht.com/ytc/AIdro_m8rvJyaY3S-wN9LQ2-3Cj_GJ3r42COxlIEceg7BTHzm-o=s88-c-k-c0x00ffffff-no-rj", "heart": false, "reply": true, "time_parsed": 1715483313.375185}
{"cid": "UgxdhgehpOx98HsHcdh4AaABAg.A-EgCSgApr1A-GaGoGovGc", "text": " @kalimacho1  Exceptions exist for everything, exceptions do not disprove rules.", "time": "1 tahun lalu (diedit)", "author": "@chriIIe", "channel": "UC9CA6l0z2gvylxA8Yj06kYA", "votes": "0", "replies": "", "photo": "https://yt3.ggpht.com/ytc/AIdro_nb3VezN7MzT_7FKtzv4E4kHkUN6Y3xRud-AhuR2qEO6Um7lPzPQnEZK0uYnh5C3usuJw=s88-c-k-c0x00ffffff-no-rj", "heart": false, "reply": true, "time_parsed": 1715483313.376887}
{"cid": "UgxdhgehpOx98HsHcdh4AaABAg.A-EgCSgApr1A-I1P8r2K6a", "text": "​ @chriIIe \nAren't blacks generally always get treated worse due to their skin color, could that affect their performance?", "time": "1 tahun lalu (diedit)", "author": "@frog6054", "channel": "UCCsypymTgJM_BwPl-KlUI2g", "votes": "1", "replies": "", "photo": "https://yt3.ggpht.com/COWI6bTbaiQ9RwjuTmlSlHEwsDTDMEJ4LrCxg4YDRW6hhnCDEkLkgGVW84l1c8U662xdJltcCw=s88-c-k-c0x00ffffff-no-rj", "heart": false, "reply": true, "time_parsed": 1715483313.378433}
{"cid": "UgxdhgehpOx98HsHcdh4AaABAg.A-EgCSgApr1A-Is9ABmXY7", "text": " @frog6054  The same could be said about 4s'ans, yet they outperform wites by a large margin, when it comes to earnings and education in western countries.", "time": "1 tahun lalu (diedit)", "author": "@chriIIe", "channel": "UC9CA6l0z2gvylxA8Yj06kYA", "votes": "0", "replies": "", "photo": "https://yt3.ggpht.com/ytc/AIdro_nb3VezN7MzT_7FKtzv4E4kHkUN6Y3xRud-AhuR2qEO6Um7lPzPQnEZK0uYnh5C3usuJw=s88-c-k-c0x00ffffff-no-rj", "heart": false, "reply": true, "time_parsed": 1715483313.379984}
{"cid": "UgxdhgehpOx98HsHcdh4AaABAg.A-EgCSgApr1A-Itzd7bRwQ", "text": " @frog6054  And you think As'ans in western countries don't experience that? Look up their education and earnings compared to wites.", "time": "1 tahun lalu (diedit)", "author": "@chriIIe", "channel": "UC9CA6l0z2gvylxA8Yj06kYA", "votes": "0", "replies": "", "photo": "https://yt3.ggpht.com/ytc/AIdro_nb3VezN7MzT_7FKtzv4E4kHkUN6Y3xRud-AhuR2qEO6Um7lPzPQnEZK0uYnh5C3usuJw=s88-c-k-c0x00ffffff-no-rj", "heart": false, "reply": true, "time_parsed": 1715483313.381546}
{"cid": "UgzTqwPcb6wUBpqUQ6J4AaABAg.A-EfmwiGdFDA7-2qfEltOe", "text": "We are at least good at islamic religious studies mah...got future...we all going to be holy imams mah.....", "time": "9 bulan lalu", "author": "@digitalman493", "channel": "UCWYVMYsGOgNO5i__RnqNdtg", "votes": "0", "replies": "", "photo": "https://yt3.ggpht.com/ytc/AIdro_nkwyjNjXiTbomljA7uogixZrzODDBJARZoRWe5u8Oz1e7OolmJA7H9ZsVkbBDlarhMIg=s88-c-k-c0x00ffffff-no-rj", "heart": false, "reply": true, "time_parsed": 1723432113.573545}
{"cid": "UgyGPwMIos0NxP7reXB4AaABAg.A-Eef1L3SUPA-G7HlicaNj", "text": "My niece went to a government school and ended up in an Ivy League in the USA. She worked hard to improve herself.  At the end of the day, everyone has a role to play , from parents to teachers. The education system itself needs to produce critical thinkers who are able to communicate and have good analytical skills !", "time": "1 tahun lalu (diedit)", "author": "@senthilsundaram1685", "channel": "UCsB8-mx2jrZ6ATehxS6ZLvw", "votes": "8", "replies": "", "photo": "https://yt3.ggpht.com/ytc/AIdro_ltfQbX9658O57FiiQDJxSLMUx1LBSLvk6vmBu07N4=s88-c-k-c0x00ffffff-no-rj", "heart": false, "reply": true, "time_parsed": 1715483313.873362}
{"cid": "UgyGPwMIos0NxP7reXB4AaABAg.A-Eef1L3SUPA-GRW7jAabi", "text": "Uh huh, i went through k12 in Malaysia in govt schools and picked up a degree from a top school in the US and a PhD from Oxford Uni. Honestly i think my parents got a better deal, but hey, who’s keeping scores?", "time": "1 tahun lalu", "author": "@slayersckaff", "channel": "UCqkw5yBbwUygbnnZ9ymho2g", "votes": "0", "replies": "", "photo": "https://yt3.ggpht.com/ytc/AIdro_mU6wjO9jduUqDcn4B8KolbgYPSPOh-VYI9jphalGk=s88-c-k-c0x00ffffff-no-rj", "heart": false, "reply": true, "time_parsed": 1715483313.87633}
{"cid": "UgyGPwMIos0NxP7reXB4AaABAg.A-Eef1L3SUPA-GpNUpNeFI", "text": "Blame your lazy ass and bad classmates", "time": "1 tahun lalu", "author": "@deanab-se5op", "channel": "UC86g2dtSZHOVEz-RK06P1dw", "votes": "0", "replies": "", "photo": "https://yt3.ggpht.com/ytc/AIdro_mTq_xqw0jBAnKwiHUwDKBFr-6Oku9I0kKXwMrotd1Dgw=s88-c-k-c0x00ffffff-no-rj", "heart": false, "reply": true, "time_parsed": 1715483313.87887}
{"cid": "UgyGPwMIos0NxP7reXB4AaABAg.A-Eef1L3SUPA-WzZ-a2wzN", "text": "There should be more independent chinese schools. So far the talent from there are good if not top notch", "time": "1 tahun lalu", "author": "@leealex24", "channel": "UCCienV9O2Jkl3bcSyz04L1Q", "votes": "0", "replies": "", "photo": "https://yt3.ggpht.com/ytc/AIdro_k4oWz01IEHmmAJD8Za7cyMZuA66jBofSPqUMOeb7k=s88-c-k-c0x00ffffff-no-rj", "heart": false, "reply": true, "time_parsed": 1715483313.881152}
{"cid": "UgyGPwMIos0NxP7reXB4AaABAg.A-Eef1L3SUPA-qWeTgZjRO", "text": " @leealex24  I agree…. The students from the vernacular schools are doing very well and have the added advantage of learning a language as well", "time": "1 tahun lalu (diedit)", "author": "@senthilsundaram1685", "channel": "UCsB8-mx2jrZ6ATehxS6ZLvw", "votes": "0", "replies": "", "photo": "https://yt3.ggpht.com/ytc/AIdro_ltfQbX9658O57FiiQDJxSLMUx1LBSLvk6vmBu07N4=s88-c-k-c0x00ffffff-no-rj", "heart": false, "reply": true, "time_parsed": 1715483313.88303}
{"cid": "UgyGPwMIos0NxP7reXB4AaABAg.A-Eef1L3SUPA-qX0Pt6L8U", "text": " @hi_1_11  why not ? You just have look at their requirements etc", "time": "1 tahun lalu (diedit)", "author": "@senthilsundaram1685", "channel": "UCsB8-mx2jrZ6ATehxS6ZLvw", "votes": "0", "replies": "", "photo": "https://yt3.ggpht.com/ytc/AIdro_ltfQbX9658O57FiiQDJxSLMUx1LBSLvk6vmBu07N4=s88-c-k-c0x00ffffff-no-rj", "heart": false, "reply": true, "time_parsed": 1715483313.884869}
{"cid": "UgwNRGhalronejkTJjt4AaABAg", "text": "Education system is long overdue for an overhaul. The fact is no one learn things the same way and same pace. Why are we trying to fit everyone into the same box.", "time": "1 tahun lalu", "author": "@RickyMasterChiefLaw", "channel": "UCfhgsEUB2aRVnu4fUbKivcQ", "votes": "6", "replies": "", "photo": "https://yt3.ggpht.com/ytc/AIdro_nXJv3be8ISKqvYJx0CmrwfB5OV5YMxqNZKAwrVxh3W8XE=s88-c-k-c0x00ffffff-no-rj", "heart": false, "reply": false, "time_parsed": 1715483314.201723}
{"cid": "UgxUvxGk49tGbiz7bJp4AaABAg", "text": "The core issue isn't the teachers themselves, its about not being able to even keep qualified people to wanna be teachers in Malaysia. The incentives simply isn't there, imagine being good at something but have to play the politics just to have better pay and opportunities. \n\nThese qualified teachers either open up a tuition center, teach at a private school or private chinese UECs, or go abroad to do something bigger than Malaysia in their area of expertise. Ngl, the last idea is quite popular ranging from the older generations to the younger ones like myself. \nEdit: quality education in Malaysia has a hefty price tag based on the reasons stated above. Once they graduate, you best believe they have the money to leave the country.", "time": "1 tahun lalu (diedit)", "author": "@limsiryuean5040", "channel": "UCpvXg-O60ldDGE6iN00C3ew", "votes": "92", "replies": "11", "photo": "https://yt3.ggpht.com/ytc/AIdro_mGEPm6_LYcUiCqRX1Btbiksa6Q3_gSJNvSYDAs0IawHdM=s88-c-k-c0x00ffffff-no-rj", "heart": false, "reply": false, "time_parsed": 1715483314.203904}
{"cid": "UgybOKH9WXpY_PdiO_54AaABAg", "text": "While waiting for national education system to improve, most Non Malays and some intellect Malays enroll their kids into Vernacular and international schools....\n\nEnglish, Malay and Chinese language are important future communication tool", "time": "1 tahun lalu (diedit)", "author": "@lowkatherine", "channel": "UCtp2DcSQDFbS3r3eqDS78cA", "votes": "0", "replies": "1", "photo": "https://yt3.ggpht.com/ytc/AIdro_mPjIVKdIg7kC-sYQj5ewjX5YqdImLWqNn_eud81fIfBUg=s88-c-k-c0x00ffffff-no-rj", "heart": false, "reply": false, "time_parsed": 1715483314.205764}
{"cid": "UgxVO8XhclBY1hOkP7N4AaABAg", "text": "Malaysian students should continue to be taught in Bahasa only. If this is done, at least all students will be proficient in at least one language. Presently all teachers are good at Bahasa. PISA is not that important.", "time": "1 tahun lalu", "author": "@jer2911.L", "channel": "UCDfLQ81hs63w6R0TOzKjTtg", "votes": "6", "replies": "3", "photo": "https://yt3.ggpht.com/ytc/AIdro_lXulcwwg-1kfceAiHKSdGt8sMbZ_Od9cY5XCilFDZRVIOHrAkq91gkHmhFp-Y9h6RaGA=s88-c-k-c0x00ffffff-no-rj", "heart": false, "reply": false, "time_parsed": 1715483314.20758}
{"cid": "UgxtZyjUmwIZLN-QG2d4AaABAg", "text": "Whenever i see the yearly budget and see the amount that goes into education, it's unsurprisingly quite depressing. \n\nIt doesn't help that being a teacher is considered a \"last resort\" occupation within the government service. \n\nHeck, almost all of our Ministers would've sent their children to international schools or just send them overseas. That already tells you a whole lot.", "time": "1 tahun lalu", "author": "@chavezchavo", "channel": "UCVjTZs1V9FsmXpEVHGu_97Q", "votes": "2", "replies": "", "photo": "https://yt3.ggpht.com/ytc/AIdro_kkG6tQ1EKv_7bdc6gDt9IUyRioVBXRbcZ1KcUO8EmRxQ=s88-c-k-c0x00ffffff-no-rj", "heart": false, "reply": false, "time_parsed": 1715483314.209207}
{"cid": "UgxJ-oC_8igpBaDSv114AaABAg", "text": "I wonder if the local in other country translate their pisa test to their local language. End of the day like what is said, comprehension need to be there 1st in order for the question to be answered. But we always have the mindset \" sebab boleh dik\" so much influence from the influencer then student just don't care about the knowledge they are learning at school as they don't see the needs for it in their day to day activities.", "time": "1 tahun lalu", "author": "@xavier668", "channel": "UCI9p2FkHkNSws51lxrA-t3g", "votes": "3", "replies": "1", "photo": "https://yt3.ggpht.com/ytc/AIdro_nQ1NHsFo8Kg2k27eib0U9vp2sUj2tNoNrzY9PjyJS-tF4=s88-c-k-c0x00ffffff-no-rj", "heart": false, "reply": false, "time_parsed": 1715483314.210782}
{"cid": "UgwWsefXd3eqa23CYaJ4AaABAg", "text": "PISA", "time": "1 tahun lalu", "author": "@Freght100", "channel": "UCQgvtOWKb9f-Hv9-2mvP83A", "votes": "0", "replies": "", "photo": "https://yt3.ggpht.com/ytc/AIdro_nnIRUmuuO6W_tIk9D-YmL6t0uNruYgC8TeTjvYqXKl6c9FXiAP47jKyuLrHos6hE_DZw=s88-c-k-c0x00ffffff-no-rj", "heart": false, "reply": false, "time_parsed": 1715483314.212337}
{"cid": "Ugz93ZYO-b8JZy_akCF4AaABAg", "text": "Pisa", "time": "1 tahun lalu", "author": "@mingmagful", "channel": "UC70-ruFvm-leBHoj_Ffd1Gg", "votes": "0", "replies": "", "photo": "https://yt3.ggpht.com/ytc/AIdro_kxPDBlPWIbMHN4VRjo6PK5LJCPEBZO7A9y1fmuLNc=s88-c-k-c0x00ffffff-no-rj", "heart": false, "reply": false, "time_parsed": 1715483314.213933}
{"cid": "UgweTF8JpuLrqLnwhXx4AaABAg", "text": "well, we all know the reason why they keep reverting back to bahasa. nak protect their identity. if they go full on english, they feel its makes them less of who they are. you know which race la. cough cough. and if most subjects were to be in english, how to support the majority getting scholars and seats in uni. cough cough. i scratch your back , you scratch my back la bro", "time": "1 tahun lalu", "author": "@MrOnlyforcommenting92", "channel": "UCX9ZMDyzuWzDBmnruSuVcQg", "votes": "2", "replies": "", "photo": "https://yt3.ggpht.com/ytc/AIdro_k18TQOefWzLa5SvdJmEE0dDZLfk4am4CaTqv-UUpCP4ll3lucs6Ttsxlbnh6UOy4Y8dw=s88-c-k-c0x00ffffff-no-rj", "heart": false, "reply": false, "time_parsed": 1715483314.21532}
{"cid": "UgxDJvbYH8GAfcuBCfZ4AaABAg", "text": "I don't agree Malaysia education system is a failure. It depends on what U want to achieve from the system. In Malaysia, Bahasa and religion were well achieved. So Malaysia gained in other areas.\n\nAs for Pisa score, perhaps it's better to gauge performance by types of schools in Malaysia ie national, Chinese, indian and others. The results cd be vastly different.", "time": "1 tahun lalu", "author": "@Hcs-gt5mt", "channel": "UCZfLw_6Gi6uYTC5FF7v12hQ", "votes": "8", "replies": "3", "photo": "https://yt3.ggpht.com/wsuPNcheCny7LUBaNl5BYbjg1MJOnGg20IBJPJHhUDQEtQHYOSfot1bnFjMeIehTgiT0VOs0Ew=s88-c-k-c0x00ffffff-no-rj", "heart": false, "reply": false, "time_parsed": 1715483314.216687}
{"cid": "UgyTPjtUWIbRLhWIMHZ4AaABAg", "text": "\"I'm a rural primary school teacher. People always condemn our country's education level, far left behind. Making the curriculum nowadays in this decade become overpacked. Most of the students haven't mastered the basic skills (membaca, menulis & mengira) and already have to be exposed to deeper topics, which are hard for most of the students to comprehend. End up many of them lost interest. Guess what my class students most hated subject? Science\r\n\r\nProbably, most people heard it, the workload, but it's real, too many redundant meaningless stuff. For examples, result in an assessment that has to be keyed in on various platform, offline Excel,  idME website, school system that generate result slip. Students' data have to be keyed in on idME, apdm. KPM always likes to change the website and domain every year, things have to be redo every year on different website. Besides the latest website idME issue like server overload during exam season, last year YB said in parliament will look through and improve, but it's still the same this year. Teachers always deal with this kind of thing rather than teaching.\r\n\nFYI, KPM introduce PLC, as it says wanna improve teachers' pedagogy. When introduce PLC workshop, pegawai said: Kami tahu cikgu memang ada buat penambahbaikan dalam pengajaran, cuma tidak ada dokumentasi......So? end up more forms to fill and paperwork to do.", "time": "1 tahun lalu", "author": "@kiat3457", "channel": "UCwFDD8eGzY7bjNfDrfYjPDg", "votes": "0", "replies": "", "photo": "https://yt3.ggpht.com/ytc/AIdro_lOlDd-bLgtXEkeDKGDNCYYDQGTEQkvLUm7xTE5nyk=s88-c-k-c0x00ffffff-no-rj", "heart": false, "reply": false, "time_parsed": 1715483314.218058}
{"cid": "Ugznq8hh3C306PZDHbJ4AaABAg", "text": "we don't encourage critical thinking and was always taught to go by the book since young. Sadly that results in the current state of our country as well where some people just couldn't see the bigger picture and resort to sweet talks by politicians", "time": "1 tahun lalu (diedit)", "author": "@ZenX-0992", "channel": "UCEETkGqPJIVTKDt78rDEHpg", "votes": "45", "replies": "6", "photo": "https://yt3.ggpht.com/ytc/AIdro_mjpfWSPxw9v8C_1pM98kCfi6Iqgr1PITkPA-OVamI=s88-c-k-c0x00ffffff-no-rj", "heart": false, "reply": false, "time_parsed": 1715483314.21945}
{"cid": "Ugz83cYq7JGvKG_2JLJ4AaABAg", "text": "PISA", "time": "1 tahun lalu", "author": "@maxert80", "channel": "UC7uD8JqGWqwa2LGPCrAYIRg", "votes": "0", "replies": "", "photo": "https://yt3.ggpht.com/ytc/AIdro_nbpVyzqV0dtzLUu2O0R4vmPaIPJ8KXfYcxqye3_m0=s88-c-k-c0x00ffffff-no-rj", "heart": false, "reply": false, "time_parsed": 1715483314.220747}
{"cid": "UgxJlqaF5I_PKl4gqeh4AaABAg", "text": "our education minister is more interested in the 3r", "time": "1 tahun lalu", "author": "@kennykhoo1689", "channel": "UCI_rnWAKOXAIpeoVq78LJtA", "votes": "0", "replies": "", "photo": "https://yt3.ggpht.com/ytc/AIdro_kmUUO5hd8jSY3wAp0rNKnht5fsc7tUBXAPlJrEMXk=s88-c-k-c0x00ffffff-no-rj", "heart": false, "reply": false, "time_parsed": 1715483314.221998}
{"cid": "UgzI4Qgzgch3R3tW7f14AaABAg", "text": "Pisa", "time": "1 tahun lalu", "author": "@RayMak", "channel": "UCiCnqGvH1hywmNaW_yUKLpQ", "votes": "1", "replies": "", "photo": "https://yt3.ggpht.com/ytc/AIdro_m-uDAiHRdxyKha7oWho64BXBhlx8rlJPjgQ1c9z8nqr0c=s88-c-k-c0x00ffffff-no-rj", "heart": false, "reply": false, "time_parsed": 1715483314.223244}
{"cid": "UgxIJru8zwBqxNFoi_x4AaABAg", "text": "@8:00 Past Vs. Now", "time": "1 tahun lalu (diedit)", "author": "@sornlooksorn5776", "channel": "UC1nj0mZMQDcCLU8U8iic53w", "votes": "0", "replies": "", "photo": "https://yt3.ggpht.com/u46J7_bJY5qmeqsp2YfaKrbqSRHUnT8zD6qRb6A9dOBv33nbn8Vye7GysxjDcYfW2o3xc8A-gw=s88-c-k-c0x00ffffff-no-rj", "heart": false, "reply": false, "time_parsed": 1715483314.224492}
{"cid": "Ugzk_cBNjQ2zIGwatTV4AaABAg", "text": "When we have an education system that \"passes\" everybody even though they fail, meaning dropping the qualification or passing rate of focus this is seep into the future", "time": "1 tahun lalu", "author": "@reuby6726", "channel": "UCBhBw1L7u4SLE5CrDR70NcQ", "votes": "161", "replies": "9", "photo": "https://yt3.ggpht.com/ytc/AIdro_m1vXugps-qXbChM1cd-EDRlvwQjF7MHDewusFnvxwB378=s88-c-k-c0x00ffffff-no-rj", "heart": false, "reply": false, "time_parsed": 1715483314.225728}
{"cid": "Ugy39RWxo2ikFXqXTv54AaABAg", "text": "If the government still wanna brush the REAL issue under the carpet and not wanting to take a good hard look at their policies and decisions, good riddance I’ll send my future children to international school even if it’s gonna cost me a lot of money. I cannot stand the state of our education system, which I was also in from 2001 to 2011. 👍🏻👍🏻🤡", "time": "1 tahun lalu (diedit)", "author": "@boomboom1258", "channel": "UCqZLKaRCoSsD0hYCCY6M9GQ", "votes": "2", "replies": "", "photo": "https://yt3.ggpht.com/ytc/AIdro_k5yJb2d7_FftNwGsJ9-1BBICmy90UNBO4ge0yR3VnP0A=s88-c-k-c0x00ffffff-no-rj", "heart": false, "reply": false, "time_parsed": 1715483314.226959}
{"cid": "UgxpqCy9CWLEFOOxDm14AaABAg", "text": "School to do more Palestine support weeks..  never progress cave minded", "time": "1 tahun lalu", "author": "@vanankumar5733", "channel": "UCO-VNGJGDBevo9Qw7wA0jZQ", "votes": "0", "replies": "", "photo": "https://yt3.ggpht.com/ytc/AIdro_m7AMQBzLCJsuEcnXRsyM4iDjnbenfM8zVLtB2kIeE=s88-c-k-c0x00ffffff-no-rj", "heart": false, "reply": false, "time_parsed": 1715483314.228168}
{"cid": "Ugznhdr0094cTLC14YJ4AaABAg", "text": "possibly it could be  top management problems staring with education minister ...busy trying to entertain and accomodate political parties....based on petty students  or parents issues..this happen when the baton of minister is  perhaps given to one not   \" ahlinya maka tunggulah kemusnahannya\"", "time": "1 tahun lalu", "author": "@CheSulaiman-pk4hl", "channel": "UCVeTv3YgaCT9Jj-wdAesvng", "votes": "1", "replies": "", "photo": "https://yt3.ggpht.com/ytc/AIdro_n3m7xeWn5ptA_zwpmU81y3O6-jbv8WvjnnpyQKbi9YeNOmEZNThwjQW3EwN3-DVI6pDA=s88-c-k-c0x00ffffff-no-rj", "heart": false, "reply": false, "time_parsed": 1715483314.229297}
{"cid": "UgxUvxGk49tGbiz7bJp4AaABAg.A-Edxl235TyA-Fqz4h92gL", "text": "I would say that even the teachers are overwhelmed. All our teacher in school have to handle extracurricular activites, patrol the school hall, and other stuff outside teaching. \nSome teachers who studied in a certain field was also forced to teach in different subject than what they are expert in.", "time": "1 tahun lalu", "author": "@brandonchan4537", "channel": "UCaI2ZuoCFgLS1dldIUp9vQg", "votes": "7", "replies": "", "photo": "https://yt3.ggpht.com/ytc/AIdro_l6CxBvmdCGGTNwHFdydz5_IjDgw1rasODOCTImAhVxBuA=s88-c-k-c0x00ffffff-no-rj", "heart": false, "reply": true, "time_parsed": 1715483314.496437}
{"cid": "UgxUvxGk49tGbiz7bJp4AaABAg.A-Edxl235TyA-Fw8qRK6sa", "text": " @brandonchan4537  Yeah, I just grad from college and the lecturer literally had 3 different task aside from teaching (and they didn't volunteer at all) making them having less time to give more on students and researched, when I hear from them I admired them so much yet feel so sad cause they can't do what they want on class.", "time": "1 tahun lalu (diedit)", "author": "@ryuuu9818", "channel": "UCRFecH_f3UlQ-wcLziLt80g", "votes": "0", "replies": "", "photo": "https://yt3.ggpht.com/ytc/AIdro_nG4SbiRinF1vfW-o9Rnw5llJVk7TkcI6fsy_QOXjoibee1KSsh76gul9To0U7W2NWuBQ=s88-c-k-c0x00ffffff-no-rj", "heart": false, "reply": true, "time_parsed": 1715483314.498}
{"cid": "UgxUvxGk49tGbiz7bJp4AaABAg.A-Edxl235TyA-FxUlU2cQ3", "text": "Headmaster and teachers are from religion school most of them just came back from Egypt or other part of Arab country approval by our government, it was mathatir who pull down our education by 20 years", "time": "1 tahun lalu", "author": "@ChuanTeh", "channel": "UC3Ko0iCVsU6mNFZigRIw2ng", "votes": "1", "replies": "", "photo": "https://yt3.ggpht.com/ytc/AIdro_nEaD_Rk3gYEqhmikjMp7vwgj1kjo_1clhZVFPoWzf4kyAVnj5RvUUogQGgDuScZLz2rA=s88-c-k-c0x00ffffff-no-rj", "heart": false, "reply": true, "time_parsed": 1715483314.499566}
{"cid": "UgxUvxGk49tGbiz7bJp4AaABAg.A-Edxl235TyA-FzDrO6NDD", "text": "We have the most passing rate in Asia when mathatir was the education minister, and it is sad most of them are send to Egypt and other part of Arab country to study religion these people come back and were send to national school  throughout the country to be headmaster, headmistress and teachers,  mathatir is the root cause of our education today", "time": "1 tahun lalu", "author": "@ChuanTeh", "channel": "UC3Ko0iCVsU6mNFZigRIw2ng", "votes": "3", "replies": "", "photo": "https://yt3.ggpht.com/ytc/AIdro_nEaD_Rk3gYEqhmikjMp7vwgj1kjo_1clhZVFPoWzf4kyAVnj5RvUUogQGgDuScZLz2rA=s88-c-k-c0x00ffffff-no-rj", "heart": false, "reply": true, "time_parsed": 1715483314.501138}
{"cid": "UgxUvxGk49tGbiz7bJp4AaABAg.A-Edxl235TyA-GKD63_eoL", "text": "Finally, a level head comment instead of the usual lets blame the malays and NEP and all that crap.\n\nWhen i finished high school 20 yrs ago, enrolling in a teaching college is reserved for those who really have no other choice, its either be a teacher or go work in a shop stocking shelves. As you can imagine, the quality of teachers are not great, and the law of proportionality dictates that we don’t get great students coming out of the education system.\n\nAlso, being a teacher is overworked, underpaid, and bleak career prospect in the current Malaysia. Their promotion is time based (8 years), Pensions are also gonna be taken away, et al. I really see no incentive whatsoever for any aspiring teachers.", "time": "1 tahun lalu", "author": "@slayersckaff", "channel": "UCqkw5yBbwUygbnnZ9ymho2g", "votes": "2", "replies": "", "photo": "https://yt3.ggpht.com/ytc/AIdro_mU6wjO9jduUqDcn4B8KolbgYPSPOh-VYI9jphalGk=s88-c-k-c0x00ffffff-no-rj", "heart": false, "reply": true, "time_parsed": 1715483314.502646}
{"cid": "UgxUvxGk49tGbiz7bJp4AaABAg.A-Edxl235TyA-GhX4O0n4T", "text": " @slayersckaff  \"blame the malays and NEP\" is not crap as you claim. it is the elephant in the room that you and this video conveniently choose to overlook, and is a major part of the problem with your education system. low pay and lack of prospects for teachers are a problem with the education system in many if not most countries. HOWEVER, your country has exacerbated the problems with your education system by focusing on dress codes, more islamic courses which take away time from the core STEM subjects and of course the bumi quota system.\nbut nevermind me. please continue to screw up your education system and the country as a whole. your southern neighbour will NOT be unhappy at all hahahah!", "time": "1 tahun lalu (diedit)", "author": "@bennykoh", "channel": "UC7IOs-9gfNppOQai9EPhOYw", "votes": "1", "replies": "", "photo": "https://yt3.ggpht.com/ytc/AIdro_mXl5vEZetSFCfuG2B7_VLqc38fE5TVJMtL_CGIeMUbdXJf55quvy5KONcX81xCv66Llw=s88-c-k-c0x00ffffff-no-rj", "heart": false, "reply": true, "time_parsed": 1715483314.504069}
{"cid": "UgxUvxGk49tGbiz7bJp4AaABAg.A-Edxl235TyA-Gi3IlqEiE", "text": " @hi_1_11  afaik teachers pay scale is public for govt school, at the start, grade DG41, its about RM2800 pm, if they are posted to Sabah Swak, they’ll get an extra RM800 (i think), but they’ll lose some allowance in that 2800, so total would be 3500 ish. But if they are from the peninsula, and work in the peninsula, you’re talking RM2800 before taxes. Annual increment is RM225 for 16 years (time based promotion from DG41 to DG44, at DG48 their increment is RM250). Teachers work more than the 8-5, they work weekends, sometimes nights, and everything in btwn, so their compensation, relative to their work, is severely low.", "time": "1 tahun lalu (diedit)", "author": "@slayersckaff", "channel": "UCqkw5yBbwUygbnnZ9ymho2g", "votes": "0", "replies": "", "photo": "https://yt3.ggpht.com/ytc/AIdro_mU6wjO9jduUqDcn4B8KolbgYPSPOh-VYI9jphalGk=s88-c-k-c0x00ffffff-no-rj", "heart": false, "reply": true, "time_parsed": 1715483314.505486}
{"cid": "UgxUvxGk49tGbiz7bJp4AaABAg.A-Edxl235TyA-Giwei6_wP", "text": " @bennykoh   at the pisa level? 15 year olds? What quota? What discrimination? Afaik, and i went to school here, u can go to national schools, chinese schools, islamic schools, international schools, and whatever schools you want to for your k12. The video discusses a specific issue, which is the dismal performance of Malaysian students at PISA, which tests 15 yo. They didn’t test university students. They didn’t just test malay students. \n\nLet's break down what you said one by one. First, dress codes. Schools here mandate that students wear uniforms, there are a few types i believe, for the boys its a button down shirt, trousers, and school shoes. For the ladies, its a national dress with hijab, or a pinafore and no hijab, and shoes. The wearing of Hijabs is not mandatory for the muslims btw. Thats pretty much it. Number 2, Islamic courses. Personally I only had one, that is islamic studies. I took 9 subjects, and only one of that is religious in nature. In fact, most students take extra classes on religion on their own time outside of school hours at their parents' expenses. The school curriculum provide for Islamic Studies for Muslim students, and Moral studies for the non Muslim. Outside of Islamic high schools, the SPM (equivalent to the UK's GCSE) will see the majority of Muslim students taking only Islamic studies. Taking time away from core STEM subjects? Mate, I took Physics, Chemistry, Biology and Additional Mathematics for my SPM, as did most of my fellow students across the board and across ethnicities. I know of one dude who took an extra  Islamic subject, but he's the exception, rather than the norm.\n\nI did well enough in high school to do my degree in one of the top schools in the US and Oxford Uni for my PhD. I'm sure my acceptance to these schools is because I am malay and the NEP works just as well in the US and UK according to you?\n\nAs far as SG goes, hey, they're doing well and I only have nice things to say about SG and singaporeans. Singaporeans have voiced their dissatisfaction with me about the going ons in their country, but since I have no horse in that race, I listen rather than criticize them for things I have little clue about.\n\nYou seem to lack the ability to read or understand a video designed for the lowest common denominator in terms of intelligence. I can only shudder if people like you are a part of an intellectual public discourse on any country’s education system. I just want to let you know that nazi textbook that assigns intelligence based on skin color and ethnicity has been squarely debunked.", "time": "1 tahun lalu (diedit)", "author": "@slayersckaff", "channel": "UCqkw5yBbwUygbnnZ9ymho2g", "votes": "0", "replies": "", "photo": "https://yt3.ggpht.com/ytc/AIdro_mU6wjO9jduUqDcn4B8KolbgYPSPOh-VYI9jphalGk=s88-c-k-c0x00ffffff-no-rj", "heart": false, "reply": true, "time_parsed": 1715483314.506868}
{"cid": "UgxUvxGk49tGbiz7bJp4AaABAg.A-Edxl235TyA-HzYpcRcWO", "text": "Basically Malaysia just don't have opportunity...", "time": "1 tahun lalu", "author": "@frog6054", "channel": "UCCsypymTgJM_BwPl-KlUI2g", "votes": "0", "replies": "", "photo": "https://yt3.ggpht.com/COWI6bTbaiQ9RwjuTmlSlHEwsDTDMEJ4LrCxg4YDRW6hhnCDEkLkgGVW84l1c8U662xdJltcCw=s88-c-k-c0x00ffffff-no-rj", "heart": false, "reply": true, "time_parsed": 1715483314.508265}
{"cid": "UgxUvxGk49tGbiz7bJp4AaABAg.A-Edxl235TyA-MZhbllY06", "text": "​​​ @brandonchan4537 Almost all teachers around the world do that, malaysia isnt the only one that has \"extracurricular activities\". Patrolling the school hall shouldnt be an excuse as they have appointed prefects to take care of the students. Schools in singapore dont even have them. In fact,  u dont even need prefects in high schools whereas most students are able to be independent. Its more like the teachers are relaxed", "time": "1 tahun lalu (diedit)", "author": "@ryoutacooks", "channel": "UChI9ulRZpiFTkuCHl5-2W3w", "votes": "0", "replies": "", "photo": "https://yt3.ggpht.com/lCbKftAqcM9nVYVaHdFR16_BsfcrBoV1WWok21_cEkng2GiCGKSZ2NEhbiuPTbI1aNCTeW_LyQ=s88-c-k-c0x00ffffff-no-rj", "heart": false, "reply": true, "time_parsed": 1715483314.509506}
{"cid": "UgxUvxGk49tGbiz7bJp4AaABAg.A-Edxl235TyA0tFSziY4Qi", "text": " @bennykoh   I’m actually a qualified oxbridge educated academic/researcher with full research credentials and was mentored by an oxford academic who specialized in the NEP, but i doubt your 3 braincells can make heads or tails of what I’m taking about since you think and speak like someone who ended their education at the 9th grade. Its very difficult to talk to someone who is intellectually inferior but I’ll give it a shot. \nI did my k-12 in Malaysia, and we wear uniforms. The girls too. No one was forced to cover up islamically as you so claim. I took one islamic course, which is mandated for muslims, and none other. And since most schools don’t have teachers for the elective islamic subjects, students who wish to take these subjects for spm need to study these outside school hours, and most do not, unless you’re a student in one of the religious schools. I did a total of 5 stem subjects against 1 islamic subject for my spm. So did a lot of my schoolmates and friends. In fact thats the default for most.\nAre there some idiots in the school system with their own agendas vis-a-vis indoctrination et al? Of course. Do they make up the majority of the teaching staff? From my own and many others’ experience, not quite. But the idiots always make for good headlines for ppl like you, so its not surprising that you pull that up for this.\n\nPpl like you who are barely literate keep harping on this SG SG SG and meritocracy bullshit that its becoming farcical at this point. SG has done well for themselves on the backs of Malaysians and the Malaysian education system, and i wish them well, but transplanting SG into Malaysia will not work simply because these are 2 different countries. What made America reign supreme in economics and military will not make Uganda the same simply because each country have their own challenges to grapple with…..eh, what am i doing trying to spew facts with a bigot like you anyway?\n\nGood day sir, and keep those braincells not functioning, yeah? You would be a stain on SG welfare system, but hey, thats your ideal place after all, so….", "time": "1 tahun lalu (diedit)", "author": "@slayersckaff", "channel": "UCqkw5yBbwUygbnnZ9ymho2g", "votes": "0", "replies": "", "photo": "https://yt3.ggpht.com/ytc/AIdro_mU6wjO9jduUqDcn4B8KolbgYPSPOh-VYI9jphalGk=s88-c-k-c0x00ffffff-no-rj", "heart": false, "reply": true, "time_parsed": 1715483314.791594}
{"cid": "UgybOKH9WXpY_PdiO_54AaABAg.A-Edwh7T4sSA-EvBwrOuhX", "text": "Singapore & Private is the future! There's where the brightest now at!", "time": "1 tahun lalu", "author": "@Ak1m2", "channel": "UCBmOnoLL5v_n3jG_u78ABIw", "votes": "1", "replies": "", "photo": "https://yt3.ggpht.com/ytc/AIdro_mJGo-v-P8hmTtwpRiR-T8x2Kn66JVVW_x7Wxsu0ko=s88-c-k-c0x00ffffff-no-rj", "heart": false, "reply": true, "time_parsed": 1715483314.981601}
{"cid": "UgxVO8XhclBY1hOkP7N4AaABAg.A-Edui0RHYhA-EfJdSz5jG", "text": "Kampung mentality right here folks.", "time": "1 tahun lalu", "author": "@slemonman", "channel": "UClIy8-iFbMNn9mwD7QVbGEA", "votes": "9", "replies": "", "photo": "https://yt3.ggpht.com/Phmw9jssuKb7DWLMu5ioMQd6I0iiPD8vu5m2Q_w8tYe-FrZbWRuQQJF8D4kCK4RpEE5ZHd7eiw=s88-c-k-c0x00ffffff-no-rj", "heart": false, "reply": true, "time_parsed": 1715483315.201738}
{"cid": "UgxVO8XhclBY1hOkP7N4AaABAg.A-Edui0RHYhA-Ekf7tl2jC", "text": "Lol! If every Malaysians have this mentality, our country is destined to doom.", "time": "1 tahun lalu", "author": "@Guynextdoor1993", "channel": "UC_GMXCOZE3YJ-hNTzP9Wr9Q", "votes": "0", "replies": "", "photo": "https://yt3.ggpht.com/ytc/AIdro_msXUJTCrkr2wvBpVAeAb9HGBWu5g9us220LmTQ5fQ=s88-c-k-c0x00ffffff-no-rj", "heart": false, "reply": true, "time_parsed": 1715483315.205284}
{"cid": "UgxVO8XhclBY1hOkP7N4AaABAg.A-Edui0RHYhA-Ex63n2Wv3", "text": "nah just look at japan/china. their people average iq are way better than us, we're more fluent in english compared to them too @slemonman ", "time": "1 tahun lalu (diedit)", "author": "@zyadikmal7245", "channel": "UCjk0g75m9-71mxGYYT4MqSQ", "votes": "0", "replies": "", "photo": "https://yt3.ggpht.com/czqb-XERtzbZ_Cz_weVI6E4ECkkCnN_eOtE_cIt-DWcljvu02jyU1JTFZzaLkJ2jhXh445Yovw=s88-c-k-c0x00ffffff-no-rj", "heart": false, "reply": true, "time_parsed": 1715483315.207995}
{"cid": "UgxJ-oC_8igpBaDSv114AaABAg.A-Ecba-pkHBA-F23Cx0YvH", "text": "I was one of the kids chosen to do PISA when I was in high school. We got to choose to answer the questions in English or Malay.", "time": "1 tahun lalu", "author": "@PassionPno", "channel": "UCMUZkIkJVwLzMu8BiQ_gBRA", "votes": "0", "replies": "", "photo": "https://yt3.ggpht.com/6v7FCuPu2CpRjZ0oUAfmgtRFSJ2gnFY4eqaXygSy5dwOIPzDDtPR72ISkol91kOQskeaCAi23Q=s88-c-k-c0x00ffffff-no-rj", "heart": false, "reply": true, "time_parsed": 1715483315.405097}
{"cid": "UgxDJvbYH8GAfcuBCfZ4AaABAg.A-Eb3qAk9SuA-Es53btAct", "text": "Religion well achieved with the Largest Coruption in the World? Lol! Religion of Corruption / Crime you mean?", "time": "1 tahun lalu (diedit)", "author": "@Ak1m2", "channel": "UCBmOnoLL5v_n3jG_u78ABIw", "votes": "1", "replies": "", "photo": "https://yt3.ggpht.com/ytc/AIdro_mJGo-v-P8hmTtwpRiR-T8x2Kn66JVVW_x7Wxsu0ko=s88-c-k-c0x00ffffff-no-rj", "heart": false, "reply": true, "time_parsed": 1715483315.610874}
{"cid": "UgxDJvbYH8GAfcuBCfZ4AaABAg.A-Eb3qAk9SuA-Et0xq6UZ0", "text": "Religion well-achieved with the Largest Corruption in the World?", "time": "1 tahun lalu", "author": "@Ak1m2", "channel": "UCBmOnoLL5v_n3jG_u78ABIw", "votes": "0", "replies": "", "photo": "https://yt3.ggpht.com/ytc/AIdro_mJGo-v-P8hmTtwpRiR-T8x2Kn66JVVW_x7Wxsu0ko=s88-c-k-c0x00ffffff-no-rj", "heart": false, "reply": true, "time_parsed": 1715483315.613962}
{"cid": "UgxDJvbYH8GAfcuBCfZ4AaABAg.A-Eb3qAk9SuA-F5EmcXkQ2", "text": "Bahasa and religion can help in economy or solving gdp deficit ?", "time": "1 tahun lalu", "author": "@Tia9752", "channel": "UCvGHZHkGbmxQyEbE6nLyrLA", "votes": "7", "replies": "", "photo": "https://yt3.ggpht.com/ytc/AIdro_lAlpLHfPf-_Xi1RtNJnfA-Ai_RTH3jl_GhM4Cxk4c=s88-c-k-c0x00ffffff-no-rj", "heart": false, "reply": true, "time_parsed": 1715483315.616311}
{"cid": "Ugznq8hh3C306PZDHbJ4AaABAg.A-EawNQC9YYA-EcO9qUMIU", "text": "I beg to differ, curriculum nowadays actually \"over- encourage\" critical thinking, till they forgot students haven't master the basic skills yet.", "time": "1 tahun lalu", "author": "@kiat3457", "channel": "UCwFDD8eGzY7bjNfDrfYjPDg", "votes": "16", "replies": "", "photo": "https://yt3.ggpht.com/ytc/AIdro_lOlDd-bLgtXEkeDKGDNCYYDQGTEQkvLUm7xTE5nyk=s88-c-k-c0x00ffffff-no-rj", "heart": false, "reply": true, "time_parsed": 1715483315.921337}
{"cid": "Ugznq8hh3C306PZDHbJ4AaABAg.A-EawNQC9YYA-G-ctFoeLq", "text": "​ @kiat3457 critical thinking is overrated\nThose who are able to think critically will be able to think critically and those who unable to will never be able to do it\nSometimes it's not about the education system but people themselves\nSome people will be always be smarter than others", "time": "1 tahun lalu (diedit)", "author": "@kalimacho1", "channel": "UC7OTPp-ohmFQqqbVa79Ht2A", "votes": "8", "replies": "", "photo": "https://yt3.ggpht.com/ytc/AIdro_m8rvJyaY3S-wN9LQ2-3Cj_GJ3r42COxlIEceg7BTHzm-o=s88-c-k-c0x00ffffff-no-rj", "heart": false, "reply": true, "time_parsed": 1715483315.924549}
{"cid": "Ugznq8hh3C306PZDHbJ4AaABAg.A-EawNQC9YYA-GDu1wDMxP", "text": "It's getting worse. The content, pedagogy and system are all rigged.", "time": "1 tahun lalu", "author": "@ListerTube", "channel": "UCzL5EsqOacu2f6nyAtdjzLw", "votes": "0", "replies": "", "photo": "https://yt3.ggpht.com/61u8KZbPNlIOX8emTc2xh-79Q5Tuxnn0ORoWyulnD42NQvv3taELL-TnbQM161NwWSMaTyz7fQ=s88-c-k-c0x00ffffff-no-rj", "heart": false, "reply": true, "time_parsed": 1715483315.927021}
{"cid": "Ugznq8hh3C306PZDHbJ4AaABAg.A-EawNQC9YYA-GEdMxNdv_", "text": "​ @kiat3457 to master the skills students who need to work on it by researching  deeper themselves in the subject taught, encouraging them to think and ask when facing difficulties. But the next question would be are the teachers prepared to guide, and help these students when they need it?", "time": "1 tahun lalu (diedit)", "author": "@ListerTube", "channel": "UCzL5EsqOacu2f6nyAtdjzLw", "votes": "0", "replies": "", "photo": "https://yt3.ggpht.com/61u8KZbPNlIOX8emTc2xh-79Q5Tuxnn0ORoWyulnD42NQvv3taELL-TnbQM161NwWSMaTyz7fQ=s88-c-k-c0x00ffffff-no-rj", "heart": false, "reply": true, "time_parsed": 1715483315.929388}
{"cid": "Ugznq8hh3C306PZDHbJ4AaABAg.A-EawNQC9YYA-GSJTZr7DU", "text": "Our culture, which is a hodge podge of confucianism, islamic, and dharmic culture discourages critical thinking and encourages obedience. You can tweak and beat the syllabus to death with critical thinking, but if its in your cultural dna to not do so, we are really not gonna go far with it.\n\nCase in point, i did my doctorate in the UK, and had to teach and train students, mix of undergrad and grads. I noticed that students from asian systems (india and china especially) had to be spoonfed to the last drop. They can’t really think for themselves like the westerners can (generally). If i throw a curveball, the chinese n indian students will usually be left dumbfounded and stuck, they can’t proceed. They’re great if you tell them exactly what to do, hard workers and very professional, going above and beyond, however, if its a new project and you need brainpower, i’d steer clear of graduates from asian schools.\n\nWhen i came back to Malaysia i saw the exact same problem, and it cuts across the board with the ethnicities. So yeah, before we force feed the critical thinking to the kids, maybe we need a cultural revolution…", "time": "1 tahun lalu", "author": "@slayersckaff", "channel": "UCqkw5yBbwUygbnnZ9ymho2g", "votes": "11", "replies": "", "photo": "https://yt3.ggpht.com/ytc/AIdro_mU6wjO9jduUqDcn4B8KolbgYPSPOh-VYI9jphalGk=s88-c-k-c0x00ffffff-no-rj", "heart": false, "reply": true, "time_parsed": 1715483315.931581}
{"cid": "Ugznq8hh3C306PZDHbJ4AaABAg.A-EawNQC9YYA0nNFrPrwIN", "text": "This is true since every time we answer a critical thinking question we never get it correct and always marked with TK(tiada kaitan) even if it's an ongoing issue in the newspaper.  Surprisingly, the teachers never give us the correct answer during discussion and told us to think for ourselves. Even for any projects involving the whole class(English across boundaries in my school) any ideas being \"overly\" creative with crafting to decorate the class according to the themes given will be criticized and rejected most of the time.", "time": "1 tahun lalu", "author": "@mila5796", "channel": "UCJWd-Z31KsZpKDEQmjoCZSg", "votes": "1", "replies": "", "photo": "https://yt3.ggpht.com/E07Sxmpat_UXOP86jVoNLv-uROjfHsJrOcm6-_zwoMaYXnjegAxuF2Sju0fQq8VqvKl76Rh9wJY=s88-c-k-c0x00ffffff-no-rj", "heart": false, "reply": true, "time_parsed": 1715483315.933437}
{"cid": "Ugzk_cBNjQ2zIGwatTV4AaABAg.A-E_1--hH7mA-FgJtUlDVW", "text": "60 percent can be an a  nowadays.back in the seventies you must have more than ninety marks for an a .", "time": "1 tahun lalu", "author": "@franciswoon2130", "channel": "UCBv09HMsac1paS0VGQ9cLRA", "votes": "7", "replies": "", "photo": "https://yt3.ggpht.com/ytc/AIdro_nIbnRdrxx8kxYEjbvKf42p-nCdtDBzy9KJimTtZps=s88-c-k-c0x00ffffff-no-rj", "heart": false, "reply": true, "time_parsed": 1715483316.232647}
{"cid": "Ugzk_cBNjQ2zIGwatTV4AaABAg.A-E_1--hH7mA-Fgh5Ax6Se", "text": "PISA", "time": "1 tahun lalu", "author": "@yeam12311", "channel": "UCkxyreV4njxvVcgE6rCD1VQ", "votes": "3", "replies": "", "photo": "https://yt3.ggpht.com/ytc/AIdro_lP_xU4B5mxGSUq39xSrad1gKYLpdiQ1YOMNXKNxPE=s88-c-k-c0x00ffffff-no-rj", "heart": false, "reply": true, "time_parsed": 1715483316.236002}
{"cid": "Ugzk_cBNjQ2zIGwatTV4AaABAg.A-E_1--hH7mA-G-HAidVoz", "text": "It might be easy to pass but it's surely not easy to get an \"A\"", "time": "1 tahun lalu", "author": "@kalimacho1", "channel": "UC7OTPp-ohmFQqqbVa79Ht2A", "votes": "0", "replies": "", "photo": "https://yt3.ggpht.com/ytc/AIdro_m8rvJyaY3S-wN9LQ2-3Cj_GJ3r42COxlIEceg7BTHzm-o=s88-c-k-c0x00ffffff-no-rj", "heart": false, "reply": true, "time_parsed": 1715483316.238561}
{"cid": "Ugzk_cBNjQ2zIGwatTV4AaABAg.A-E_1--hH7mA-GPwTATGkF", "text": "Passing mark very low for SPM.", "time": "1 tahun lalu", "author": "@cac1504", "channel": "UCEee3zaTH1Z4x9gKIdO3CYw", "votes": "4", "replies": "", "photo": "https://yt3.ggpht.com/ytc/AIdro_nuph_V4XwM_YqMy1H_QnDq21t5NOhYJGWr2ug5z4U=s88-c-k-c0x00ffffff-no-rj", "heart": false, "reply": true, "time_parsed": 1715483316.240892}
{"cid": "Ugzk_cBNjQ2zIGwatTV4AaABAg.A-E_1--hH7mA-Gb7OBtqT6", "text": "3 decade and Malaysia still don't wanna change....maybe now trying", "time": "1 tahun lalu", "author": "@nitakaur3001", "channel": "UCsO3i8Iy8ghnht0JpBGt14Q", "votes": "2", "replies": "", "photo": "https://yt3.ggpht.com/ytc/AIdro_nEFdVMgOn5gn0MYbq6E3kvSLu5oSlp5I_uea5iDgs=s88-c-k-c0x00ffffff-no-rj", "heart": false, "reply": true, "time_parsed": 1715483316.242916}
{"cid": "Ugzk_cBNjQ2zIGwatTV4AaABAg.A-E_1--hH7mA-HQoQS-IBS", "text": "Is not about passing is about using knowledge.", "time": "1 tahun lalu", "author": "@someguywithabirdface2583", "channel": "UCzZUXvfz8UofWzhI5gJ42rw", "votes": "1", "replies": "", "photo": "https://yt3.ggpht.com/ytc/AIdro_l-e2IHnQnHrQvUnoGSGshbWoq_DNkYlewfIaDiURytIg=s88-c-k-c0x00ffffff-no-rj", "heart": false, "reply": true, "time_parsed": 1715483316.244738}
{"cid": "Ugzk_cBNjQ2zIGwatTV4AaABAg.A-E_1--hH7mA-RY0Xs1SLT", "text": "Its not M'sia doesnt want to change. Its the Bumis that put in all the stops that retarts the whole country. So unfortunate. So sad.  @nitakaur3001 ", "time": "1 tahun lalu (diedit)", "author": "@glenchua3315", "channel": "UCYEjiaffNV-cGP7TxHQD_rw", "votes": "1", "replies": "", "photo": "https://yt3.ggpht.com/ytc/AIdro_lc5AoIEM2c-om8P5SLjs4W-rJtIgokwkph4X-5mLw3DcZ9=s88-c-k-c0x00ffffff-no-rj", "heart": false, "reply": true, "time_parsed": 1715483316.246475}
{"cid": "Ugzk_cBNjQ2zIGwatTV4AaABAg.A-E_1--hH7mA7-39Sgc3bt", "text": " @yeam12311 Really PISS AH about our education standard lah...", "time": "9 bulan lalu", "author": "@digitalman493", "channel": "UCWYVMYsGOgNO5i__RnqNdtg", "votes": "0", "replies": "", "photo": "https://yt3.ggpht.com/ytc/AIdro_nkwyjNjXiTbomljA7uogixZrzODDBJARZoRWe5u8Oz1e7OolmJA7H9ZsVkbBDlarhMIg=s88-c-k-c0x00ffffff-no-rj", "heart": false, "reply": true, "time_parsed": 1723432116.248306}
{"cid": "Ugzk_cBNjQ2zIGwatTV4AaABAg.A-E_1--hH7mA7-3NbdeHF1", "text": " @cac1504 one teacher who marked the SPM chemistry paper said 14% was the passing mark. PISS AH.", "time": "9 bulan lalu", "author": "@digitalman493", "channel": "UCWYVMYsGOgNO5i__RnqNdtg", "votes": "0", "replies": "", "photo": "https://yt3.ggpht.com/ytc/AIdro_nkwyjNjXiTbomljA7uogixZrzODDBJARZoRWe5u8Oz1e7OolmJA7H9ZsVkbBDlarhMIg=s88-c-k-c0x00ffffff-no-rj", "heart": false, "reply": true, "time_parsed": 1723432116.250036}
{"cid": "UgxD6LjReu6_es19dj14AaABAg", "text": "SPOT ON", "time": "1 tahun lalu", "author": "@joebango", "channel": "UCrhAEfGpZNu04zxbdhmkrqw", "votes": "0", "replies": "", "photo": "https://yt3.ggpht.com/ytc/AIdro_nz-es0JYPQ6JoaqUnFpdCXw6sx-hbKyDrcoAptrG-ohQ=s88-c-k-c0x00ffffff-no-rj", "heart": false, "reply": false, "time_parsed": 1715483316.571846}
{"cid": "Ugw3EFv5pnBlqFToke94AaABAg", "text": "Sebab dah takde upsr dan pmr. Maka bertambah banganglah budak2 dia", "time": "1 tahun lalu", "author": "@striker7469", "channel": "UCzJkcrux6Io3w8U3wZRfBXw", "votes": "0", "replies": "", "photo": "https://yt3.ggpht.com/5wiRBhySD8lWWSDdYRUaUB8FRzi56YtSGUTsR9irtelPk4FxqTC0R_IIFzJwpWgKeS4L1NK3Hwo=s88-c-k-c0x00ffffff-no-rj", "heart": false, "reply": false, "time_parsed": 1715483316.573816}
{"cid": "UgythEBTIEkljHQTd7h4AaABAg", "text": "We really need to pick up", "time": "1 tahun lalu", "author": "@RayMak", "channel": "UCiCnqGvH1hywmNaW_yUKLpQ", "votes": "4", "replies": "2", "photo": "https://yt3.ggpht.com/ytc/AIdro_m-uDAiHRdxyKha7oWho64BXBhlx8rlJPjgQ1c9z8nqr0c=s88-c-k-c0x00ffffff-no-rj", "heart": false, "reply": false, "time_parsed": 1715483316.575488}
{"cid": "Ugw-WOmk0KsnmhyWR1R4AaABAg", "text": "Firstly, the quality of the teachers already in doubt.absentism, quality( min STPM), etc. \nAgain , focus more on Maths, Science and English. Use technology, computer, online \nintensive learning.Make learning those subjects interesting. Learn from successful countries.", "time": "1 tahun lalu", "author": "@khyeap222", "channel": "UCBzyfa_hG3SJGXuKvWW_i_w", "votes": "0", "replies": "2", "photo": "https://yt3.ggpht.com/ytc/AIdro_knfXU1y_3UXy_t71_eXXDujIi3KH5ulJM819Xiva0E8gyn=s88-c-k-c0x00ffffff-no-rj", "heart": false, "reply": false, "time_parsed": 1715483316.577069}
{"cid": "UgxvRj802q2PqBz2e9l4AaABAg", "text": "Why are we even surprise with our country's education system. Instead of really focusing on educating the future generations, our ministers are more keen to change the syllabus, change the language used to teach science subjects and also change the dress code of the students. the same thing kept happening every 5 years when there is a new education minister", "time": "1 tahun lalu", "author": "@jacky6863", "channel": "UCXP_NP5ZRhkMGDM5kVepthA", "votes": "202", "replies": "5", "photo": "https://yt3.ggpht.com/ytc/AIdro_kyjFiZsAfldMMFVGkSNFmEFFyhauw634K8s_KMWzUFw7t8=s88-c-k-c0x00ffffff-no-rj", "heart": false, "reply": false, "time_parsed": 1715483316.578653}
{"cid": "UgzZpWiLCpgywiZIhhp4AaABAg", "text": "Malaysia 🇲🇾 Boleh, Boleh go back to last place for Education 👨‍🏫! Decades of destruction of the Education 👩‍🏫 system starting from Mahathir has borne fruit 🍇! And now gig economy is dispatch driver 🏍! Ha ! Ha ! Ha ! Hilarious 🤣", "time": "1 tahun lalu", "author": "@disneytakeshugedix7463", "channel": "UCDJvFaIUSPi56H5Yw4F3pjA", "votes": "1", "replies": "1", "photo": "https://yt3.ggpht.com/ytc/AIdro_kB0tBETlnU7AMZrJfrJKFRaGs1WQrejaYsO9FQlzc=s88-c-k-c0x00ffffff-no-rj", "heart": false, "reply": false, "time_parsed": 1715483316.580172}
{"cid": "Ugww_b8A1zWCmOBtMrx4AaABAg", "text": "haha\ni was in sekolah kebangsaan from 1986-1996 and almost all my teachers were dumber than sacks of bricks\nthank goodness my parents inculcated a love for reading in me\ni was constantly in trouble in school cos I was always disrespectful of my incredibly dumb school teachers", "time": "1 tahun lalu (diedit)", "author": "@myretronation", "channel": "UCLDO9aR2kGBvvzSbdpFH7Ew", "votes": "4", "replies": "1", "photo": "https://yt3.ggpht.com/ytc/AIdro_lRW1nps03BWJxxUJMShkKUTX82Vxjuaco_0VADW7TQzg=s88-c-k-c0x00ffffff-no-rj", "heart": false, "reply": false, "time_parsed": 1715483316.58156}
{"cid": "UgwgEJoIZ9ebENqDbvB4AaABAg", "text": "PISA, everyone wants the best for their children, my parents were poor and I came from a non english speaking family and learning English competently was very difficult for me, I had to use a translation dictionary when I first started to take english seriously, then I spent one whole year reading news week, national geographic and keeping a word bank, while listening to ted talks to try to mimic their pronunciations. I would say the most important lesson they can teach you in school is how to be resourceful and learn on your own, education should be lifelong, knowledge is our most valuable asset that only aging can take it away from us", "time": "1 tahun lalu", "author": "@valuabletips560", "channel": "UCo4J_exhJduOSBlPNcTIbJg", "votes": "43", "replies": "2", "photo": "https://yt3.ggpht.com/O8qftO0fMu8Z4Tzavc7RZ10JLFTq1h1G5kJPnDILLb9Q1xXSfjC8DT7P3q7RScfTl_Sp9ege=s88-c-k-c0x00ffffff-no-rj", "heart": false, "reply": false, "time_parsed": 1715483316.582938}
{"cid": "UgzoQHRTvWDEQShqy9N4AaABAg", "text": "Good advice from you. Merit based ? Must be dreaming.", "time": "1 tahun lalu", "author": "@Davyjones5454", "channel": "UCZuMRdS_Ny3zFKdVylVz8BQ", "votes": "2", "replies": "1", "photo": "https://yt3.ggpht.com/ytc/AIdro_nzoGN-868_kTVTzVfYFG3U6_t3wxa98ZhvTqOOTagjTus=s88-c-k-c0x00ffffff-no-rj", "heart": false, "reply": false, "time_parsed": 1715483316.584334}
{"cid": "UgzLtcLoN8x4uDe3mF14AaABAg", "text": "Perlu ada kajian mengapa subjek STIM (Sains, Teknologi, Inggeris, Matematik) kurang diminati oleh pelajar terutama Melayu", "time": "1 tahun lalu", "author": "@MZMA85", "channel": "UCEWP5TYClbJk-cIE5ggbV3A", "votes": "4", "replies": "3", "photo": "https://yt3.ggpht.com/ytc/AIdro_ng0J_OiScFg5pyxja7ay3OeQoZhuFZSVitaFE9H-10IUg=s88-c-k-c0x00ffffff-no-rj", "heart": false, "reply": false, "time_parsed": 1715483316.585722}
{"cid": "UgxfdB3_756UvSh82tN4AaABAg", "text": "What Pete says about our teacher quality is true. I am one of those who has been taught by good quality teachers who is on their way to retirement, and new group of young teachers.\n\nThe passion and gap of quality between these two are so huge, that some of those experienced teachers can teach without even looking at the books, and they can answer whatever questions asked by students. On the other hand , the young ones just read all the texts in the books, and are often unable to give answers to questions asked. And yeah they got pregnant every 1-2 years.", "time": "1 tahun lalu", "author": "@loyc8099", "channel": "UC41nk4PYCH-7TshbPz5gGWg", "votes": "37", "replies": "7", "photo": "https://yt3.ggpht.com/ytc/AIdro_n1Hzzn7aTnwBjq6IfUzFv7cFa8QlEJdUojiZ1hGAU=s88-c-k-c0x00ffffff-no-rj", "heart": false, "reply": false, "time_parsed": 1715483316.586955}
{"cid": "Ugx37VMhq_EcmTc2nER4AaABAg", "text": "Well, if you pay peanuts, you get monkeys. If there is no political will to improve the situation, it will never be improved. Sadly, improving our education system has never been a priority.", "time": "1 tahun lalu (diedit)", "author": "@Soullifter0", "channel": "UCwRQt-6gmuLGrXNX78_6cVg", "votes": "0", "replies": "", "photo": "https://yt3.ggpht.com/ytc/AIdro_mypl0bjdthe_sNdE10MhVMAx3zqxcDTjp97FWtQbL2P7o=s88-c-k-c0x00ffffff-no-rj", "heart": false, "reply": false, "time_parsed": 1715483316.588188}
{"cid": "UgwT10GjftncqovurNB4AaABAg", "text": "1 + 1 = Never Settle", "time": "1 tahun lalu", "author": "@thecure9890", "channel": "UCHfiiFIc93PcEs1MOGNOKvQ", "votes": "0", "replies": "", "photo": "https://yt3.ggpht.com/o5qu0isDJuvDxUZJlM4z7GoozmZCwtyFfkDhTegOwh67rrQi81Wzwi6Z8ZShBWcUGDkkIT6zMg=s88-c-k-c0x00ffffff-no-rj", "heart": false, "reply": false, "time_parsed": 1715483316.589418}
{"cid": "UgykP5ZDS9Kz22c1pJt4AaABAg", "text": "PISA", "time": "1 tahun lalu", "author": "@lilykoh9535", "channel": "UCu2-KgP1f43r3IdYJjkeNwA", "votes": "0", "replies": "", "photo": "https://yt3.ggpht.com/ytc/AIdro_l7I9Z2ruLwb_8O5wqZX3BeggKDhG9XW1jritguKKq0ERDMHNocJbKZGdEYuVaEVLicvQ=s88-c-k-c0x00ffffff-no-rj", "heart": false, "reply": false, "time_parsed": 1715483316.590648}
{"cid": "UgxKBcJDo9HNBkQAjR14AaABAg", "text": "how to unite when the system is designed to segregate and sow ignorance in the next gen? its like the gov wants our children to be dumb shits", "time": "1 tahun lalu", "author": "@ChuaKheng", "channel": "UCryOfAeDgfqxvdRguBzCXng", "votes": "0", "replies": "", "photo": "https://yt3.ggpht.com/ytc/AIdro_ko1bohorF43L7N2__iJfOUyGv9D49vh-by5RaRd0cxtbmO0Gkh_JsO8dPHhC3VE0oMug=s88-c-k-c0x00ffffff-no-rj", "heart": false, "reply": false, "time_parsed": 1715483316.591848}
{"cid": "UgzDNxIfEio7hcNBjxd4AaABAg", "text": "Lol, english teacher consistently pregnant once every year for 5 years straight, only enter class 3 months out of 5 years, and then covid happen. Heh", "time": "1 tahun lalu", "author": "@hetzapark", "channel": "UCRvvuzqA7Mjsb9X8tahZsgA", "votes": "8", "replies": "2", "photo": "https://yt3.ggpht.com/d9XBFgyRpQPmmzzYhssDqnbAGH5k7H3O3iIKer5taEvMaZkPpXokDNWu-kQSsWpVSVP3rOFq=s88-c-k-c0x00ffffff-no-rj", "heart": false, "reply": false, "time_parsed": 1715483316.592974}
{"cid": "UgzthrvNjEulmzbZ1FN4AaABAg", "text": "When even doctors arent paid well in gov, trying to pay teachers well is an even bigger hurdle", "time": "1 tahun lalu", "author": "@Eugenewong794", "channel": "UCRsMhRkMD-QJ0Z6nAlofFIQ", "votes": "91", "replies": "2", "photo": "https://yt3.ggpht.com/ytc/AIdro_ls05GlP4-DsvOy8revtK45pPgUL1kFgh4LGuYfvV-O3nyWoRp3CJzDqI8Ctf7Dywg_LQ=s88-c-k-c0x00ffffff-no-rj", "heart": false, "reply": false, "time_parsed": 1715483316.594115}
{"cid": "UgynUf3upJANu_tRagN4AaABAg", "text": "Matematik Melayu:\n1 + 1 = 11", "time": "1 tahun lalu", "author": "@TheTeaParty320", "channel": "UCItFAnT2JRpAGoPWeGoJ9DQ", "votes": "3", "replies": "", "photo": "https://yt3.ggpht.com/Fr5yZvjgb-j85hgIPwPXXx4ZAQbG_3Iv-iZsEDwgwqgrzAw6spEnPqqtPk7Qesjm6Q1G-MzH=s88-c-k-c0x00ffffff-no-rj", "heart": false, "reply": false, "time_parsed": 1715483316.595242}
{"cid": "UgxSJNd9rb24bk7hk794AaABAg", "text": "I send my kids to Israeli schools. And I’m from Malaysia.", "time": "1 tahun lalu", "author": "@TheTeaParty320", "channel": "UCItFAnT2JRpAGoPWeGoJ9DQ", "votes": "1", "replies": "8", "photo": "https://yt3.ggpht.com/Fr5yZvjgb-j85hgIPwPXXx4ZAQbG_3Iv-iZsEDwgwqgrzAw6spEnPqqtPk7Qesjm6Q1G-MzH=s88-c-k-c0x00ffffff-no-rj", "heart": false, "reply": false, "time_parsed": 1715483316.596372}
{"cid": "Ugy3o3aLXxWWIVJdsFp4AaABAg", "text": "Pisaaaa", "time": "1 tahun lalu", "author": "@Armz69", "channel": "UC-Fdt5_IFvylUOW_PTcem_Q", "votes": "0", "replies": "", "photo": "https://yt3.ggpht.com/ytc/AIdro_kIpbEuP4ldQPRuzQGS-Ecs6BdUV4oLlloMOHi_7c25ps8=s88-c-k-c0x00ffffff-no-rj", "heart": false, "reply": false, "time_parsed": 1715483316.597487}
{"cid": "UgythEBTIEkljHQTd7h4AaABAg.A-EYJ2QU1ifA-EuC1k9ZM3", "text": "This had been said since the 1990! Nothing changed or most probably nothing can be changed already! Rotten to core! Talented teacher & students most had moved to Singapore & Private, the left-over are half-baked teaching suku-baked!", "time": "1 tahun lalu", "author": "@Ak1m2", "channel": "UCBmOnoLL5v_n3jG_u78ABIw", "votes": "2", "replies": "", "photo": "https://yt3.ggpht.com/ytc/AIdro_mJGo-v-P8hmTtwpRiR-T8x2Kn66JVVW_x7Wxsu0ko=s88-c-k-c0x00ffffff-no-rj", "heart": false, "reply": true, "time_parsed": 1715483316.840755}
{"cid": "UgythEBTIEkljHQTd7h4AaABAg.A-EYJ2QU1ifA-FytZ5_KWg", "text": "Agree that this sentiment is repeated for past 30 years plus.  Everyone hoping that this will change for the better. Many parents will be risking the future of their children. Hence their children go through an alternative education system. Will this ever change soon?", "time": "1 tahun lalu", "author": "@garychong8898", "channel": "UCbe27gIgVs3trllH9kpHfvg", "votes": "0", "replies": "", "photo": "https://yt3.ggpht.com/GIIkgk56Xnze_QjSnJQoMUJrEHDYj3j9190aEj5_h7DfV1dgFxsdnEMzOVNnHkUiY1TScSH-5A=s88-c-k-c0x00ffffff-no-rj", "heart": false, "reply": true, "time_parsed": 1715483316.84382}
{"cid": "Ugw-WOmk0KsnmhyWR1R4AaABAg.A-EY8-LYjJeA-EgdNgPncP", "text": "min STPM? what year are you?? since when STPM holders can be teachers?", "time": "1 tahun lalu", "author": "@TheNazreensyah", "channel": "UCz-WiS-NR-UYQlZq25-AyXw", "votes": "0", "replies": "", "photo": "https://yt3.ggpht.com/ytc/AIdro_lIK1lRkAdQF1DgSY3fsGxjhg2AVL5vE2v1sThRYj3WxA=s88-c-k-c0x00ffffff-no-rj", "heart": false, "reply": true, "time_parsed": 1715483317.14826}
{"cid": "Ugw-WOmk0KsnmhyWR1R4AaABAg.A-EY8-LYjJeA-F5MHKk7E-", "text": "​@TheNazreensyah maybe kindergarten teacher? 😅", "time": "1 tahun lalu", "author": "@modestman6753", "channel": "UCwwnCKIoZTD5VLPE4vDB4WA", "votes": "0", "replies": "", "photo": "https://yt3.ggpht.com/ytc/AIdro_lK8d5iM8M5o0VIL8U9KlVKhvozfUn3MJkw7HifzVjFOuY=s88-c-k-c0x00ffffff-no-rj", "heart": false, "reply": true, "time_parsed": 1715483317.151504}
{"cid": "UgxvRj802q2PqBz2e9l4AaABAg.A-EY6fdb1OwA-FvKVtCNr0", "text": "so true man i always talk about how changing the syllabus was a terrible option as it literally makes students do worse on average and its literally making our country’s students seem dumber than they actually are its sad to see", "time": "1 tahun lalu", "author": "@dankshadow5665", "channel": "UCd_XdNufdklJ_ut9GT3bTFw", "votes": "11", "replies": "", "photo": "https://yt3.ggpht.com/ov8QbbiqLfiOnHhz4pwxY8xb8ajG1f1PrUzRrJsq7c2mi5KyWZIkhz0DxuXbrAp5dAG72TEj9Q=s88-c-k-c0x00ffffff-no-rj", "heart": false, "reply": true, "time_parsed": 1715483317.358374}
{"cid": "UgxvRj802q2PqBz2e9l4AaABAg.A-EY6fdb1OwA-GItz0WC0A", "text": "Yes each new education minister seems to have a new pet peeve of his own- to mention one-  black shoes. It’s because the education ministers are selected on their lack of intelligence and kow towing attitude to the current pm.", "time": "1 tahun lalu", "author": "@gulfstream8787", "channel": "UCNn4Xzx208FhxxtYdnnms5A", "votes": "0", "replies": "", "photo": "https://yt3.ggpht.com/ytc/AIdro_mYg4MLbvhY_tRDIg4-tId6EE7YY_dQeOp_iwAoecM=s88-c-k-c0x00ffffff-no-rj", "heart": false, "reply": true, "time_parsed": 1715483317.360946}
{"cid": "UgxvRj802q2PqBz2e9l4AaABAg.A-EY6fdb1OwA-HC62YFWp2", "text": "But honestly, I agree the minister to change the current syllabus as the content is not age appropriate. Is way too difficult for the student to understand ( especially early primary , eg. std 1-3). But, of course, the quality of the teacher is also a problem where they are not prepared to teach the \"HOTS\" questions to the student... so, they just ask the student to just copy. that's very sad ~!", "time": "1 tahun lalu", "author": "@鱼儿-s8y", "channel": "UC8dgPKQGM3uKi0yFoF2jF2g", "votes": "4", "replies": "", "photo": "https://yt3.ggpht.com/ytc/AIdro_lgSPfstIOGhoFdAGLrG1TD0rUPTh4l3Xq9Z-ZqYOg=s88-c-k-c0x00ffffff-no-rj", "heart": false, "reply": true, "time_parsed": 1715483317.363146}
{"cid": "UgxvRj802q2PqBz2e9l4AaABAg.A-EY6fdb1OwA-HQbIR-UfJ", "text": "​​ @鱼儿-s8y that's pretty screw up 7-12 year should just able to speak and read 2-3 languages at local level and do basic calculation not chasing A's.", "time": "1 tahun lalu (diedit)", "author": "@someguywithabirdface2583", "channel": "UCzZUXvfz8UofWzhI5gJ42rw", "votes": "1", "replies": "", "photo": "https://yt3.ggpht.com/ytc/AIdro_l-e2IHnQnHrQvUnoGSGshbWoq_DNkYlewfIaDiURytIg=s88-c-k-c0x00ffffff-no-rj", "heart": false, "reply": true, "time_parsed": 1715483317.365014}
{"cid": "UgxvRj802q2PqBz2e9l4AaABAg.A-EY6fdb1OwA2ZQiF_TDZ4", "text": "Bukan sejarah  pun  di sabotage", "time": "1 tahun lalu", "author": "@GnanaguruGanisan", "channel": "UCmt7HZeujKo3Ktdt0PKsnSw", "votes": "0", "replies": "", "photo": "https://yt3.ggpht.com/ytc/AIdro_kVfxBemKTXVOvYzuHj3r_aqBBGDF_m8iUtvR9qB3klUkFKm43FfQihtLRU7-euWiffJg=s88-c-k-c0x00ffffff-no-rj", "heart": false, "reply": true, "time_parsed": 1715483317.366816}
{"cid": "UgzZpWiLCpgywiZIhhp4AaABAg.A-EY5RhK6QXA-G3Zj7poEi", "text": "Yes, once at the bottom, Malaysia have only two options. Stay at the bottom or slowly improve.", "time": "1 tahun lalu", "author": "@garychong8898", "channel": "UCbe27gIgVs3trllH9kpHfvg", "votes": "1", "replies": "", "photo": "https://yt3.ggpht.com/GIIkgk56Xnze_QjSnJQoMUJrEHDYj3j9190aEj5_h7DfV1dgFxsdnEMzOVNnHkUiY1TScSH-5A=s88-c-k-c0x00ffffff-no-rj", "heart": false, "reply": true, "time_parsed": 1715483317.562053}
{"cid": "Ugww_b8A1zWCmOBtMrx4AaABAg.A-EXc55TG1MA-EdkdJRiSw", "text": "wow", "time": "1 tahun lalu", "author": "@keanubong", "channel": "UC2R2N5Q2_PpxFqhiCbYuiIw", "votes": "0", "replies": "", "photo": "https://yt3.ggpht.com/ytc/AIdro_knXtYx-QEUmDZmIzCc6-scr2gD0sPMpqMGvH-6BHJnFTBf5EoPyv-i01enUxWhfjEWwA=s88-c-k-c0x00ffffff-no-rj", "heart": false, "reply": true, "time_parsed": 1715483317.76145}
{"cid": "UgwgEJoIZ9ebENqDbvB4AaABAg.A-EXRNag8xCA-EdcouqPZR", "text": "I listened to Eminem to practise my pronunciation 😂 and watched American comedies back then.", "time": "1 tahun lalu (diedit)", "author": "@knock-knockwhosthere9933", "channel": "UCrjBhLzZJK2DnRkQK7WSkHw", "votes": "2", "replies": "", "photo": "https://yt3.ggpht.com/ytc/AIdro_kFelKL0LmmFlh_kuFRiuFvnrtwACp1P9nZbAZuXsg=s88-c-k-c0x00ffffff-no-rj", "heart": false, "reply": true, "time_parsed": 1715483318.071132}
{"cid": "UgwgEJoIZ9ebENqDbvB4AaABAg.A-EXRNag8xCA-EgWXSquKD", "text": ".PISA", "time": "1 tahun lalu", "author": "@alicepangpang8441", "channel": "UC8ffx3KZomC-vyGwMspmTdg", "votes": "1", "replies": "", "photo": "https://yt3.ggpht.com/ytc/AIdro_lvRKsYB9AH3drxyhxP5DBpVZMyIXw4JF6ROvJ7IR4Tz84=s88-c-k-c0x00ffffff-no-rj", "heart": false, "reply": true, "time_parsed": 1715483318.074085}
{"cid": "UgzoQHRTvWDEQShqy9N4AaABAg.A-EX8P2aw_gA-Fy4exfIQq", "text": "Wrong country lah", "time": "1 tahun lalu", "author": "@garychong8898", "channel": "UCbe27gIgVs3trllH9kpHfvg", "votes": "0", "replies": "", "photo": "https://yt3.ggpht.com/GIIkgk56Xnze_QjSnJQoMUJrEHDYj3j9190aEj5_h7DfV1dgFxsdnEMzOVNnHkUiY1TScSH-5A=s88-c-k-c0x00ffffff-no-rj", "heart": false, "reply": true, "time_parsed": 1715483318.273031}
{"cid": "UgzLtcLoN8x4uDe3mF14AaABAg.A-EWuQcdWTIA-Ecw7k5_-J", "text": "70% pelajar adalah Melayu.... Memang risau, sebab tenaga kerja masa depan Malaysia kebanyakan adalah Melayu", "time": "1 tahun lalu", "author": "@lowkatherine", "channel": "UCtp2DcSQDFbS3r3eqDS78cA", "votes": "0", "replies": "", "photo": "https://yt3.ggpht.com/ytc/AIdro_mPjIVKdIg7kC-sYQj5ewjX5YqdImLWqNn_eud81fIfBUg=s88-c-k-c0x00ffffff-no-rj", "heart": false, "reply": true, "time_parsed": 1715483318.478854}
{"cid": "UgzLtcLoN8x4uDe3mF14AaABAg.A-EWuQcdWTIA-Edouzys1g", "text": "melayu nak jadi rider and influencer je", "time": "1 tahun lalu", "author": "@keanubong", "channel": "UC2R2N5Q2_PpxFqhiCbYuiIw", "votes": "1", "replies": "", "photo": "https://yt3.ggpht.com/ytc/AIdro_knXtYx-QEUmDZmIzCc6-scr2gD0sPMpqMGvH-6BHJnFTBf5EoPyv-i01enUxWhfjEWwA=s88-c-k-c0x00ffffff-no-rj", "heart": false, "reply": true, "time_parsed": 1715483318.482003}
{"cid": "UgzLtcLoN8x4uDe3mF14AaABAg.A-EWuQcdWTIA-EgfMoaPfB", "text": "UITM ,  UIM & KUIS banyak graduan pandai STIM ,jadi apa masalahnya, tak pandai STIM boleh masuk university ke?", "time": "1 tahun lalu", "author": "@viknes01", "channel": "UCdebhZQx31y502bmmIrCszw", "votes": "1", "replies": "", "photo": "https://yt3.ggpht.com/ytc/AIdro_lZJH5mqmbOpVoYML4tS4kKoQwKtWJosiuaVAkGYmn5FE8=s88-c-k-c0x00ffffff-no-rj", "heart": false, "reply": true, "time_parsed": 1715483318.484828}
{"cid": "UgxfdB3_756UvSh82tN4AaABAg.A-EWsMcUQc9A-EgJHRCn_r", "text": "sorry, had to disagree about the young teachers.", "time": "1 tahun lalu (diedit)", "author": "@TheNazreensyah", "channel": "UCz-WiS-NR-UYQlZq25-AyXw", "votes": "5", "replies": "", "photo": "https://yt3.ggpht.com/ytc/AIdro_lIK1lRkAdQF1DgSY3fsGxjhg2AVL5vE2v1sThRYj3WxA=s88-c-k-c0x00ffffff-no-rj", "heart": false, "reply": true, "time_parsed": 1715483318.705117}
{"cid": "UgxfdB3_756UvSh82tN4AaABAg.A-EWsMcUQc9A-Evkcv6HOZ", "text": "I have a high school friend who scored very badly, not even 1A in SPM, now teaching in primary school.", "time": "1 tahun lalu", "author": "@Y3llow_Submarin3", "channel": "UCuPEmfRU8EZmiG0pWkVcUIA", "votes": "3", "replies": "", "photo": "https://yt3.ggpht.com/ORhe32-29zI7sMrQN1H3n5DrtiV-c6QOfNnWFWMzc7F6LHsvyxQeSmdm8Mdkx7dJQkJKfO5Wyw=s88-c-k-c0x00ffffff-no-rj", "heart": false, "reply": true, "time_parsed": 1715483318.707613}
{"cid": "UgxfdB3_756UvSh82tN4AaABAg.A-EWsMcUQc9A-Ex_wH8wpg", "text": "I was told the teachers university in tg malim does not tolerate any student who fail in order to achieve its KPI. If the student fail, the lecturers will be punished instead. So everybody pass. There is no incentive really for students  to study and improve.  Upon graduation, they are assured of a teaching job. And the entire downward cycle continues. Hence our declining PISA scores.", "time": "1 tahun lalu", "author": "@syedputra5955", "channel": "UCAQKy562D4wVQY5cHA8kJJA", "votes": "5", "replies": "", "photo": "https://yt3.ggpht.com/ytc/AIdro_kgBWq1E2hqfih-Am5ANZ_fUPXVtdn36qkveK0NUzc=s88-c-k-c0x00ffffff-no-rj", "heart": false, "reply": true, "time_parsed": 1715483318.709566}
{"cid": "UgxfdB3_756UvSh82tN4AaABAg.A-EWsMcUQc9A-Fd9J509Nw", "text": "Young teachers can be good if they work hard for their teaching in the 1st 5-6 years. The problem is they are burdened with stupid pointless programs that hampered their growth.  All these pointless prog takes so much time & effort, to the point teachers can't even focus on their pupils.", "time": "1 tahun lalu (diedit)", "author": "@hilln8467", "channel": "UCByPaCmGa3aUHGCA2E3RsiQ", "votes": "3", "replies": "", "photo": "https://yt3.ggpht.com/ytc/AIdro_mnBc5qrGZwtmT70BdS-j9bZP3wR_pC-PTm6NnXkno56p4=s88-c-k-c0x00ffffff-no-rj", "heart": false, "reply": true, "time_parsed": 1715483318.711372}
{"cid": "UgxfdB3_756UvSh82tN4AaABAg.A-EWsMcUQc9A-FfQNtpz8V", "text": "You do realise that those experienced teacher who can teach without looking at books actually need time to read, analyse the textbook, modify the content to suit pupils' level, creating own worksheet or saving any worksheet from other teachers, building up materials etc..these can take years.. some young teachers nowdays busy with making decoration, doing the management work, doing laborer work: all because pentadbir yg suka menyusahkan,  added with teaching, aannd family..you think its easy to juggle everything..", "time": "1 tahun lalu", "author": "@hilln8467", "channel": "UCByPaCmGa3aUHGCA2E3RsiQ", "votes": "4", "replies": "", "photo": "https://yt3.ggpht.com/ytc/AIdro_mnBc5qrGZwtmT70BdS-j9bZP3wR_pC-PTm6NnXkno56p4=s88-c-k-c0x00ffffff-no-rj", "heart": false, "reply": true, "time_parsed": 1715483318.713182}
{"cid": "UgxfdB3_756UvSh82tN4AaABAg.A-EWsMcUQc9A-Fj-UlqV35", "text": " @Y3llow_Submarin3  Primary school main ‘producer’ is IPG (since 2008 throughout PISMP degree programme). IPG screen & select their students through SPM result, interviews, educator personality-moral test & physical test. How can unqualified person bypass the requirements…….. perhaps your friend using ‘cable’ ..", "time": "1 tahun lalu (diedit)", "author": "@user-tl9wv6wu9h", "channel": "UCq2P6nKIX8cY1upwuyPlxEQ", "votes": "1", "replies": "", "photo": "https://yt3.ggpht.com/ytc/AIdro_l7I9Z2ruLwb_8O5wqZX3BeggKDhG9XW1jritguKKq0ERDMHNocJbKZGdEYuVaEVLicvQ=s88-c-k-c0x00ffffff-no-rj", "heart": false, "reply": true, "time_parsed": 1715483318.714911}
{"cid": "UgxfdB3_756UvSh82tN4AaABAg.A-EWsMcUQc9A-Hho_lfE-2", "text": "things are different 12 years ago? @user-tl9wv6wu9h ", "time": "1 tahun lalu (diedit)", "author": "@Y3llow_Submarin3", "channel": "UCuPEmfRU8EZmiG0pWkVcUIA", "votes": "0", "replies": "", "photo": "https://yt3.ggpht.com/ORhe32-29zI7sMrQN1H3n5DrtiV-c6QOfNnWFWMzc7F6LHsvyxQeSmdm8Mdkx7dJQkJKfO5Wyw=s88-c-k-c0x00ffffff-no-rj", "heart": false, "reply": true, "time_parsed": 1715483318.716467}
{"cid": "UgzDNxIfEio7hcNBjxd4AaABAg.A-EW7ABv46CA-EY4GxMu3o", "text": "😢", "time": "1 tahun lalu", "author": "@rambutans5857", "channel": "UCOGa9vBynNeg2-annJwkQ1g", "votes": "0", "replies": "", "photo": "https://yt3.ggpht.com/ytc/AIdro_kVt-2KnstlTCEKQNERtFu1r0nkoGfCbDaBeHqzzAeOW6FjInY1ji4XDCDXS_eKGhY0Pw=s88-c-k-c0x00ffffff-no-rj", "heart": false, "reply": true, "time_parsed": 1715483318.991359}
{"cid": "UgzDNxIfEio7hcNBjxd4AaABAg.A-EW7ABv46CA0nHblPHjVB", "text": "Sepatutnya murid- murid di kelas tersebut menyoalkan seperti berikut: \" Cikgu, apa maknanya perkataan Inggeris ini - ' philoprogenitive' ? \"😅", "time": "1 tahun lalu", "author": "@johntoh6552", "channel": "UCE4w0W7GSUmwOONi94ZxjaQ", "votes": "0", "replies": "", "photo": "https://yt3.ggpht.com/ytc/AIdro_lf0vLIKqPc9iaw6JjsXkubzMrSyEnXxbsdgfNGAt4=s88-c-k-c0x00ffffff-no-rj", "heart": false, "reply": true, "time_parsed": 1715483318.994334}
{"cid": "UgzthrvNjEulmzbZ1FN4AaABAg.A-EVv2ecsCrA-K0z4ueRx4", "text": "Wait for more than 5 yrs, HLP suddenly cancel the name and cant appeal.. The BOSS who withdraw the name said bcos later pakar speaks louder than her. With this kind of mentality, Malaysia cant go far.", "time": "1 tahun lalu", "author": "@jasonngjs5779", "channel": "UCupItJgNu4Y0sO48LiorttA", "votes": "1", "replies": "", "photo": "https://yt3.ggpht.com/ytc/AIdro_m5ojwRc0q_GPMcb69IHXx9pYWAaa4xMGDW3_vQP4k=s88-c-k-c0x00ffffff-no-rj", "heart": false, "reply": true, "time_parsed": 1715483319.299003}
{"cid": "UgzthrvNjEulmzbZ1FN4AaABAg.A-EVv2ecsCrA-OJzXgwW2z", "text": "Come to indonesia thai u will be paid better.. 😆😆😆", "time": "1 tahun lalu", "author": "@johnjohny6173", "channel": "UCPk3UdM91u06PFHKDQtwdeg", "votes": "3", "replies": "", "photo": "https://yt3.ggpht.com/ytc/AIdro_lJOMJNu2GxkJHeKLZkk_7Bgm6yWettiVvdp26au4qXcqHyy3vUy68uVTY_C4HFXp6QCA=s88-c-k-c0x00ffffff-no-rj", "heart": false, "reply": true, "time_parsed": 1715483319.302197}
{"cid": "UgxSJNd9rb24bk7hk794AaABAg.A-EVoeQNsdrA-F6oZATa8p", "text": "Shame on you", "time": "1 tahun lalu", "author": "@modestman6753", "channel": "UCwwnCKIoZTD5VLPE4vDB4WA", "votes": "0", "replies": "", "photo": "https://yt3.ggpht.com/ytc/AIdro_lK8d5iM8M5o0VIL8U9KlVKhvozfUn3MJkw7HifzVjFOuY=s88-c-k-c0x00ffffff-no-rj", "heart": false, "reply": true, "time_parsed": 1715483319.546507}
{"cid": "UgxSJNd9rb24bk7hk794AaABAg.A-EVoeQNsdrA-FWCcFuYgm", "text": " @modestman6753  I’m not ashamed at all.", "time": "1 tahun lalu (diedit)", "author": "@TheTeaParty320", "channel": "UCItFAnT2JRpAGoPWeGoJ9DQ", "votes": "1", "replies": "", "photo": "https://yt3.ggpht.com/Fr5yZvjgb-j85hgIPwPXXx4ZAQbG_3Iv-iZsEDwgwqgrzAw6spEnPqqtPk7Qesjm6Q1G-MzH=s88-c-k-c0x00ffffff-no-rj", "heart": false, "reply": true, "time_parsed": 1715483319.549647}
{"cid": "UgxSJNd9rb24bk7hk794AaABAg.A-EVoeQNsdrA-H6V97wVlU", "text": " @hi_1_11  Why am I a troller?  Can’t I send my kids to Jewish schools?  It’s my choice, just as I would never send them to a Muslim school.", "time": "1 tahun lalu (diedit)", "author": "@TheTeaParty320", "channel": "UCItFAnT2JRpAGoPWeGoJ9DQ", "votes": "0", "replies": "", "photo": "https://yt3.ggpht.com/Fr5yZvjgb-j85hgIPwPXXx4ZAQbG_3Iv-iZsEDwgwqgrzAw6spEnPqqtPk7Qesjm6Q1G-MzH=s88-c-k-c0x00ffffff-no-rj", "heart": false, "reply": true, "time_parsed": 1715483319.552284}
{"cid": "UgxSJNd9rb24bk7hk794AaABAg.A-EVoeQNsdrA-HHSNLnTch", "text": " @hi_1_11  Who says I still hold a Malaysian passport. I threw my Malaysian passport into the flames of a barbecue a long time ago.  I had all my friends over to celebrate the event. If you’ve been following me for the past years, you would have seen me mention this many times.", "time": "1 tahun lalu (diedit)", "author": "@TheTeaParty320", "channel": "UCItFAnT2JRpAGoPWeGoJ9DQ", "votes": "0", "replies": "", "photo": "https://yt3.ggpht.com/Fr5yZvjgb-j85hgIPwPXXx4ZAQbG_3Iv-iZsEDwgwqgrzAw6spEnPqqtPk7Qesjm6Q1G-MzH=s88-c-k-c0x00ffffff-no-rj", "heart": false, "reply": true, "time_parsed": 1715483319.554537}
{"cid": "UgxSJNd9rb24bk7hk794AaABAg.A-EVoeQNsdrA-HHa-zkQ4B", "text": " @hi_1_11  Do you know that many Christian Malaysians travel to Israel very frequently even if their passports say not to?", "time": "1 tahun lalu (diedit)", "author": "@TheTeaParty320", "channel": "UCItFAnT2JRpAGoPWeGoJ9DQ", "votes": "0", "replies": "", "photo": "https://yt3.ggpht.com/Fr5yZvjgb-j85hgIPwPXXx4ZAQbG_3Iv-iZsEDwgwqgrzAw6spEnPqqtPk7Qesjm6Q1G-MzH=s88-c-k-c0x00ffffff-no-rj", "heart": false, "reply": true, "time_parsed": 1715483319.556629}
{"cid": "UgxSJNd9rb24bk7hk794AaABAg.A-EVoeQNsdrA-Hd5r8DolP", "text": " @hi_1_11  I would love to tell you but I don’t want the Malaysian government to know and close off this line.", "time": "1 tahun lalu (diedit)", "author": "@TheTeaParty320", "channel": "UCItFAnT2JRpAGoPWeGoJ9DQ", "votes": "0", "replies": "", "photo": "https://yt3.ggpht.com/Fr5yZvjgb-j85hgIPwPXXx4ZAQbG_3Iv-iZsEDwgwqgrzAw6spEnPqqtPk7Qesjm6Q1G-MzH=s88-c-k-c0x00ffffff-no-rj", "heart": false, "reply": true, "time_parsed": 1715483319.558429}
{"cid": "UgxSJNd9rb24bk7hk794AaABAg.A-EVoeQNsdrA-M_DIGM00c", "text": "Over dramatic, can just send them to china schools or singapore schools. Yet u wanna send them to a frickin genocidal country.", "time": "1 tahun lalu", "author": "@ryoutacooks", "channel": "UChI9ulRZpiFTkuCHl5-2W3w", "votes": "0", "replies": "", "photo": "https://yt3.ggpht.com/lCbKftAqcM9nVYVaHdFR16_BsfcrBoV1WWok21_cEkng2GiCGKSZ2NEhbiuPTbI1aNCTeW_LyQ=s88-c-k-c0x00ffffff-no-rj", "heart": false, "reply": true, "time_parsed": 1715483319.560238}
{"cid": "UgxSJNd9rb24bk7hk794AaABAg.A-EVoeQNsdrA0nTVq8eOno", "text": "​@wish-56 Well, the Israelis are pragmatic. They just need to see your travel docs but they won't leave any incriminating stamps on Malaysian passports. They probably issue you with a loose piece of paper you put between the covers of your Malaysian passport which you can throw away after the Israelis have seen it. In this way, they get tourism revenue from Christian Malaysians. They aren't hot and bothered that these Christians believe that Mary is the Mother of God and Jesus is the Son of God...which amounts to blasphemy in Judaism. Anyway, a lot of them are secular and only culturally religious. So I guess that helps them to look the other way when it comes to this sort of situation.", "time": "1 tahun lalu", "author": "@johntoh6552", "channel": "UCE4w0W7GSUmwOONi94ZxjaQ", "votes": "0", "replies": "", "photo": "https://yt3.ggpht.com/ytc/AIdro_lf0vLIKqPc9iaw6JjsXkubzMrSyEnXxbsdgfNGAt4=s88-c-k-c0x00ffffff-no-rj", "heart": false, "reply": true, "time_parsed": 1715483319.56205}
{"cid": "UgzgFIIePzHOmZTLlu14AaABAg", "text": "Take my advice, just immigrate.", "time": "1 tahun lalu", "author": "@TheTeaParty320", "channel": "UCItFAnT2JRpAGoPWeGoJ9DQ", "votes": "0", "replies": "", "photo": "https://yt3.ggpht.com/Fr5yZvjgb-j85hgIPwPXXx4ZAQbG_3Iv-iZsEDwgwqgrzAw6spEnPqqtPk7Qesjm6Q1G-MzH=s88-c-k-c0x00ffffff-no-rj", "heart": false, "reply": false, "time_parsed": 1715483319.826254}
{"cid": "UgwE1ia4zp2_W27sKP54AaABAg", "text": "PISA", "time": "1 tahun lalu", "author": "@quahhs4085", "channel": "UCBkpV5Hxvc49_tSp61loUrw", "votes": "0", "replies": "", "photo": "https://yt3.ggpht.com/ytc/AIdro_mn9JhNaLnOk3zz_Gj0dFSaijaabRHqHyb898-E3yfsKA=s88-c-k-c0x00ffffff-no-rj", "heart": false, "reply": false, "time_parsed": 1715483319.828681}
{"cid": "UgwOH4pTun-EHBWpge54AaABAg", "text": "Learn Bahasa lah and see where you end up.", "time": "1 tahun lalu", "author": "@TheTeaParty320", "channel": "UCItFAnT2JRpAGoPWeGoJ9DQ", "votes": "1", "replies": "", "photo": "https://yt3.ggpht.com/Fr5yZvjgb-j85hgIPwPXXx4ZAQbG_3Iv-iZsEDwgwqgrzAw6spEnPqqtPk7Qesjm6Q1G-MzH=s88-c-k-c0x00ffffff-no-rj", "heart": false, "reply": false, "time_parsed": 1715483319.830899}
{"cid": "UgyYWoChvHHGM9jUTqd4AaABAg", "text": "Take a shot everytime peter sighs hahaha", "time": "1 tahun lalu", "author": "@Eugenewong794", "channel": "UCRsMhRkMD-QJ0Z6nAlofFIQ", "votes": "1", "replies": "", "photo": "https://yt3.ggpht.com/ytc/AIdro_ls05GlP4-DsvOy8revtK45pPgUL1kFgh4LGuYfvV-O3nyWoRp3CJzDqI8Ctf7Dywg_LQ=s88-c-k-c0x00ffffff-no-rj", "heart": false, "reply": false, "time_parsed": 1715483319.832771}
{"cid": "Ugz1-ccPXaYhOTZNUZV4AaABAg", "text": "To many kids these day wanna be influencer & work for gig economy 😢", "time": "1 tahun lalu", "author": "@yusriazizan8264", "channel": "UC_lq_ufBO7HDNMkawSyjOtg", "votes": "23", "replies": "2", "photo": "https://yt3.ggpht.com/ytc/AIdro_n8xjI1uwJ1Y6ggPVSFeHdfQOlLpiHoS4jasNWSJ9A=s88-c-k-c0x00ffffff-no-rj", "heart": false, "reply": false, "time_parsed": 1715483319.834587}
{"cid": "UgykeODcMkd6cdXLa214AaABAg", "text": "its ok, we have race and religion", "time": "1 tahun lalu", "author": "@monarchnoo8561", "channel": "UCTncrk4VVx8XaVMRq3pT-2g", "votes": "2", "replies": "1", "photo": "https://yt3.ggpht.com/ytc/AIdro_lXt3tRv5o-skJ46mVhnDm3YZHB5poa3pNRsZm8QDD9lw=s88-c-k-c0x00ffffff-no-rj", "heart": false, "reply": false, "time_parsed": 1715483319.836269}
{"cid": "Ugz32VMmZ24qk2cncY14AaABAg", "text": "It's more important to support Palestine now.", "time": "1 tahun lalu", "author": "@burnoutminion", "channel": "UCwF7ocPy0SSoNhndj7f87Mg", "votes": "9", "replies": "", "photo": "https://yt3.ggpht.com/hq7LMY81Hifi00GbQA6LLok_NwAYRntAtpTK2l4RVrYFbNcxqA88_XNZ7am1mjThkCFcKrf2kg=s88-c-k-c0x00ffffff-no-rj", "heart": false, "reply": false, "time_parsed": 1715483319.837837}
{"cid": "UgwnlaeqM9d6lpSR9zx4AaABAg", "text": "It’s a failure because of Bahasa Malaysia.  Malays think that the world is going to become the lingua franca of the world. In their dreams.", "time": "1 tahun lalu", "author": "@TheTeaParty320", "channel": "UCItFAnT2JRpAGoPWeGoJ9DQ", "votes": "0", "replies": "", "photo": "https://yt3.ggpht.com/Fr5yZvjgb-j85hgIPwPXXx4ZAQbG_3Iv-iZsEDwgwqgrzAw6spEnPqqtPk7Qesjm6Q1G-MzH=s88-c-k-c0x00ffffff-no-rj", "heart": false, "reply": false, "time_parsed": 1715483319.839392}
{"cid": "Ugx5s-n96zhhaB3xPmx4AaABAg", "text": "Corruption", "time": "1 tahun lalu", "author": "@gkr7019", "channel": "UCP75EHHBF984B7m70O1ivaQ", "votes": "1", "replies": "", "photo": "https://yt3.ggpht.com/ytc/AIdro_nawSImwfTQSbS9HQGTpVXu3koqnVlLxsY5HIsLpyI=s88-c-k-c0x00ffffff-no-rj", "heart": false, "reply": false, "time_parsed": 1715483319.840951}
{"cid": "UgwlxIM5j7ahS6-2yjh4AaABAg", "text": "My kids are in international school as there is gap in our education system. However, I believe the situation can improve #supportpisa", "time": "1 tahun lalu", "author": "@SEL17778", "channel": "UCnv9oN_R77xqZr6TGaCMACg", "votes": "18", "replies": "8", "photo": "https://yt3.ggpht.com/ytc/AIdro_n7o6KuemnfocAFaVKGOO0G8E2eQbMjcjXSttDxqTRWE1zv-z3-5uaDYxqQtOPRSSj_KA=s88-c-k-c0x00ffffff-no-rj", "heart": false, "reply": false, "time_parsed": 1715483319.842386}
{"cid": "UgyTsVFCpUyjilR59DR4AaABAg", "text": "pisa", "time": "1 tahun lalu", "author": "@cinclf78", "channel": "UCbKecS4oYFly3tSQIwqROTA", "votes": "1", "replies": "", "photo": "https://yt3.ggpht.com/ytc/AIdro_kHX8H0LW_arMRHvghwPQ_YwwmDrsVmQYjl2sSUB7t0SmQ=s88-c-k-c0x00ffffff-no-rj", "heart": false, "reply": false, "time_parsed": 1715483319.843776}
{"cid": "UgwLv3j7kFjovfyCrE54AaABAg", "text": "Trying to calculate how many times pete sigh-ing 😢", "time": "1 tahun lalu", "author": "@bagero88", "channel": "UCm9S3IvyWx-gjhTvuO8KXGw", "votes": "15", "replies": "3", "photo": "https://yt3.ggpht.com/ytc/AIdro_mfXvAlnL0TllBXsHrvDUgTp2ywEWXN2MkDECcNNhziEA=s88-c-k-c0x00ffffff-no-rj", "heart": false, "reply": false, "time_parsed": 1715483319.845169}
{"cid": "Ugz1-ccPXaYhOTZNUZV4AaABAg.A-EV8XRbH8pA-FnvtCttJ2", "text": "but they can't even speak their mother tongue properly", "time": "1 tahun lalu", "author": "@alexlau2312", "channel": "UCY2ADvsM-90UQfdbFjSP30g", "votes": "9", "replies": "", "photo": "https://yt3.ggpht.com/ytc/AIdro_lSZMJ0TvOorKkEahMmH75LloU37ip79iL_E0F3I3zSqA=s88-c-k-c0x00ffffff-no-rj", "heart": false, "reply": true, "time_parsed": 1715483320.117091}
{"cid": "Ugz1-ccPXaYhOTZNUZV4AaABAg.A-EV8XRbH8pA-GRyg63okp", "text": "well in the current age being and influencer and work for gig economy pays more then the usual doctor, lawyers, etc and u dont need a degree, no shit kids will be more attracted to that", "time": "1 tahun lalu", "author": "@dariel299", "channel": "UCjuC74px-7mbBCNzpEBqaEA", "votes": "4", "replies": "", "photo": "https://yt3.ggpht.com/ytc/AIdro_kVGrFo7JPaOuCTi1RAvKfk0XUs7zBlnE1mpZAFftlOKQc=s88-c-k-c0x00ffffff-no-rj", "heart": false, "reply": true, "time_parsed": 1715483320.119957}
{"cid": "UgykeODcMkd6cdXLa214AaABAg.A-EV5WhIiYfA-Evw8Yn3WJ", "text": "Race & Religion is used by the Politician to enrich their pockets! Their son & daughters all study Private & Abroad! The stupid people & kampung that are being cheated & sacrificed and their generation deteriorated as today!", "time": "1 tahun lalu", "author": "@Ak1m2", "channel": "UCBmOnoLL5v_n3jG_u78ABIw", "votes": "1", "replies": "", "photo": "https://yt3.ggpht.com/ytc/AIdro_mJGo-v-P8hmTtwpRiR-T8x2Kn66JVVW_x7Wxsu0ko=s88-c-k-c0x00ffffff-no-rj", "heart": false, "reply": true, "time_parsed": 1715483320.423096}
{"cid": "UgwlxIM5j7ahS6-2yjh4AaABAg.A-EU7Ft_40oA-EybbAlbdn", "text": "I don't think you really believe the situation can improve else you would have not send your kids to international school. The education will only get worst if the education ministry only worries about shoes and shirt.", "time": "1 tahun lalu", "author": "@jackofa11traits29", "channel": "UCMCqPrb--jTOchd7mCMLJDQ", "votes": "7", "replies": "", "photo": "https://yt3.ggpht.com/ytc/AIdro_lm_zOZN6FVCMC9XEgozZJNxopPmyd0qspJwRJFxH0emdOvBN8EgbvmEsBy4G2A8EPFaA=s88-c-k-c0x00ffffff-no-rj", "heart": false, "reply": true, "time_parsed": 1715483320.722664}
{"cid": "UgwlxIM5j7ahS6-2yjh4AaABAg.A-EU7Ft_40oA-F3w9fdayk", "text": "The gap started from early childhood education preschools", "time": "1 tahun lalu", "author": "@lowkatherine", "channel": "UCtp2DcSQDFbS3r3eqDS78cA", "votes": "1", "replies": "", "photo": "https://yt3.ggpht.com/ytc/AIdro_mPjIVKdIg7kC-sYQj5ewjX5YqdImLWqNn_eud81fIfBUg=s88-c-k-c0x00ffffff-no-rj", "heart": false, "reply": true, "time_parsed": 1715483320.725898}
{"cid": "UgwlxIM5j7ahS6-2yjh4AaABAg.A-EU7Ft_40oA-F7NqGavnZ", "text": " @jackofa11traits29  the", "time": "1 tahun lalu (diedit)", "author": "@siewjqie9484", "channel": "UCinK91vk2caTkS-ziGS-WdQ", "votes": "0", "replies": "", "photo": "https://yt3.ggpht.com/ytc/AIdro_kwIUpSMnWUJcd4gPxvAjZFKsYd05y1OmkB4lp3Hps=s88-c-k-c0x00ffffff-no-rj", "heart": false, "reply": true, "time_parsed": 1715483320.728532}
{"cid": "UgwlxIM5j7ahS6-2yjh4AaABAg.A-EU7Ft_40oA-FMOMm14HP", "text": "Your believe remains as just a believe. The reality is...", "time": "1 tahun lalu", "author": "@fafafifufu", "channel": "UCj1Q5w_GddaIIrTzeKtIy3A", "votes": "1", "replies": "", "photo": "https://yt3.ggpht.com/ytc/AIdro_mucJ8FbUgdmXfGh0roxVxKZRvozf2QcVUNiJcVcp8=s88-c-k-c0x00ffffff-no-rj", "heart": false, "reply": true, "time_parsed": 1715483320.730953}
{"cid": "UgwlxIM5j7ahS6-2yjh4AaABAg.A-EU7Ft_40oA-Fw_2s1YjM", "text": "Happening for past 30 years. Come another 10 years, it will be the same. Arm chair critics voicing same sentiments.", "time": "1 tahun lalu", "author": "@garychong8898", "channel": "UCbe27gIgVs3trllH9kpHfvg", "votes": "1", "replies": "", "photo": "https://yt3.ggpht.com/GIIkgk56Xnze_QjSnJQoMUJrEHDYj3j9190aEj5_h7DfV1dgFxsdnEMzOVNnHkUiY1TScSH-5A=s88-c-k-c0x00ffffff-no-rj", "heart": false, "reply": true, "time_parsed": 1715483320.733092}
{"cid": "UgwlxIM5j7ahS6-2yjh4AaABAg.A-EU7Ft_40oA-GDXAnGZLO", "text": "No it wont, Im about to get employed in SG and hopefully will get PR there, then send my children for education there", "time": "1 tahun lalu", "author": "@raid1010", "channel": "UCjfVBvKWVswK969sIwYNo5w", "votes": "3", "replies": "", "photo": "https://yt3.ggpht.com/pCaf_AXGLVrvmzgx0Tg7dO0rV--KqfwZ1jDpCCyZZqs7E7O6BhAuhSe01NEGpIEno-uUSGB5l88=s88-c-k-c0x00ffffff-no-rj", "heart": false, "reply": true, "time_parsed": 1715483320.734917}
{"cid": "UgwlxIM5j7ahS6-2yjh4AaABAg.A-EU7Ft_40oA-Jdse9ld2T", "text": "look singapore...doesn't need international education..what are their ranking ? is the malaysia government want majority stupid", "time": "1 tahun lalu (diedit)", "author": "@popmitos", "channel": "UCV_Xm1agvD9ecEcs9euqaIg", "votes": "0", "replies": "", "photo": "https://yt3.ggpht.com/ccYWC8F870tx2QqMVoMxlLcmwx0LFNv1puQ_1JgOopY5IICXhkQl8zXNcDMuWWPQpYfSpT99JQ=s88-c-k-c0x00ffffff-no-rj", "heart": false, "reply": true, "time_parsed": 1715483320.736737}
{"cid": "UgwlxIM5j7ahS6-2yjh4AaABAg.A-EU7Ft_40oA-WzIUhIt-R", "text": "Acknowledge UEC as that provides all the talent. Thanks.", "time": "1 tahun lalu", "author": "@leealex24", "channel": "UCCienV9O2Jkl3bcSyz04L1Q", "votes": "0", "replies": "", "photo": "https://yt3.ggpht.com/ytc/AIdro_k4oWz01IEHmmAJD8Za7cyMZuA66jBofSPqUMOeb7k=s88-c-k-c0x00ffffff-no-rj", "heart": false, "reply": true, "time_parsed": 1715483320.738283}
{"cid": "UgwLv3j7kFjovfyCrE54AaABAg.A-ETMgz46OwA-EoGAYTwnR", "text": "gudluck", "time": "1 tahun lalu", "author": "@A.I.Ekspozay", "channel": "UCUcoHBrEwGZ6KZN-yrhDTJQ", "votes": "0", "replies": "", "photo": "https://yt3.ggpht.com/jTtZlEfZNLZb3hVZR4BGmFi_9Upxnr-p7KjQ7Xgpqo3aprk211QsR2EGBKJ3a96npXlqxM_wRg=s88-c-k-c0x00ffffff-no-rj", "heart": false, "reply": true, "time_parsed": 1715483321.040203}
{"cid": "UgwLv3j7kFjovfyCrE54AaABAg.A-ETMgz46OwA-Fxyno50S9", "text": "Sighing won't improve the education system.", "time": "1 tahun lalu", "author": "@garychong8898", "channel": "UCbe27gIgVs3trllH9kpHfvg", "votes": "1", "replies": "", "photo": "https://yt3.ggpht.com/GIIkgk56Xnze_QjSnJQoMUJrEHDYj3j9190aEj5_h7DfV1dgFxsdnEMzOVNnHkUiY1TScSH-5A=s88-c-k-c0x00ffffff-no-rj", "heart": false, "reply": true, "time_parsed": 1715483321.043407}
{"cid": "UgwLv3j7kFjovfyCrE54AaABAg.A-ETMgz46OwA-Gb16w1Qe-", "text": "A bit distracting tbh", "time": "1 tahun lalu", "author": "@Sausagey2", "channel": "UC0F2udHK0N7-82jZpbpveRg", "votes": "0", "replies": "", "photo": "https://yt3.ggpht.com/bmh6IUobUhWna0AbXsFX1xDNJ3Wwph2U-wpgMCrHsymdmANQgs8-RitUh2sCzvqhsexyt9gl=s88-c-k-c0x00ffffff-no-rj", "heart": false, "reply": true, "time_parsed": 1715483321.046006}
