comment_text,original_line,clean_text,sentiment,confidence,topic,emotions,neutral,surprise,joy,anger,fear,sadness,disgust,neutral_linguistic,surprise_linguistic,joy_linguistic,anger_linguistic,fear_linguistic,sadness_linguistic,disgust_linguistic,neutral_sentence_count,surprise_sentence_count,joy_sentence_count,anger_sentence_count,fear_sentence_count,sadness_sentence_count,disgust_sentence_count,dominant_emotion
"Another thing education needs to do is properly teach kids how to study. If they need to make flash cards, come up with a rhyme or acronym, have recall questions, space studying out, diagram main points, summarize, compare summaries and questions with others, just overall having opportunities to study with peers. This was actually never brought up to me until college and really helped.",1,another thing education needs properly teach kids study need make flash cards come rhyme acronym recall questions space studying diagram main points summarize compare summaries questions others overall opportunities study peers actually never brought college really helped,neutral,0.6704781651496887,0,"{'neutral': 0.8298988342285156, 'surprise': 0.07785819470882416, 'joy': 0.04630168899893761, 'anger': 0.02487175539135933, 'fear': 0.009746096096932888, 'sadness': 0.008614344522356987, 'disgust': 0.00270908884704113, 'sadness_linguistic': 1.2, 'neutral_sentence_count': 1}",0.8298988342285156,0.07785819470882416,0.04630168899893761,0.02487175539135933,0.009746096096932888,0.008614344522356987,0.00270908884704113,0.0,0.0,0.0,0.0,0.0,1.2,0.0,1.0,0.0,0.0,0.0,0.0,0.0,0.0,neutral
"Two thing I have learned, you can't teach people who don't want to learn and, when motivated, you can teach yourself far faster than you learn in a classroom.",2,two thing learned cant teach people dont want learn motivated teach far faster learn classroom,neutral,0.5960274934768677,0,"{'neutral': 0.5950692892074585, 'sadness': 0.15348468720912933, 'anger': 0.11789093166589737, 'joy': 0.060562338680028915, 'surprise': 0.05409235507249832, 'fear': 0.010082692839205265, 'disgust': 0.008817723952233791}",0.5950692892074585,0.05409235507249832,0.060562338680028915,0.11789093166589737,0.010082692839205265,0.15348468720912933,0.008817723952233791,0.0,0.0,0.0,0.0,0.0,0.0,0.0,0.0,0.0,0.0,0.0,0.0,0.0,0.0,neutral
"Here in Tokyo over 25 years, I've seen the education system in action, from K-12. The high school students who homestay in the US are consistent in their description of their US math and science classes. They can literally sleep through them. Japanese kids who visited me in the States during the summers got up in the morning and first thing, with their parents helping, did their voluminous summer homework assignments. Every day, without fail.",3,tokyo years ive seen education system action high school students homestay consistent description math science classes literally sleep japanese kids visited states summers got morning first thing parents helping voluminous summer homework assignments every day without fail,positive,0.5191906094551086,-1,"{'neutral': 0.3186769485473633, 'joy': 0.29414576292037964, 'surprise': 0.2622371017932892, 'sadness': 0.10518405586481094, 'anger': 0.009479749947786331, 'fear': 0.009343422949314117, 'disgust': 0.0009329688036814332}",0.3186769485473633,0.2622371017932892,0.29414576292037964,0.009479749947786331,0.009343422949314117,0.10518405586481094,0.0009329688036814332,0.0,0.0,0.0,0.0,0.0,0.0,0.0,0.0,0.0,0.0,0.0,0.0,0.0,0.0,neutral
As a math teacher I have two words: Common Core and Eurkea.   They just introduced Eurkea Squard and Its even worst. It is sad to see how our educatonal leaderds don't care that they kids are not learning. All they care about is if you are using the curriculum that they paid millions of dollars for.,4,math teacher two words common core eurkea introduced eurkea squard even worst sad see educatonal leaderds dont care kids learning care using curriculum paid millions dollars,negative,0.9433984756469727,18,"{'sadness': 0.9726836681365967, 'surprise': 0.014996427111327648, 'joy': 0.004508660640567541, 'neutral': 0.0036002446431666613, 'anger': 0.0022239303216338158, 'disgust': 0.0013927934924140573, 'fear': 0.0005942066200077534, 'sadness_linguistic': 1.0, 'love_linguistic': 1.0, 'sadness_sentence_count': 1, 'love_sentence_count': 1}",0.0036002446431666613,0.014996427111327648,0.004508660640567541,0.0022239303216338158,0.0005942066200077534,0.9726836681365967,0.0013927934924140573,0.0,0.0,0.0,0.0,0.0,1.0,0.0,0.0,0.0,0.0,0.0,0.0,1.0,0.0,sadness
"The first way to solve the math problem is easy, makes sense, and works. The second one just makes things complicated. No need to fix something that isn't broken. How to solve a math problem is not why the education system is failing.",5,first way solve math problem easy makes sense works second one makes things complicated need fix something isnt broken solve math problem education system failing,negative,0.6420139074325562,6,"{'neutral': 0.3532688617706299, 'sadness': 0.22861945629119873, 'anger': 0.19230709969997406, 'joy': 0.11304929107427597, 'surprise': 0.09335702657699585, 'fear': 0.01248740404844284, 'disgust': 0.006910823285579681, 'sadness_linguistic': 1.0, 'sadness_sentence_count': 1}",0.3532688617706299,0.09335702657699585,0.11304929107427597,0.19230709969997406,0.01248740404844284,0.22861945629119873,0.006910823285579681,0.0,0.0,0.0,0.0,0.0,1.0,0.0,0.0,0.0,0.0,0.0,0.0,1.0,0.0,sadness
Every teacher deserves to have support. More teacher assistants and paraprofessionals are needed in the classrooms.,6,every teacher deserves support teacher assistants paraprofessionals needed classrooms,positive,0.6996538639068604,0,"{'neutral': 0.7504450678825378, 'sadness': 0.09206431359052658, 'surprise': 0.04255901277065277, 'anger': 0.041146740317344666, 'fear': 0.030978815630078316, 'disgust': 0.030891938135027885, 'joy': 0.011914122849702835}",0.7504450678825378,0.04255901277065277,0.011914122849702835,0.041146740317344666,0.030978815630078316,0.09206431359052658,0.030891938135027885,0.0,0.0,0.0,0.0,0.0,0.0,0.0,0.0,0.0,0.0,0.0,0.0,0.0,0.0,neutral
I homeschool my kids and I realized that how they teach kids is pretty confusing so I took action and I personally taught my kids and told them to disregard their teachers if my method is easier for them thanks to that my kids grades and test scores have gotten so much better.,7,homeschool kids realized teach kids pretty confusing took action personally taught kids told disregard teachers method easier thanks kids grades test scores gotten much better,positive,0.7307059168815613,15,"{'anger': 0.349299818277359, 'neutral': 0.2951201796531677, 'joy': 0.1312253475189209, 'surprise': 0.12646286189556122, 'fear': 0.0521349161863327, 'sadness': 0.03787483647465706, 'disgust': 0.007882007397711277, 'surprise_linguistic': 1.0, 'love_linguistic': 1.0, 'neutral_linguistic': 1.0, 'surprise_sentence_count': 1, 'love_sentence_count': 1, 'neutral_sentence_count': 1}",0.2951201796531677,0.12646286189556122,0.1312253475189209,0.349299818277359,0.0521349161863327,0.03787483647465706,0.007882007397711277,1.0,1.0,0.0,0.0,0.0,0.0,0.0,1.0,1.0,0.0,0.0,0.0,0.0,0.0,neutral
"Yes absolutely true! Not all teachers teach the same therefore not all students will grasp the lectures as they should, their best way to succeed is being able to teach themselves when some teacher cant. Besides more then half of school college university wverything is self taught. Learning to study sets you up for life.",8,yes absolutely true teachers teach therefore students grasp lectures best way succeed able teach teacher cant besides half school college university wverything self taught learning study sets life,neutral,0.5878817439079285,0,"{'joy': 0.7292489409446716, 'neutral': 0.18016095459461212, 'surprise': 0.060858070850372314, 'anger': 0.015682725235819817, 'sadness': 0.007952437736093998, 'fear': 0.004024169407784939, 'disgust': 0.0020726793445646763, 'neutral_linguistic': 3.5999999999999996, 'neutral_sentence_count': 1}",0.18016095459461212,0.060858070850372314,0.7292489409446716,0.015682725235819817,0.004024169407784939,0.007952437736093998,0.0020726793445646763,3.5999999999999996,0.0,0.0,0.0,0.0,0.0,0.0,1.0,0.0,0.0,0.0,0.0,0.0,0.0,neutral
I wish schools would teach more about  Philosophy. Critical thinking. Took it in college and it absolutely helped me in a lot of situations where I used it and didn’t jumped straight into conclusions. We could use that in society.,9,wish schools would teach philosophy critical thinking took college absolutely helped lot situations used didnt jumped straight conclusions could use society,positive,0.836536705493927,30,"{'neutral': 0.43486088514328003, 'joy': 0.3313460052013397, 'surprise': 0.14030736684799194, 'sadness': 0.07527562975883484, 'fear': 0.010478218086063862, 'anger': 0.006576367653906345, 'disgust': 0.0011556108947843313}",0.43486088514328003,0.14030736684799194,0.3313460052013397,0.006576367653906345,0.010478218086063862,0.07527562975883484,0.0011556108947843313,0.0,0.0,0.0,0.0,0.0,0.0,0.0,0.0,0.0,0.0,0.0,0.0,0.0,0.0,neutral
"Teachers these days are becoming babysitters for kids. They are breaking up fights between students, they have been kicked, punched, called names, etc.. by students which is extremely exhausting day in and day out. Rather than actually teaching material, teachers are having a real hard time maintaining discipline in the classroom. And if you can't maintain any discipline in the classroom, you can't teach the lesson plans properly.",10,teachers days becoming babysitters kids breaking fights students kicked punched called names etc students extremely exhausting day day rather actually teaching material teachers real hard time maintaining discipline classroom cant maintain discipline classroom cant teach lesson plans properly,negative,0.844845712184906,0,"{'sadness': 0.7509903907775879, 'anger': 0.19128283858299255, 'surprise': 0.02182430401444435, 'neutral': 0.0134531045332551, 'joy': 0.010246101766824722, 'fear': 0.008826931938529015, 'disgust': 0.0033763223327696323, 'neutral_linguistic': 2.4, 'neutral_sentence_count': 1}",0.0134531045332551,0.02182430401444435,0.010246101766824722,0.19128283858299255,0.008826931938529015,0.7509903907775879,0.0033763223327696323,2.4,0.0,0.0,0.0,0.0,0.0,0.0,1.0,0.0,0.0,0.0,0.0,0.0,0.0,neutral
I'm the type of person who would go to school to study so I can become rich and live a good life in America.,11,type person would school study become rich live good life america,positive,0.72845858335495,-1,"{'joy': 0.7767159938812256, 'neutral': 0.1507754772901535, 'surprise': 0.04912927374243736, 'sadness': 0.015001275576651096, 'anger': 0.005383444018661976, 'fear': 0.0018721719970926642, 'disgust': 0.0011224047048017383}",0.1507754772901535,0.04912927374243736,0.7767159938812256,0.005383444018661976,0.0018721719970926642,0.015001275576651096,0.0011224047048017383,0.0,0.0,0.0,0.0,0.0,0.0,0.0,0.0,0.0,0.0,0.0,0.0,0.0,0.0,joy
I think an underrated problem is accountability. Did the student fail? Or did you fail the student? Instead of saying study. SHOW THEM how to study. No one did that with me when I was a kid.,12,think underrated problem accountability student fail fail student instead saying study show study one kid,negative,0.808929979801178,16,"{'neutral': 0.7476202249526978, 'sadness': 0.09679209440946579, 'surprise': 0.07573821395635605, 'anger': 0.046327877789735794, 'disgust': 0.016194423660635948, 'fear': 0.011071429587900639, 'joy': 0.0062557789497077465}",0.7476202249526978,0.07573821395635605,0.0062557789497077465,0.046327877789735794,0.011071429587900639,0.09679209440946579,0.016194423660635948,0.0,0.0,0.0,0.0,0.0,0.0,0.0,0.0,0.0,0.0,0.0,0.0,0.0,0.0,neutral
Common Core took parents out of kid’s homework. Parents couldn’t help.,13,common core took parents kids homework parents couldnt help,negative,0.8013086915016174,3,"{'sadness': 0.6747781038284302, 'anger': 0.2012864649295807, 'neutral': 0.07017451524734497, 'disgust': 0.03176497668027878, 'surprise': 0.013815036043524742, 'fear': 0.005110297817736864, 'joy': 0.003070598701015115}",0.07017451524734497,0.013815036043524742,0.003070598701015115,0.2012864649295807,0.005110297817736864,0.6747781038284302,0.03176497668027878,0.0,0.0,0.0,0.0,0.0,0.0,0.0,0.0,0.0,0.0,0.0,0.0,0.0,0.0,sadness
"This documentary left many of my questions unanswered.  For example:  WHAT, exactly, are other countries doing right, that we might learn from them?  If the family isn't serious about a student''s education and performance, what options do we give the teacher?  Are there topics that SHOULD be taught in schools, such as financial management or critical thinking?  WHY (besides financial reasons) do many teachers leave the profession?",14,documentary left many questions unanswered example exactly countries right might learn family isnt serious students education performance options give teacher topics taught schools financial management critical thinking besides financial reasons many teachers leave profession,negative,0.5063342452049255,30,"{'sadness': 0.7864271998405457, 'anger': 0.08636392652988434, 'surprise': 0.05221196264028549, 'neutral': 0.04979071393609047, 'fear': 0.011542358435690403, 'joy': 0.011281131766736507, 'disgust': 0.002382754348218441, 'neutral_linguistic': 1.0, 'neutral_sentence_count': 1}",0.04979071393609047,0.05221196264028549,0.011281131766736507,0.08636392652988434,0.011542358435690403,0.7864271998405457,0.002382754348218441,1.0,0.0,0.0,0.0,0.0,0.0,0.0,1.0,0.0,0.0,0.0,0.0,0.0,0.0,sadness
@…  I thin the virginity part can be left out.  Kids shouldn't be sleeping around in school anyway.,15,thin virginity part left kids shouldnt sleeping around school anyway,negative,0.589227557182312,-1,"{'neutral': 0.5318835377693176, 'disgust': 0.2110099196434021, 'sadness': 0.16855743527412415, 'anger': 0.05273733288049698, 'surprise': 0.020921360701322556, 'fear': 0.008172336965799332, 'joy': 0.00671803904697299}",0.5318835377693176,0.020921360701322556,0.00671803904697299,0.05273733288049698,0.008172336965799332,0.16855743527412415,0.2110099196434021,0.0,0.0,0.0,0.0,0.0,0.0,0.0,0.0,0.0,0.0,0.0,0.0,0.0,0.0,neutral
"I went to grade school in a 3rd world country. We didn't have the technology like US school yet the math curriculum was 2 years ahead. It's not about funding, although teachers deserve to get paid more. All we had was a chalkboard and chalk. We need to back to basic.",16,went grade school world country didnt technology like school yet math curriculum years ahead funding although teachers deserve get paid chalkboard chalk need back basic,negative,0.8189183473587036,-1,"{'sadness': 0.4262649118900299, 'neutral': 0.23777879774570465, 'surprise': 0.15579204261302948, 'joy': 0.09661328792572021, 'anger': 0.06704090535640717, 'disgust': 0.010267283767461777, 'fear': 0.006242751609534025, 'joy_linguistic': 1.0, 'joy_sentence_count': 1}",0.23777879774570465,0.15579204261302948,0.09661328792572021,0.06704090535640717,0.006242751609534025,0.4262649118900299,0.010267283767461777,0.0,0.0,1.0,0.0,0.0,0.0,0.0,0.0,0.0,1.0,0.0,0.0,0.0,0.0,joy
I hope we’re not trying to follow in their footsteps however. Half of young Japanese individuals are virgins and depression rates are extremely high there. Academic performance is not an ultimate good that we should be selling our children’s mental health for,17,hope trying follow footsteps however half young japanese individuals virgins depression rates extremely high academic performance ultimate good selling childrens mental health,negative,0.8886321783065796,-1,"{'sadness': 0.7399435639381409, 'joy': 0.12386928498744965, 'neutral': 0.09360980987548828, 'surprise': 0.03368024900555611, 'anger': 0.0035067193675786257, 'fear': 0.002983677899464965, 'disgust': 0.0024066257756203413, 'sadness_linguistic': 1.2, 'neutral_linguistic': 1.2, 'sadness_sentence_count': 1, 'neutral_sentence_count': 1}",0.09360980987548828,0.03368024900555611,0.12386928498744965,0.0035067193675786257,0.002983677899464965,0.7399435639381409,0.0024066257756203413,1.2,0.0,0.0,0.0,0.0,1.2,0.0,1.0,0.0,0.0,0.0,0.0,1.0,0.0,sadness
"You couldn't pay me 10 million dollars to teach kids today. Teachers get paid trash, kids are addicted to Tech and their phones, they are disrespectful and Parents enable bad behavior and Teachers have to be Parents, Behavoral Interventionists etc. SUPPORT your Teachers, have them respect their Teachers, help them take School seriously. Problems at School IS a problem at home. Pay Teachers more. Its ridiculous",18,couldnt pay million dollars teach kids today teachers get paid trash kids addicted tech phones disrespectful parents enable bad behavior teachers parents behavoral interventionists etc support teachers respect teachers help take school seriously problems school problem home pay teachers ridiculous,negative,0.8921249508857727,-1,"{'anger': 0.9738374948501587, 'sadness': 0.007976705208420753, 'neutral': 0.005859843455255032, 'disgust': 0.005835971795022488, 'surprise': 0.0027361661195755005, 'joy': 0.0021034004166722298, 'fear': 0.0016503585502505302, 'anger_linguistic': 1.0, 'love_linguistic': 1.0, 'anger_sentence_count': 1, 'love_sentence_count': 1}",0.005859843455255032,0.0027361661195755005,0.0021034004166722298,0.9738374948501587,0.0016503585502505302,0.007976705208420753,0.005835971795022488,0.0,0.0,0.0,1.0,0.0,0.0,0.0,0.0,0.0,0.0,1.0,0.0,0.0,0.0,anger
"Until next week, when they toss that curriculum onto the trash pile and trot out the new flavor-of-the-month.",19,next week toss curriculum onto trash pile trot new flavorofthemonth,negative,0.712459146976471,-1,"{'neutral': 0.591667652130127, 'anger': 0.20107440650463104, 'disgust': 0.09939741343259811, 'sadness': 0.05015401169657707, 'surprise': 0.030684513971209526, 'joy': 0.016981828957796097, 'fear': 0.010040159337222576}",0.591667652130127,0.030684513971209526,0.016981828957796097,0.20107440650463104,0.010040159337222576,0.05015401169657707,0.09939741343259811,0.0,0.0,0.0,0.0,0.0,0.0,0.0,0.0,0.0,0.0,0.0,0.0,0.0,0.0,neutral
America has become the dumbest country in the world.,20,america become dumbest country world,negative,0.9304230809211731,7,"{'sadness': 0.9321336150169373, 'anger': 0.03149004653096199, 'neutral': 0.012837229296565056, 'disgust': 0.01013314351439476, 'surprise': 0.00646557379513979, 'fear': 0.004283633083105087, 'joy': 0.002656688215211034}",0.012837229296565056,0.00646557379513979,0.002656688215211034,0.03149004653096199,0.004283633083105087,0.9321336150169373,0.01013314351439476,0.0,0.0,0.0,0.0,0.0,0.0,0.0,0.0,0.0,0.0,0.0,0.0,0.0,0.0,sadness
"Step one, remove cell phones from the classroom.",21,step one remove cell phones classroom,neutral,0.733444333076477,34,"{'neutral': 0.8644484877586365, 'anger': 0.04055371880531311, 'fear': 0.03165433928370476, 'surprise': 0.0268753319978714, 'sadness': 0.021973636001348495, 'disgust': 0.011673771776258945, 'joy': 0.0028208005242049694}",0.8644484877586365,0.0268753319978714,0.0028208005242049694,0.04055371880531311,0.03165433928370476,0.021973636001348495,0.011673771776258945,0.0,0.0,0.0,0.0,0.0,0.0,0.0,0.0,0.0,0.0,0.0,0.0,0.0,0.0,neutral
"The kids rejected the common core, I would know, taught science for over 30 yrs and saw it all, yes kids will mis behave, but only when they are bored, and the common core was a good idea that ignored wether it would appeal to the kids, or even make sense to anyone! Eventually it became the darling of the testing community, with their endless tests THAT HAD NOTHING TO DO WITH THE CURRICULUM TAUGHT IN THE CLASS! We studied space science, acceleration, newtons 3 laws of motion, etc and those damn tests covered OTHER scientific topics outside of what we did all year!   They told us what to teach and then tested on something else, of course the kids did horribly, but the testing community likes that all our kids are left behind so THEY CAN SELL US MORE OF EVERYTHING!!   Get rid of the testing mafia that currently chokes the life out of our schools, we can do much better for our kids than subject them to endless testing!",22,kids rejected common core would know taught science yrs saw yes kids mis behave bored common core good idea ignored wether would appeal kids even make sense anyone eventually became darling testing community endless tests nothing curriculum taught class studied space science acceleration newtons laws motion etc damn tests covered scientific topics outside year told teach tested something else course kids horribly testing community likes kids left behind sell everything get rid testing mafia currently chokes life schools much better kids subject endless testing,negative,0.7629673779010773,-1,"{'anger': 0.7984458804130554, 'sadness': 0.07781247794628143, 'fear': 0.06461671739816666, 'disgust': 0.022521590813994408, 'surprise': 0.04345650225877762, 'neutral': 0.30295470356941223, 'joy': 0.6191559433937073, 'neutral_linguistic': 0.5, 'love_sentence_count': 1}",0.30295470356941223,0.04345650225877762,0.6191559433937073,0.7984458804130554,0.06461671739816666,0.07781247794628143,0.022521590813994408,0.5,0.0,0.0,0.0,0.0,0.0,0.0,0.0,0.0,0.0,0.0,0.0,0.0,0.0,anger
I received a good education in public schools before the Department of Education existed.  I lived in northeast Louisiana.  Federal interference began after I had graduated.,24,received good education public schools department education existed lived northeast louisiana federal interference began graduated,neutral,0.591016411781311,32,"{'joy': 0.5576260685920715, 'neutral': 0.3328559398651123, 'anger': 0.035787004977464676, 'surprise': 0.03358837962150574, 'sadness': 0.031088555231690407, 'disgust': 0.004723499529063702, 'fear': 0.004330525174736977}",0.3328559398651123,0.03358837962150574,0.5576260685920715,0.035787004977464676,0.004330525174736977,0.031088555231690407,0.004723499529063702,0.0,0.0,0.0,0.0,0.0,0.0,0.0,0.0,0.0,0.0,0.0,0.0,0.0,0.0,joy
our kids today barely know how to hold a pen,25,kids today barely know hold pen,negative,0.7364906668663025,31,"{'neutral': 0.8103335499763489, 'surprise': 0.1043647825717926, 'disgust': 0.03137557581067085, 'fear': 0.017970534041523933, 'anger': 0.017820589244365692, 'sadness': 0.013821450062096119, 'joy': 0.004313485696911812}",0.8103335499763489,0.1043647825717926,0.004313485696911812,0.017820589244365692,0.017970534041523933,0.013821450062096119,0.03137557581067085,0.0,0.0,0.0,0.0,0.0,0.0,0.0,0.0,0.0,0.0,0.0,0.0,0.0,0.0,neutral
"Alongside the points presented in the video. I wanna add one point:
1. lack of critical thinking 
This happens especially in the non-stem field. The students on these fields are actually just absored what their activist teachers say. They are limited experience in the real world and they are blind to some fact and truth in the real world.",26,alongside points presented video wanna add one point lack critical thinking happens especially nonstem field students fields actually absored activist teachers say limited experience real world blind fact truth real world,negative,0.5195711851119995,30,"{'sadness': 0.636436939239502, 'neutral': 0.2073473036289215, 'surprise': 0.09322067350149155, 'anger': 0.04092828556895256, 'joy': 0.010977856814861298, 'disgust': 0.006769804283976555, 'fear': 0.0043191262520849705, 'love_linguistic': 1.0, 'neutral_linguistic': 2.0, 'love_sentence_count': 1, 'neutral_sentence_count': 1}",0.2073473036289215,0.09322067350149155,0.010977856814861298,0.04092828556895256,0.0043191262520849705,0.636436939239502,0.006769804283976555,2.0,0.0,0.0,0.0,0.0,0.0,0.0,1.0,0.0,0.0,0.0,0.0,0.0,0.0,neutral
"My mom worked a second job at night, about 8-12 hours extra per week, in order to put me through private school for middle school to high school. I am so incredibly grateful for that",27,mom worked second job night hours extra per week order put private school middle school high school incredibly grateful,positive,0.9560298919677734,20,"{'surprise': 0.4270397424697876, 'joy': 0.3748292028903961, 'neutral': 0.14417347311973572, 'sadness': 0.03588924929499626, 'anger': 0.015555818565189838, 'fear': 0.0015155134024098516, 'disgust': 0.000996965216472745}",0.14417347311973572,0.4270397424697876,0.3748292028903961,0.015555818565189838,0.0015155134024098516,0.03588924929499626,0.000996965216472745,0.0,0.0,0.0,0.0,0.0,0.0,0.0,0.0,0.0,0.0,0.0,0.0,0.0,0.0,surprise
Education is the key to success but reading God's Bible is quicker to success.......,28,education key success reading gods bible quicker success,positive,0.8186048269271851,28,"{'neutral': 0.635447084903717, 'joy': 0.21810874342918396, 'surprise': 0.11808289587497711, 'fear': 0.009236072190105915, 'sadness': 0.008980557322502136, 'anger': 0.006800705101341009, 'disgust': 0.0033439320977777243}",0.635447084903717,0.11808289587497711,0.21810874342918396,0.006800705101341009,0.009236072190105915,0.008980557322502136,0.0033439320977777243,0.0,0.0,0.0,0.0,0.0,0.0,0.0,0.0,0.0,0.0,0.0,0.0,0.0,0.0,neutral
"I think the reason schools are failing is because schools are not currently teaching these generations. You can't teach 21st century kids the same way kids were raised in the 20th century. They need to put kids who learn similar in the same class. They need to involve physical learning. And explain things simply. And teach kids in a way that makes sense.
EXAMPLE: I heard a story about a kid in class that could not write a essay on a piece of literature because he couldn't get it. So the teacher asked him to write a detailed essay on a comic. So he did and nailed it. The teacher essentially used what the kid understood (comics) in order to teach him to understand literature. Because he learned to write an essay on something he understood before writing an essay on literature. The education system needs to bring learning to life in a way that inspires kids to work hard and learn.",29,think reason schools failing schools currently teaching generations cant teach century kids way kids raised century need put kids learn similar class need involve physical learning explain things simply teach kids way makes sense example heard story kid class could write essay piece literature couldnt get teacher asked write detailed essay comic nailed teacher essentially used kid understood comics order teach understand literature learned write essay something understood writing essay literature education system needs bring learning life way inspires kids work hard learn,negative,0.6484614610671997,0,"{'fear': 0.5339516401290894, 'anger': 0.2945689558982849, 'sadness': 0.10380919277667999, 'neutral': 0.027657976374030113, 'surprise': 0.02122822217643261, 'disgust': 0.00998437125235796, 'joy': 0.9457042813301086, 'neutral_linguistic': 1.0, 'neutral_sentence_count': 1}",0.027657976374030113,0.02122822217643261,0.9457042813301086,0.2945689558982849,0.5339516401290894,0.10380919277667999,0.00998437125235796,1.0,0.0,0.0,0.0,0.0,0.0,0.0,1.0,0.0,0.0,0.0,0.0,0.0,0.0,joy
Teachers not allow to teach. Now the politicians and their political correct crap telling what you can and can't teach. Why the 90 scores now are in the 30's.,30,teachers allow teach politicians political correct crap telling cant teach scores,negative,0.8082980513572693,0,"{'anger': 0.459441602230072, 'neutral': 0.26371902227401733, 'disgust': 0.20300129055976868, 'sadness': 0.04570814222097397, 'surprise': 0.011232909746468067, 'joy': 0.009300019592046738, 'fear': 0.007597004994750023, 'sadness_linguistic': 1.0, 'sadness_sentence_count': 1}",0.26371902227401733,0.011232909746468067,0.009300019592046738,0.459441602230072,0.007597004994750023,0.04570814222097397,0.20300129055976868,0.0,0.0,0.0,0.0,0.0,1.0,0.0,0.0,0.0,0.0,0.0,0.0,1.0,0.0,sadness
"“Governments don't want a population capable of critical thinking, they want obedient workers, people just smart enough to run the machines - George Carlin",31,governments dont want population capable critical thinking want obedient workers people smart enough run machines george carlin,negative,0.5736314654350281,10,"{'neutral': 0.6783837676048279, 'anger': 0.23656003177165985, 'sadness': 0.040508780628442764, 'surprise': 0.017924802377820015, 'disgust': 0.015737321227788925, 'joy': 0.007247920148074627, 'fear': 0.0036372921895235777}",0.6783837676048279,0.017924802377820015,0.007247920148074627,0.23656003177165985,0.0036372921895235777,0.040508780628442764,0.015737321227788925,0.0,0.0,0.0,0.0,0.0,0.0,0.0,0.0,0.0,0.0,0.0,0.0,0.0,0.0,neutral
"Stop pushing kids to learn beyond what they want. Basic foundation, creativity, and building community, self-esteem, and showing several different career pathways early.",32,stop pushing kids learn beyond want basic foundation creativity building community selfesteem showing several different career pathways early,neutral,0.693018913269043,0,"{'neutral': 0.8051519989967346, 'surprise': 0.07474049925804138, 'anger': 0.04628836736083031, 'sadness': 0.04614062234759331, 'fear': 0.016055816784501076, 'joy': 0.008281860500574112, 'disgust': 0.0033408459275960922, 'love_linguistic': 2.0, 'love_sentence_count': 1}",0.8051519989967346,0.07474049925804138,0.008281860500574112,0.04628836736083031,0.016055816784501076,0.04614062234759331,0.0033408459275960922,0.0,0.0,0.0,0.0,0.0,0.0,0.0,0.0,0.0,0.0,0.0,0.0,0.0,0.0,neutral
America is trash,33,america trash,negative,0.8658079504966736,7,"{'neutral': 0.3921540379524231, 'disgust': 0.2338646650314331, 'sadness': 0.13639616966247559, 'anger': 0.09899702668190002, 'surprise': 0.07520925253629684, 'fear': 0.04053077474236488, 'joy': 0.02284809947013855}",0.3921540379524231,0.07520925253629684,0.02284809947013855,0.09899702668190002,0.04053077474236488,0.13639616966247559,0.2338646650314331,0.0,0.0,0.0,0.0,0.0,0.0,0.0,0.0,0.0,0.0,0.0,0.0,0.0,0.0,neutral
Cultural Marxist indoctrination centers funded by the oblivious sheep.,34,cultural marxist indoctrination centers funded oblivious sheep,negative,0.8587509989738464,-1,"{'neutral': 0.6516830325126648, 'disgust': 0.1569540649652481, 'anger': 0.12096136808395386, 'sadness': 0.03387890011072159, 'surprise': 0.01893283613026142, 'joy': 0.010432920418679714, 'fear': 0.007156818639487028, 'joy_linguistic': 1.0, 'joy_sentence_count': 1}",0.6516830325126648,0.01893283613026142,0.010432920418679714,0.12096136808395386,0.007156818639487028,0.03387890011072159,0.1569540649652481,0.0,0.0,1.0,0.0,0.0,0.0,0.0,0.0,0.0,1.0,0.0,0.0,0.0,0.0,neutral
"Not just in the US, here in the Philippines; half of my classmates don't even know how to read sentences and write em, they'll copy note letter from letter... Most of em cuts class and don't even do activities and the teachers being afraid of their reputation getting destroyed just cause a student isn't passing they give them a passing grade... Them teachers are unreal😂",35,philippines half classmates dont even know read sentences write theyll copy note letter letter cuts class dont even activities teachers afraid reputation getting destroyed cause student isnt passing give passing grade teachers unreal,negative,0.8369223475456238,-1,"{'fear': 0.9725087881088257, 'anger': 0.010220449417829514, 'sadness': 0.009001233614981174, 'surprise': 0.003333933185786009, 'neutral': 0.0025889009702950716, 'joy': 0.0020852559246122837, 'disgust': 0.0002614810655359179, 'fear_linguistic': 1.0, 'neutral_linguistic': 1.0, 'fear_sentence_count': 1, 'neutral_sentence_count': 1}",0.0025889009702950716,0.003333933185786009,0.0020852559246122837,0.010220449417829514,0.9725087881088257,0.009001233614981174,0.0002614810655359179,1.0,0.0,0.0,0.0,1.0,0.0,0.0,1.0,0.0,0.0,0.0,1.0,0.0,0.0,fear
TWO WORDS: SMART PHONE,36,two words smart phone,positive,0.534233033657074,34,"{'neutral': 0.8122518062591553, 'surprise': 0.12637180089950562, 'joy': 0.025050822645425797, 'sadness': 0.024761971086263657, 'anger': 0.005368231795728207, 'disgust': 0.0042924764566123486, 'fear': 0.0019027931848540902}",0.8122518062591553,0.12637180089950562,0.025050822645425797,0.005368231795728207,0.0019027931848540902,0.024761971086263657,0.0042924764566123486,0.0,0.0,0.0,0.0,0.0,0.0,0.0,0.0,0.0,0.0,0.0,0.0,0.0,0.0,neutral
"I wouldn't want US students to have Asian countries' academic performance if it comes at the cost of their childhoods and identity. Top students in the US already deal with excessive stress and exhaustion to get into top colleges, I don't want the whole country to be that imbalanced and unhealthy. It would make me really sad if US students were going to cram schools and being completely consumed studying morning-to-night like in East Asian countries.",37,wouldnt want students asian countries academic performance comes cost childhoods identity top students already deal excessive stress exhaustion get top colleges dont want whole country imbalanced unhealthy would make really sad students going cram schools completely consumed studying morningtonight like east asian countries,negative,0.7836575508117676,1,"{'sadness': 0.9715163111686707, 'surprise': 0.0108879916369915, 'joy': 0.010477966628968716, 'neutral': 0.00408386904746294, 'anger': 0.002061164937913418, 'fear': 0.0006032359087839723, 'disgust': 0.0003694097977131605, 'sadness_linguistic': 1.2, 'neutral_linguistic': 1.2, 'sadness_sentence_count': 1, 'neutral_sentence_count': 1}",0.00408386904746294,0.0108879916369915,0.010477966628968716,0.002061164937913418,0.0006032359087839723,0.9715163111686707,0.0003694097977131605,1.2,0.0,0.0,0.0,0.0,1.2,0.0,1.0,0.0,0.0,0.0,0.0,1.0,0.0,sadness
It's all democratic run establishments that's why it's failing and so many crimes in our schools teaching crap define this define that go back to the basics of actual schooling leave your crap views out of our kids lives let them decide what he or she is and wants to do with there life period,38,democratic run establishments thats failing many crimes schools teaching crap define define back basics actual schooling leave crap views kids lives let decide wants life period,negative,0.903063952922821,0,"{'anger': 0.5635161399841309, 'disgust': 0.1693158745765686, 'sadness': 0.15283241868019104, 'neutral': 0.09765764325857162, 'joy': 0.00719322869554162, 'surprise': 0.005236777011305094, 'fear': 0.004247867967933416, 'neutral_linguistic': 1.0, 'neutral_sentence_count': 1}",0.09765764325857162,0.005236777011305094,0.00719322869554162,0.5635161399841309,0.004247867967933416,0.15283241868019104,0.1693158745765686,1.0,0.0,0.0,0.0,0.0,0.0,0.0,1.0,0.0,0.0,0.0,0.0,0.0,0.0,neutral
"cough easy, they spend 3x more on military then education...  expect stupid ppl    LOL",39,cough easy spend military education expect stupid ppl lol,negative,0.9201622009277344,-1,"{'anger': 0.6481148600578308, 'neutral': 0.15569539368152618, 'sadness': 0.08457469940185547, 'disgust': 0.04553148150444031, 'joy': 0.03127747029066086, 'fear': 0.021103084087371826, 'surprise': 0.013703045435249805}",0.15569539368152618,0.013703045435249805,0.03127747029066086,0.6481148600578308,0.021103084087371826,0.08457469940185547,0.04553148150444031,0.0,0.0,0.0,0.0,0.0,0.0,0.0,0.0,0.0,0.0,0.0,0.0,0.0,0.0,anger
We are inserting politics into everything and it is poisoning everything we do.,40,inserting politics everything poisoning everything,negative,0.8776267170906067,50,"{'anger': 0.527510941028595, 'disgust': 0.35674646496772766, 'fear': 0.03862284868955612, 'neutral': 0.03797140344977379, 'sadness': 0.03237316012382507, 'surprise': 0.004467137157917023, 'joy': 0.002307981951162219}",0.03797140344977379,0.004467137157917023,0.002307981951162219,0.527510941028595,0.03862284868955612,0.03237316012382507,0.35674646496772766,0.0,0.0,0.0,0.0,0.0,0.0,0.0,0.0,0.0,0.0,0.0,0.0,0.0,0.0,anger
"If you have trouble defining what a woman is and ascertaining pronouns, you’re not gonna do well at math which requires logic and reasoning",41,trouble defining woman ascertaining pronouns youre gonna well math requires logic reasoning,negative,0.7653424739837646,-1,"{'fear': 0.5253751277923584, 'neutral': 0.22917789220809937, 'anger': 0.09042152017354965, 'joy': 0.05755648761987686, 'sadness': 0.04865512251853943, 'surprise': 0.0380663201212883, 'disgust': 0.010747543536126614}",0.22917789220809937,0.0380663201212883,0.05755648761987686,0.09042152017354965,0.5253751277923584,0.04865512251853943,0.010747543536126614,0.0,0.0,0.0,0.0,0.0,0.0,0.0,0.0,0.0,0.0,0.0,0.0,0.0,0.0,fear
Let's ignore the Elephant in the Room.   The kids are stupid.  Intelligent people stopped having babies decades ago.  The children of morons are predominantly morons.  Stopped throwing good money after bad.,42,lets ignore elephant room kids stupid intelligent people stopped babies decades ago children morons predominantly morons stopped throwing good money bad,negative,0.8958287835121155,-1,"{'anger': 0.8177226781845093, 'neutral': 0.07975426316261292, 'sadness': 0.04583149403333664, 'disgust': 0.040531378239393234, 'surprise': 0.006779889110475779, 'joy': 0.006122578866779804, 'fear': 0.0032578539103269577}",0.07975426316261292,0.006779889110475779,0.006122578866779804,0.8177226781845093,0.0032578539103269577,0.04583149403333664,0.040531378239393234,0.0,0.0,0.0,0.0,0.0,0.0,0.0,0.0,0.0,0.0,0.0,0.0,0.0,0.0,anger
Cause everyone wants to open only fan account when they grow up 😂😂😂😂😂,43,cause everyone wants open fan account grow,neutral,0.5835700035095215,17,"{'neutral': 0.5532452464103699, 'surprise': 0.20677237212657928, 'joy': 0.14183808863162994, 'anger': 0.07899246364831924, 'sadness': 0.012818374671041965, 'disgust': 0.004813655279576778, 'fear': 0.001519815414212644}",0.5532452464103699,0.20677237212657928,0.14183808863162994,0.07899246364831924,0.001519815414212644,0.012818374671041965,0.004813655279576778,0.0,0.0,0.0,0.0,0.0,0.0,0.0,0.0,0.0,0.0,0.0,0.0,0.0,0.0,neutral
The American education system is broken because America itself has fallen apart,44,american education system broken america fallen apart,negative,0.9262710809707642,0,"{'sadness': 0.8613932132720947, 'anger': 0.07891658693552017, 'surprise': 0.030206112191081047, 'fear': 0.013298822566866875, 'neutral': 0.010633347555994987, 'joy': 0.0045805759727954865, 'disgust': 0.0009713332401588559, 'sadness_linguistic': 1.0, 'sadness_sentence_count': 1}",0.010633347555994987,0.030206112191081047,0.0045805759727954865,0.07891658693552017,0.013298822566866875,0.8613932132720947,0.0009713332401588559,0.0,0.0,0.0,0.0,0.0,1.0,0.0,0.0,0.0,0.0,0.0,0.0,1.0,0.0,sadness
Have you tried common core? It’s crazy confusing,46,tried common core crazy confusing,negative,0.5891425013542175,3,"{'neutral': 0.7268717288970947, 'surprise': 0.109527088701725, 'anger': 0.09171884506940842, 'sadness': 0.03053264506161213, 'fear': 0.018985774368047714, 'disgust': 0.012015852145850658, 'joy': 0.010348033159971237, 'surprise_linguistic': 1.0, 'surprise_sentence_count': 1}",0.7268717288970947,0.109527088701725,0.010348033159971237,0.09171884506940842,0.018985774368047714,0.03053264506161213,0.012015852145850658,0.0,1.0,0.0,0.0,0.0,0.0,0.0,0.0,1.0,0.0,0.0,0.0,0.0,0.0,surprise
"There is no culture in America. That's why it's failing. There is no respect towards education, teachers, books... Sexual education is introduced as soon as you are born.. There is no discipline in school students... it's got to fail..",47,culture america thats failing respect towards education teachers books sexual education introduced soon born discipline school students got fail,negative,0.9295836091041565,-1,"{'sadness': 0.783653736114502, 'anger': 0.07948927581310272, 'neutral': 0.06256745755672455, 'surprise': 0.03856664150953293, 'disgust': 0.026923831552267075, 'joy': 0.005763511639088392, 'fear': 0.0030355704948306084, 'love_linguistic': 1.0, 'love_sentence_count': 1}",0.06256745755672455,0.03856664150953293,0.005763511639088392,0.07948927581310272,0.0030355704948306084,0.783653736114502,0.026923831552267075,0.0,0.0,0.0,0.0,0.0,0.0,0.0,0.0,0.0,0.0,0.0,0.0,0.0,0.0,sadness
The reason everything is failing is because the nation lowered it's standards. It was more important to be inclusive then it was to educate. Feelings became more important then facts.,48,reason everything failing nation lowered standards important inclusive educate feelings became important facts,negative,0.8952486515045166,12,"{'anger': 0.4370187520980835, 'sadness': 0.3251960575580597, 'neutral': 0.07073332369327545, 'joy': 0.06780049949884415, 'surprise': 0.0643581748008728, 'fear': 0.028468739241361618, 'disgust': 0.00642438093200326, 'sadness_linguistic': 1.0, 'sadness_sentence_count': 1}",0.07073332369327545,0.0643581748008728,0.06780049949884415,0.4370187520980835,0.028468739241361618,0.3251960575580597,0.00642438093200326,0.0,0.0,0.0,0.0,0.0,1.0,0.0,0.0,0.0,0.0,0.0,0.0,1.0,0.0,sadness
This was taught prior to common core. Once pacing guides and new standards were set up those things were cut due to lack of time. Also many young students are now used to short quick lessons and moving on. They no longer have the stamina to sit through long explanation and practice of tools and they don't see an incentive to those practices. Even though as you said they will some day find it useful.,49,taught prior common core pacing guides new standards set things cut due lack time also many young students used short quick lessons moving longer stamina sit long explanation practice tools dont see incentive practices even though said day find useful,negative,0.5167353749275208,0,"{'sadness': 0.4733830392360687, 'neutral': 0.29495492577552795, 'surprise': 0.13420678675174713, 'anger': 0.057342395186424255, 'joy': 0.028320128098130226, 'disgust': 0.00872988160699606, 'fear': 0.0030628477688878775, 'neutral_linguistic': 1.0, 'neutral_sentence_count': 1}",0.29495492577552795,0.13420678675174713,0.028320128098130226,0.057342395186424255,0.0030628477688878775,0.4733830392360687,0.00872988160699606,1.0,0.0,0.0,0.0,0.0,0.0,0.0,1.0,0.0,0.0,0.0,0.0,0.0,0.0,neutral
As a teacher I can tell you common core is a joke. it doesn't make sense. we need to get rid of no child left behind and get rid of teachers unions. the woke garbage you learn in college courses doesn't help you be a better teacher.,50,teacher tell common core joke doesnt make sense need get rid child left behind get rid teachers unions woke garbage learn college courses doesnt help better teacher,negative,0.9421996474266052,-1,"{'anger': 0.4716220796108246, 'sadness': 0.2866855263710022, 'neutral': 0.1317034363746643, 'surprise': 0.04341668263077736, 'disgust': 0.030980683863162994, 'joy': 0.02985474094748497, 'fear': 0.005736807826906443}",0.1317034363746643,0.04341668263077736,0.02985474094748497,0.4716220796108246,0.005736807826906443,0.2866855263710022,0.030980683863162994,0.0,0.0,0.0,0.0,0.0,0.0,0.0,0.0,0.0,0.0,0.0,0.0,0.0,0.0,anger
"Because conservatives and extremists are meddling in education of students, by banning books that is against their narrative.",52,conservatives extremists meddling education students banning books narrative,negative,0.8273263573646545,36,"{'anger': 0.8659551739692688, 'disgust': 0.05686434358358383, 'neutral': 0.0425533689558506, 'fear': 0.015242394059896469, 'sadness': 0.012558826245367527, 'surprise': 0.005540907382965088, 'joy': 0.0012850386556237936}",0.0425533689558506,0.005540907382965088,0.0012850386556237936,0.8659551739692688,0.015242394059896469,0.012558826245367527,0.05686434358358383,0.0,0.0,0.0,0.0,0.0,0.0,0.0,0.0,0.0,0.0,0.0,0.0,0.0,0.0,anger
"The biggest reason is that a majority of kids are lazy and entitled, and parents aren’t parenting. Couple that with smartphones, abysmal teacher pay, culture wars, and some other factors, and there you go.",53,biggest reason majority kids lazy entitled parents arent parenting couple smartphones abysmal teacher pay culture wars factors,negative,0.913418173789978,20,"{'sadness': 0.4313868582248688, 'anger': 0.423503041267395, 'neutral': 0.07443365454673767, 'surprise': 0.035206131637096405, 'disgust': 0.023777958005666733, 'joy': 0.0065910411067306995, 'fear': 0.00510140135884285}",0.07443365454673767,0.035206131637096405,0.0065910411067306995,0.423503041267395,0.00510140135884285,0.4313868582248688,0.023777958005666733,0.0,0.0,0.0,0.0,0.0,0.0,0.0,0.0,0.0,0.0,0.0,0.0,0.0,0.0,sadness
"Keeping people uneducated is a well known means of the powerful to stay in power. Or get in power, see D. Trump. He wants to get rid of the dep of education. Uneducated people cannot think for themselves, they follow the demagogues.",54,keeping people uneducated well known means powerful stay power get power see trump wants get rid dep education uneducated people cannot think follow demagogues,negative,0.6753613352775574,52,"{'neutral': 0.4712245762348175, 'sadness': 0.257295697927475, 'anger': 0.16570715606212616, 'joy': 0.04515646770596504, 'surprise': 0.03775441274046898, 'disgust': 0.013824894092977047, 'fear': 0.0090367766097188, 'sadness_linguistic': 1.0, 'anger_linguistic': 1.0, 'sadness_sentence_count': 1, 'anger_sentence_count': 1}",0.4712245762348175,0.03775441274046898,0.04515646770596504,0.16570715606212616,0.0090367766097188,0.257295697927475,0.013824894092977047,0.0,0.0,0.0,1.0,0.0,1.0,0.0,0.0,0.0,0.0,1.0,0.0,1.0,0.0,sadness
Why don’t we integrate some effective education systems from abroad into our education ?,55,dont integrate effective education systems abroad education,neutral,0.49259331822395325,1,"{'sadness': 0.5462185144424438, 'neutral': 0.30437713861465454, 'anger': 0.07260835915803909, 'fear': 0.0389556810259819, 'disgust': 0.021676918491721153, 'surprise': 0.012264419347047806, 'joy': 0.0038989356253296137}",0.30437713861465454,0.012264419347047806,0.0038989356253296137,0.07260835915803909,0.0389556810259819,0.5462185144424438,0.021676918491721153,0.0,0.0,0.0,0.0,0.0,0.0,0.0,0.0,0.0,0.0,0.0,0.0,0.0,0.0,sadness
The schools are dumbed down to accommodate the MILLIONS of MIGRANTS from THIRD WORLD countries that have low literacy rates.,56,schools dumbed accommodate millions migrants third world countries low literacy rates,negative,0.8557916879653931,11,"{'sadness': 0.3495153784751892, 'anger': 0.2608644962310791, 'neutral': 0.2503674626350403, 'disgust': 0.07876326143741608, 'surprise': 0.050201594829559326, 'joy': 0.006004030816257, 'fear': 0.004283863119781017, 'sadness_linguistic': 1.0, 'sadness_sentence_count': 1}",0.2503674626350403,0.050201594829559326,0.006004030816257,0.2608644962310791,0.004283863119781017,0.3495153784751892,0.07876326143741608,0.0,0.0,0.0,0.0,0.0,1.0,0.0,0.0,0.0,0.0,0.0,0.0,1.0,0.0,sadness
"I grew up in the 80's and heard the education system was brokern and they made movies about, then as young adult in the 90's people said the education system was broken and they movies about, in the 2000's it was broken, in 2010 it was broken .....",57,grew heard education system brokern made movies young adult people said education system broken movies broken broken,negative,0.7191786170005798,32,"{'sadness': 0.5590109825134277, 'anger': 0.21824228763580322, 'surprise': 0.11620830744504929, 'neutral': 0.06821057945489883, 'disgust': 0.028202002868056297, 'joy': 0.0061830864287912846, 'fear': 0.003942747600376606, 'sadness_linguistic': 1.0, 'anger_linguistic': 1.0, 'sadness_sentence_count': 1, 'anger_sentence_count': 1}",0.06821057945489883,0.11620830744504929,0.0061830864287912846,0.21824228763580322,0.003942747600376606,0.5590109825134277,0.028202002868056297,0.0,0.0,0.0,1.0,0.0,1.0,0.0,0.0,0.0,0.0,1.0,0.0,1.0,0.0,sadness
This is the most wrong thing anyone has ever said.  Public schools have been taken over by atheists.  They have removed all hints of religion and teaching boys to become girls.  Sorry but that's certainly not in the bible.,58,wrong thing anyone ever said public schools taken atheists removed hints religion teaching boys become girls sorry thats certainly bible,negative,0.9052332043647766,28,"{'sadness': 0.5883875489234924, 'surprise': 0.21294257044792175, 'neutral': 0.15107962489128113, 'disgust': 0.018710274249315262, 'anger': 0.013647590763866901, 'fear': 0.007631579879671335, 'joy': 0.007600816432386637, 'sadness_linguistic': 1.0, 'neutral_linguistic': 1.0, 'sadness_sentence_count': 1, 'neutral_sentence_count': 1}",0.15107962489128113,0.21294257044792175,0.007600816432386637,0.013647590763866901,0.007631579879671335,0.5883875489234924,0.018710274249315262,1.0,0.0,0.0,0.0,0.0,1.0,0.0,1.0,0.0,0.0,0.0,0.0,1.0,0.0,sadness
It’s because of black people,59,black people,neutral,0.4883144199848175,33,"{'neutral': 0.5100313425064087, 'sadness': 0.34579530358314514, 'surprise': 0.07206615060567856, 'joy': 0.023197323083877563, 'anger': 0.022202106192708015, 'fear': 0.015826702117919922, 'disgust': 0.010881180875003338}",0.5100313425064087,0.07206615060567856,0.023197323083877563,0.022202106192708015,0.015826702117919922,0.34579530358314514,0.010881180875003338,0.0,0.0,0.0,0.0,0.0,0.0,0.0,0.0,0.0,0.0,0.0,0.0,0.0,0.0,neutral
It teaches kids how to give up on their dreams and be mindless Corporate robots working 9-5 more than actually being kids & setting them up for a successful future.,60,teaches kids give dreams mindless corporate robots working actually kids setting successful future,negative,0.7306163311004639,-1,"{'neutral': 0.5896017551422119, 'anger': 0.2369493693113327, 'joy': 0.06465782970190048, 'disgust': 0.042601726949214935, 'sadness': 0.034982021898031235, 'surprise': 0.02916719578206539, 'fear': 0.002040024846792221, 'neutral_linguistic': 1.0, 'neutral_sentence_count': 1}",0.5896017551422119,0.02916719578206539,0.06465782970190048,0.2369493693113327,0.002040024846792221,0.034982021898031235,0.042601726949214935,1.0,0.0,0.0,0.0,0.0,0.0,0.0,1.0,0.0,0.0,0.0,0.0,0.0,0.0,neutral
"The wages should be as followed;
Pre kindergarten- 50,797.00 per year salary
Kindergarten- 70,687.00 salary in trust
1sr and 2nd grades - 70,689.00
3rd-5th grades- 50,876.00
6th and 7th grades- 51, 655.00
8th and 9th grades- 30,995.00
10th through senior 11th- 121,360.00
12th senior and pre- training college(13th) 121,365.00!!!!

Please use these numbers and put them forward in the system cares!  Thanks",61,wages followed pre kindergarten per year salary kindergarten salary trust grades rdth grades grades grades senior senior pre training collegeth please use numbers put forward system cares thanks,neutral,0.8136036396026611,2,"{'neutral': 0.8534153699874878, 'joy': 0.050874028354883194, 'surprise': 0.046687763184309006, 'sadness': 0.03466258943080902, 'anger': 0.009620417840778828, 'disgust': 0.0028697249945253134, 'fear': 0.0018701173830777407, 'sadness_linguistic': 1.0, 'love_linguistic': 1.0, 'sadness_sentence_count': 1, 'love_sentence_count': 1}",0.8534153699874878,0.046687763184309006,0.050874028354883194,0.009620417840778828,0.0018701173830777407,0.03466258943080902,0.0028697249945253134,0.0,0.0,0.0,0.0,0.0,1.0,0.0,0.0,0.0,0.0,0.0,0.0,1.0,0.0,neutral
"Teachers and schools don’t do that. They rarely have a time to go to bathroom. Stop falling for propaganda by extreme right wing nut jobs. From where do kids learn sexuality or so-called left wing politics? Social media. Never from schools or teachers. 
It does not matter whether you are right wing or left wing. When you become extreme, you are equally ignorant.",62,teachers schools dont rarely time bathroom stop falling propaganda extreme right wing nut jobs kids learn sexuality socalled left wing politics social media never schools teachers matter whether right wing left wing become extreme equally ignorant,negative,0.7797728180885315,36,"{'neutral': 0.6854836344718933, 'anger': 0.08754326403141022, 'surprise': 0.08326543122529984, 'sadness': 0.07355254888534546, 'fear': 0.04227595776319504, 'disgust': 0.015530145727097988, 'joy': 0.012348952703177929}",0.6854836344718933,0.08326543122529984,0.012348952703177929,0.08754326403141022,0.04227595776319504,0.07355254888534546,0.015530145727097988,0.0,0.0,0.0,0.0,0.0,0.0,0.0,0.0,0.0,0.0,0.0,0.0,0.0,0.0,neutral
"Schools fail children by allowing them to advance to the next grade when they have failed the last grade.  Both of m kids dropped out and got GED due to bullying, bully's need severe punishment, school should be a safe place for all kids!",63,schools fail children allowing advance next grade failed last grade kids dropped got ged due bullying bullys need severe punishment school safe place kids,negative,0.8886623978614807,22,"{'anger': 0.481031596660614, 'sadness': 0.43523383140563965, 'neutral': 0.03549990803003311, 'fear': 0.016086291521787643, 'disgust': 0.011626624502241611, 'joy': 0.011056927964091301, 'surprise': 0.009464913047850132, 'sadness_linguistic': 1.0, 'sadness_sentence_count': 1}",0.03549990803003311,0.009464913047850132,0.011056927964091301,0.481031596660614,0.016086291521787643,0.43523383140563965,0.011626624502241611,0.0,0.0,0.0,0.0,0.0,1.0,0.0,0.0,0.0,0.0,0.0,0.0,1.0,0.0,sadness
"IMO the reason education is so bad in the USA is because we started to teach our children what to think, and not taught how to think.",64,imo reason education bad usa started teach children think taught think,negative,0.8953181505203247,-1,"{'surprise': 0.33165594935417175, 'sadness': 0.2736191749572754, 'anger': 0.21346695721149445, 'neutral': 0.11733169108629227, 'fear': 0.02856239676475525, 'joy': 0.023839406669139862, 'disgust': 0.01152439322322607}",0.11733169108629227,0.33165594935417175,0.023839406669139862,0.21346695721149445,0.02856239676475525,0.2736191749572754,0.01152439322322607,0.0,0.0,0.0,0.0,0.0,0.0,0.0,0.0,0.0,0.0,0.0,0.0,0.0,0.0,surprise
The system doesn't fail. The children fail and their parents blame the system.,65,system doesnt fail children fail parents blame system,negative,0.839911699295044,16,"{'sadness': 0.6164900064468384, 'anger': 0.21573756635189056, 'neutral': 0.13477489352226257, 'disgust': 0.011351406574249268, 'fear': 0.008569132536649704, 'surprise': 0.008395888842642307, 'joy': 0.004681100603193045}",0.13477489352226257,0.008395888842642307,0.004681100603193045,0.21573756635189056,0.008569132536649704,0.6164900064468384,0.011351406574249268,0.0,0.0,0.0,0.0,0.0,0.0,0.0,0.0,0.0,0.0,0.0,0.0,0.0,0.0,sadness
The only thing my black daughter learn to in school is how to get money from the govt and complain about white people!!!!!,66,thing black daughter learn school get money govt complain white people,negative,0.7998420000076294,33,"{'anger': 0.7022272348403931, 'sadness': 0.11137010157108307, 'surprise': 0.06958284974098206, 'neutral': 0.05624312534928322, 'joy': 0.050237346440553665, 'fear': 0.007821973413228989, 'disgust': 0.002517428481951356}",0.05624312534928322,0.06958284974098206,0.050237346440553665,0.7022272348403931,0.007821973413228989,0.11137010157108307,0.002517428481951356,0.0,0.0,0.0,0.0,0.0,0.0,0.0,0.0,0.0,0.0,0.0,0.0,0.0,0.0,anger
"Social security is supposed to supplement retirement income, not be the source. School is supposed to supplement a kids education, not be the primary source. Nothing can substitute good parenting, a stable/learning family life, and parents disciplining kids/supporting school discipline/rules. If parents and schools don't move in the same direction/work together, it doesn't work.",67,social security supposed supplement retirement income source school supposed supplement kids education primary source nothing substitute good parenting stablelearning family life parents disciplining kidssupporting school disciplinerules parents schools dont move directionwork together doesnt work,negative,0.5352480411529541,0,"{'joy': 0.6487541198730469, 'sadness': 0.1779772937297821, 'neutral': 0.08814769983291626, 'surprise': 0.039763420820236206, 'anger': 0.039307255297899246, 'disgust': 0.0031985368113964796, 'fear': 0.0028517330065369606}",0.08814769983291626,0.039763420820236206,0.6487541198730469,0.039307255297899246,0.0028517330065369606,0.1779772937297821,0.0031985368113964796,0.0,0.0,0.0,0.0,0.0,0.0,0.0,0.0,0.0,0.0,0.0,0.0,0.0,0.0,joy
So where is all the money in education going too if not teachers salary?,68,money education going teachers salary,neutral,0.5352376699447632,2,"{'neutral': 0.5028334856033325, 'surprise': 0.18482957780361176, 'anger': 0.10763179510831833, 'joy': 0.09962034225463867, 'sadness': 0.074061818420887, 'disgust': 0.024493331089615822, 'fear': 0.006529645994305611}",0.5028334856033325,0.18482957780361176,0.09962034225463867,0.10763179510831833,0.006529645994305611,0.074061818420887,0.024493331089615822,0.0,0.0,0.0,0.0,0.0,0.0,0.0,0.0,0.0,0.0,0.0,0.0,0.0,0.0,neutral
They act like they didn't know lol this was by design,69,act like didnt know lol design,neutral,0.5338937640190125,49,"{'neutral': 0.4111793339252472, 'surprise': 0.24586227536201477, 'joy': 0.18960188329219818, 'sadness': 0.1272004395723343, 'anger': 0.01616506651043892, 'fear': 0.00544147752225399, 'disgust': 0.004549491219222546}",0.4111793339252472,0.24586227536201477,0.18960188329219818,0.01616506651043892,0.00544147752225399,0.1272004395723343,0.004549491219222546,0.0,0.0,0.0,0.0,0.0,0.0,0.0,0.0,0.0,0.0,0.0,0.0,0.0,0.0,neutral
All you have to do is start with the teachers union,71,start teachers union,neutral,0.8096686005592346,14,"{'fear': 0.6515461802482605, 'anger': 0.2896428406238556, 'neutral': 0.023601127788424492, 'sadness': 0.013709078542888165, 'surprise': 0.013187346048653126, 'joy': 0.005976611748337746, 'disgust': 0.0023369095288217068}",0.023601127788424492,0.013187346048653126,0.005976611748337746,0.2896428406238556,0.6515461802482605,0.013709078542888165,0.0023369095288217068,0.0,0.0,0.0,0.0,0.0,0.0,0.0,0.0,0.0,0.0,0.0,0.0,0.0,0.0,fear
My complaint they kept pushing me to take college prep courses. I wanted to learn a trade.,72,complaint kept pushing take college prep courses wanted learn trade,negative,0.6181132793426514,-1,"{'anger': 0.6315661072731018, 'neutral': 0.2742088735103607, 'sadness': 0.030705252662301064, 'fear': 0.024360600858926773, 'surprise': 0.016524389386177063, 'disgust': 0.015526540577411652, 'joy': 0.00710830744355917}",0.2742088735103607,0.016524389386177063,0.00710830744355917,0.6315661072731018,0.024360600858926773,0.030705252662301064,0.015526540577411652,0.0,0.0,0.0,0.0,0.0,0.0,0.0,0.0,0.0,0.0,0.0,0.0,0.0,0.0,anger
"Because you have morons running the country. On both sides. The fact that people believe in a mythological book, giants, and a flat earth is an unnerving situation.",73,morons running country sides fact people believe mythological book giants flat earth unnerving situation,negative,0.9250537157058716,44,"{'fear': 0.9427986741065979, 'surprise': 0.033294595777988434, 'neutral': 0.013450109399855137, 'anger': 0.002919147489592433, 'joy': 0.002877074060961604, 'sadness': 0.002854016376659274, 'disgust': 0.0018062923336401582}",0.013450109399855137,0.033294595777988434,0.002877074060961604,0.002919147489592433,0.9427986741065979,0.002854016376659274,0.0018062923336401582,0.0,0.0,0.0,0.0,0.0,0.0,0.0,0.0,0.0,0.0,0.0,0.0,0.0,0.0,fear
I need to address the elephant in the room. Christian nationalism is bad for education. Take religion out of school.,74,need address elephant room christian nationalism bad education take religion school,negative,0.7910633087158203,28,"{'sadness': 0.7740112543106079, 'neutral': 0.14695295691490173, 'surprise': 0.051801376044750214, 'anger': 0.013738326728343964, 'joy': 0.007185392081737518, 'fear': 0.003952919505536556, 'disgust': 0.002357752528041601}",0.14695295691490173,0.051801376044750214,0.007185392081737518,0.013738326728343964,0.003952919505536556,0.7740112543106079,0.002357752528041601,0.0,0.0,0.0,0.0,0.0,0.0,0.0,0.0,0.0,0.0,0.0,0.0,0.0,0.0,sadness
"Getting a bit of PTSD from just a few minutes of this.  Retired now, but when I was teaching, bureaucrats were ALWAYS buying into some scheme that would change schools for the better.  Of course they never worked.  For one thing, it took most of a term to impose the cursed Professional Development on us, so by the time we were actually ready to implement the scheme, the school year was about over.  A huge waste of time, and teachers' time is really at a premium.  No matter what, teachers are alwsys told to do more and more and more and if you have a problem, it's up to you to figure it out.  Don't get me started.",75,getting bit ptsd minutes retired teaching bureaucrats always buying scheme would change schools better course never worked one thing took term impose cursed professional development time actually ready implement scheme school year huge waste time teachers time really premium matter teachers alwsys told problem figure dont get started,negative,0.672769695520401,-1,"{'sadness': 0.6021228432655334, 'surprise': 0.17444270849227905, 'neutral': 0.14126922190189362, 'anger': 0.04161606729030609, 'joy': 0.03433869406580925, 'disgust': 0.0031233071349561214, 'fear': 0.0030871976632624865, 'sadness_linguistic': 1.2, 'neutral_sentence_count': 1}",0.14126922190189362,0.17444270849227905,0.03433869406580925,0.04161606729030609,0.0030871976632624865,0.6021228432655334,0.0031233071349561214,0.0,0.0,0.0,0.0,0.0,1.2,0.0,1.0,0.0,0.0,0.0,0.0,0.0,0.0,sadness
"how about discipline at home by parents? unruly students is a hindrance between teacher and student. american kids don't respect their teachers. so they are dumb.
addtionally, US is beefing up its military strength. so, funds get allocated to it.",76,discipline home parents unruly students hindrance teacher student american kids dont respect teachers dumb addtionally beefing military strength funds get allocated,negative,0.8084477186203003,0,"{'anger': 0.9718813300132751, 'disgust': 0.009621569886803627, 'sadness': 0.00943677220493555, 'neutral': 0.005030485801398754, 'joy': 0.0016856356523931026, 'fear': 0.00146058842074126, 'surprise': 0.0008834798936732113, 'joy_linguistic': 1.0, 'love_linguistic': 1.0, 'joy_sentence_count': 1, 'love_sentence_count': 1}",0.005030485801398754,0.0008834798936732113,0.0016856356523931026,0.9718813300132751,0.00146058842074126,0.00943677220493555,0.009621569886803627,0.0,0.0,1.0,0.0,0.0,0.0,0.0,0.0,0.0,1.0,0.0,0.0,0.0,0.0,anger
"Why the education system here in the US is failing cause we have a bunch of activists in our school especially in college level instead of they teaching math,science,English they teach how to become woke",77,education system failing cause bunch activists school especially college level instead teaching mathscienceenglish teach become woke,negative,0.8914201855659485,5,"{'neutral': 0.3494296371936798, 'fear': 0.2676265835762024, 'anger': 0.17138329148292542, 'sadness': 0.12612508237361908, 'surprise': 0.06261587142944336, 'disgust': 0.012266318313777447, 'joy': 0.010553192347288132, 'love_linguistic': 1.0, 'love_sentence_count': 1}",0.3494296371936798,0.06261587142944336,0.010553192347288132,0.17138329148292542,0.2676265835762024,0.12612508237361908,0.012266318313777447,0.0,0.0,0.0,0.0,0.0,0.0,0.0,0.0,0.0,0.0,0.0,0.0,0.0,0.0,neutral
"What are other countries doing right?  Well, quite frankly, Americans can't be bothered to know that for the most part.  Along with a host of other good ideas from other countries, it's unamerican to follow them.",78,countries right well quite frankly americans cant bothered know part along host good ideas countries unamerican follow,negative,0.7992748022079468,7,"{'neutral': 0.4845944941043854, 'surprise': 0.3098715543746948, 'sadness': 0.10091570019721985, 'joy': 0.05130757391452789, 'anger': 0.04334383085370064, 'disgust': 0.00783532578498125, 'fear': 0.0021315438207238913, 'sadness_linguistic': 1.2, 'sadness_sentence_count': 1}",0.4845944941043854,0.3098715543746948,0.05130757391452789,0.04334383085370064,0.0021315438207238913,0.10091570019721985,0.00783532578498125,0.0,0.0,0.0,0.0,0.0,1.2,0.0,0.0,0.0,0.0,0.0,0.0,1.0,0.0,sadness
we have the same kind of idiots running the system in my home land,79,kind idiots running system home land,negative,0.9242209196090698,-1,"{'anger': 0.42514124512672424, 'disgust': 0.27744340896606445, 'neutral': 0.23079264163970947, 'sadness': 0.03266897052526474, 'surprise': 0.019980618730187416, 'joy': 0.010207789950072765, 'fear': 0.0037653716281056404}",0.23079264163970947,0.019980618730187416,0.010207789950072765,0.42514124512672424,0.0037653716281056404,0.03266897052526474,0.27744340896606445,0.0,0.0,0.0,0.0,0.0,0.0,0.0,0.0,0.0,0.0,0.0,0.0,0.0,0.0,anger
a student who goes to school to go to school to go retire at a school. They have 0 life experience.,80,student goes school school retire school life experience,negative,0.6818166375160217,-1,"{'neutral': 0.5413612723350525, 'sadness': 0.23492787778377533, 'surprise': 0.09672319889068604, 'joy': 0.048468686640262604, 'anger': 0.04267510771751404, 'fear': 0.028146466240286827, 'disgust': 0.007697457447648048}",0.5413612723350525,0.09672319889068604,0.048468686640262604,0.04267510771751404,0.028146466240286827,0.23492787778377533,0.007697457447648048,0.0,0.0,0.0,0.0,0.0,0.0,0.0,0.0,0.0,0.0,0.0,0.0,0.0,0.0,neutral
"Because parents  think that schools are a baby sitting environment for their unruly children and believe they know more than our teachers. Oh, and teachers not being enough.",81,parents think schools baby sitting environment unruly children believe know teachers teachers enough,negative,0.8118359446525574,0,"{'anger': 0.9171637296676636, 'fear': 0.027485793456435204, 'sadness': 0.024750057607889175, 'neutral': 0.009143873117864132, 'surprise': 0.00813703890889883, 'joy': 0.007983624003827572, 'disgust': 0.005335909314453602}",0.009143873117864132,0.00813703890889883,0.007983624003827572,0.9171637296676636,0.027485793456435204,0.024750057607889175,0.005335909314453602,0.0,0.0,0.0,0.0,0.0,0.0,0.0,0.0,0.0,0.0,0.0,0.0,0.0,0.0,anger
"Yeah, and now we have banned books. This is going to get worse.",82,yeah banned books going get worse,negative,0.9425696730613708,22,"{'disgust': 0.6482468843460083, 'anger': 0.1828213483095169, 'sadness': 0.09536777436733246, 'fear': 0.04036879912018776, 'neutral': 0.023076245561242104, 'surprise': 0.005061915144324303, 'joy': 0.005057111848145723}",0.023076245561242104,0.005061915144324303,0.005057111848145723,0.1828213483095169,0.04036879912018776,0.09536777436733246,0.6482468843460083,0.0,0.0,0.0,0.0,0.0,0.0,0.0,0.0,0.0,0.0,0.0,0.0,0.0,0.0,disgust
"The real reason schools are failing?
Liberal woke democrat controlled union.
80% women teachers.
Ideology instead of education.
What else would you expect except failure?",83,real reason schools failing liberal woke democrat controlled union women teachers ideology instead education else would expect except failure,negative,0.9222438931465149,25,"{'sadness': 0.7209968566894531, 'surprise': 0.1161552146077156, 'neutral': 0.08308014273643494, 'anger': 0.043270744383335114, 'fear': 0.019828837364912033, 'joy': 0.010210341773927212, 'disgust': 0.00645790621638298, 'neutral_linguistic': 1.0, 'neutral_sentence_count': 1}",0.08308014273643494,0.1161552146077156,0.010210341773927212,0.043270744383335114,0.019828837364912033,0.7209968566894531,0.00645790621638298,1.0,0.0,0.0,0.0,0.0,0.0,0.0,1.0,0.0,0.0,0.0,0.0,0.0,0.0,sadness
Democrats broke it through wokeism and pushing “equity” instead of meritocracy.,84,democrats broke wokeism pushing equity instead meritocracy,negative,0.7961888909339905,-1,"{'neutral': 0.6867146492004395, 'anger': 0.20641803741455078, 'surprise': 0.039208345115184784, 'disgust': 0.02289384789764881, 'sadness': 0.02035253681242466, 'fear': 0.013354990631341934, 'joy': 0.011057567782700062}",0.6867146492004395,0.039208345115184784,0.011057567782700062,0.20641803741455078,0.013354990631341934,0.02035253681242466,0.02289384789764881,0.0,0.0,0.0,0.0,0.0,0.0,0.0,0.0,0.0,0.0,0.0,0.0,0.0,0.0,neutral
"People, please don't forget that schools were designed to prepare kids to enter the workforce, not for life. John D Rockefeller funded $180 million back in 1902 to The General Education Board for one thing. Rockefeller put it best when he said, ""I don't want a nation of thinkers. I want a nation of workers""",85,people please dont forget schools designed prepare kids enter workforce life john rockefeller funded million back general education board one thing rockefeller put best said dont want nation thinkers want nation workers,neutral,0.7681891918182373,48,"{'neutral': 0.7587161064147949, 'surprise': 0.10882019251585007, 'sadness': 0.07216304540634155, 'joy': 0.038628630340099335, 'anger': 0.011585102416574955, 'fear': 0.008645239286124706, 'disgust': 0.0014416277408599854, 'joy_linguistic': 1.0, 'joy_sentence_count': 1}",0.7587161064147949,0.10882019251585007,0.038628630340099335,0.011585102416574955,0.008645239286124706,0.07216304540634155,0.0014416277408599854,0.0,0.0,1.0,0.0,0.0,0.0,0.0,0.0,0.0,1.0,0.0,0.0,0.0,0.0,neutral
"Oh, so common core is just standardized like the Asian countries? Then, they shouldn't have just implemented it for all years at once. That's the kind of thing you implement year by year... starting from the first graders and so on.",86,common core standardized like asian countries shouldnt implemented years thats kind thing implement year year starting first graders,negative,0.5955762267112732,4,"{'neutral': 0.5432357788085938, 'sadness': 0.2806619703769684, 'anger': 0.07745829969644547, 'surprise': 0.051927730441093445, 'disgust': 0.024525700137019157, 'joy': 0.013276946730911732, 'fear': 0.008913591504096985}",0.5432357788085938,0.051927730441093445,0.013276946730911732,0.07745829969644547,0.008913591504096985,0.2806619703769684,0.024525700137019157,0.0,0.0,0.0,0.0,0.0,0.0,0.0,0.0,0.0,0.0,0.0,0.0,0.0,0.0,neutral
Y1 students should be able to calculate 333-144 in thier heads........,87,students able calculate thier heads,neutral,0.7222636342048645,9,"{'neutral': 0.8938060998916626, 'surprise': 0.0646999403834343, 'joy': 0.017778413370251656, 'sadness': 0.00977090373635292, 'anger': 0.006152622401714325, 'disgust': 0.0048437658697366714, 'fear': 0.002948260633274913}",0.8938060998916626,0.0646999403834343,0.017778413370251656,0.006152622401714325,0.002948260633274913,0.00977090373635292,0.0048437658697366714,0.0,0.0,0.0,0.0,0.0,0.0,0.0,0.0,0.0,0.0,0.0,0.0,0.0,0.0,neutral
"Why? Coz American kids worry bout social media , materialistic crap, etc,,,, looks at there role model ! U wonder  why seriously !!!",88,coz american kids worry bout social media materialistic crap etc looks role model wonder seriously,negative,0.6580002903938293,17,"{'fear': 0.6623305678367615, 'surprise': 0.24845504760742188, 'anger': 0.029969297349452972, 'joy': 0.02712355926632881, 'neutral': 0.01620008982717991, 'sadness': 0.015346094034612179, 'disgust': 0.000575261889025569, 'surprise_linguistic': 1.0, 'surprise_sentence_count': 1}",0.01620008982717991,0.24845504760742188,0.02712355926632881,0.029969297349452972,0.6623305678367615,0.015346094034612179,0.000575261889025569,0.0,1.0,0.0,0.0,0.0,0.0,0.0,0.0,1.0,0.0,0.0,0.0,0.0,0.0,surprise
"Back when Reagan was President, a memo was found and disclosed, it called for the dumbing down of America. It reasoned stupid people would be as sheep: easily led and mislead. We look around at America today, and the liberal and the woke are demonstrative of that fact. They have strong beliefs from having been brainwashed, but if they’re challenged with facts, their beliefs crumble. They then resort to running away, name calling or falling silent. Their lies have no foundation in fact. They are as sheep. They were educated by Judas goats.",89,back reagan president memo found disclosed called dumbing america reasoned stupid people would sheep easily led mislead look around america today liberal woke demonstrative fact strong beliefs brainwashed theyre challenged facts beliefs crumble resort running away name calling falling silent lies foundation fact sheep educated judas goats,negative,0.7431837022304535,-1,"{'anger': 0.6616394519805908, 'fear': 0.23089800775051117, 'sadness': 0.07028492540121078, 'neutral': 0.013365947641432285, 'joy': 0.012453664094209671, 'surprise': 0.010042345151305199, 'disgust': 0.0013156869681552052, 'fear_linguistic': 1.0, 'fear_sentence_count': 1}",0.013365947641432285,0.010042345151305199,0.012453664094209671,0.6616394519805908,0.23089800775051117,0.07028492540121078,0.0013156869681552052,0.0,0.0,0.0,0.0,1.0,0.0,0.0,0.0,0.0,0.0,0.0,1.0,0.0,0.0,fear
"It's a simple one word answer too that question ""Religions""",90,simple one word answer question religions,neutral,0.7840635180473328,28,"{'neutral': 0.9301303029060364, 'surprise': 0.04514225199818611, 'anger': 0.008343885652720928, 'joy': 0.005109879653900862, 'fear': 0.00405474565923214, 'sadness': 0.003762803040444851, 'disgust': 0.0034561296924948692}",0.9301303029060364,0.04514225199818611,0.005109879653900862,0.008343885652720928,0.00405474565923214,0.003762803040444851,0.0034561296924948692,0.0,0.0,0.0,0.0,0.0,0.0,0.0,0.0,0.0,0.0,0.0,0.0,0.0,0.0,neutral
"It is failing because parents are lazy. The only thing parents are fighting for is the ability to burn books, and keeping trans girls off the court. Their are a lot more important issues facing kids. Pay teachers a decent salary to get the best people.",91,failing parents lazy thing parents fighting ability burn books keeping trans girls court lot important issues facing kids pay teachers decent salary get best people,negative,0.8732404708862305,0,"{'anger': 0.9371135234832764, 'sadness': 0.0268961563706398, 'neutral': 0.02003171108663082, 'joy': 0.005736115388572216, 'disgust': 0.004578098189085722, 'surprise': 0.0032318129669874907, 'fear': 0.002412529429420829}",0.02003171108663082,0.0032318129669874907,0.005736115388572216,0.9371135234832764,0.002412529429420829,0.0268961563706398,0.004578098189085722,0.0,0.0,0.0,0.0,0.0,0.0,0.0,0.0,0.0,0.0,0.0,0.0,0.0,0.0,anger
Pay is not the only issue today. Teachers are stressed due to student behavior and total lack of interest. There is little or no support from parents or administration. Yet they are held responsible for results.,92,pay issue today teachers stressed due student behavior total lack interest little support parents administration yet held responsible results,negative,0.8752468228340149,-1,"{'sadness': 0.7255264520645142, 'anger': 0.14029981195926666, 'neutral': 0.09357205033302307, 'surprise': 0.025184107944369316, 'joy': 0.007001077756285667, 'fear': 0.004807697143405676, 'disgust': 0.0036088177002966404}",0.09357205033302307,0.025184107944369316,0.007001077756285667,0.14029981195926666,0.004807697143405676,0.7255264520645142,0.0036088177002966404,0.0,0.0,0.0,0.0,0.0,0.0,0.0,0.0,0.0,0.0,0.0,0.0,0.0,0.0,sadness
"I'm an 80-year-old who grew up primarily in California before Prop 5 destroyed their education system. Now California is near the bottom of the education systems in America. Very sad. Is money the only issue? No. But it is a primary issue. Everyone wants to talk about improving education, but no one wants to pay for it through higher teacher pay to make teaching a more respectable profession. I realize it is a very different world, but the learning process is fairly close to the same today as yesterday. There are no miracles to learning such as Common Core. Learning occurs when students are kept interested, engaged, and disciplined. It is not ""fun"" or ""rewarding."" It is arduous and enlightening. I don't know how many times I sat in both primary and secondary school thinking, ""What the hell are they talking about?"" But I was afraid to ask. I did eventually end up with two college degrees and a career in architecture.",93,yearold grew primarily california prop destroyed education system california near bottom education systems america sad money issue primary issue everyone wants talk improving education one wants pay higher teacher pay make teaching respectable profession realize different world learning process fairly close today yesterday miracles learning common core learning occurs students kept interested engaged disciplined fun rewarding arduous enlightening dont know many times sat primary secondary school thinking hell talking afraid ask eventually end two college degrees career architecture,negative,0.6976859867572784,0,"{'sadness': 0.8317533135414124, 'surprise': 0.10630575567483902, 'joy': 0.18221299350261688, 'neutral': 0.01553464587777853, 'anger': 0.005074942018836737, 'fear': 0.7688676714897156, 'disgust': 0.0005199330626055598, 'joy_linguistic': 1.0, 'sadness_linguistic': 1.0, 'fear_linguistic': 1.0, 'surprise_linguistic': 1.0, 'love_linguistic': 2.0, 'neutral_linguistic': 1.0, 'joy_sentence_count': 1, 'sadness_sentence_count': 1, 'fear_sentence_count': 1, 'surprise_sentence_count': 1, 'love_sentence_count': 1, 'neutral_sentence_count': 1}",0.01553464587777853,0.10630575567483902,0.18221299350261688,0.005074942018836737,0.7688676714897156,0.8317533135414124,0.0005199330626055598,1.0,1.0,1.0,0.0,1.0,1.0,0.0,1.0,1.0,1.0,0.0,1.0,1.0,0.0,sadness
Kids today have no respect for authority. This 100% comes from a complete and total failure of parents to discipline their children and the general public for taking parents rights away from being able to do such! It’s only going to get worse with each passing generation and you all have no one to blame but yourselves!,94,kids today respect authority comes complete total failure parents discipline children general public taking parents rights away able going get worse passing generation one blame,negative,0.9307829737663269,-1,"{'anger': 0.49481046199798584, 'sadness': 0.3396357595920563, 'disgust': 0.08317994326353073, 'neutral': 0.06082270294427872, 'surprise': 0.008583723567426205, 'fear': 0.008486796170473099, 'joy': 0.004480639006942511, 'love_linguistic': 1.0, 'love_sentence_count': 1}",0.06082270294427872,0.008583723567426205,0.004480639006942511,0.49481046199798584,0.008486796170473099,0.3396357595920563,0.08317994326353073,0.0,0.0,0.0,0.0,0.0,0.0,0.0,0.0,0.0,0.0,0.0,0.0,0.0,0.0,anger
"Take away the woke madness that are trying to infiltrate in the minds of the kids and start teaching the basic math English, Spanish etc",95,take away woke madness trying infiltrate minds kids start teaching basic math english spanish etc,negative,0.4823674261569977,5,"{'neutral': 0.48995181918144226, 'anger': 0.30824941396713257, 'fear': 0.11956637352705002, 'surprise': 0.045703571289777756, 'sadness': 0.021330926567316055, 'disgust': 0.00984886847436428, 'joy': 0.005349043291062117, 'anger_linguistic': 1.0, 'anger_sentence_count': 1}",0.48995181918144226,0.045703571289777756,0.005349043291062117,0.30824941396713257,0.11956637352705002,0.021330926567316055,0.00984886847436428,0.0,0.0,0.0,1.0,0.0,0.0,0.0,0.0,0.0,0.0,1.0,0.0,0.0,0.0,anger
"Firstly, individuals often choose to become teachers not solely due to a passion for the subjects they teach but rather because they aspire to be educators. It is essential to hire individuals with advanced degrees who genuinely enjoy engaging with the subject matter.

Secondly, students often consume unhealthy meals. I have observed school lunches being processed from cans and tubes, which is far from ideal. Investing in reforming the lunch system to provide both delicious and nutritious options is crucial.

Composed with help from ChatGPT",96,firstly individuals often choose become teachers solely due passion subjects teach rather aspire educators essential hire individuals advanced degrees genuinely enjoy engaging subject matter secondly students often consume unhealthy meals observed school lunches processed cans tubes far ideal investing reforming lunch system provide delicious nutritious options crucial composed help chatgpt,positive,0.643138974905014,0,"{'joy': 0.8798210620880127, 'neutral': 0.0448792465031147, 'surprise': 0.03596433624625206, 'anger': 0.027872078120708466, 'sadness': 0.007074645720422268, 'disgust': 0.002590726362541318, 'fear': 0.001797878067009151, 'joy_linguistic': 2.0, 'love_linguistic': 1.0, 'neutral_linguistic': 1.0, 'joy_sentence_count': 1, 'love_sentence_count': 1, 'neutral_sentence_count': 1}",0.0448792465031147,0.03596433624625206,0.8798210620880127,0.027872078120708466,0.001797878067009151,0.007074645720422268,0.002590726362541318,1.0,0.0,2.0,0.0,0.0,0.0,0.0,1.0,0.0,1.0,0.0,0.0,0.0,0.0,joy
Its been broken 20y ago and im sure it was before then,97,broken ago sure,negative,0.7901734113693237,13,"{'sadness': 0.7638458013534546, 'neutral': 0.1361362785100937, 'surprise': 0.07032764703035355, 'fear': 0.01393724326044321, 'anger': 0.007441870402544737, 'disgust': 0.006129416171461344, 'joy': 0.0021817695815116167, 'sadness_linguistic': 1.0, 'sadness_sentence_count': 1}",0.1361362785100937,0.07032764703035355,0.0021817695815116167,0.007441870402544737,0.01393724326044321,0.7638458013534546,0.006129416171461344,0.0,0.0,0.0,0.0,0.0,1.0,0.0,0.0,0.0,0.0,0.0,0.0,1.0,0.0,sadness
Because you Americans praise on capitalism. Take notes from Scandinevians and start respecting social rights and reform us prisons,98,americans praise capitalism take notes scandinevians start respecting social rights reform prisons,negative,0.661318302154541,24,"{'neutral': 0.7107329368591309, 'joy': 0.23575519025325775, 'anger': 0.020856039598584175, 'surprise': 0.019091833382844925, 'disgust': 0.0062265521846711636, 'sadness': 0.005725047551095486, 'fear': 0.0016124361427500844, 'love_linguistic': 1.0, 'love_sentence_count': 1}",0.7107329368591309,0.019091833382844925,0.23575519025325775,0.020856039598584175,0.0016124361427500844,0.005725047551095486,0.0062265521846711636,0.0,0.0,0.0,0.0,0.0,0.0,0.0,0.0,0.0,0.0,0.0,0.0,0.0,0.0,neutral
"Make all smartphones illegal at all schools, without that step, nothing else will work to educate kids.",99,make smartphones illegal schools without step nothing else work educate kids,negative,0.6711670160293579,34,"{'anger': 0.34165292978286743, 'neutral': 0.2857338786125183, 'sadness': 0.1698739230632782, 'fear': 0.16245485842227936, 'disgust': 0.027066126465797424, 'joy': 0.006865556351840496, 'surprise': 0.006352683529257774}",0.2857338786125183,0.006352683529257774,0.006865556351840496,0.34165292978286743,0.16245485842227936,0.1698739230632782,0.027066126465797424,0.0,0.0,0.0,0.0,0.0,0.0,0.0,0.0,0.0,0.0,0.0,0.0,0.0,0.0,anger
The education fails because they make big deal about somenthing superficial they need to pay attention to how to stop toxic admins and staff,100,education fails make big deal somenthing superficial need pay attention stop toxic admins staff,negative,0.9231531023979187,0,"{'sadness': 0.5092571377754211, 'fear': 0.2341286838054657, 'anger': 0.14242373406887054, 'neutral': 0.055640432983636856, 'disgust': 0.03641043230891228, 'joy': 0.01239061076194048, 'surprise': 0.00974895991384983}",0.055640432983636856,0.00974895991384983,0.01239061076194048,0.14242373406887054,0.2341286838054657,0.5092571377754211,0.03641043230891228,0.0,0.0,0.0,0.0,0.0,0.0,0.0,0.0,0.0,0.0,0.0,0.0,0.0,0.0,sadness
"CC was a joke, just like every educational cure-all.  I’d been teaching for 30 years in 2009.  I ignored it and carried on with what I knew worked.",101,joke like every educational cureall teaching years ignored carried knew worked,negative,0.8569777607917786,15,"{'neutral': 0.25975343585014343, 'fear': 0.21112237870693207, 'anger': 0.1825680434703827, 'sadness': 0.17844125628471375, 'surprise': 0.08267772942781448, 'joy': 0.06584437191486359, 'disgust': 0.019592786207795143, 'neutral_linguistic': 1.0, 'neutral_sentence_count': 1}",0.25975343585014343,0.08267772942781448,0.06584437191486359,0.1825680434703827,0.21112237870693207,0.17844125628471375,0.019592786207795143,1.0,0.0,0.0,0.0,0.0,0.0,0.0,1.0,0.0,0.0,0.0,0.0,0.0,0.0,neutral
"The education system in this country has been totally destroyed by these altruistic leftists that have no idea how to accomplish anything positive. Common core if it was simply a common core would be fine, but it was a complete butchering of how to teach.  They are trying to teach chidden how to understand how something can be applied before they get them to first understand the underlying principles, especially in math. The way they have tried teaching math is teaching them math in a way that is completely useless when you get into higher methods of mathematics such as differential equations and multi variable linear algebra. The wording of the math problems is atrocious, and they give children in 3rd grade problems that really can't be solved without algebra, which they are far from learning. This video is complete garbage!",102,education system country totally destroyed altruistic leftists idea accomplish anything positive common core simply common core would fine complete butchering teach trying teach chidden understand something applied get first understand underlying principles especially math way tried teaching math teaching math way completely useless get higher methods mathematics differential equations multi variable linear algebra wording math problems atrocious give children grade problems really cant solved without algebra far learning video complete garbage,negative,0.8862907290458679,43,"{'anger': 0.7297773957252502, 'sadness': 0.19372819364070892, 'neutral': 0.04004160687327385, 'disgust': 0.33311980962753296, 'fear': 0.03463409096002579, 'surprise': 0.011510664597153664, 'joy': 0.006166843697428703, 'neutral_linguistic': 0.6, 'sadness_linguistic': 0.6, 'joy_sentence_count': 1, 'love_sentence_count': 1, 'neutral_sentence_count': 1}",0.04004160687327385,0.011510664597153664,0.006166843697428703,0.7297773957252502,0.03463409096002579,0.19372819364070892,0.33311980962753296,0.6,0.0,0.0,0.0,0.0,0.6,0.0,1.0,0.0,1.0,0.0,0.0,0.0,0.0,anger
I blame capitalism for all this!,103,blame capitalism,negative,0.9410134553909302,-1,"{'anger': 0.5944295525550842, 'sadness': 0.20693208277225494, 'neutral': 0.11623656749725342, 'surprise': 0.05333011969923973, 'disgust': 0.017832579091191292, 'joy': 0.006597648840397596, 'fear': 0.004641525447368622}",0.11623656749725342,0.05333011969923973,0.006597648840397596,0.5944295525550842,0.004641525447368622,0.20693208277225494,0.017832579091191292,0.0,0.0,0.0,0.0,0.0,0.0,0.0,0.0,0.0,0.0,0.0,0.0,0.0,0.0,anger
"It's all about money. I attended schools in multiple districts. The one where property taxes were higher was the better district. This district also had less renters. The other school districts with more lower income families had less new technology, fewer teachers, and larger class sizes.",104,money attended schools multiple districts one property taxes higher better district district also less renters school districts lower income families less new technology fewer teachers larger class sizes,neutral,0.583724319934845,0,"{'neutral': 0.4078983664512634, 'joy': 0.35114288330078125, 'surprise': 0.14622646570205688, 'sadness': 0.07084255665540695, 'anger': 0.016820229589939117, 'disgust': 0.003577503142878413, 'fear': 0.003492063609883189, 'sadness_linguistic': 1.0, 'neutral_linguistic': 1.0, 'sadness_sentence_count': 1, 'neutral_sentence_count': 1}",0.4078983664512634,0.14622646570205688,0.35114288330078125,0.016820229589939117,0.003492063609883189,0.07084255665540695,0.003577503142878413,1.0,0.0,0.0,0.0,0.0,1.0,0.0,1.0,0.0,0.0,0.0,0.0,1.0,0.0,neutral
Is education a Justice issue 🏫,105,education justice issue,neutral,0.6562806963920593,-1,"{'neutral': 0.7276470065116882, 'sadness': 0.11970463395118713, 'fear': 0.05475502088665962, 'anger': 0.05134161189198494, 'disgust': 0.023861372843384743, 'surprise': 0.020013922825455666, 'joy': 0.0026764017529785633}",0.7276470065116882,0.020013922825455666,0.0026764017529785633,0.05134161189198494,0.05475502088665962,0.11970463395118713,0.023861372843384743,0.0,0.0,0.0,0.0,0.0,0.0,0.0,0.0,0.0,0.0,0.0,0.0,0.0,0.0,neutral
"And since anyone can be teacher nowadays, they are destroying the future of this country",106,since anyone teacher nowadays destroying future country,negative,0.8955593705177307,43,"{'anger': 0.6694815754890442, 'disgust': 0.2840968370437622, 'neutral': 0.0196401234716177, 'sadness': 0.01267804205417633, 'surprise': 0.0073193879798054695, 'fear': 0.005622088443487883, 'joy': 0.001161952968686819}",0.0196401234716177,0.0073193879798054695,0.001161952968686819,0.6694815754890442,0.005622088443487883,0.01267804205417633,0.2840968370437622,0.0,0.0,0.0,0.0,0.0,0.0,0.0,0.0,0.0,0.0,0.0,0.0,0.0,0.0,anger
"After attending college in the US, I can safely say education here totally is a failure. I’m seriously considering not sending my future kids to school at all. They won’t learn anything but craps in school.",107,attending college safely say education totally failure seriously considering sending future kids school wont learn anything craps school,negative,0.9416518211364746,16,"{'fear': 0.6783269047737122, 'sadness': 0.22427980601787567, 'surprise': 0.026470847427845, 'joy': 0.025125782936811447, 'anger': 0.023629015311598778, 'neutral': 0.021025801077485085, 'disgust': 0.0011417710920795798}",0.021025801077485085,0.026470847427845,0.025125782936811447,0.023629015311598778,0.6783269047737122,0.22427980601787567,0.0011417710920795798,0.0,0.0,0.0,0.0,0.0,0.0,0.0,0.0,0.0,0.0,0.0,0.0,0.0,0.0,fear
"I have moved around inside and outside of the United States. The difference I saw in schools is that most teachers in the USA don't care about your education they read from a book and give you exercises from it without really trying to explain to you the process. That's why years ago people had a better education from the same schools you go now and kids don't know how to read. Because nowadays they want your kids to learn how to read in an app called IReady  and math from an app called math prodigy. Don't let them tell you it is the parents fault cause I have been in schools outside the United States and inside and I know what is really happening. And the reality is teachers don't care anymore. There is no creativity, no passion, no love.",108,moved around inside outside united states difference saw schools teachers usa dont care education read book give exercises without really trying explain process thats years ago people better education schools kids dont know read nowadays want kids learn read app called iready math app called math prodigy dont let tell parents fault cause schools outside united states inside know really happening reality teachers dont care anymore creativity passion love,negative,0.6789108365774155,-1,"{'sadness': 0.3968883752822876, 'surprise': 0.2603941857814789, 'anger': 0.24472597241401672, 'neutral': 0.05853476747870445, 'joy': 0.03448674827814102, 'fear': 0.0027289835270494223, 'disgust': 0.0022410210222005844, 'neutral_linguistic': 1.2, 'sadness_linguistic': 0.6, 'joy_sentence_count': 1, 'love_sentence_count': 1, 'neutral_sentence_count': 1}",0.05853476747870445,0.2603941857814789,0.03448674827814102,0.24472597241401672,0.0027289835270494223,0.3968883752822876,0.0022410210222005844,1.2,0.0,0.0,0.0,0.0,0.6,0.0,1.0,0.0,1.0,0.0,0.0,0.0,0.0,neutral
Schools have already failed our kids.,110,schools already failed kids,negative,0.9115604758262634,-1,"{'sadness': 0.732580840587616, 'disgust': 0.10519011318683624, 'anger': 0.10481525957584381, 'neutral': 0.041090089827775955, 'fear': 0.008238370530307293, 'surprise': 0.005920642986893654, 'joy': 0.002164673525840044}",0.041090089827775955,0.005920642986893654,0.002164673525840044,0.10481525957584381,0.008238370530307293,0.732580840587616,0.10519011318683624,0.0,0.0,0.0,0.0,0.0,0.0,0.0,0.0,0.0,0.0,0.0,0.0,0.0,0.0,sadness
stop indoctrination of children with left wing politics and stick to reading writing and math. there is no fcking reason why kids should be learning about useless crap like transgender bathrooms and why career criminals get shot by the police.,111,stop indoctrination children left wing politics stick reading writing math fcking reason kids learning useless crap like transgender bathrooms career criminals get shot police,negative,0.933920681476593,36,"{'anger': 0.8798931837081909, 'fear': 0.05456865578889847, 'neutral': 0.02931767702102661, 'disgust': 0.01494610495865345, 'sadness': 0.013189105316996574, 'surprise': 0.005242192652076483, 'joy': 0.0028430575039237738, 'love_linguistic': 1.0, 'love_sentence_count': 1}",0.02931767702102661,0.005242192652076483,0.0028430575039237738,0.8798931837081909,0.05456865578889847,0.013189105316996574,0.01494610495865345,0.0,0.0,0.0,0.0,0.0,0.0,0.0,0.0,0.0,0.0,0.0,0.0,0.0,0.0,anger
because There is a leftist as president,112,leftist president,negative,0.7307049632072449,23,"{'neutral': 0.5006413459777832, 'anger': 0.3504609763622284, 'disgust': 0.05604839697480202, 'sadness': 0.03626284375786781, 'surprise': 0.02944936417043209, 'fear': 0.01557166501879692, 'joy': 0.011565451510250568}",0.5006413459777832,0.02944936417043209,0.011565451510250568,0.3504609763622284,0.01557166501879692,0.03626284375786781,0.05604839697480202,0.0,0.0,0.0,0.0,0.0,0.0,0.0,0.0,0.0,0.0,0.0,0.0,0.0,0.0,neutral
And those idiots think politics doomed it,113,idiots think politics doomed,negative,0.9033324718475342,10,"{'sadness': 0.6123228073120117, 'neutral': 0.21127870678901672, 'anger': 0.07069727778434753, 'surprise': 0.05555848032236099, 'fear': 0.030376572161912918, 'joy': 0.010765950195491314, 'disgust': 0.009000226855278015}",0.21127870678901672,0.05555848032236099,0.010765950195491314,0.07069727778434753,0.030376572161912918,0.6123228073120117,0.009000226855278015,0.0,0.0,0.0,0.0,0.0,0.0,0.0,0.0,0.0,0.0,0.0,0.0,0.0,0.0,sadness
"Teachers aren’t paid “so little” considering they’re only working 9 months of the year. My kiddo’s K teacher makes $85,000 a year (which is excellent in our area…teacher salaries are public record in my state), but I guess it depends on the school system too. It’s been my experience that teachers feel entitled to things that typical workers in the real world aren’t afforded (vacation days, sick time, 3 months off, etc). Teachers have it better than they even know.",114,teachers arent paid little considering theyre working months year kiddos teacher makes year excellent areateacher salaries public record state guess depends school system experience teachers feel entitled things typical workers real world arent afforded vacation days sick time months etc teachers better even know,neutral,0.5837714672088623,2,"{'joy': 0.882050096988678, 'anger': 0.07685640454292297, 'sadness': 0.016605105251073837, 'neutral': 0.015282886102795601, 'surprise': 0.005176867824047804, 'disgust': 0.003645754186436534, 'fear': 0.0003827969776466489, 'joy_linguistic': 1.0, 'neutral_linguistic': 1.0, 'joy_sentence_count': 1, 'neutral_sentence_count': 1}",0.015282886102795601,0.005176867824047804,0.882050096988678,0.07685640454292297,0.0003827969776466489,0.016605105251073837,0.003645754186436534,1.0,0.0,1.0,0.0,0.0,0.0,0.0,1.0,0.0,1.0,0.0,0.0,0.0,0.0,joy
"I went to school in the 1970s. Busing, race, new math, team teaching and every other liberal plan to fix the world was a part of my daily life. Liberals, who run education, love change but hate accountability. They had grand plans and vision but when it failed they skipped off to new projects. My mom taught me to read. The schools just wasted my time.",116,went school busing race new math team teaching every liberal plan fix world part daily life liberals run education love change hate accountability grand plans vision failed skipped new projects mom taught read schools wasted time,negative,0.6927154660224915,42,"{'sadness': 0.6223143339157104, 'neutral': 0.11545252054929733, 'surprise': 0.09580007195472717, 'joy': 0.08091361820697784, 'anger': 0.07940822839736938, 'disgust': 0.004020090214908123, 'fear': 0.002091070171445608, 'joy_linguistic': 1.0, 'love_linguistic': 1.0, 'joy_sentence_count': 1, 'love_sentence_count': 1}",0.11545252054929733,0.09580007195472717,0.08091361820697784,0.07940822839736938,0.002091070171445608,0.6223143339157104,0.004020090214908123,0.0,0.0,1.0,0.0,0.0,0.0,0.0,0.0,0.0,1.0,0.0,0.0,0.0,0.0,joy
Common core math is terrible,117,common core math terrible,negative,0.9298579096794128,3,"{'fear': 0.9327217936515808, 'disgust': 0.0215532835572958, 'sadness': 0.020312748849391937, 'anger': 0.016991974785923958, 'surprise': 0.004069184884428978, 'neutral': 0.0030928868800401688, 'joy': 0.0012582537019625306, 'fear_linguistic': 1.0, 'disgust_linguistic': 1.0, 'fear_sentence_count': 1, 'disgust_sentence_count': 1}",0.0030928868800401688,0.004069184884428978,0.0012582537019625306,0.016991974785923958,0.9327217936515808,0.020312748849391937,0.0215532835572958,0.0,0.0,0.0,0.0,1.0,0.0,1.0,0.0,0.0,0.0,0.0,1.0,0.0,1.0,fear
Pay teachers more and place more value on teachers  as well as help low and no income families. A safe and healthy home life enables students to learn. Maybe breakfast and lunch at school paid by school for poor students so  no student is to hungry to learn,118,pay teachers place value teachers well help low income families safe healthy home life enables students learn maybe breakfast lunch school paid school poor students student hungry learn,positive,0.5268967747688293,-1,"{'neutral': 0.41699743270874023, 'joy': 0.2039978802204132, 'anger': 0.15912412106990814, 'sadness': 0.13255327939987183, 'surprise': 0.07543503493070602, 'disgust': 0.0061765434220433235, 'fear': 0.005715719889849424, 'sadness_linguistic': 1.0, 'love_linguistic': 1.0, 'neutral_linguistic': 1.0, 'sadness_sentence_count': 1, 'love_sentence_count': 1, 'neutral_sentence_count': 1}",0.41699743270874023,0.07543503493070602,0.2039978802204132,0.15912412106990814,0.005715719889849424,0.13255327939987183,0.0061765434220433235,1.0,0.0,0.0,0.0,0.0,1.0,0.0,1.0,0.0,0.0,0.0,0.0,1.0,0.0,neutral
"I got this..  
1. Teachers dont get paid d*ck 
2. Disrespecful kids 
3. Entitled parents 
4. Spineless administrators",119,got teachers dont get paid dck disrespecful kids entitled parents spineless administrators,negative,0.8027635216712952,0,"{'anger': 0.3385639190673828, 'sadness': 0.3320477604866028, 'neutral': 0.17187289893627167, 'surprise': 0.10941874980926514, 'disgust': 0.030605383217334747, 'joy': 0.011959883384406567, 'fear': 0.005531451664865017}",0.17187289893627167,0.10941874980926514,0.011959883384406567,0.3385639190673828,0.005531451664865017,0.3320477604866028,0.030605383217334747,0.0,0.0,0.0,0.0,0.0,0.0,0.0,0.0,0.0,0.0,0.0,0.0,0.0,0.0,anger
"Education achievement depends on social background. You can’t have kids in ghettos with shootings and drugs and parents doing drugs and working ten jobs etc and claim the teachers aren’t doing well! That’s hypocrisy! Those kids are going to fail!! One or two might make it through, but most are destined to fail or not do well academically!!! The education reflects America’s social economic policies! Claims that teachers and schools should make such students from difficult backgrounds successful I think are completely false! Not going to happen!! Students will only do better if social economic policies are better!!! It doesn’t matter what the teachers do!!! Especially when the teachers and schools have so little power over what to teach, how to teach it or disciplining students etc! The vast majority of inner city kids from challenging backgrounds are destined to fail!! And the countries with more equitable and harmonious social policies and less broken societies are going to continue having better education outcomes!! Why?! Cause kids in better circumstances do better, period! Kids in bad circumstances can’t do well! America can’t pretend away its problems and pretend that it can have broken social policies and somehow have the resulting kids do wonders at school! And to make matters even worse, many states are even going softer on substances, so parents and community members are using these substances and many even involving their kids! So the schools are also becoming places where many kids go after using or frequently being near such substances!!! So to the previous challenges of learning, now add substances too!!!! In NYC with marijuana legalization many kids now use it in high schools! Good luck teaching them anything!!!",120,education achievement depends social background cant kids ghettos shootings drugs parents drugs working ten jobs etc claim teachers arent well thats hypocrisy kids going fail one two might make destined fail well academically education reflects americas social economic policies claims teachers schools make students difficult backgrounds successful think completely false going happen students better social economic policies better doesnt matter teachers especially teachers schools little power teach teach disciplining students etc vast majority inner city kids challenging backgrounds destined fail countries equitable harmonious social policies less broken societies going continue better education outcomes cause kids better circumstances better period kids bad circumstances cant well america cant pretend away problems pretend broken social policies somehow resulting kids wonders school make matters even worse many states even going softer substances parents community members using substances many even involving kids schools also becoming places many kids using frequently near substances previous challenges learning add substances nyc marijuana legalization many kids use high schools good luck teaching anything,negative,0.8358070850372314,-1,"{'anger': 0.6941872239112854, 'neutral': 0.19775234162807465, 'surprise': 0.16580525040626526, 'joy': 0.14691922068595886, 'sadness': 0.2845364809036255, 'fear': 0.00980397593230009, 'disgust': 0.17264921963214874, 'sadness_linguistic': 1.2, 'surprise_linguistic': 1.2, 'love_linguistic': 1.2, 'neutral_linguistic': 2.4, 'sadness_sentence_count': 1, 'surprise_sentence_count': 1, 'love_sentence_count': 1, 'neutral_sentence_count': 1}",0.19775234162807465,0.16580525040626526,0.14691922068595886,0.6941872239112854,0.00980397593230009,0.2845364809036255,0.17264921963214874,2.4,1.2,0.0,0.0,0.0,1.2,0.0,1.0,1.0,0.0,0.0,0.0,1.0,0.0,neutral
"As a person, common curriculum won't work if made across America or the world. People have their own way of thinking and definitely they can solve the same problem their own ways.",121,person common curriculum wont work made across america world people way thinking definitely solve problem ways,negative,0.5813454985618591,-1,"{'neutral': 0.7358509302139282, 'surprise': 0.1800374537706375, 'joy': 0.04462263360619545, 'sadness': 0.026527708396315575, 'anger': 0.00837357621639967, 'fear': 0.002901060739532113, 'disgust': 0.001686608069576323, 'anger_linguistic': 1.0, 'neutral_linguistic': 1.0, 'anger_sentence_count': 1, 'neutral_sentence_count': 1}",0.7358509302139282,0.1800374537706375,0.04462263360619545,0.00837357621639967,0.002901060739532113,0.026527708396315575,0.001686608069576323,1.0,0.0,0.0,1.0,0.0,0.0,0.0,1.0,0.0,0.0,1.0,0.0,0.0,0.0,neutral
I DO AGREE WITH YOU! I can't understand chemistry bc I don't want to and bc I hate it,122,agree cant understand chemistry dont want hate,negative,0.8936127424240112,-1,"{'anger': 0.7944097518920898, 'neutral': 0.10099596530199051, 'sadness': 0.049941956996917725, 'disgust': 0.03694634512066841, 'joy': 0.007363032549619675, 'surprise': 0.00647358875721693, 'fear': 0.00386941060423851}",0.10099596530199051,0.00647358875721693,0.007363032549619675,0.7944097518920898,0.00386941060423851,0.049941956996917725,0.03694634512066841,0.0,0.0,0.0,0.0,0.0,0.0,0.0,0.0,0.0,0.0,0.0,0.0,0.0,0.0,anger
What's your point when it comes to this video.,123,whats point comes video,negative,0.7303537726402283,17,"{'neutral': 0.7850765585899353, 'surprise': 0.17367707192897797, 'joy': 0.023454992100596428, 'anger': 0.009242420084774494, 'sadness': 0.004598669707775116, 'disgust': 0.0022718305699527264, 'fear': 0.001678489032201469}",0.7850765585899353,0.17367707192897797,0.023454992100596428,0.009242420084774494,0.001678489032201469,0.004598669707775116,0.0022718305699527264,0.0,0.0,0.0,0.0,0.0,0.0,0.0,0.0,0.0,0.0,0.0,0.0,0.0,0.0,neutral
"Parents need to actually parent their kids and teach them to respect teachers and value education. Adding more coursework won’t work if the kids don’t respect the teachers, don’t study, and are still passed along to the next grade anyway.",124,parents need actually parent kids teach respect teachers value education adding coursework wont work kids dont respect teachers dont study still passed along next grade anyway,negative,0.5916112661361694,0,"{'neutral': 0.6578004360198975, 'anger': 0.23767180740833282, 'disgust': 0.06830596178770065, 'joy': 0.017094438895583153, 'surprise': 0.009050286374986172, 'sadness': 0.006970919668674469, 'fear': 0.003106149146333337, 'love_linguistic': 2.0, 'neutral_linguistic': 1.0, 'love_sentence_count': 1, 'neutral_sentence_count': 1}",0.6578004360198975,0.009050286374986172,0.017094438895583153,0.23767180740833282,0.003106149146333337,0.006970919668674469,0.06830596178770065,1.0,0.0,0.0,0.0,0.0,0.0,0.0,1.0,0.0,0.0,0.0,0.0,0.0,0.0,neutral
"Woke people  Destroy The Education System, now a lot of Children Are confused about what they are. The pedophiles are Running around the children's locker room. The Men Are Destroying Women's Sport I can think more but Wi'll Stop here.",125,woke people destroy education system lot children confused pedophiles running around childrens locker room men destroying womens sport think stop,negative,0.9222120642662048,5,"{'fear': 0.43954116106033325, 'anger': 0.3846001923084259, 'neutral': 0.06350329518318176, 'surprise': 0.047888122498989105, 'sadness': 0.04434562101960182, 'disgust': 0.012990104965865612, 'joy': 0.007131538819521666, 'surprise_linguistic': 1.0, 'surprise_sentence_count': 1}",0.06350329518318176,0.047888122498989105,0.007131538819521666,0.3846001923084259,0.43954116106033325,0.04434562101960182,0.012990104965865612,0.0,1.0,0.0,0.0,0.0,0.0,0.0,0.0,1.0,0.0,0.0,0.0,0.0,0.0,surprise
"High School teachers in Germany: lazy, are on same level as students, they can’t make everyone be quiet.
US High School teachers: screaming at the students and attacking them",126,high school teachers germany lazy level students cant make everyone quiet high school teachers screaming students attacking,negative,0.8724395036697388,0,"{'anger': 0.9329571723937988, 'sadness': 0.03582944720983505, 'neutral': 0.013699294999241829, 'surprise': 0.006954011041671038, 'fear': 0.004595507401973009, 'joy': 0.004236148204654455, 'disgust': 0.0017284647328779101}",0.013699294999241829,0.006954011041671038,0.004236148204654455,0.9329571723937988,0.004595507401973009,0.03582944720983505,0.0017284647328779101,0.0,0.0,0.0,0.0,0.0,0.0,0.0,0.0,0.0,0.0,0.0,0.0,0.0,0.0,anger
The US education system is not failing.  The PUBLIC education system is failing.  There is a simple solution.  Abolish it!,127,education system failing public education system failing simple solution abolish,negative,0.8345534801483154,-1,"{'sadness': 0.5083975791931152, 'neutral': 0.19906161725521088, 'anger': 0.18506336212158203, 'disgust': 0.04767283797264099, 'fear': 0.03568258509039879, 'surprise': 0.016952354460954666, 'joy': 0.007169722113758326}",0.19906161725521088,0.016952354460954666,0.007169722113758326,0.18506336212158203,0.03568258509039879,0.5083975791931152,0.04767283797264099,0.0,0.0,0.0,0.0,0.0,0.0,0.0,0.0,0.0,0.0,0.0,0.0,0.0,0.0,sadness
Women have ruined education.  There is no debate on this.,129,women ruined education debate,negative,0.8995094299316406,25,"{'anger': 0.5902832746505737, 'sadness': 0.1842169612646103, 'disgust': 0.11364714056253433, 'neutral': 0.06279271095991135, 'fear': 0.026091059669852257, 'surprise': 0.0185160543769598, 'joy': 0.004452807363122702}",0.06279271095991135,0.0185160543769598,0.004452807363122702,0.5902832746505737,0.026091059669852257,0.1842169612646103,0.11364714056253433,0.0,0.0,0.0,0.0,0.0,0.0,0.0,0.0,0.0,0.0,0.0,0.0,0.0,0.0,anger
"I'm an engineer and I'm struggling with my third grade child math homework. The questions are weird and hard to understand, that's not how my generation learned in school",130,engineer struggling third grade child math homework questions weird hard understand thats generation learned school,negative,0.909278929233551,6,"{'surprise': 0.4723277986049652, 'disgust': 0.20076194405555725, 'fear': 0.15070007741451263, 'neutral': 0.08699680119752884, 'anger': 0.06329438835382462, 'sadness': 0.02025112882256508, 'joy': 0.0056678904220461845, 'surprise_linguistic': 1.0, 'surprise_sentence_count': 1}",0.08699680119752884,0.4723277986049652,0.0056678904220461845,0.06329438835382462,0.15070007741451263,0.02025112882256508,0.20076194405555725,0.0,1.0,0.0,0.0,0.0,0.0,0.0,0.0,1.0,0.0,0.0,0.0,0.0,0.0,surprise
We had it right with segregation,131,right segregation,neutral,0.6133098006248474,37,"{'neutral': 0.7551648020744324, 'anger': 0.10739482194185257, 'disgust': 0.08703935891389847, 'sadness': 0.027201466262340546, 'fear': 0.009368423372507095, 'surprise': 0.009192366153001785, 'joy': 0.004638723097741604}",0.7551648020744324,0.009192366153001785,0.004638723097741604,0.10739482194185257,0.009368423372507095,0.027201466262340546,0.08703935891389847,0.0,0.0,0.0,0.0,0.0,0.0,0.0,0.0,0.0,0.0,0.0,0.0,0.0,0.0,neutral
Education isn’t broken . Students don’t care and neither do their parents,132,education isnt broken students dont care neither parents,negative,0.6471372842788696,-1,"{'sadness': 0.397472083568573, 'anger': 0.31688565015792847, 'neutral': 0.2094222903251648, 'disgust': 0.05925983935594559, 'surprise': 0.009534175507724285, 'joy': 0.0044629271142184734, 'fear': 0.0029630381613969803, 'sadness_linguistic': 1.0, 'neutral_linguistic': 0.5, 'sadness_sentence_count': 1, 'love_sentence_count': 1}",0.2094222903251648,0.009534175507724285,0.0044629271142184734,0.31688565015792847,0.0029630381613969803,0.397472083568573,0.05925983935594559,0.5,0.0,0.0,0.0,0.0,1.0,0.0,0.0,0.0,0.0,0.0,0.0,1.0,0.0,sadness
and then the whole world wonders why LGBT people in America support Palestine 🤣🤣🤣🤣🤣🤣🤣🤣🤣🤣🤣🤣 Lack of education!,133,whole world wonders lgbt people america support palestine lack education,negative,0.9130679368972778,36,"{'sadness': 0.55218505859375, 'surprise': 0.24562597274780273, 'neutral': 0.14336912333965302, 'joy': 0.04622592031955719, 'fear': 0.005729197058826685, 'anger': 0.005312897730618715, 'disgust': 0.001551796100102365, 'surprise_linguistic': 1.0, 'surprise_sentence_count': 1}",0.14336912333965302,0.24562597274780273,0.04622592031955719,0.005312897730618715,0.005729197058826685,0.55218505859375,0.001551796100102365,0.0,1.0,0.0,0.0,0.0,0.0,0.0,0.0,1.0,0.0,0.0,0.0,0.0,0.0,surprise
"All I hear is whining in this video. Kids need to put in the hard work too. As someone who grew up in early 90s I used to struggle in math, but kept putting in hours till I became good at it. Today's kids have no focus and patience to practice math.",134,hear whining video kids need put hard work someone grew early used struggle math kept putting hours till became good todays kids focus patience practice math,negative,0.8077777624130249,9,"{'sadness': 0.2915149927139282, 'neutral': 0.2796172499656677, 'anger': 0.2060098648071289, 'joy': 0.16071270406246185, 'surprise': 0.05151936039328575, 'fear': 0.006376998499035835, 'disgust': 0.004248807206749916}",0.2796172499656677,0.05151936039328575,0.16071270406246185,0.2060098648071289,0.006376998499035835,0.2915149927139282,0.004248807206749916,0.0,0.0,0.0,0.0,0.0,0.0,0.0,0.0,0.0,0.0,0.0,0.0,0.0,0.0,sadness
What woke teachers and professors provide inputs except gender parity lgbtq philosophy. Adopt what Finland is doing.,135,woke teachers professors provide inputs except gender parity lgbtq philosophy adopt finland,negative,0.5349950194358826,47,"{'neutral': 0.6828311681747437, 'surprise': 0.2420061081647873, 'sadness': 0.03335205838084221, 'joy': 0.016323067247867584, 'fear': 0.01322068553417921, 'anger': 0.0073001207783818245, 'disgust': 0.004966794978827238}",0.6828311681747437,0.2420061081647873,0.016323067247867584,0.0073001207783818245,0.01322068553417921,0.03335205838084221,0.004966794978827238,0.0,0.0,0.0,0.0,0.0,0.0,0.0,0.0,0.0,0.0,0.0,0.0,0.0,0.0,neutral
All lies. They are teaching this math -> 1 LGTB - parents = 1 democrat vote,136,lies teaching math lgtb parents democrat vote,negative,0.7534965872764587,-1,"{'neutral': 0.6979276537895203, 'joy': 0.1816079169511795, 'sadness': 0.04885506629943848, 'surprise': 0.042997561395168304, 'anger': 0.01504624355584383, 'disgust': 0.008995037525892258, 'fear': 0.004570499528199434}",0.6979276537895203,0.042997561395168304,0.1816079169511795,0.01504624355584383,0.004570499528199434,0.04885506629943848,0.008995037525892258,0.0,0.0,0.0,0.0,0.0,0.0,0.0,0.0,0.0,0.0,0.0,0.0,0.0,0.0,neutral
"Because it was never supposed to succeed.  If the US wanted smarter well educated people,  they would create an educational system in order to accomplish this which would include better trained teachers, more physical activity,  and  bilingualism, however it's a multi billion dollar economy built on ignorance and miseducation. 

The current educational system is running exactly how it's supposed to",137,never supposed succeed wanted smarter well educated people would create educational system order accomplish would include better trained teachers physical activity bilingualism however multi billion dollar economy built ignorance miseducation current educational system running exactly supposed,negative,0.60704106092453,38,"{'surprise': 0.5134405493736267, 'neutral': 0.17100036144256592, 'sadness': 0.1612037718296051, 'joy': 0.1000458151102066, 'anger': 0.04595578461885452, 'fear': 0.006087766028940678, 'disgust': 0.0022659418173134327, 'sadness_linguistic': 0.5, 'neutral_sentence_count': 1}",0.17100036144256592,0.5134405493736267,0.1000458151102066,0.04595578461885452,0.006087766028940678,0.1612037718296051,0.0022659418173134327,0.0,0.0,0.0,0.0,0.0,0.5,0.0,1.0,0.0,0.0,0.0,0.0,0.0,0.0,surprise
If you want to make it worse put the federal government in charge.,138,want make worse put federal government charge,negative,0.8938649296760559,-1,"{'anger': 0.8170778155326843, 'disgust': 0.12855574488639832, 'sadness': 0.031387440860271454, 'neutral': 0.010609220713376999, 'fear': 0.009755550883710384, 'joy': 0.0017274465644732118, 'surprise': 0.0008867742726579309}",0.010609220713376999,0.0008867742726579309,0.0017274465644732118,0.8170778155326843,0.009755550883710384,0.031387440860271454,0.12855574488639832,0.0,0.0,0.0,0.0,0.0,0.0,0.0,0.0,0.0,0.0,0.0,0.0,0.0,0.0,anger
"I looked at some entrance exams for US colleges
The majority was stuff I learned from 1-12 and some stuff from 13-15.",139,looked entrance exams colleges majority stuff learned stuff,neutral,0.9024637341499329,39,"{'neutral': 0.4272915720939636, 'joy': 0.29081445932388306, 'surprise': 0.245803564786911, 'anger': 0.011773081496357918, 'disgust': 0.011128176003694534, 'sadness': 0.007828189060091972, 'fear': 0.005360934883356094}",0.4272915720939636,0.245803564786911,0.29081445932388306,0.011773081496357918,0.005360934883356094,0.007828189060091972,0.011128176003694534,0.0,0.0,0.0,0.0,0.0,0.0,0.0,0.0,0.0,0.0,0.0,0.0,0.0,0.0,neutral
Obama standard education  which money money Common core...failures,140,obama standard education money money common corefailures,negative,0.8398849368095398,26,"{'sadness': 0.49354124069213867, 'neutral': 0.34379100799560547, 'surprise': 0.06699433922767639, 'anger': 0.05399581417441368, 'joy': 0.021617252379655838, 'fear': 0.010698607191443443, 'disgust': 0.009361760690808296}",0.34379100799560547,0.06699433922767639,0.021617252379655838,0.05399581417441368,0.010698607191443443,0.49354124069213867,0.009361760690808296,0.0,0.0,0.0,0.0,0.0,0.0,0.0,0.0,0.0,0.0,0.0,0.0,0.0,0.0,sadness
"Student now are pretty much dummies compared to those pre 2000! If you talk with them about history, geography or government they are pretty much blank!😂",141,student pretty much dummies compared pre talk history geography government pretty much blank,negative,0.7699974775314331,46,"{'sadness': 0.4826746881008148, 'neutral': 0.2843981385231018, 'disgust': 0.12237459421157837, 'surprise': 0.04990186542272568, 'anger': 0.04195910319685936, 'fear': 0.010872138664126396, 'joy': 0.007819512858986855}",0.2843981385231018,0.04990186542272568,0.007819512858986855,0.04195910319685936,0.010872138664126396,0.4826746881008148,0.12237459421157837,0.0,0.0,0.0,0.0,0.0,0.0,0.0,0.0,0.0,0.0,0.0,0.0,0.0,0.0,sadness
"I think the entire paradigm is outdated.  Cramming 20 or 30 kids into one room for the same lesson, when each and every lesson can and should be customized to each student.  

There's a place for getting kids together in groups for group activities, like sports, music, and so on, but the 3 Rs, plus history and geography?   We have better ways than trying to give one lecture, aimed at the 'C' students, to all students.",142,think entire paradigm outdated cramming kids one room lesson every lesson customized student theres place getting kids together groups group activities like sports music plus history geography better ways trying give one lecture aimed students students,negative,0.5844916701316833,0,"{'neutral': 0.40719127655029297, 'surprise': 0.3417830765247345, 'joy': 0.1222551017999649, 'sadness': 0.07570040225982666, 'anger': 0.04437468945980072, 'fear': 0.005527296103537083, 'disgust': 0.0031681889668107033}",0.40719127655029297,0.3417830765247345,0.1222551017999649,0.04437468945980072,0.005527296103537083,0.07570040225982666,0.0031681889668107033,0.0,0.0,0.0,0.0,0.0,0.0,0.0,0.0,0.0,0.0,0.0,0.0,0.0,0.0,neutral
"I think some of the issues also lie at home. Parents need to also be assisting with things like extra reading at home, and teaching thier children why education is so important. We need much better standards both inside the classroom and out.
Parents need to do their job rasing functional children properly. Or they need to not have children if they can't put the effort in. 
Teachers don't need the responsibility of lack of good parenting on their shouldners... and for god's sake, pay them a living wage for what they do.",143,think issues also lie home parents need also assisting things like extra reading home teaching thier children education important need much better standards inside classroom parents need job rasing functional children properly need children cant put effort teachers dont need responsibility lack good parenting shouldners gods sake pay living wage,neutral,0.6050184071063995,0,"{'neutral': 0.45231881737709045, 'sadness': 0.30541351437568665, 'joy': 0.09938769787549973, 'anger': 0.08724047243595123, 'surprise': 0.04715836048126221, 'fear': 0.00490907346829772, 'disgust': 0.0035721133463084698, 'joy_linguistic': 1.0, 'neutral_linguistic': 1.0, 'joy_sentence_count': 1, 'neutral_sentence_count': 1}",0.45231881737709045,0.04715836048126221,0.09938769787549973,0.08724047243595123,0.00490907346829772,0.30541351437568665,0.0035721133463084698,1.0,0.0,1.0,0.0,0.0,0.0,0.0,1.0,0.0,1.0,0.0,0.0,0.0,0.0,neutral
"But yeah, the problem is that America can't just be happy with how they're doing and how the people of the country are doing. And do one standard education like everybody's supposed to be getting and accept that extras are extras. And the standard is the standard and that's it. Why are you looking at other countries performance? Those kids are studying for 16 and 18 hours.  Or is 6 to 7 days a week for hours every single day they don't go out and play they don't go out and have fun. You know who cares who cares and then what to turn around, to have the same job when they grow app, just leave alone, we don't need to be them, we're us, we have fun in this country we relaxing this country. We don't do stuff that is not necessary in this country.  You want to sit around and have your child study for 1618 hours 7 days a week that this was literally you can look it up actually on YouTube. It's a little girl and she's crying because she's only allowed 1 hour of computer a day and all the time she studying studying and that's all she does. She studies her school work. She does her other academic things. Her parents want her to do like music and dance and stuff. But either way, she's just always doing something education. Wise 24 hours every day. She gets 1 hour to have fun. And this little girl is breaking down in tears.  Begging to just be on the computer for one more hour. Even thirty more minutes even fifteen more minutes and this is literally what she said",144,yeah problem america cant happy theyre people country one standard education like everybodys supposed getting accept extras extras standard standard thats looking countries performance kids studying hours days week hours every single day dont play dont fun know cares cares turn around job grow app leave alone dont need fun country relaxing country dont stuff necessary country want sit around child study hours days week literally look actually youtube little girl shes crying shes allowed hour computer day time studying studying thats studies school work academic things parents want like music dance stuff either way shes always something education wise hours every day gets hour fun little girl breaking tears begging computer one hour even thirty minutes even fifteen minutes literally said,negative,0.6186395088831583,11,"{'joy': 0.5114282965660095, 'surprise': 0.2798402011394501, 'sadness': 0.23673203587532043, 'neutral': 0.11894091963768005, 'anger': 0.016832496970891953, 'disgust': 0.001813486684113741, 'fear': 0.0018045655451714993, 'joy_linguistic': 2.0, 'sadness_linguistic': 3.0, 'love_linguistic': 1.0, 'neutral_linguistic': 1.0, 'joy_sentence_count': 1, 'sadness_sentence_count': 1, 'love_sentence_count': 1, 'neutral_sentence_count': 1}",0.11894091963768005,0.2798402011394501,0.5114282965660095,0.016832496970891953,0.0018045655451714993,0.23673203587532043,0.001813486684113741,1.0,0.0,2.0,0.0,0.0,3.0,0.0,1.0,0.0,1.0,0.0,0.0,1.0,0.0,sadness
The quality of the teachers and parents are not up to par 😂,145,quality teachers parents par,negative,0.8606185913085938,0,"{'neutral': 0.6070512533187866, 'anger': 0.12755660712718964, 'sadness': 0.12103302031755447, 'disgust': 0.06604380905628204, 'joy': 0.04141925275325775, 'surprise': 0.030393127351999283, 'fear': 0.006502915173768997}",0.6070512533187866,0.030393127351999283,0.04141925275325775,0.12755660712718964,0.006502915173768997,0.12103302031755447,0.06604380905628204,0.0,0.0,0.0,0.0,0.0,0.0,0.0,0.0,0.0,0.0,0.0,0.0,0.0,0.0,neutral
"Let no child get ahead by leaving anyone behind, elimination of phonics, cursive, and common math flipped upside down with techniques parents are unaccustomed. Passing them on to the next grade even as they have not learned to read is a waste of everybody's time and Criminal.",146,let child get ahead leaving anyone behind elimination phonics cursive common math flipped upside techniques parents unaccustomed passing next grade even learned read waste everybodys time criminal,negative,0.860206663608551,9,"{'neutral': 0.4588201642036438, 'anger': 0.3366193473339081, 'fear': 0.08930520713329315, 'disgust': 0.04534895345568657, 'joy': 0.0429244227707386, 'sadness': 0.016629135236144066, 'surprise': 0.01035283599048853}",0.4588201642036438,0.01035283599048853,0.0429244227707386,0.3366193473339081,0.08930520713329315,0.016629135236144066,0.04534895345568657,0.0,0.0,0.0,0.0,0.0,0.0,0.0,0.0,0.0,0.0,0.0,0.0,0.0,0.0,neutral
"Schools need to embrace phonics, if children cannot decode words they won't excel in reading. Good readers become top students!",147,schools need embrace phonics children cannot decode words wont excel reading good readers become top students,positive,0.667689859867096,31,"{'neutral': 0.8860090374946594, 'sadness': 0.040026646107435226, 'surprise': 0.02615749090909958, 'anger': 0.014824824407696724, 'joy': 0.011778613552451134, 'fear': 0.011487961746752262, 'disgust': 0.009715395979583263}",0.8860090374946594,0.02615749090909958,0.011778613552451134,0.014824824407696724,0.011487961746752262,0.040026646107435226,0.009715395979583263,0.0,0.0,0.0,0.0,0.0,0.0,0.0,0.0,0.0,0.0,0.0,0.0,0.0,0.0,neutral
"I went to public schools in the United States,,, the ones i went to seemed to just spew out far left ideals and an extreme socialist agenda. Nothing about standing on your own, nothing about owning a business either they would say the only way to survive in the world was to have a good job with a good company or join the military... Get good grades and be a good worker and to work for someone else. They never said, this is how you become an landlord,  this is how you open a pawnshop,  this is how you run a laundromat,  this is how you run a Chinese restaurant,  and the general idea was if you don't work hard in school you'll end up as a construction worker.  Being a plumber,  an electrician, a welder, a mechanic. Those type of professions were looked down on.",148,went public schools united states ones went seemed spew far left ideals extreme socialist agenda nothing standing nothing owning business either would say way survive world good job good company join military get good grades good worker work someone else never said become landlord open pawnshop run laundromat run chinese restaurant general idea dont work hard school youll end construction worker plumber electrician welder mechanic type professions looked,negative,0.6643174588680267,-1,"{'neutral': 0.4600768983364105, 'surprise': 0.18809717893600464, 'joy': 0.14837314188480377, 'anger': 0.12209934741258621, 'sadness': 0.0723564401268959, 'fear': 0.004502426367253065, 'disgust': 0.004494526423513889}",0.4600768983364105,0.18809717893600464,0.14837314188480377,0.12209934741258621,0.004502426367253065,0.0723564401268959,0.004494526423513889,0.0,0.0,0.0,0.0,0.0,0.0,0.0,0.0,0.0,0.0,0.0,0.0,0.0,0.0,neutral
"Blah, blah, blah. Stop talking about it and do something about it. 5 core disciplines, English, History, Geography, Maths, Art. Less is more. If you can make those subjects, international studies too.",149,blah blah blah stop talking something core disciplines english history geography maths art less make subjects international studies,negative,0.6957936882972717,46,"{'neutral': 0.46652305126190186, 'sadness': 0.2654949724674225, 'anger': 0.18604612350463867, 'disgust': 0.023472698405385017, 'joy': 0.023147784173488617, 'fear': 0.01902468316257, 'surprise': 0.01629067026078701}",0.46652305126190186,0.01629067026078701,0.023147784173488617,0.18604612350463867,0.01902468316257,0.2654949724674225,0.023472698405385017,0.0,0.0,0.0,0.0,0.0,0.0,0.0,0.0,0.0,0.0,0.0,0.0,0.0,0.0,neutral
"K.I.S.S. = Keep It Simple, Stupid.
Stick to the basics for public education. 
Math, literature, basic science, history, current events, basic home economics,  life skills, physical ed, and art
These are the essentials any more should be extra. 
Code of conduct and ethics are taught at home mostly based on religious beliefs but basic rules for both are needed at school. 
If students need extra attention due to physical or mental challenges that should be provided.
Origin should be taught as a theory not fact same as personal identity.",150,kiss keep simple stupid stick basics public education math literature basic science history current events basic home economics life skills physical art essentials extra code conduct ethics taught home mostly based religious beliefs basic rules needed school students need extra attention due physical mental challenges provided origin taught theory fact personal identity,neutral,0.6892977654933929,39,"{'neutral': 0.7959213852882385, 'joy': 0.1297309398651123, 'anger': 0.037515878677368164, 'sadness': 0.016831638291478157, 'surprise': 0.011169330216944218, 'disgust': 0.004574601538479328, 'fear': 0.004256247542798519}",0.7959213852882385,0.011169330216944218,0.1297309398651123,0.037515878677368164,0.004256247542798519,0.016831638291478157,0.004574601538479328,0.0,0.0,0.0,0.0,0.0,0.0,0.0,0.0,0.0,0.0,0.0,0.0,0.0,0.0,neutral
I would agree that the system needs to be corrected. Back in the 90s when i moved to the states from colombia i was in the 7th grade and i was shocked that the math being covered in 7th grade was covered in the 3rd and 4th grade in colombia.. now fast forward to when i moved from  the states to europe and my son is having a hell of a time as the he is so behiind on math not by his doing but because of the curriculum placed on our children in the states.,151,would agree system needs corrected back moved states colombia grade shocked math covered grade covered grade colombia fast forward moved states europe son hell time behiind math curriculum placed children states,neutral,0.5471541285514832,45,"{'surprise': 0.9817324280738831, 'neutral': 0.004673124756664038, 'anger': 0.004462487529963255, 'fear': 0.003629368031397462, 'joy': 0.0032239994034171104, 'sadness': 0.0018748961156234145, 'disgust': 0.00040370618808083236, 'fear_linguistic': 1.0, 'surprise_linguistic': 1.0, 'fear_sentence_count': 1, 'surprise_sentence_count': 1}",0.004673124756664038,0.9817324280738831,0.0032239994034171104,0.004462487529963255,0.003629368031397462,0.0018748961156234145,0.00040370618808083236,0.0,1.0,0.0,0.0,1.0,0.0,0.0,0.0,1.0,0.0,0.0,1.0,0.0,0.0,surprise
"We need to adopt the culture that education is a privilege and not a right. Parents need to be sure their children receive and thrive with this given privilege. As long as our government at the federal and state levels refuse to assume responsibility for ensuring this privilege for ALL children, we are doomed. Also, teachers in the USA should not be paid 60% less than other countries! That is disgraceful. Lastly, let’s help get children and parents out of poverty. We, are today, moving down and not up. Vote them out, all of the politicians who CUT the funding which helps children, families, and the elderly, vote them out!",152,need adopt culture education privilege right parents need sure children receive thrive given privilege long government federal state levels refuse assume responsibility ensuring privilege children doomed also teachers usa paid less countries disgraceful lastly lets help get children parents poverty today moving vote politicians cut funding helps children families elderly vote,neutral,0.7111859619617462,19,"{'sadness': 0.86857670545578, 'anger': 0.03933486342430115, 'neutral': 0.037678129971027374, 'joy': 0.03230470418930054, 'disgust': 0.00942435022443533, 'surprise': 0.006437921430915594, 'fear': 0.006243234034627676, 'joy_linguistic': 1.0, 'disgust_linguistic': 2.0, 'neutral_linguistic': 1.0, 'joy_sentence_count': 1, 'disgust_sentence_count': 1, 'neutral_sentence_count': 1}",0.037678129971027374,0.006437921430915594,0.03230470418930054,0.03933486342430115,0.006243234034627676,0.86857670545578,0.00942435022443533,1.0,0.0,1.0,0.0,0.0,0.0,2.0,1.0,0.0,1.0,0.0,0.0,0.0,1.0,disgust
WHY The Education System Is Failing America?  One word:  POLITICS!  People who know the LEAST about teaching and learning are making all the rules. 🧐,153,education system failing america one word politics people know least teaching learning making rules,negative,0.9275015592575073,0,"{'neutral': 0.7509011030197144, 'sadness': 0.1346026211977005, 'disgust': 0.04519699141383171, 'anger': 0.03294384106993675, 'surprise': 0.02362402155995369, 'fear': 0.007607105188071728, 'joy': 0.005124346818774939}",0.7509011030197144,0.02362402155995369,0.005124346818774939,0.03294384106993675,0.007607105188071728,0.1346026211977005,0.04519699141383171,0.0,0.0,0.0,0.0,0.0,0.0,0.0,0.0,0.0,0.0,0.0,0.0,0.0,0.0,neutral
"@…  I'm  guessing your a winning democratic so called teacher who blames everyone  else for their inability  to preform. Teacher should be tested for brain function, and ability to teach",154,guessing winning democratic called teacher blames everyone else inability preform teacher tested brain function ability teach,negative,0.8181532025337219,0,"{'anger': 0.640454113483429, 'neutral': 0.21804168820381165, 'sadness': 0.07717026770114899, 'disgust': 0.028148172423243523, 'surprise': 0.017543155699968338, 'joy': 0.013069793581962585, 'fear': 0.005572805181145668, 'joy_linguistic': 1.0, 'joy_sentence_count': 1}",0.21804168820381165,0.017543155699968338,0.013069793581962585,0.640454113483429,0.005572805181145668,0.07717026770114899,0.028148172423243523,0.0,0.0,1.0,0.0,0.0,0.0,0.0,0.0,0.0,1.0,0.0,0.0,0.0,0.0,joy
"I agree! Also implementing universal learning disability testing and doing regular mental health assessments. It wasn’t until my junior year in undergrad I got diagnosed with ADHD and determined a high functioning autistic. I was reading at a 4th grade level in Kindergarten 😐 every one bragged that I was “gifted” but in reality I was neurodivergent and silently suffering from depression and anxiety. Yes, some disorders are more visible, but it’s those who present different symptoms and who mask, whom are most vulnerable to academic failure.",155,agree also implementing universal learning disability testing regular mental health assessments wasnt junior year undergrad got diagnosed adhd determined high functioning autistic reading grade level kindergarten every one bragged gifted reality neurodivergent silently suffering depression anxiety yes disorders visible present different symptoms mask vulnerable academic failure,neutral,0.6394628286361694,4,"{'fear': 0.9573261737823486, 'sadness': 0.026802966371178627, 'joy': 0.008337641134858131, 'neutral': 0.00290614552795887, 'surprise': 0.0022826427593827248, 'anger': 0.0020256827119737864, 'disgust': 0.0003187416004948318, 'joy_linguistic': 1.0, 'sadness_linguistic': 1.0, 'neutral_linguistic': 2.0, 'joy_sentence_count': 1, 'sadness_sentence_count': 1, 'neutral_sentence_count': 1}",0.00290614552795887,0.0022826427593827248,0.008337641134858131,0.0020256827119737864,0.9573261737823486,0.026802966371178627,0.0003187416004948318,2.0,0.0,1.0,0.0,0.0,1.0,0.0,1.0,0.0,1.0,0.0,0.0,1.0,0.0,neutral
They lowered the standards just for blacks -  so that blacks can feel good about themselves.,156,lowered standards blacks blacks feel good,negative,0.713254451751709,12,"{'joy': 0.9090724587440491, 'neutral': 0.07171112298965454, 'sadness': 0.005929685663431883, 'surprise': 0.005428839474916458, 'anger': 0.004522294737398624, 'disgust': 0.0029486026614904404, 'fear': 0.0003869566135108471, 'sadness_linguistic': 1.0, 'sadness_sentence_count': 1}",0.07171112298965454,0.005428839474916458,0.9090724587440491,0.004522294737398624,0.0003869566135108471,0.005929685663431883,0.0029486026614904404,0.0,0.0,0.0,0.0,0.0,1.0,0.0,0.0,0.0,0.0,0.0,0.0,1.0,0.0,joy
"The professors do not teach things, students have to study on their own",157,professors teach things students study,negative,0.5761184096336365,0,"{'disgust': 0.6085111498832703, 'neutral': 0.2947157323360443, 'anger': 0.05210632458329201, 'fear': 0.015159033238887787, 'joy': 0.0128165353089571, 'surprise': 0.008997393772006035, 'sadness': 0.007693842053413391}",0.2947157323360443,0.008997393772006035,0.0128165353089571,0.05210632458329201,0.015159033238887787,0.007693842053413391,0.6085111498832703,0.0,0.0,0.0,0.0,0.0,0.0,0.0,0.0,0.0,0.0,0.0,0.0,0.0,0.0,disgust
Why do inner city kids not know how to talk proper English?,158,inner city kids know talk proper english,negative,0.8698973655700684,31,"{'neutral': 0.837857186794281, 'surprise': 0.06884172558784485, 'sadness': 0.05366994068026543, 'disgust': 0.019988346844911575, 'anger': 0.012061944231390953, 'joy': 0.0044579277746379375, 'fear': 0.003122869646176696}",0.837857186794281,0.06884172558784485,0.0044579277746379375,0.012061944231390953,0.003122869646176696,0.05366994068026543,0.019988346844911575,0.0,0.0,0.0,0.0,0.0,0.0,0.0,0.0,0.0,0.0,0.0,0.0,0.0,0.0,neutral
"The largest issue with Common Core was our federal government thinking they understood the needs of students/teachers better than students and teachers. 

Government intervention rarely yields positive results.",159,largest issue common core federal government thinking understood needs studentsteachers better students teachers government intervention rarely yields positive results,negative,0.7432295083999634,0,"{'neutral': 0.5279824137687683, 'surprise': 0.19070233404636383, 'sadness': 0.13339270651340485, 'anger': 0.09264691919088364, 'fear': 0.03235957771539688, 'joy': 0.011835131794214249, 'disgust': 0.011080984026193619, 'neutral_linguistic': 0.5, 'joy_sentence_count': 1}",0.5279824137687683,0.19070233404636383,0.011835131794214249,0.09264691919088364,0.03235957771539688,0.13339270651340485,0.011080984026193619,0.5,0.0,0.0,0.0,0.0,0.0,0.0,0.0,0.0,1.0,0.0,0.0,0.0,0.0,neutral
"Many parents desire personalized attention and assessment for their children, recognizing their unique needs, strengths, and challenges. However, the current educational system often emphasizes uniformity, with grading standards applied collectively across all students, which may not fully address individual differences. This mismatch can lead to dissatisfaction among parents who feel that their child’s specific circumstances or abilities are not adequately considered within the broader system.",160,many parents desire personalized attention assessment children recognizing unique needs strengths challenges however current educational system often emphasizes uniformity grading standards applied collectively across students may fully address individual differences mismatch lead dissatisfaction among parents feel childs specific circumstances abilities adequately considered within broader system,neutral,0.713988721370697,40,"{'anger': 0.6736464500427246, 'joy': 0.12978233397006989, 'sadness': 0.11614511162042618, 'neutral': 0.05439731851220131, 'disgust': 0.013706162571907043, 'surprise': 0.009434537962079048, 'fear': 0.002888100454583764, 'neutral_linguistic': 2.0, 'neutral_sentence_count': 1}",0.05439731851220131,0.009434537962079048,0.12978233397006989,0.6736464500427246,0.002888100454583764,0.11614511162042618,0.013706162571907043,2.0,0.0,0.0,0.0,0.0,0.0,0.0,1.0,0.0,0.0,0.0,0.0,0.0,0.0,neutral
"because many parents quite simply don't care. 
They think physically bringing their kids to school is the end of their responsibility.",161,many parents quite simply dont care think physically bringing kids school end responsibility,negative,0.8392874002456665,8,"{'anger': 0.4077072739601135, 'neutral': 0.36688676476478577, 'disgust': 0.1819031685590744, 'sadness': 0.019158300012350082, 'surprise': 0.016854815185070038, 'joy': 0.006029143929481506, 'fear': 0.0014604463940486312, 'love_linguistic': 1.2, 'love_sentence_count': 1}",0.36688676476478577,0.016854815185070038,0.006029143929481506,0.4077072739601135,0.0014604463940486312,0.019158300012350082,0.1819031685590744,0.0,0.0,0.0,0.0,0.0,0.0,0.0,0.0,0.0,0.0,0.0,0.0,0.0,0.0,anger
99% of the problem: low retention rate teachers due to abysmal salary compared to a huge workload from the common core,162,problem low retention rate teachers due abysmal salary compared huge workload common core,negative,0.8907583355903625,2,"{'sadness': 0.43838733434677124, 'neutral': 0.1665082722902298, 'surprise': 0.15052548050880432, 'anger': 0.14443053305149078, 'fear': 0.0760122686624527, 'disgust': 0.014772839844226837, 'joy': 0.009363305754959583, 'sadness_linguistic': 1.0, 'sadness_sentence_count': 1}",0.1665082722902298,0.15052548050880432,0.009363305754959583,0.14443053305149078,0.0760122686624527,0.43838733434677124,0.014772839844226837,0.0,0.0,0.0,0.0,0.0,1.0,0.0,0.0,0.0,0.0,0.0,0.0,1.0,0.0,sadness
"I think that is the wrong questions.
The right question is.
What value does it has when kids are getting more and more ignorant and the dept of education is getting bigger and bigger ?",163,think wrong questions right question value kids getting ignorant dept education getting bigger bigger,negative,0.805573582649231,-1,"{'neutral': 0.6574476957321167, 'anger': 0.20759473741054535, 'disgust': 0.0493307039141655, 'surprise': 0.04331234097480774, 'sadness': 0.027014734223484993, 'fear': 0.009730782359838486, 'joy': 0.005568896420300007, 'love_linguistic': 1.0, 'love_sentence_count': 1}",0.6574476957321167,0.04331234097480774,0.005568896420300007,0.20759473741054535,0.009730782359838486,0.027014734223484993,0.0493307039141655,0.0,0.0,0.0,0.0,0.0,0.0,0.0,0.0,0.0,0.0,0.0,0.0,0.0,0.0,neutral
"There’s a lot of racism classism
Nepotism",164,theres lot racism classism nepotism,negative,0.8082852959632874,33,"{'anger': 0.7525458335876465, 'neutral': 0.12259213626384735, 'disgust': 0.03858732059597969, 'joy': 0.038395024836063385, 'sadness': 0.02528318203985691, 'surprise': 0.01740323379635811, 'fear': 0.005193335469812155}",0.12259213626384735,0.01740323379635811,0.038395024836063385,0.7525458335876465,0.005193335469812155,0.02528318203985691,0.03858732059597969,0.0,0.0,0.0,0.0,0.0,0.0,0.0,0.0,0.0,0.0,0.0,0.0,0.0,0.0,anger
"Public Eucation has been taken over by Socialists and Socialists want your kid to not be intelligent, they'll belittle the kids and then ask for more money while making policies to make it harder for the Socialists to leave. It's about time the Socialists were kicked out of every Tax dollar institution. Many extra Socialist Programs need to be completely defunded like what that clever South American President did a while back.",165,public eucation taken socialists socialists want kid intelligent theyll belittle kids ask money making policies make harder socialists leave time socialists kicked every tax dollar institution many extra socialist programs need completely defunded like clever south american president back,negative,0.8340247273445129,0,"{'anger': 0.8427895307540894, 'sadness': 0.10938578844070435, 'neutral': 0.022722376510500908, 'joy': 0.008920038118958473, 'surprise': 0.00830747839063406, 'disgust': 0.0052436948753893375, 'fear': 0.0026308505330234766, 'joy_linguistic': 1.2, 'joy_sentence_count': 1}",0.022722376510500908,0.00830747839063406,0.008920038118958473,0.8427895307540894,0.0026308505330234766,0.10938578844070435,0.0052436948753893375,0.0,0.0,1.2,0.0,0.0,0.0,0.0,0.0,0.0,1.0,0.0,0.0,0.0,0.0,anger
SCHOOL = Socialist Children Helpless Of Oppressive Legislation,166,school socialist children helpless oppressive legislation,negative,0.7564825415611267,0,"{'fear': 0.5193246006965637, 'anger': 0.23071010410785675, 'disgust': 0.1427692174911499, 'sadness': 0.07346583157777786, 'neutral': 0.022631069645285606, 'joy': 0.006523761432617903, 'surprise': 0.004575381055474281}",0.022631069645285606,0.004575381055474281,0.006523761432617903,0.23071010410785675,0.5193246006965637,0.07346583157777786,0.1427692174911499,0.0,0.0,0.0,0.0,0.0,0.0,0.0,0.0,0.0,0.0,0.0,0.0,0.0,0.0,fear
"It's so frustrating how when stupid people dont understand something, they decide that it just doesnt make sense.",167,frustrating stupid people dont understand something decide doesnt make sense,negative,0.9212413430213928,-1,"{'disgust': 0.47672438621520996, 'anger': 0.45686259865760803, 'surprise': 0.03131130710244179, 'fear': 0.018785707652568817, 'neutral': 0.00884722638875246, 'sadness': 0.006193485110998154, 'joy': 0.0012754331110045314}",0.00884722638875246,0.03131130710244179,0.0012754331110045314,0.45686259865760803,0.018785707652568817,0.006193485110998154,0.47672438621520996,0.0,0.0,0.0,0.0,0.0,0.0,0.0,0.0,0.0,0.0,0.0,0.0,0.0,0.0,disgust
Im very sure that no person would be mad people pay for kids to eat food thats good for them,168,sure person would mad people pay kids eat food thats good,positive,0.45843395590782166,19,"{'anger': 0.7237849235534668, 'neutral': 0.17139019072055817, 'joy': 0.03574822470545769, 'surprise': 0.023467684164643288, 'disgust': 0.019809717312455177, 'sadness': 0.018232818692922592, 'fear': 0.007566426880657673, 'anger_linguistic': 1.0, 'anger_sentence_count': 1}",0.17139019072055817,0.023467684164643288,0.03574822470545769,0.7237849235534668,0.007566426880657673,0.018232818692922592,0.019809717312455177,0.0,0.0,0.0,1.0,0.0,0.0,0.0,0.0,0.0,0.0,1.0,0.0,0.0,0.0,anger
The most important role in our country yet the most underpaid,169,important role country yet underpaid,neutral,0.3806512951850891,7,"{'sadness': 0.48663121461868286, 'anger': 0.29243308305740356, 'disgust': 0.13668297231197357, 'neutral': 0.061120856553316116, 'surprise': 0.015376280061900616, 'fear': 0.004515417851507664, 'joy': 0.0032402467913925648}",0.061120856553316116,0.015376280061900616,0.0032402467913925648,0.29243308305740356,0.004515417851507664,0.48663121461868286,0.13668297231197357,0.0,0.0,0.0,0.0,0.0,0.0,0.0,0.0,0.0,0.0,0.0,0.0,0.0,0.0,sadness
Blessings in an abundance of the faith. I salute you. 😘🙏Grace and peace be unto you and to this place. God bless you. 💌Thank you. Will you believe and receive Jesus Christ as your LORD and personal saviour??? I do. 🤍,170,blessings abundance faith salute grace peace unto place god bless thank believe receive jesus christ lord personal saviour,positive,0.9818419218063354,-1,"{'joy': 0.9748890995979309, 'neutral': 0.012114521116018295, 'anger': 0.00582108972594142, 'surprise': 0.0028323959559202194, 'sadness': 0.002639149082824588, 'fear': 0.0009519529994577169, 'disgust': 0.0007517028134316206}",0.012114521116018295,0.0028323959559202194,0.9748890995979309,0.00582108972594142,0.0009519529994577169,0.002639149082824588,0.0007517028134316206,0.0,0.0,0.0,0.0,0.0,0.0,0.0,0.0,0.0,0.0,0.0,0.0,0.0,0.0,joy
When the world is broken then every major issues follow.,171,world broken every major issues follow,negative,0.846844494342804,13,"{'neutral': 0.4241737127304077, 'surprise': 0.32156622409820557, 'sadness': 0.17121396958827972, 'anger': 0.05210788547992706, 'fear': 0.016715118661522865, 'disgust': 0.007301068399101496, 'joy': 0.006922025699168444, 'sadness_linguistic': 2.0, 'sadness_sentence_count': 1}",0.4241737127304077,0.32156622409820557,0.006922025699168444,0.05210788547992706,0.016715118661522865,0.17121396958827972,0.007301068399101496,0.0,0.0,0.0,0.0,0.0,2.0,0.0,0.0,0.0,0.0,0.0,0.0,1.0,0.0,sadness
"Of other countries are doing better, why don't we copy what works for them?",172,countries better dont copy works,neutral,0.5623340606689453,7,"{'neutral': 0.8619441986083984, 'sadness': 0.08465105295181274, 'surprise': 0.019486078992486, 'anger': 0.017540503293275833, 'disgust': 0.009060260839760303, 'joy': 0.005378913599997759, 'fear': 0.001938949921168387}",0.8619441986083984,0.019486078992486,0.005378913599997759,0.017540503293275833,0.001938949921168387,0.08465105295181274,0.009060260839760303,0.0,0.0,0.0,0.0,0.0,0.0,0.0,0.0,0.0,0.0,0.0,0.0,0.0,0.0,neutral
They don't have our demographics.,173,dont demographics,negative,0.6784827709197998,-1,"{'neutral': 0.8726620674133301, 'sadness': 0.05733622610569, 'surprise': 0.046657729893922806, 'anger': 0.007576152682304382, 'joy': 0.006404818035662174, 'disgust': 0.005784232169389725, 'fear': 0.003578789299353957}",0.8726620674133301,0.046657729893922806,0.006404818035662174,0.007576152682304382,0.003578789299353957,0.05733622610569,0.005784232169389725,0.0,0.0,0.0,0.0,0.0,0.0,0.0,0.0,0.0,0.0,0.0,0.0,0.0,0.0,neutral
"How does that compute, when Texas is republican?",174,compute texas republican,neutral,0.8906901478767395,41,"{'anger': 0.549652636051178, 'neutral': 0.33793118596076965, 'disgust': 0.08901327848434448, 'sadness': 0.009036085568368435, 'surprise': 0.006457448936998844, 'fear': 0.005001261364668608, 'joy': 0.0029080393724143505}",0.33793118596076965,0.006457448936998844,0.0029080393724143505,0.549652636051178,0.005001261364668608,0.009036085568368435,0.08901327848434448,0.0,0.0,0.0,0.0,0.0,0.0,0.0,0.0,0.0,0.0,0.0,0.0,0.0,0.0,anger
"Whether it works or not, 15 billions for the future of the leading nation 🗺️ compare to one trillion 💵 per year to the military doesn't let you any other choice than using violence to rule 📐 all your relationships, therefore the juridicialization of all your social spaces.

Mr Lionel Ramsal from KALUKÉRA 🟥",175,whether works billions future leading nation compare one trillion per year military doesnt let choice using violence rule relationships therefore juridicialization social spaces lionel ramsal kalukéra,negative,0.5326705574989319,-1,"{'anger': 0.5475592613220215, 'neutral': 0.35790175199508667, 'surprise': 0.0425855852663517, 'sadness': 0.027339912950992584, 'disgust': 0.011655835434794426, 'joy': 0.007096102926880121, 'fear': 0.00586168235167861, 'neutral_linguistic': 1.0, 'neutral_sentence_count': 1}",0.35790175199508667,0.0425855852663517,0.007096102926880121,0.5475592613220215,0.00586168235167861,0.027339912950992584,0.011655835434794426,1.0,0.0,0.0,0.0,0.0,0.0,0.0,1.0,0.0,0.0,0.0,0.0,0.0,0.0,neutral
"While I acknowledge the validity of various perspectives presented in this video, I strongly believe that one significant factor contributing to the perceived ineffectiveness of the Common Core is the lack of accountability among students and, more notably, parents. This raises the question: what exactly should parents be held accountable for? As a middle school teacher, I find it troubling that some parents demonstrate a lack of initiative to understand the curriculum being taught to their children, instead relying solely on teachers to convey the content. Although teaching is undoubtedly a teacher's responsibility, I argue that we, as a society, have forgotten the importance of shared responsibility in education. The adage ""it takes a village"" highlights the crucial role that parents and other stakeholders play in the educational process, alongside teachers and students. Rather than solely blaming the education system and high expectations, we should recognize the need for a collaborative approach to learning.",176,acknowledge validity various perspectives presented video strongly believe one significant factor contributing perceived ineffectiveness common core lack accountability among students notably parents raises question exactly parents held accountable middle school teacher find troubling parents demonstrate lack initiative understand curriculum taught children instead relying solely teachers convey content although teaching undoubtedly teachers responsibility argue society forgotten importance shared responsibility education adage takes village highlights crucial role parents stakeholders play educational process alongside teachers students rather solely blaming education system high expectations recognize need collaborative approach learning,neutral,0.6722375353177389,0,"{'fear': 0.9298251271247864, 'surprise': 0.0639822855591774, 'anger': 0.1308487057685852, 'sadness': 0.13042739033699036, 'neutral': 0.6096579432487488, 'joy': 0.03104132041335106, 'disgust': 0.010695070028305054, 'joy_linguistic': 1.0, 'fear_linguistic': 2.0, 'joy_sentence_count': 1, 'fear_sentence_count': 1}",0.6096579432487488,0.0639822855591774,0.03104132041335106,0.1308487057685852,0.9298251271247864,0.13042739033699036,0.010695070028305054,0.0,0.0,1.0,0.0,2.0,0.0,0.0,0.0,0.0,1.0,0.0,1.0,0.0,0.0,fear
"When a slave receives his education and his information from his own slave master, then that slave will master being a slave !!!",177,slave receives education information slave master slave master slave,neutral,0.49185794591903687,38,"{'neutral': 0.6062586307525635, 'disgust': 0.2528189718723297, 'anger': 0.08667758852243423, 'sadness': 0.02403729222714901, 'surprise': 0.01130471657961607, 'fear': 0.009661288000643253, 'joy': 0.009241505526006222}",0.6062586307525635,0.01130471657961607,0.009241505526006222,0.08667758852243423,0.009661288000643253,0.02403729222714901,0.2528189718723297,0.0,0.0,0.0,0.0,0.0,0.0,0.0,0.0,0.0,0.0,0.0,0.0,0.0,0.0,neutral
"I’ve been a teacher for 20 years and I can easily identify the problem. There are students whose parents teach them discipline and their students whose parents do not. The former do better in school and even later do worse. Since only about 15% of students have parents who teach them discipline, we have low test scores. Until parents civilize and prepare their kids to be students, our education system will continue to fail. Unfortunately, most parents refuse to consider their own failures. Most teachers I know work their butts off for the benefit of students, but most partners do not. Teachers cannot work miracles. If parents continue sending feral children to school, we will never see the academic success common in other first world nations.",178,ive teacher years easily identify problem students whose parents teach discipline students whose parents former better school even later worse since students parents teach discipline low test scores parents civilize prepare kids students education system continue fail unfortunately parents refuse consider failures teachers know work butts benefit students partners teachers cannot work miracles parents continue sending feral children school never see academic success common first world nations,negative,0.7254423201084137,0,"{'anger': 0.5670987367630005, 'sadness': 0.29297563433647156, 'neutral': 0.05310824140906334, 'fear': 0.03480110689997673, 'disgust': 0.03263920918107033, 'surprise': 0.013269656337797642, 'joy': 0.006107357330620289, 'sadness_linguistic': 1.0, 'surprise_linguistic': 1.0, 'sadness_sentence_count': 1, 'surprise_sentence_count': 1}",0.05310824140906334,0.013269656337797642,0.006107357330620289,0.5670987367630005,0.03480110689997673,0.29297563433647156,0.03263920918107033,0.0,1.0,0.0,0.0,0.0,1.0,0.0,0.0,1.0,0.0,0.0,0.0,1.0,0.0,sadness
"I do summer lessons with my son, he hates it but I feel it's better than putting him in summer camp just to keep him busy.",179,summer lessons son hates feel better putting summer camp keep busy,negative,0.6367650032043457,15,"{'joy': 0.9565752148628235, 'sadness': 0.025932079181075096, 'anger': 0.006227320060133934, 'neutral': 0.005552435759454966, 'surprise': 0.003306100144982338, 'disgust': 0.0019980210345238447, 'fear': 0.0004088030837010592}",0.005552435759454966,0.003306100144982338,0.9565752148628235,0.006227320060133934,0.0004088030837010592,0.025932079181075096,0.0019980210345238447,0.0,0.0,0.0,0.0,0.0,0.0,0.0,0.0,0.0,0.0,0.0,0.0,0.0,0.0,joy
I’d hate to be a teacher. Everyone from the President of the United States down to local principals want to tell you how to do your job.,180,hate teacher everyone president united states local principals want tell job,negative,0.9184077978134155,0,"{'anger': 0.8529707193374634, 'neutral': 0.060864392668008804, 'disgust': 0.0301306564360857, 'sadness': 0.026232343167066574, 'surprise': 0.013884351588785648, 'joy': 0.009347247891128063, 'fear': 0.006570297293365002}",0.060864392668008804,0.013884351588785648,0.009347247891128063,0.8529707193374634,0.006570297293365002,0.026232343167066574,0.0301306564360857,0.0,0.0,0.0,0.0,0.0,0.0,0.0,0.0,0.0,0.0,0.0,0.0,0.0,0.0,anger
"To me the period of 0 to 6 years (after which school starts) is the real attitudinal  preparation at home for the glorious next 16 years of school and college years.
A LOT LESS EMPHASIS during those years on material things,  and too popular falsities such as unicorns, santa, angels, etc. And a lot more emphasis on curiosity towards how materials and things behave and are made will be a great asset to children
Cheers",181,period years school starts real attitudinal preparation home glorious next years school college years lot less emphasis years material things popular falsities unicorns santa angels etc lot emphasis curiosity towards materials things behave made great asset children cheers,positive,0.490650475025177,0,"{'joy': 0.9277107119560242, 'surprise': 0.03468446061015129, 'neutral': 0.028692854568362236, 'sadness': 0.00472575519233942, 'anger': 0.0027131102979183197, 'fear': 0.0009671590523794293, 'disgust': 0.0005059423856437206, 'joy_linguistic': 1.0, 'anger_linguistic': 1.0, 'neutral_linguistic': 1.0, 'joy_sentence_count': 1, 'anger_sentence_count': 1, 'neutral_sentence_count': 1}",0.028692854568362236,0.03468446061015129,0.9277107119560242,0.0027131102979183197,0.0009671590523794293,0.00472575519233942,0.0005059423856437206,1.0,0.0,1.0,1.0,0.0,0.0,0.0,1.0,0.0,1.0,1.0,0.0,0.0,0.0,joy
The more you make it easier to do math the dummer people will get. It needs to be hard to develop the brain at a early age.,182,make easier math dummer people get needs hard develop brain early age,negative,0.7963157892227173,9,"{'neutral': 0.4293806850910187, 'joy': 0.30133023858070374, 'sadness': 0.18832910060882568, 'surprise': 0.06516268849372864, 'anger': 0.00887389574199915, 'fear': 0.0036888732574880123, 'disgust': 0.0032345643267035484}",0.4293806850910187,0.06516268849372864,0.30133023858070374,0.00887389574199915,0.0036888732574880123,0.18832910060882568,0.0032345643267035484,0.0,0.0,0.0,0.0,0.0,0.0,0.0,0.0,0.0,0.0,0.0,0.0,0.0,0.0,neutral
"I learned my multiplication table in the 1st grade while living in Japan. Came to the states, didn’t begin learning about multiplication until 3rd/4th grade. Way behind.",183,learned multiplication table grade living japan came states didnt begin learning multiplication rdth grade way behind,neutral,0.5497439503669739,-1,"{'neutral': 0.5191828012466431, 'surprise': 0.343305766582489, 'sadness': 0.08157461136579514, 'joy': 0.02910134755074978, 'anger': 0.017931273207068443, 'fear': 0.006370224058628082, 'disgust': 0.0025339822750538588}",0.5191828012466431,0.343305766582489,0.02910134755074978,0.017931273207068443,0.006370224058628082,0.08157461136579514,0.0025339822750538588,0.0,0.0,0.0,0.0,0.0,0.0,0.0,0.0,0.0,0.0,0.0,0.0,0.0,0.0,neutral
"Instead of blaming common core and teacher salary, maybe we should talk about the shift of pandering to students. No consequences, no accountability, no standards, no expectations. We are passing students who CAN'T even READ! Teachers are being abused by students, parents, and administration is not supporting these teachers. How did we get to a place where kids are cursing out their teachers, physically assaulting them, and blatantly disrespecting all authority, and we just accept that as an everyday thing now?",184,instead blaming common core teacher salary maybe talk shift pandering students consequences accountability standards expectations passing students cant even read teachers abused students parents administration supporting teachers get place kids cursing teachers physically assaulting blatantly disrespecting authority accept everyday thing,negative,0.8187247216701508,0,"{'anger': 0.89705491065979, 'sadness': 0.038896821439266205, 'neutral': 0.028941063210368156, 'disgust': 0.026476839557290077, 'fear': 0.004809865728020668, 'joy': 0.0019652643240988255, 'surprise': 0.0018552598776295781, 'love_linguistic': 1.0, 'neutral_linguistic': 1.0, 'love_sentence_count': 1, 'neutral_sentence_count': 1}",0.028941063210368156,0.0018552598776295781,0.0019652643240988255,0.89705491065979,0.004809865728020668,0.038896821439266205,0.026476839557290077,1.0,0.0,0.0,0.0,0.0,0.0,0.0,1.0,0.0,0.0,0.0,0.0,0.0,0.0,anger
"Our education system is for slow learning kids, Those high learning kinds just give up learning. If their parents have $$, their kids go to private schools, or get helps from educated parents. Kids need to be encouraged to take challenges.",185,education system slow learning kids high learning kinds give learning parents kids private schools get helps educated parents kids need encouraged take challenges,negative,0.5838328003883362,-1,"{'neutral': 0.8676996827125549, 'surprise': 0.054141778498888016, 'joy': 0.0394718311727047, 'sadness': 0.018720509484410286, 'anger': 0.012284910306334496, 'fear': 0.004573281854391098, 'disgust': 0.0031080348417162895, 'sadness_linguistic': 1.0, 'anger_linguistic': 1.0, 'sadness_sentence_count': 1, 'anger_sentence_count': 1}",0.8676996827125549,0.054141778498888016,0.0394718311727047,0.012284910306334496,0.004573281854391098,0.018720509484410286,0.0031080348417162895,0.0,0.0,0.0,1.0,0.0,1.0,0.0,0.0,0.0,0.0,1.0,0.0,1.0,0.0,neutral
I'm the author of EIGHT DAYS IN AN INNER CITY SCHOOL please talk about the out of control OCCUPATIONAL LICENSING for k-12 teachers in this country that's why we have teacher shortages,186,author eight days inner city school please talk control occupational licensing teachers country thats teacher shortages,negative,0.7919801473617554,-1,"{'sadness': 0.46707531809806824, 'neutral': 0.32491591572761536, 'surprise': 0.16903135180473328, 'joy': 0.013757627457380295, 'anger': 0.01232748944312334, 'fear': 0.01088270079344511, 'disgust': 0.002009621588513255}",0.32491591572761536,0.16903135180473328,0.013757627457380295,0.01232748944312334,0.01088270079344511,0.46707531809806824,0.002009621588513255,0.0,0.0,0.0,0.0,0.0,0.0,0.0,0.0,0.0,0.0,0.0,0.0,0.0,0.0,sadness
"I’ve taught students in special ed resource, K-8 classroom & children w/visual impairments. Over the years, I’ve noticed that some of the most critical learning doesn’t happen in the classroom—it comes from life experiences & the environment a child grows up, plays & learns in.
These experiences lay the foundation for understanding & applying classroom concepts. They build the kind of background knowledge that helps students connect ideas, understand analogies, & draw relationships between what they’re learning & the world around them.
Too often, the stories we read or the math word problems we give assume a level of real-world experience that many of today’s children just don’t have. How many middle schoolers today truly know how to tell time—not just digitally, but on an analog clock & in different ways? How many parents explain fractions using a Friday night pizza or bake w/their children & explain fractions on measuring cups? How many children know how to ride a bike, or understand how a river flows & ebbs —what a riverbank is—not the kind that holds money?  Many kids are dumbfounded by the concept of ratios or the odds of something happening? Use the concept of the weather or the lottery to pre-teach this skill. Our ed system has its flaws, but this problem goes deeper than that. It’s also about a lack of prior knowledge & a growing inability among children to think independently & apply what they know. We can’t rely on McMahon to make policy decisions—esp. since she can’t tell the diff btwn AI & A1 or what the Ed. acronyms mean. So, parents must step up— Go outside w/ your kids— take them camping— teach directions - teach how to read a clock, ride a bike, watch a river ebb & flow. Give them life to pull from when they sit down to learn. Be their 1st life skills teacher & your children will love it! ❤",187,ive taught students special resource classroom children wvisual impairments years ive noticed critical learning doesnt happen classroomit comes life experiences environment child grows plays learns experiences lay foundation understanding applying classroom concepts build kind background knowledge helps students connect ideas understand analogies draw relationships theyre learning world around often stories read math word problems give assume level realworld experience many todays children dont many middle schoolers today truly know tell timenot digitally analog clock different ways many parents explain fractions using friday night pizza bake wtheir children explain fractions measuring cups many children know ride bike understand river flows ebbs riverbank isnot kind holds money many kids dumbfounded concept ratios odds something happening use concept weather lottery preteach skill system flaws problem goes deeper also lack prior knowledge growing inability among children think independently apply know cant rely mcmahon make policy decisionsesp since cant tell diff btwn acronyms mean parents must step outside kids take camping teach directions teach read clock ride bike watch river ebb flow give life pull sit learn life skills teacher children love,neutral,0.6692093014717102,0,"{'fear': 0.41054561734199524, 'joy': 0.39441731572151184, 'anger': 0.19876952469348907, 'surprise': 0.739177942276001, 'sadness': 0.1739182025194168, 'neutral': 0.48814836144447327, 'disgust': 0.02441839501261711, 'joy_linguistic': 1.0, 'sadness_linguistic': 1.0, 'anger_linguistic': 1.0, 'surprise_linguistic': 2.0, 'love_linguistic': 2.0, 'neutral_linguistic': 3.0, 'joy_sentence_count': 1, 'sadness_sentence_count': 1, 'anger_sentence_count': 1, 'surprise_sentence_count': 1, 'love_sentence_count': 1, 'neutral_sentence_count': 1}",0.48814836144447327,0.739177942276001,0.39441731572151184,0.19876952469348907,0.41054561734199524,0.1739182025194168,0.02441839501261711,3.0,2.0,1.0,1.0,0.0,1.0,0.0,1.0,1.0,1.0,1.0,0.0,1.0,0.0,neutral
"We sent our son to a good private Christian school. Now, he is heading to med school. Public school are a joke!",188,sent son good private christian school heading med school public school joke,negative,0.6778571009635925,15,"{'joy': 0.8822798132896423, 'surprise': 0.06721901893615723, 'neutral': 0.03700003772974014, 'sadness': 0.00797292310744524, 'anger': 0.003400427522137761, 'disgust': 0.0014305354561656713, 'fear': 0.0006971727125346661}",0.03700003772974014,0.06721901893615723,0.8822798132896423,0.003400427522137761,0.0006971727125346661,0.00797292310744524,0.0014305354561656713,0.0,0.0,0.0,0.0,0.0,0.0,0.0,0.0,0.0,0.0,0.0,0.0,0.0,0.0,joy
I think old schools that our closed should be opened and  turned into a big library and classroom used for tutoring adults to sharpen skill 😂😂,189,think old schools closed opened turned big library classroom used tutoring adults sharpen skill,neutral,0.6463032960891724,31,"{'surprise': 0.7792540192604065, 'neutral': 0.1391720026731491, 'sadness': 0.039267390966415405, 'joy': 0.01780271716415882, 'anger': 0.01221707183867693, 'fear': 0.01100704725831747, 'disgust': 0.0012797197559848428}",0.1391720026731491,0.7792540192604065,0.01780271716415882,0.01221707183867693,0.01100704725831747,0.039267390966415405,0.0012797197559848428,0.0,0.0,0.0,0.0,0.0,0.0,0.0,0.0,0.0,0.0,0.0,0.0,0.0,0.0,surprise
It's all abouut Democrats making money and nothing to do with your kids!!!!!!,191,abouut democrats making money nothing kids,negative,0.7700084447860718,27,"{'neutral': 0.46069958806037903, 'anger': 0.23898427188396454, 'sadness': 0.13418225944042206, 'disgust': 0.1297769993543625, 'surprise': 0.017416175454854965, 'joy': 0.01604229211807251, 'fear': 0.0028984996024519205}",0.46069958806037903,0.017416175454854965,0.01604229211807251,0.23898427188396454,0.0028984996024519205,0.13418225944042206,0.1297769993543625,0.0,0.0,0.0,0.0,0.0,0.0,0.0,0.0,0.0,0.0,0.0,0.0,0.0,0.0,neutral
"These common core standards were the direct reason I was failed as a teacher, and my life was ruined for 10 years!! Thanks Obama and common core standards!!",192,common core standards direct reason failed teacher life ruined years thanks obama common core standards,negative,0.9565621614456177,26,"{'sadness': 0.9266648888587952, 'anger': 0.046703729778528214, 'neutral': 0.010005079209804535, 'surprise': 0.008460133336484432, 'joy': 0.003781477455049753, 'fear': 0.002522421767935157, 'disgust': 0.0018623204668983817}",0.010005079209804535,0.008460133336484432,0.003781477455049753,0.046703729778528214,0.002522421767935157,0.9266648888587952,0.0018623204668983817,0.0,0.0,0.0,0.0,0.0,0.0,0.0,0.0,0.0,0.0,0.0,0.0,0.0,0.0,sadness
Because parents and students don’t respect school authority.,193,parents students dont respect school authority,negative,0.8373761177062988,0,"{'anger': 0.6062081456184387, 'disgust': 0.21629033982753754, 'neutral': 0.12668515741825104, 'sadness': 0.037725720554590225, 'fear': 0.00671736616641283, 'surprise': 0.004827114753425121, 'joy': 0.0015462205046787858, 'love_linguistic': 1.0, 'love_sentence_count': 1}",0.12668515741825104,0.004827114753425121,0.0015462205046787858,0.6062081456184387,0.00671736616641283,0.037725720554590225,0.21629033982753754,0.0,0.0,0.0,0.0,0.0,0.0,0.0,0.0,0.0,0.0,0.0,0.0,0.0,0.0,anger
Kids are too stupid to learn anything useful anyway. I say abolish public education and let nature takes it's course.,194,kids stupid learn anything useful anyway say abolish public education let nature takes course,negative,0.8911411166191101,-1,"{'anger': 0.9369842410087585, 'disgust': 0.027730541303753853, 'sadness': 0.014074373058974743, 'neutral': 0.013124476186931133, 'fear': 0.0049421526491642, 'surprise': 0.001589207793585956, 'joy': 0.0015550151001662016}",0.013124476186931133,0.001589207793585956,0.0015550151001662016,0.9369842410087585,0.0049421526491642,0.014074373058974743,0.027730541303753853,0.0,0.0,0.0,0.0,0.0,0.0,0.0,0.0,0.0,0.0,0.0,0.0,0.0,0.0,anger
California schools are in chaos. Largely due to there being no discipline / accountability for student behavior. Governor Gavin Newsom banned suspensions for classroom defiance and disruptions. Teachers have to sit there and take this abuse every day. Teachers can't even take a recess from a kid any more. Teachers have no authority anymore. Teachers and the good kids pay the price. Hopefully he gets sued for causing this trauma to the teachers and the learning loss for the well-behaved kids.,195,california schools chaos largely due discipline accountability student behavior governor gavin newsom banned suspensions classroom defiance disruptions teachers sit take abuse every day teachers cant even take recess kid teachers authority anymore teachers good kids pay price hopefully gets sued causing trauma teachers learning loss wellbehaved kids,negative,0.914708137512207,22,"{'anger': 0.7017249464988708, 'fear': 0.17307226359844208, 'sadness': 0.08678767085075378, 'surprise': 0.016633011400699615, 'neutral': 0.010930937714874744, 'joy': 0.009372487664222717, 'disgust': 0.0014787646941840649, 'sadness_linguistic': 1.0, 'sadness_sentence_count': 1}",0.010930937714874744,0.016633011400699615,0.009372487664222717,0.7017249464988708,0.17307226359844208,0.08678767085075378,0.0014787646941840649,0.0,0.0,0.0,0.0,0.0,1.0,0.0,0.0,0.0,0.0,0.0,0.0,1.0,0.0,sadness
The thumbnail looks like a fat Spider-Man wearing a pink shirt.,197,thumbnail looks like fat spiderman wearing pink shirt,negative,0.4830544590950012,17,"{'disgust': 0.8338918685913086, 'neutral': 0.12141010165214539, 'surprise': 0.018084650859236717, 'sadness': 0.013671874068677425, 'anger': 0.005204607266932726, 'fear': 0.004248382989317179, 'joy': 0.0034886342473328114}",0.12141010165214539,0.018084650859236717,0.0034886342473328114,0.005204607266932726,0.004248382989317179,0.013671874068677425,0.8338918685913086,0.0,0.0,0.0,0.0,0.0,0.0,0.0,0.0,0.0,0.0,0.0,0.0,0.0,0.0,disgust
"The US education system has been broken for more than a hundred years or more. It does not give a person the tools by which to live, period. Math is not practical and easily used. History is lies, and schools teach fear and submission. Kids should go to school online and progress at their own rate. There should be a guaranteed income so parents can produce productive members of society. I hated math. It wasn't practical and easy to use without a calculator. Kids are being taught to fail. This is criminal. School is mind control. Schools are just more proof of how this country has failed. And some people have no business being teachers. I learned to hate old women teachers. I had one go off on me in the second grade. She should have never been a teacher. So much of school was a complete waste of my life. And college was the same. The truth be known today, a kid would be better dropping out, and buying fake degrees and going to a school that gives him skills to make a living with. I do not like women teachers. What a person experiences as a kid stays with them their whole lives. Fact. And in schools a kid is effected by other kids. And learn things they shouldn't. Its like TV. A program will effect people who don't live in a area the program is showing. Blue Bloods is a good example. Who wants to know what is going on in New York and be affected by it? This is the reasoning for the different states. You just create the same problems in other cities and states. New York has always been a cesspool. Who wants to live like that? Kids learn the wrong things in school and it affects them their whole life. Problems are created in people that shouldn't be there.",198,education system broken hundred years give person tools live period math practical easily used history lies schools teach fear submission kids school online progress rate guaranteed income parents produce productive members society hated math wasnt practical easy use without calculator kids taught fail criminal school mind control schools proof country failed people business teachers learned hate old women teachers one second grade never teacher much school complete waste life college truth known today kid would better dropping buying fake degrees going school gives skills make living like women teachers person experiences kid stays whole lives fact schools kid effected kids learn things shouldnt like program effect people dont live area program showing blue bloods good example wants know going new york affected reasoning different states create problems cities states new york always cesspool wants live like kids learn wrong things school affects whole life problems created people shouldnt,negative,0.8321308046579361,-1,"{'fear': 0.9481999278068542, 'anger': 0.7385319471359253, 'sadness': 0.25055500864982605, 'joy': 0.11545699089765549, 'neutral': 0.24218037724494934, 'surprise': 0.28745290637016296, 'disgust': 0.011960554867982864, 'sadness_linguistic': 2.0, 'sadness_sentence_count': 1}",0.24218037724494934,0.28745290637016296,0.11545699089765549,0.7385319471359253,0.9481999278068542,0.25055500864982605,0.011960554867982864,0.0,0.0,0.0,0.0,0.0,2.0,0.0,0.0,0.0,0.0,0.0,0.0,1.0,0.0,sadness
"Of course people who have never been in the classroom want to tell someone who has spent their entire career in one what to do. 
Also, another issue is the the inclusive classroom and no child left behind. It’s a lot in a teacher to have to figure out how to help the students who are lower learners and teaching higher learners at the same time, and you can’t hold kids back when they really need it because they didn’t understand the standards and just push them forward in hopes they figure it out somewhere down the line. 
I think school should be more like levels. If you understand and have mastered the skill, you can move on up. If not, stay until you get it. This would help with motivation to learn and everyone understands how games work, it’s the same idea.",199,course people never classroom want tell someone spent entire career one also another issue inclusive classroom child left behind lot teacher figure help students lower learners teaching higher learners time cant hold kids back really need didnt understand standards push forward hopes figure somewhere line think school like levels understand mastered skill move stay get would help motivation learn everyone understands games work idea,negative,0.540092259645462,0,"{'neutral': 0.5207734107971191, 'surprise': 0.20775802433490753, 'joy': 0.15766996145248413, 'sadness': 0.07853783667087555, 'anger': 0.02840808406472206, 'fear': 0.005304484628140926, 'disgust': 0.0015481588197872043, 'sadness_linguistic': 1.2, 'neutral_linguistic': 0.6, 'sadness_sentence_count': 1, 'love_sentence_count': 1, 'neutral_sentence_count': 1}",0.5207734107971191,0.20775802433490753,0.15766996145248413,0.02840808406472206,0.005304484628140926,0.07853783667087555,0.0015481588197872043,0.6,0.0,0.0,0.0,0.0,1.2,0.0,1.0,0.0,0.0,0.0,0.0,1.0,0.0,sadness
"Agreed.  All the more reason to respect teachers.  Where parents fail, it's not the kids' fault, but we are there to help.",200,agreed reason respect teachers parents fail kids fault help,positive,0.6084480881690979,0,"{'anger': 0.9280733466148376, 'neutral': 0.033888839185237885, 'sadness': 0.018347512930631638, 'disgust': 0.009802313521504402, 'fear': 0.006127419415861368, 'surprise': 0.002426201244816184, 'joy': 0.0013344100443646312, 'love_linguistic': 1.0, 'love_sentence_count': 1}",0.033888839185237885,0.002426201244816184,0.0013344100443646312,0.9280733466148376,0.006127419415861368,0.018347512930631638,0.009802313521504402,0.0,0.0,0.0,0.0,0.0,0.0,0.0,0.0,0.0,0.0,0.0,0.0,0.0,0.0,anger
But what about the low IQ you know who people - how are they supposed to be edumacated?,201,low know people supposed edumacated,negative,0.8031691908836365,52,"{'surprise': 0.4862428307533264, 'neutral': 0.3808262348175049, 'sadness': 0.06071758270263672, 'disgust': 0.03388231247663498, 'anger': 0.022453298792243004, 'joy': 0.008912403136491776, 'fear': 0.006965339183807373, 'sadness_linguistic': 1.0, 'sadness_sentence_count': 1}",0.3808262348175049,0.4862428307533264,0.008912403136491776,0.022453298792243004,0.006965339183807373,0.06071758270263672,0.03388231247663498,0.0,0.0,0.0,0.0,0.0,1.0,0.0,0.0,0.0,0.0,0.0,0.0,1.0,0.0,sadness
"When teachers have to work two jobs to make a living and the disrespectful students, you don't attract the best teachers.",202,teachers work two jobs make living disrespectful students dont attract best teachers,negative,0.8451993465423584,0,"{'anger': 0.9270380735397339, 'disgust': 0.03684857115149498, 'neutral': 0.0178091898560524, 'sadness': 0.01340180542320013, 'surprise': 0.00176625931635499, 'fear': 0.001578637515194714, 'joy': 0.0015574598219245672, 'anger_linguistic': 1.0, 'love_linguistic': 1.0, 'anger_sentence_count': 1, 'love_sentence_count': 1}",0.0178091898560524,0.00176625931635499,0.0015574598219245672,0.9270380735397339,0.001578637515194714,0.01340180542320013,0.03684857115149498,0.0,0.0,0.0,1.0,0.0,0.0,0.0,0.0,0.0,0.0,1.0,0.0,0.0,0.0,anger
Is failing? No. It has failed,203,failing failed,negative,0.7599407434463501,13,"{'anger': 0.8298582434654236, 'sadness': 0.15349751710891724, 'neutral': 0.0049256617203354836, 'disgust': 0.0038906948175281286, 'fear': 0.003318940522149205, 'surprise': 0.0027566843200474977, 'joy': 0.001752254320308566}",0.0049256617203354836,0.0027566843200474977,0.001752254320308566,0.8298582434654236,0.003318940522149205,0.15349751710891724,0.0038906948175281286,0.0,0.0,0.0,0.0,0.0,0.0,0.0,0.0,0.0,0.0,0.0,0.0,0.0,0.0,anger
"So, this video claimes the nation''s education problem is all about women and teacher pay. I suspect not. We need to take politics out of schools. We need to stop using race to make decisions. And, lets realize not all kids can go to college.",204,video claimes nations education problem women teacher pay suspect need take politics schools need stop using race make decisions lets realize kids college,negative,0.7742359638214111,25,"{'fear': 0.8207446932792664, 'sadness': 0.05622017756104469, 'anger': 0.05192970484495163, 'neutral': 0.044267136603593826, 'joy': 0.01383889652788639, 'surprise': 0.008693242445588112, 'disgust': 0.00430618692189455, 'neutral_linguistic': 1.0, 'neutral_sentence_count': 1}",0.044267136603593826,0.008693242445588112,0.01383889652788639,0.05192970484495163,0.8207446932792664,0.05622017756104469,0.00430618692189455,1.0,0.0,0.0,0.0,0.0,0.0,0.0,1.0,0.0,0.0,0.0,0.0,0.0,0.0,fear
"Yes the system is garbage by design, to politically placate the low IQ demographics. But there is also a huge advantage: you can do your GED and escape from this failed system.",205,yes system garbage design politically placate low demographics also huge advantage ged escape failed system,negative,0.7336028218269348,-1,"{'anger': 0.36392781138420105, 'sadness': 0.22774244844913483, 'neutral': 0.19962292909622192, 'joy': 0.10723067075014114, 'disgust': 0.08123760670423508, 'surprise': 0.01686156913638115, 'fear': 0.0033770801965147257, 'sadness_linguistic': 1.0, 'neutral_linguistic': 1.0, 'sadness_sentence_count': 1, 'neutral_sentence_count': 1}",0.19962292909622192,0.01686156913638115,0.10723067075014114,0.36392781138420105,0.0033770801965147257,0.22774244844913483,0.08123760670423508,1.0,0.0,0.0,0.0,0.0,1.0,0.0,1.0,0.0,0.0,0.0,0.0,1.0,0.0,sadness
Government wants to dumb down the future,206,government wants dumb future,negative,0.7689414620399475,10,"{'anger': 0.6742076873779297, 'disgust': 0.17677812278270721, 'neutral': 0.07928010076284409, 'sadness': 0.05743551626801491, 'surprise': 0.005213637836277485, 'fear': 0.004518536385148764, 'joy': 0.0025663648266345263}",0.07928010076284409,0.005213637836277485,0.0025663648266345263,0.6742076873779297,0.004518536385148764,0.05743551626801491,0.17677812278270721,0.0,0.0,0.0,0.0,0.0,0.0,0.0,0.0,0.0,0.0,0.0,0.0,0.0,0.0,anger
"Hey COUZINZ - HOWZ aboot STOPPING gunz violence - STUDENTZ cant learn Fearing Death - even if youz hadnt banned bookz - 
  Praise the TEACHERZ !🇨🇦",207,hey couzinz howz aboot stopping gunz violence studentz cant learn fearing death even youz hadnt banned bookz praise teacherz,negative,0.5952810049057007,22,"{'fear': 0.9719968438148499, 'joy': 0.010207575745880604, 'anger': 0.005868813022971153, 'sadness': 0.005007692612707615, 'neutral': 0.0038114741910248995, 'surprise': 0.002867133589461446, 'disgust': 0.00024051780928857625}",0.0038114741910248995,0.002867133589461446,0.010207575745880604,0.005868813022971153,0.9719968438148499,0.005007692612707615,0.00024051780928857625,0.0,0.0,0.0,0.0,0.0,0.0,0.0,0.0,0.0,0.0,0.0,0.0,0.0,0.0,fear
How can you have unified standards when there is no unified funding?,208,unified standards unified funding,negative,0.6115280389785767,-1,"{'neutral': 0.8909481167793274, 'surprise': 0.032743774354457855, 'joy': 0.027167821303009987, 'sadness': 0.023845037445425987, 'anger': 0.01229775045067072, 'fear': 0.008885391056537628, 'disgust': 0.004112073220312595, 'joy_linguistic': 1.0, 'joy_sentence_count': 1}",0.8909481167793274,0.032743774354457855,0.027167821303009987,0.01229775045067072,0.008885391056537628,0.023845037445425987,0.004112073220312595,0.0,0.0,1.0,0.0,0.0,0.0,0.0,0.0,0.0,1.0,0.0,0.0,0.0,0.0,neutral
Sucks because I have an 8 year old son and he is neglected because of our income! We are in upper middle class neighborhood and principal changed 2 years ago and have seen so much favoritism towards the wealthier families so my son is neglected and nothing is being done! Wish teachers would quit doing this; not all there are good teachers but most are crap!!,209,sucks year old son neglected income upper middle class neighborhood principal changed years ago seen much favoritism towards wealthier families son neglected nothing done wish teachers would quit good teachers crap,negative,0.9354448318481445,-1,"{'sadness': 0.978594958782196, 'anger': 0.0065136803314089775, 'surprise': 0.005833877250552177, 'neutral': 0.0035241025034338236, 'joy': 0.0035211530048400164, 'disgust': 0.0016280543059110641, 'fear': 0.000384146609576419}",0.0035241025034338236,0.005833877250552177,0.0035211530048400164,0.0065136803314089775,0.000384146609576419,0.978594958782196,0.0016280543059110641,0.0,0.0,0.0,0.0,0.0,0.0,0.0,0.0,0.0,0.0,0.0,0.0,0.0,0.0,sadness
"Just do what the asian countries do. China, Singapore, wherever, they absolutely DOMINATE the US in K-12.",210,asian countries china singapore wherever absolutely dominate,neutral,0.5128113627433777,1,"{'neutral': 0.36120185256004333, 'sadness': 0.2004312425851822, 'surprise': 0.151862233877182, 'anger': 0.12879344820976257, 'joy': 0.10781573504209518, 'fear': 0.04477487504482269, 'disgust': 0.005120660178363323}",0.36120185256004333,0.151862233877182,0.10781573504209518,0.12879344820976257,0.04477487504482269,0.2004312425851822,0.005120660178363323,0.0,0.0,0.0,0.0,0.0,0.0,0.0,0.0,0.0,0.0,0.0,0.0,0.0,0.0,neutral
"That’s because war is their priority. Other countries like Ukraine & Israel are their priority. Selling farmland to China is their priority. Selling out to big-pharma & big-corporations is their priority. Disarming citizens is their priority. Unfortunately, American citizens & our wellbeing aren’t even on their priority list smh.",211,thats war priority countries like ukraine israel priority selling farmland china priority selling bigpharma bigcorporations priority disarming citizens priority unfortunately american citizens wellbeing arent even priority list smh,negative,0.9099850654602051,24,"{'sadness': 0.8589262366294861, 'surprise': 0.08918105810880661, 'neutral': 0.02438325062394142, 'joy': 0.018023502081632614, 'anger': 0.005039978306740522, 'fear': 0.003652285085991025, 'disgust': 0.0007936885231174529}",0.02438325062394142,0.08918105810880661,0.018023502081632614,0.005039978306740522,0.003652285085991025,0.8589262366294861,0.0007936885231174529,0.0,0.0,0.0,0.0,0.0,0.0,0.0,0.0,0.0,0.0,0.0,0.0,0.0,0.0,sadness
"39 min 48sec: the failure of the US educational system can  be summed up in a few words:
1. DISCIPLINE (or lack thereof)
2 . DEI: was necessary to overcome the negative effects of slavery, but are NOT USEFUL ANYMORE
3 The increased feminization of society leading to weakening of  men's influence in raising children. The threat of ""Wait til your father gets home"" has disappeared . 
4  The lack of a father in so many households 
5  the influence of a close extended family to help raise kids
6 children's lack of pride in themselves and society and nation
7. And did I mention DISCIPLINE ?

Fix these societal failures and you'll go a long way to fixing our educational failures and vise versa.",212,min sec failure educational system summed words discipline lack thereof dei necessary overcome negative effects slavery useful anymore increased feminization society leading weakening mens influence raising children threat wait til father gets home disappeared lack father many households influence close extended family help raise kids childrens lack pride society nation mention discipline fix societal failures youll long way fixing educational failures vise versa,negative,0.69518181681633,0,"{'sadness': 0.495657354593277, 'anger': 0.2767348289489746, 'joy': 0.13548021018505096, 'surprise': 0.03572572395205498, 'neutral': 0.029000548645853996, 'fear': 0.02616148628294468, 'disgust': 0.0012398459948599339, 'fear_linguistic': 1.0, 'fear_sentence_count': 1}",0.029000548645853996,0.03572572395205498,0.13548021018505096,0.2767348289489746,0.02616148628294468,0.495657354593277,0.0012398459948599339,0.0,0.0,0.0,0.0,1.0,0.0,0.0,0.0,0.0,0.0,0.0,1.0,0.0,0.0,fear
"""Why America is Failing The Education System"" - fixed it for you.",213,america failing education system fixed,negative,0.7220350503921509,0,"{'sadness': 0.9350239038467407, 'anger': 0.022160721942782402, 'neutral': 0.01989925093948841, 'surprise': 0.01426682248711586, 'fear': 0.0036200135946273804, 'disgust': 0.003028903855010867, 'joy': 0.002000445034354925}",0.01989925093948841,0.01426682248711586,0.002000445034354925,0.022160721942782402,0.0036200135946273804,0.9350239038467407,0.003028903855010867,0.0,0.0,0.0,0.0,0.0,0.0,0.0,0.0,0.0,0.0,0.0,0.0,0.0,0.0,sadness
maybe can start with stop forcing and remove the woke agenda in the schools...🤔,214,maybe start stop forcing remove woke agenda schools,neutral,0.6764065027236938,5,"{'neutral': 0.777866005897522, 'anger': 0.11734416335821152, 'fear': 0.05280229449272156, 'sadness': 0.028845615684986115, 'surprise': 0.011874043382704258, 'disgust': 0.008291458711028099, 'joy': 0.002976485062390566, 'neutral_linguistic': 1.0, 'neutral_sentence_count': 1}",0.777866005897522,0.011874043382704258,0.002976485062390566,0.11734416335821152,0.05280229449272156,0.028845615684986115,0.008291458711028099,1.0,0.0,0.0,0.0,0.0,0.0,0.0,1.0,0.0,0.0,0.0,0.0,0.0,0.0,neutral
"It’s broken since the Reagan era, when GOP politicians started gutting education funding at all levels. The GOP realized that an educated populace would be less likely to vote for them. The GOP wants uneducated voters.",215,broken since reagan era gop politicians started gutting education funding levels gop realized educated populace would less likely vote gop wants uneducated voters,negative,0.875572681427002,0,"{'surprise': 0.3435629904270172, 'sadness': 0.3326168954372406, 'neutral': 0.23383045196533203, 'anger': 0.05352672189474106, 'fear': 0.01734423264861107, 'joy': 0.011875435709953308, 'disgust': 0.007243297528475523, 'joy_linguistic': 1.0, 'sadness_linguistic': 1.0, 'neutral_linguistic': 2.0, 'joy_sentence_count': 1, 'sadness_sentence_count': 1, 'neutral_sentence_count': 1}",0.23383045196533203,0.3435629904270172,0.011875435709953308,0.05352672189474106,0.01734423264861107,0.3326168954372406,0.007243297528475523,2.0,0.0,1.0,0.0,0.0,1.0,0.0,1.0,0.0,1.0,0.0,0.0,1.0,0.0,neutral
"U.S. now ranked in the developing countries in reading, math, social studios and comprehension!😮",216,ranked developing countries reading math social studios comprehension,positive,0.6593363881111145,46,"{'surprise': 0.6897127628326416, 'neutral': 0.16822151839733124, 'joy': 0.060028452426195145, 'sadness': 0.0279390811920166, 'anger': 0.02689903788268566, 'fear': 0.014288362115621567, 'disgust': 0.012910779565572739}",0.16822151839733124,0.6897127628326416,0.060028452426195145,0.02689903788268566,0.014288362115621567,0.0279390811920166,0.012910779565572739,0.0,0.0,0.0,0.0,0.0,0.0,0.0,0.0,0.0,0.0,0.0,0.0,0.0,0.0,surprise
"Yeah, but it's CNBC, so how much is fake news?",217,yeah cnbc much fake news,negative,0.5797837972640991,29,"{'sadness': 0.44158506393432617, 'neutral': 0.34225133061408997, 'surprise': 0.0685359537601471, 'anger': 0.06656690686941147, 'disgust': 0.029547657817602158, 'fear': 0.026753071695566177, 'joy': 0.0247599296271801}",0.34225133061408997,0.0685359537601471,0.0247599296271801,0.06656690686941147,0.026753071695566177,0.44158506393432617,0.029547657817602158,0.0,0.0,0.0,0.0,0.0,0.0,0.0,0.0,0.0,0.0,0.0,0.0,0.0,0.0,sadness
"What the heck is going on here?
In all my years in public school (what time adamantly proud of) II never ever recall any sort of observed controversy as you guys put on these kids. 
Ask the kids doofuses.",218,heck going years public school time adamantly proud never ever recall sort observed controversy guys put kids ask kids doofuses,negative,0.8955435156822205,0,"{'neutral': 0.46835118532180786, 'anger': 0.34965014457702637, 'fear': 0.06124141067266464, 'disgust': 0.044883716851472855, 'surprise': 0.039687540382146835, 'sadness': 0.021078284829854965, 'joy': 0.015107822604477406}",0.46835118532180786,0.039687540382146835,0.015107822604477406,0.34965014457702637,0.06124141067266464,0.021078284829854965,0.044883716851472855,0.0,0.0,0.0,0.0,0.0,0.0,0.0,0.0,0.0,0.0,0.0,0.0,0.0,0.0,neutral
When you narrate a video on declining education system and call a subtraction an equation. 😂,219,narrate video declining education system call subtraction equation,negative,0.6696877479553223,-1,"{'neutral': 0.29716455936431885, 'fear': 0.24010233581066132, 'sadness': 0.1835479736328125, 'anger': 0.17793452739715576, 'surprise': 0.07857773452997208, 'joy': 0.012289255857467651, 'disgust': 0.010383660905063152}",0.29716455936431885,0.07857773452997208,0.012289255857467651,0.17793452739715576,0.24010233581066132,0.1835479736328125,0.010383660905063152,0.0,0.0,0.0,0.0,0.0,0.0,0.0,0.0,0.0,0.0,0.0,0.0,0.0,0.0,neutral
"So I graduated HS in 2005 I was the last class at my Hs to graduate that didnt have to do an exit exam I was a B+ to A- student but the standardized testing? I failed every time. If i had to take that exit exam I would have failed. as an older returning student after disability, DV, and a child  I will get my AA plus transfer degree; acceped at UC Chico, plus an AS. Again with an A average but, again whenever mcgraw-hill curriculum and their assinine standarized tests are used I bomb the test! Not everyone can do well with standarized testing, im a perfect example.",220,graduated last class graduate didnt exit exam student standardized testing failed every time take exit exam would failed older returning student disability child get plus transfer degree acceped chico plus average whenever mcgrawhill curriculum assinine standarized tests used bomb test everyone well standarized testing perfect example,negative,0.7334721684455872,4,"{'surprise': 0.5148442983627319, 'neutral': 0.21312683820724487, 'sadness': 0.12975724041461945, 'joy': 0.07534313201904297, 'anger': 0.054189283400774, 'fear': 0.011640455573797226, 'disgust': 0.0010987230343744159, 'anger_linguistic': 1.0, 'anger_sentence_count': 1}",0.21312683820724487,0.5148442983627319,0.07534313201904297,0.054189283400774,0.011640455573797226,0.12975724041461945,0.0010987230343744159,0.0,0.0,0.0,1.0,0.0,0.0,0.0,0.0,0.0,0.0,1.0,0.0,0.0,0.0,anger
"George Carlin was right, our education system is the way that it is because those that truly run this country don’t want a country filled with people who are truly educated and capable of critical thought. They want obedient workers, just smart enough to pull the levers and push the buttons to crank out the widgets and doodads but dumb enough to accept crappy jobs and never being able to retire someday.",221,george carlin right education system way truly run country dont want country filled people truly educated capable critical thought want obedient workers smart enough pull levers push buttons crank widgets doodads dumb enough accept crappy jobs never able retire someday,negative,0.8020029664039612,10,"{'sadness': 0.7975479960441589, 'joy': 0.06797847896814346, 'anger': 0.059455420821905136, 'neutral': 0.05529879778623581, 'surprise': 0.015768541023135185, 'fear': 0.002181712072342634, 'disgust': 0.0017691303510218859}",0.05529879778623581,0.015768541023135185,0.06797847896814346,0.059455420821905136,0.002181712072342634,0.7975479960441589,0.0017691303510218859,0.0,0.0,0.0,0.0,0.0,0.0,0.0,0.0,0.0,0.0,0.0,0.0,0.0,0.0,sadness
"Too much woke, too much sexual grooming, too much helicoptering, too little transfer of actual knowledge.",222,much woke much sexual grooming much helicoptering little transfer actual knowledge,negative,0.7799789905548096,5,"{'neutral': 0.9011901021003723, 'anger': 0.0372910350561142, 'disgust': 0.022994495928287506, 'surprise': 0.015933040529489517, 'sadness': 0.009464939124882221, 'fear': 0.008835546672344208, 'joy': 0.004290786571800709, 'neutral_linguistic': 1.0, 'neutral_sentence_count': 1}",0.9011901021003723,0.015933040529489517,0.004290786571800709,0.0372910350561142,0.008835546672344208,0.009464939124882221,0.022994495928287506,1.0,0.0,0.0,0.0,0.0,0.0,0.0,1.0,0.0,0.0,0.0,0.0,0.0,0.0,neutral
"Its a horrific disgusting system! We are fed up! Teach your kids discipline before bringing them to school to LEARN. Todays kids bully adults, harrass teachers, lie to get them fired, bringing guns to shoot at schools, and endanger our lives! No way can this last anymore!",223,horrific disgusting system fed teach kids discipline bringing school learn todays kids bully adults harrass teachers lie get fired bringing guns shoot schools endanger lives way last anymore,negative,0.950957179069519,22,"{'disgust': 0.6619412302970886, 'fear': 0.2801521420478821, 'anger': 0.04397108033299446, 'sadness': 0.004893584176898003, 'surprise': 0.003972702194005251, 'neutral': 0.00291845528408885, 'joy': 0.0021507348865270615, 'fear_linguistic': 1.0, 'anger_linguistic': 1.0, 'disgust_linguistic': 1.0, 'fear_sentence_count': 1, 'anger_sentence_count': 1, 'disgust_sentence_count': 1}",0.00291845528408885,0.003972702194005251,0.0021507348865270615,0.04397108033299446,0.2801521420478821,0.004893584176898003,0.6619412302970886,0.0,0.0,0.0,1.0,1.0,0.0,1.0,0.0,0.0,0.0,1.0,1.0,0.0,1.0,disgust
It is cheaper to import educated people than to manufacture them. Your shirt and engineer are made in China for the same reason.,224,cheaper import educated people manufacture shirt engineer made china reason,neutral,0.49559831619262695,1,"{'neutral': 0.7186152935028076, 'joy': 0.16927482187747955, 'surprise': 0.07806585729122162, 'anger': 0.017279131338000298, 'sadness': 0.008192338049411774, 'disgust': 0.007088822778314352, 'fear': 0.0014836931368336082, 'anger_linguistic': 1.0, 'anger_sentence_count': 1}",0.7186152935028076,0.07806585729122162,0.16927482187747955,0.017279131338000298,0.0014836931368336082,0.008192338049411774,0.007088822778314352,0.0,0.0,0.0,1.0,0.0,0.0,0.0,0.0,0.0,0.0,1.0,0.0,0.0,0.0,neutral
Common core and WOKE propaganda instead of academics.,226,common core woke propaganda instead academics,negative,0.6649600267410278,5,"{'neutral': 0.8010472655296326, 'surprise': 0.07740446925163269, 'anger': 0.04515530914068222, 'sadness': 0.04183948040008545, 'disgust': 0.024161387234926224, 'joy': 0.005812212824821472, 'fear': 0.004579850006848574}",0.8010472655296326,0.07740446925163269,0.005812212824821472,0.04515530914068222,0.004579850006848574,0.04183948040008545,0.024161387234926224,0.0,0.0,0.0,0.0,0.0,0.0,0.0,0.0,0.0,0.0,0.0,0.0,0.0,0.0,neutral
They test throughout the school year how are they learning anything when they are testing.,227,test throughout school year learning anything testing,neutral,0.6208236813545227,4,"{'surprise': 0.47613048553466797, 'neutral': 0.42393118143081665, 'fear': 0.030777234584093094, 'anger': 0.02092079073190689, 'disgust': 0.02062874101102352, 'joy': 0.0179444532841444, 'sadness': 0.009667137637734413}",0.42393118143081665,0.47613048553466797,0.0179444532841444,0.02092079073190689,0.030777234584093094,0.009667137637734413,0.02062874101102352,0.0,0.0,0.0,0.0,0.0,0.0,0.0,0.0,0.0,0.0,0.0,0.0,0.0,0.0,surprise
I think most people are surplus to requirements now anyway - it's all gonna be AI in the future...,228,think people surplus requirements anyway gonna future,neutral,0.6551490426063538,-1,"{'neutral': 0.8875464797019958, 'anger': 0.03116155043244362, 'disgust': 0.027877792716026306, 'surprise': 0.023942098021507263, 'sadness': 0.011370082385838032, 'joy': 0.0106331966817379, 'fear': 0.0074687558226287365}",0.8875464797019958,0.023942098021507263,0.0106331966817379,0.03116155043244362,0.0074687558226287365,0.011370082385838032,0.027877792716026306,0.0,0.0,0.0,0.0,0.0,0.0,0.0,0.0,0.0,0.0,0.0,0.0,0.0,0.0,neutral
"@…  again many people will not do the effort, Einstein is just an example but for 1 Einstein how many lazy people?",229,many people effort einstein example einstein many lazy people,negative,0.8078040480613708,-1,"{'anger': 0.47437265515327454, 'neutral': 0.2395298331975937, 'sadness': 0.1837223321199417, 'disgust': 0.04922793433070183, 'surprise': 0.037038035690784454, 'joy': 0.014262932352721691, 'fear': 0.001846139901317656}",0.2395298331975937,0.037038035690784454,0.014262932352721691,0.47437265515327454,0.001846139901317656,0.1837223321199417,0.04922793433070183,0.0,0.0,0.0,0.0,0.0,0.0,0.0,0.0,0.0,0.0,0.0,0.0,0.0,0.0,anger
"One thing that bothered my college classmates was though getting STEM degrees, ""Common Core"" was so odd something that made many view it as illogical and couldn't do it.",230,one thing bothered college classmates though getting stem degrees common core odd something made many view illogical couldnt,negative,0.8473241329193115,3,"{'anger': 0.6121842861175537, 'surprise': 0.13117694854736328, 'disgust': 0.0952601358294487, 'neutral': 0.0936080813407898, 'sadness': 0.044774774461984634, 'fear': 0.01956067979335785, 'joy': 0.0034351099748164415, 'anger_linguistic': 1.0, 'surprise_linguistic': 1.0, 'anger_sentence_count': 1, 'surprise_sentence_count': 1}",0.0936080813407898,0.13117694854736328,0.0034351099748164415,0.6121842861175537,0.01956067979335785,0.044774774461984634,0.0952601358294487,0.0,1.0,0.0,1.0,0.0,0.0,0.0,0.0,1.0,0.0,1.0,0.0,0.0,0.0,anger
US should learn educational system from China,231,learn educational system china,neutral,0.6180163025856018,1,"{'neutral': 0.8660200834274292, 'surprise': 0.08409247547388077, 'sadness': 0.024543587118387222, 'joy': 0.012518594972789288, 'anger': 0.005414225626736879, 'fear': 0.004803950432687998, 'disgust': 0.0026069912128150463}",0.8660200834274292,0.08409247547388077,0.012518594972789288,0.005414225626736879,0.004803950432687998,0.024543587118387222,0.0026069912128150463,0.0,0.0,0.0,0.0,0.0,0.0,0.0,0.0,0.0,0.0,0.0,0.0,0.0,0.0,neutral
Asian people are not much more intelligent.  Asian countries have a much larger population and therefore a much larger group of people with advanced skills.  All Asians with advanced skill try to come to america and the dumb ones stay in their country.  So there is an incorrect perception that Asians are smarter.,232,asian people much intelligent asian countries much larger population therefore much larger group people advanced skills asians advanced skill try come america dumb ones stay country incorrect perception asians smarter,neutral,0.491895854473114,1,"{'joy': 0.4781690835952759, 'surprise': 0.22268350422382355, 'neutral': 0.16893848776817322, 'sadness': 0.11330094933509827, 'anger': 0.01449151523411274, 'fear': 0.001434865640476346, 'disgust': 0.000981643097475171, 'neutral_linguistic': 1.0, 'neutral_sentence_count': 1}",0.16893848776817322,0.22268350422382355,0.4781690835952759,0.01449151523411274,0.001434865640476346,0.11330094933509827,0.000981643097475171,1.0,0.0,0.0,0.0,0.0,0.0,0.0,1.0,0.0,0.0,0.0,0.0,0.0,0.0,neutral
"@…  ""it's a miracle. for curiosity to survive Formal education"" Albert Einstein
Resilience only achieved by you. Is like thinking rehab cures people. People willpower is what settles the matter. You grow resilience/willpower just like you grow anything... A tree in a farm.. Your muscles in a gym... By continuous practicing of minor posititve changes they grow up to be major changes I believe and you grow resilience /willpower",233,miracle curiosity survive formal education albert einstein resilience achieved like thinking rehab cures people people willpower settles matter grow resiliencewillpower like grow anything tree farm muscles gym continuous practicing minor posititve changes grow major changes believe grow resilience willpower,positive,0.6489758491516113,0,"{'joy': 0.35021692514419556, 'fear': 0.2392478883266449, 'neutral': 0.18341059982776642, 'surprise': 0.15002486109733582, 'anger': 0.06006331369280815, 'sadness': 0.014715947210788727, 'disgust': 0.0023204463068395853, 'surprise_linguistic': 1.0, 'surprise_sentence_count': 1}",0.18341059982776642,0.15002486109733582,0.35021692514419556,0.06006331369280815,0.2392478883266449,0.014715947210788727,0.0023204463068395853,0.0,1.0,0.0,0.0,0.0,0.0,0.0,0.0,1.0,0.0,0.0,0.0,0.0,0.0,surprise
"The problem is that many kids would not do any effort to learn more than basics. And looking at youtube video dont help that much coz you need to write, read, redo to remind things. School teach you resilience, you have to be forced to do something to at the end appreciate it",234,problem many kids would effort learn basics looking youtube video dont help much coz need write read redo remind things school teach resilience forced something end appreciate,negative,0.8071392774581909,0,"{'sadness': 0.5361257195472717, 'surprise': 0.16944551467895508, 'neutral': 0.1497919261455536, 'anger': 0.068238765001297, 'fear': 0.03932592645287514, 'joy': 0.03444870188832283, 'disgust': 0.002623489825055003, 'joy_linguistic': 1.0, 'love_linguistic': 1.0, 'joy_sentence_count': 1, 'love_sentence_count': 1}",0.1497919261455536,0.16944551467895508,0.03444870188832283,0.068238765001297,0.03932592645287514,0.5361257195472717,0.002623489825055003,0.0,0.0,1.0,0.0,0.0,0.0,0.0,0.0,0.0,1.0,0.0,0.0,0.0,0.0,joy
money is not the answer ..... Go back to the way it was done in the 1950s.,235,money answer back way done,negative,0.7984125018119812,35,"{'neutral': 0.7732332348823547, 'surprise': 0.17840221524238586, 'joy': 0.02041313797235489, 'sadness': 0.012349280528724194, 'anger': 0.010110690258443356, 'disgust': 0.0033019687980413437, 'fear': 0.002189423656091094}",0.7732332348823547,0.17840221524238586,0.02041313797235489,0.010110690258443356,0.002189423656091094,0.012349280528724194,0.0033019687980413437,0.0,0.0,0.0,0.0,0.0,0.0,0.0,0.0,0.0,0.0,0.0,0.0,0.0,0.0,neutral
"The Reagan Administration cut federal funding to education, from kindergarten through college. This impacted STEM, both certified teachers who had math and science degrees. The Johnson Administration put federal funding into education ss we were losing the Space Race st the time. 

Once Reagan decreased the funding, schools couldn't support the STEM teachers, nor things like labs, supplies and books. Graduation requirements in math and science decreased across the board as there were fewer STEM teachers. Education began teaching math and science facts rather than mathematical reasoning and scientific inquiry. 

Americans don't value education. They merely see it as a means to an end, so they invest the least amount of money they can. College education, like everything else in this country, is market driven. What drives it's costs are facilities, personnel. For professors to be tenured they must research and publish, so the institution can fundraise. This means they have less time to teach and interface with students, which means colleges have to hire instructors. And the Best goes on.....",236,reagan administration cut federal funding education kindergarten college impacted stem certified teachers math science degrees johnson administration put federal funding education losing space race time reagan decreased funding schools couldnt support stem teachers things like labs supplies books graduation requirements math science decreased across board fewer stem teachers education began teaching math science facts rather mathematical reasoning scientific inquiry americans dont value education merely see means end invest least amount money college education like everything else country market driven drives costs facilities personnel professors tenured must research publish institution fundraise means less time teach interface students means colleges hire instructors best goes,negative,0.7477909326553345,0,"{'sadness': 0.61407870054245, 'anger': 0.19491954147815704, 'neutral': 0.59354567527771, 'surprise': 0.11110728234052658, 'fear': 0.011057275347411633, 'joy': 0.11451788991689682, 'disgust': 0.0034985814709216356, 'joy_linguistic': 1.0, 'anger_linguistic': 1.0, 'love_linguistic': 1.0, 'joy_sentence_count': 1, 'anger_sentence_count': 1, 'love_sentence_count': 1}",0.59354567527771,0.11110728234052658,0.11451788991689682,0.19491954147815704,0.011057275347411633,0.61407870054245,0.0034985814709216356,0.0,0.0,1.0,1.0,0.0,0.0,0.0,0.0,0.0,1.0,1.0,0.0,0.0,0.0,anger
"Education funding should be better allocated towards paying teachers, providing better food and such to students, furnitures, and that core subjects such as Math, Science, and English. Other classes should focus more on a student's decision. The education system is just forcing people into what the government wants them to be. Like Adam Smith, he argues that for a nation to be successful, they should have this system where people work on what they are best at. The U.S is driving further from this principle.",237,education funding better allocated towards paying teachers providing better food students furnitures core subjects math science english classes focus students decision education system forcing people government wants like adam smith argues nation successful system people work best driving principle,neutral,0.6960834860801697,0,"{'joy': 0.6929917335510254, 'neutral': 0.16027937829494476, 'anger': 0.06912465393543243, 'surprise': 0.06103164702653885, 'sadness': 0.010365365073084831, 'disgust': 0.0034112962894141674, 'fear': 0.0027959183789789677, 'joy_linguistic': 1.0, 'joy_sentence_count': 1}",0.16027937829494476,0.06103164702653885,0.6929917335510254,0.06912465393543243,0.0027959183789789677,0.010365365073084831,0.0034112962894141674,0.0,0.0,1.0,0.0,0.0,0.0,0.0,0.0,0.0,1.0,0.0,0.0,0.0,0.0,joy
Singapore Math and Common Core have been complete failures.,238,singapore math common core complete failures,negative,0.9344998598098755,3,"{'sadness': 0.7345104813575745, 'neutral': 0.10898958891630173, 'surprise': 0.06920914351940155, 'anger': 0.051782894879579544, 'fear': 0.02215527556836605, 'joy': 0.007283386308699846, 'disgust': 0.006069266237318516}",0.10898958891630173,0.06920914351940155,0.007283386308699846,0.051782894879579544,0.02215527556836605,0.7345104813575745,0.006069266237318516,0.0,0.0,0.0,0.0,0.0,0.0,0.0,0.0,0.0,0.0,0.0,0.0,0.0,0.0,sadness
"Honestly, once i left the public education system and then came back it was so clear to me just how damaged it really is. For so many reasons but a huge reason is the lack of funding. The teachers are uninspired which causes the children to become uninspired and rowdy which annoys the teachers and its just a huge cycle. Not to mention, the behavior. My father was strict so I behaved but a lot of my peers did not have the same attitude. Who can learn in such an enviroment?",239,honestly left public education system came back clear damaged really many reasons huge reason lack funding teachers uninspired causes children become uninspired rowdy annoys teachers huge cycle mention behavior father strict behaved lot peers attitude learn enviroment,negative,0.9118922352790833,0,"{'anger': 0.9331785440444946, 'sadness': 0.04112143814563751, 'neutral': 0.010952422395348549, 'joy': 0.006169495172798634, 'surprise': 0.005661630537360907, 'disgust': 0.0016893916763365269, 'fear': 0.0012272467138245702, 'joy_linguistic': 1.2, 'neutral_linguistic': 1.2, 'joy_sentence_count': 1, 'neutral_sentence_count': 1}",0.010952422395348549,0.005661630537360907,0.006169495172798634,0.9331785440444946,0.0012272467138245702,0.04112143814563751,0.0016893916763365269,1.2,0.0,1.2,0.0,0.0,0.0,0.0,1.0,0.0,1.0,0.0,0.0,0.0,0.0,anger
"First of all there is nothing wrong with the standards the problem is the new math is worse than the basics and we should have kept the basics and not add a new way to do math that parents do not understand and we need to add three line paper, cursive writing and not allow cell phones to babysit our children and the Behavior standards is what needs to be raised. No Cell phones and Behavior and back to book and paper is what we need. I am a Teacher by the way...and it sucks trying to leave the profession now. You can keep raising standards all you want but I guarantee you that is not the problem in the U.S. Schools Mr. President Obama.",240,first nothing wrong standards problem new math worse basics kept basics add new way math parents understand need add three line paper cursive writing allow cell phones babysit children behavior standards needs raised cell phones behavior back book paper need teacher wayand sucks trying leave profession keep raising standards want guarantee problem schools president obama,negative,0.6751964092254639,12,"{'sadness': 0.47129061818122864, 'anger': 0.20131142437458038, 'neutral': 0.1666337102651596, 'surprise': 0.11526311933994293, 'joy': 0.031061114743351936, 'fear': 0.009008890949189663, 'disgust': 0.0054311626590788364, 'sadness_linguistic': 1.0, 'sadness_sentence_count': 1}",0.1666337102651596,0.11526311933994293,0.031061114743351936,0.20131142437458038,0.009008890949189663,0.47129061818122864,0.0054311626590788364,0.0,0.0,0.0,0.0,0.0,1.0,0.0,0.0,0.0,0.0,0.0,0.0,1.0,0.0,sadness
"We lag behind, not because of curricula, but because of lacking parental support and our overall caring about education.",241,lag behind curricula lacking parental support overall caring education,negative,0.8035662174224854,8,"{'sadness': 0.8379510641098022, 'neutral': 0.08985967934131622, 'anger': 0.03432518616318703, 'surprise': 0.015008962713181973, 'disgust': 0.011304649524390697, 'fear': 0.007728944066911936, 'joy': 0.0038214733358472586}",0.08985967934131622,0.015008962713181973,0.0038214733358472586,0.03432518616318703,0.007728944066911936,0.8379510641098022,0.011304649524390697,0.0,0.0,0.0,0.0,0.0,0.0,0.0,0.0,0.0,0.0,0.0,0.0,0.0,0.0,sadness
"I take issue with the idea that education - as defined by the government -  is ""what we need in order to survive and thrive as a country.""  What students need, in my opinion, is the freedom to study whatever interests them, and not something that is forced upon them.  We're asked to respect their choice of gender, why not their choice of subjects to learn?",242,take issue idea education defined government need order survive thrive country students need opinion freedom study whatever interests something forced upon asked respect choice gender choice subjects learn,negative,0.5719484090805054,0,"{'neutral': 0.4675736427307129, 'anger': 0.32354313135147095, 'joy': 0.10779938846826553, 'fear': 0.04768168553709984, 'surprise': 0.02716263383626938, 'sadness': 0.014609823003411293, 'disgust': 0.011629625223577023, 'love_linguistic': 1.0, 'love_sentence_count': 1}",0.4675736427307129,0.02716263383626938,0.10779938846826553,0.32354313135147095,0.04768168553709984,0.014609823003411293,0.011629625223577023,0.0,0.0,0.0,0.0,0.0,0.0,0.0,0.0,0.0,0.0,0.0,0.0,0.0,0.0,neutral
"They always make these videos when they're getting ready to ask for more money. Please stop entertaining them. All they're going to do is say ""we need to save the education system"" and then raise taxes.",243,always make videos theyre getting ready ask money please stop entertaining theyre going say need save education system raise taxes,negative,0.9005038142204285,-1,"{'neutral': 0.5867502689361572, 'sadness': 0.1293478161096573, 'surprise': 0.0973338633775711, 'anger': 0.09069985151290894, 'joy': 0.08020122349262238, 'fear': 0.011559991165995598, 'disgust': 0.004107007756829262}",0.5867502689361572,0.0973338633775711,0.08020122349262238,0.09069985151290894,0.011559991165995598,0.1293478161096573,0.004107007756829262,0.0,0.0,0.0,0.0,0.0,0.0,0.0,0.0,0.0,0.0,0.0,0.0,0.0,0.0,neutral
At 53 years old... i honestly learned more in college than in a public school.. today... i cant see how students graduate when they are not able to speak properly..intelligently and behave like a bunch of ass.s,244,years old honestly learned college public school today cant see students graduate able speak properlyintelligently behave like bunch asss,negative,0.8481480479240417,-1,"{'neutral': 0.46568208932876587, 'surprise': 0.39108559489250183, 'sadness': 0.07720335572957993, 'anger': 0.03213336318731308, 'disgust': 0.01667279563844204, 'fear': 0.01038401573896408, 'joy': 0.006838812027126551}",0.46568208932876587,0.39108559489250183,0.006838812027126551,0.03213336318731308,0.01038401573896408,0.07720335572957993,0.01667279563844204,0.0,0.0,0.0,0.0,0.0,0.0,0.0,0.0,0.0,0.0,0.0,0.0,0.0,0.0,neutral
"School shouldn’t feel like a prison/ 9-5 job/ mandatory torture for 6-8 hours, it should feel like a proper environment to engage in subjects. I am currently a high school student and I find it perplexing that the schools find it acceptable to continue with the status quo. There have been little to no efforts made to actually improving quality of life, if anything it’s been steadily declining. Time outside of school is sparse at best because it’s taken up by homework, studying, extracurricular etc. But personally for myself I feel completely powerless and I feel as if I have no power or say in what happens to my education, I want to be able to express my extreme dissatisfaction with the system that’s meant to benefit me and future generations, I want policies to change and actually increase the quality of life for students otherwise we will destroy ourselves in the long run.",245,school shouldnt feel like prison job mandatory torture hours feel like proper environment engage subjects currently high school student find perplexing schools find acceptable continue status quo little efforts made actually improving quality life anything steadily declining time outside school sparse best taken homework studying extracurricular etc personally feel completely powerless feel power say happens education want able express extreme dissatisfaction system thats meant benefit future generations want policies change actually increase quality life students otherwise destroy long run,negative,0.7664271891117096,-1,"{'fear': 0.40968218445777893, 'sadness': 0.35020142793655396, 'anger': 0.9485440850257874, 'joy': 0.09188563376665115, 'surprise': 0.004126540385186672, 'neutral': 0.006111893802881241, 'disgust': 0.002542591653764248, 'anger_linguistic': 2.4, 'neutral_linguistic': 1.2, 'anger_sentence_count': 1, 'neutral_sentence_count': 1}",0.006111893802881241,0.004126540385186672,0.09188563376665115,0.9485440850257874,0.40968218445777893,0.35020142793655396,0.002542591653764248,1.2,0.0,0.0,2.4,0.0,0.0,0.0,1.0,0.0,0.0,1.0,0.0,0.0,0.0,anger
"Thank you. Is classroom discipline and lack of teacher authority the hidden root of the problem, with other issues, like curriculum, to follow? James",246,thank classroom discipline lack teacher authority hidden root problem issues like curriculum follow james,neutral,0.6679834127426147,0,"{'sadness': 0.6640790700912476, 'surprise': 0.19089892506599426, 'neutral': 0.07904436439275742, 'anger': 0.0478515699505806, 'joy': 0.01091844867914915, 'fear': 0.005505681503564119, 'disgust': 0.0017019312363117933, 'sadness_linguistic': 1.0, 'sadness_sentence_count': 1}",0.07904436439275742,0.19089892506599426,0.01091844867914915,0.0478515699505806,0.005505681503564119,0.6640790700912476,0.0017019312363117933,0.0,0.0,0.0,0.0,0.0,1.0,0.0,0.0,0.0,0.0,0.0,0.0,1.0,0.0,sadness
"I remember common core 
I almost failed out of school lmao 💀

The way they tried to do things just make it so unseasonably difficult for both teachers and students like no one understood anything I don’t think I’ve learned a thing I failed math and English 3 times And 
only started passing when my school stopped using common core in my senior year lol",247,remember common core almost failed school lmao way tried things make unseasonably difficult teachers students like one understood anything dont think ive learned thing failed math english times started passing school stopped using common core senior year lol,negative,0.9154008626937866,3,"{'surprise': 0.4521431028842926, 'sadness': 0.37600481510162354, 'neutral': 0.05389118567109108, 'anger': 0.0533401258289814, 'fear': 0.0405951589345932, 'joy': 0.022968251258134842, 'disgust': 0.0010574142215773463}",0.05389118567109108,0.4521431028842926,0.022968251258134842,0.0533401258289814,0.0405951589345932,0.37600481510162354,0.0010574142215773463,0.0,0.0,0.0,0.0,0.0,0.0,0.0,0.0,0.0,0.0,0.0,0.0,0.0,0.0,surprise
Does anyone remember that memorandum?,248,anyone remember memorandum,neutral,0.8606911301612854,-1,"{'neutral': 0.9240102767944336, 'surprise': 0.042587973177433014, 'disgust': 0.009988988749682903, 'sadness': 0.008146942593157291, 'anger': 0.006204043980687857, 'joy': 0.0056191603653132915, 'fear': 0.003442623885348439}",0.9240102767944336,0.042587973177433014,0.0056191603653132915,0.006204043980687857,0.003442623885348439,0.008146942593157291,0.009988988749682903,0.0,0.0,0.0,0.0,0.0,0.0,0.0,0.0,0.0,0.0,0.0,0.0,0.0,0.0,neutral
They forgot to mention adding these lgtv issue to school and Teachers have zero power .... so good salary comes with good education...a lot of teachers assistants are not qualified to be a teacher,249,forgot mention adding lgtv issue school teachers zero power good salary comes good educationa lot teachers assistants qualified teacher,negative,0.7789209485054016,-1,"{'surprise': 0.3596760332584381, 'neutral': 0.3334246277809143, 'joy': 0.15882140398025513, 'sadness': 0.11222487688064575, 'anger': 0.031034713611006737, 'disgust': 0.002605587476864457, 'fear': 0.002212750958278775}",0.3334246277809143,0.3596760332584381,0.15882140398025513,0.031034713611006737,0.002212750958278775,0.11222487688064575,0.002605587476864457,0.0,0.0,0.0,0.0,0.0,0.0,0.0,0.0,0.0,0.0,0.0,0.0,0.0,0.0,surprise
Thinking about AI,250,thinking,neutral,0.8141790628433228,-1,,,,,,,,,,,,,,,,,,,,,,,
no standards do whatever hang out whomever,252,standards whatever hang whomever,neutral,0.8006106615066528,12,"{'neutral': 0.5835229754447937, 'anger': 0.23498550057411194, 'disgust': 0.11554223299026489, 'fear': 0.030710307881236076, 'sadness': 0.019385309889912605, 'joy': 0.010085083544254303, 'surprise': 0.005768665578216314}",0.5835229754447937,0.005768665578216314,0.010085083544254303,0.23498550057411194,0.030710307881236076,0.019385309889912605,0.11554223299026489,0.0,0.0,0.0,0.0,0.0,0.0,0.0,0.0,0.0,0.0,0.0,0.0,0.0,0.0,neutral
This is the reason why Asian people are much more intelligent than US people to be honest..,253,reason asian people much intelligent people honest,positive,0.7370690703392029,1,"{'neutral': 0.5757266283035278, 'joy': 0.28380686044692993, 'anger': 0.06906895339488983, 'surprise': 0.04491342604160309, 'sadness': 0.012427819892764091, 'disgust': 0.010712854564189911, 'fear': 0.0033434168435633183}",0.5757266283035278,0.04491342604160309,0.28380686044692993,0.06906895339488983,0.0033434168435633183,0.012427819892764091,0.010712854564189911,0.0,0.0,0.0,0.0,0.0,0.0,0.0,0.0,0.0,0.0,0.0,0.0,0.0,0.0,neutral
"There is a formula here: Government finds a problem (real or imagined), “fixes” it, and the problem is worse. Why anyone would trust Government to do anything is beyond me.",254,formula government finds problem real imagined fixes problem worse anyone would trust government anything beyond,negative,0.8753771781921387,-1,"{'anger': 0.45101654529571533, 'disgust': 0.4486234486103058, 'neutral': 0.03947789594531059, 'sadness': 0.030312661081552505, 'fear': 0.025408469140529633, 'joy': 0.0034862940665334463, 'surprise': 0.0016747972695156932, 'neutral_linguistic': 1.0, 'neutral_sentence_count': 1}",0.03947789594531059,0.0016747972695156932,0.0034862940665334463,0.45101654529571533,0.025408469140529633,0.030312661081552505,0.4486234486103058,1.0,0.0,0.0,0.0,0.0,0.0,0.0,1.0,0.0,0.0,0.0,0.0,0.0,0.0,neutral
"Send private school out of USA. Such as Philippine, India, South Africa, etc. Because money will deal with problem.",255,send private school usa philippine india south africa etc money deal problem,neutral,0.564389169216156,1,"{'sadness': 0.639257550239563, 'neutral': 0.1623302698135376, 'anger': 0.0873815193772316, 'surprise': 0.07634099572896957, 'fear': 0.023402811959385872, 'joy': 0.009382333606481552, 'disgust': 0.00190450856462121}",0.1623302698135376,0.07634099572896957,0.009382333606481552,0.0873815193772316,0.023402811959385872,0.639257550239563,0.00190450856462121,0.0,0.0,0.0,0.0,0.0,0.0,0.0,0.0,0.0,0.0,0.0,0.0,0.0,0.0,sadness
"Freedom of being lazy that's 
Democracy.",256,freedom lazy thats democracy,neutral,0.5725255012512207,10,"{'neutral': 0.5597681999206543, 'anger': 0.17047783732414246, 'joy': 0.11360392719507217, 'disgust': 0.06186685338616371, 'sadness': 0.05310093238949776, 'surprise': 0.03941075876355171, 'fear': 0.0017715200083330274}",0.5597681999206543,0.03941075876355171,0.11360392719507217,0.17047783732414246,0.0017715200083330274,0.05310093238949776,0.06186685338616371,0.0,0.0,0.0,0.0,0.0,0.0,0.0,0.0,0.0,0.0,0.0,0.0,0.0,0.0,neutral
😂😂 no thanks,257,thanks,negative,0.49922817945480347,-1,,,,,,,,,,,,,,,,,,,,,,,
It's about time people are talking sence about school,258,time people talking sence school,neutral,0.7250173687934875,15,"{'disgust': 0.5349114537239075, 'neutral': 0.1955832839012146, 'anger': 0.11986908316612244, 'surprise': 0.07166500389575958, 'fear': 0.0498485304415226, 'sadness': 0.01753297448158264, 'joy': 0.010589726269245148}",0.1955832839012146,0.07166500389575958,0.010589726269245148,0.11986908316612244,0.0498485304415226,0.01753297448158264,0.5349114537239075,0.0,0.0,0.0,0.0,0.0,0.0,0.0,0.0,0.0,0.0,0.0,0.0,0.0,0.0,disgust
"More teachers.
More pay.
More resources.
The American family is now perceived as the enemy. The federal government never takes responsibility for its grand schemes.",259,teachers pay resources american family perceived enemy federal government never takes responsibility grand schemes,negative,0.8130260109901428,0,"{'anger': 0.7100759744644165, 'neutral': 0.1938008815050125, 'sadness': 0.052514951676130295, 'disgust': 0.02084389701485634, 'fear': 0.013343694619834423, 'joy': 0.00555771728977561, 'surprise': 0.0038628934416919947}",0.1938008815050125,0.0038628934416919947,0.00555771728977561,0.7100759744644165,0.013343694619834423,0.052514951676130295,0.02084389701485634,0.0,0.0,0.0,0.0,0.0,0.0,0.0,0.0,0.0,0.0,0.0,0.0,0.0,0.0,anger
That math problem being solved through “common core” made zero common sense to me!,260,math problem solved common core made zero common sense,negative,0.8826153874397278,3,"{'neutral': 0.734195351600647, 'surprise': 0.08497392386198044, 'anger': 0.07008537650108337, 'sadness': 0.04554171860218048, 'disgust': 0.033011022955179214, 'joy': 0.018638407811522484, 'fear': 0.01355414092540741, 'anger_linguistic': 1.0, 'anger_sentence_count': 1}",0.734195351600647,0.08497392386198044,0.018638407811522484,0.07008537650108337,0.01355414092540741,0.04554171860218048,0.033011022955179214,0.0,0.0,0.0,1.0,0.0,0.0,0.0,0.0,0.0,0.0,1.0,0.0,0.0,0.0,neutral
obama was not a learder of any sorts he gave our money to iran for waging wars,261,obama learder sorts gave money iran waging wars,negative,0.7841014266014099,51,"{'neutral': 0.6966027021408081, 'surprise': 0.09767600893974304, 'joy': 0.07536503672599792, 'anger': 0.06949134916067123, 'sadness': 0.038918450474739075, 'disgust': 0.02009589597582817, 'fear': 0.001850540516898036}",0.6966027021408081,0.09767600893974304,0.07536503672599792,0.06949134916067123,0.001850540516898036,0.038918450474739075,0.02009589597582817,0.0,0.0,0.0,0.0,0.0,0.0,0.0,0.0,0.0,0.0,0.0,0.0,0.0,0.0,neutral
the first thing to learn is do not trust the media to tell you the truth of a situation of nations news most reporrters lie to you,262,first thing learn trust media tell truth situation nations news reporrters lie,negative,0.6124283671379089,29,"{'neutral': 0.5121474862098694, 'anger': 0.2176668792963028, 'fear': 0.1644800901412964, 'disgust': 0.05272373557090759, 'sadness': 0.030889369547367096, 'surprise': 0.014079255051910877, 'joy': 0.008013141341507435}",0.5121474862098694,0.014079255051910877,0.008013141341507435,0.2176668792963028,0.1644800901412964,0.030889369547367096,0.05272373557090759,0.0,0.0,0.0,0.0,0.0,0.0,0.0,0.0,0.0,0.0,0.0,0.0,0.0,0.0,neutral
Like I am gonna take NBC's opinion on this...,263,like gonna take nbcs opinion,neutral,0.7813460230827332,29,"{'joy': 0.6255929470062256, 'neutral': 0.25169888138771057, 'sadness': 0.061959560960531235, 'surprise': 0.038298264145851135, 'anger': 0.01169724389910698, 'disgust': 0.007810953073203564, 'fear': 0.002942160703241825}",0.25169888138771057,0.038298264145851135,0.6255929470062256,0.01169724389910698,0.002942160703241825,0.061959560960531235,0.007810953073203564,0.0,0.0,0.0,0.0,0.0,0.0,0.0,0.0,0.0,0.0,0.0,0.0,0.0,0.0,joy
Bill is a national leader? Asking as Europian?,264,bill national leader asking europian,neutral,0.8584400415420532,51,"{'neutral': 0.5937905311584473, 'surprise': 0.16964612901210785, 'anger': 0.13233786821365356, 'sadness': 0.04776111990213394, 'fear': 0.04116365686058998, 'disgust': 0.010822621174156666, 'joy': 0.004478072747588158}",0.5937905311584473,0.16964612901210785,0.004478072747588158,0.13233786821365356,0.04116365686058998,0.04776111990213394,0.010822621174156666,0.0,0.0,0.0,0.0,0.0,0.0,0.0,0.0,0.0,0.0,0.0,0.0,0.0,0.0,neutral
Americans are so lucky that they are Americans. As a person who lives in the 3rd world country- I wish you guys ever could experience what kind of education we had,265,americans lucky americans person lives world country wish guys ever could experience kind education,positive,0.8174639344215393,11,"{'surprise': 0.39360281825065613, 'joy': 0.38484498858451843, 'neutral': 0.16306380927562714, 'sadness': 0.05193568393588066, 'anger': 0.0033458038233220577, 'fear': 0.0024717156775295734, 'disgust': 0.000735152920242399}",0.16306380927562714,0.39360281825065613,0.38484498858451843,0.0033458038233220577,0.0024717156775295734,0.05193568393588066,0.000735152920242399,0.0,0.0,0.0,0.0,0.0,0.0,0.0,0.0,0.0,0.0,0.0,0.0,0.0,0.0,surprise
"I don’t worry about the situation. We still have the best colleges and graduate education system in the world. No doubt about it! Other countries’ best college graduates are trying their best to come to the US to pursuit higher education.  Most of them will stay after have the degrees which should fill up the gaps between our poor compulsory education. Believe me, in this country, 20% of smart people are leading the rest of us.",266,dont worry situation still best colleges graduate education system world doubt countries best college graduates trying best come pursuit higher education stay degrees fill gaps poor compulsory education believe country smart people leading rest,positive,0.8673914074897766,1,"{'fear': 0.9342584013938904, 'joy': 0.024015452712774277, 'surprise': 0.016093354672193527, 'neutral': 0.014199865981936455, 'anger': 0.0060897101648151875, 'sadness': 0.004788420628756285, 'disgust': 0.0005547396722249687, 'fear_linguistic': 1.0, 'fear_sentence_count': 1}",0.014199865981936455,0.016093354672193527,0.024015452712774277,0.0060897101648151875,0.9342584013938904,0.004788420628756285,0.0005547396722249687,0.0,0.0,0.0,0.0,1.0,0.0,0.0,0.0,0.0,0.0,0.0,1.0,0.0,0.0,fear
"I've been listening to this and all I understand is if you pay teacher more the kids are going to learn more, then you got to culture of the kjd what basically boils down to is that if the administration of a school corporation games they can lower the expectations of the grades to show that the school in itself as a district has no problems teaching but when it comes to the outside world there's a big difference because half the kids that are graduating in 23 cannot count do not understand basic English do not understand common sense and yet we are thriving supposedly in education when in fact we can hardly get teachers in a position because nobody wants to pay and or the administration does not support the teachers in any decisions they are confronted with",267,ive listening understand pay teacher kids going learn got culture kjd basically boils administration school corporation games lower expectations grades show school district problems teaching comes outside world theres big difference half kids graduating cannot count understand basic english understand common sense yet thriving supposedly education fact hardly get teachers position nobody wants pay administration support teachers decisions confronted,neutral,0.7794463932514191,-1,"{'anger': 0.7455616593360901, 'joy': 0.1009150817990303, 'sadness': 0.06246739253401756, 'surprise': 0.03198554366827011, 'fear': 0.03087860904633999, 'neutral': 0.02671750634908676, 'disgust': 0.0014743421925231814, 'sadness_linguistic': 1.0, 'sadness_sentence_count': 1, 'neutral_sentence_count': 1}",0.02671750634908676,0.03198554366827011,0.1009150817990303,0.7455616593360901,0.03087860904633999,0.06246739253401756,0.0014743421925231814,0.0,0.0,0.0,0.0,0.0,1.0,0.0,1.0,0.0,0.0,0.0,0.0,1.0,0.0,anger
to much freedom ...to woke,268,much freedom woke,neutral,0.6125428676605225,5,"{'neutral': 0.7285099625587463, 'anger': 0.1022392213344574, 'joy': 0.0920068770647049, 'surprise': 0.024530310183763504, 'fear': 0.020479818806052208, 'disgust': 0.019452441483736038, 'sadness': 0.012781431898474693}",0.7285099625587463,0.024530310183763504,0.0920068770647049,0.1022392213344574,0.020479818806052208,0.012781431898474693,0.019452441483736038,0.0,0.0,0.0,0.0,0.0,0.0,0.0,0.0,0.0,0.0,0.0,0.0,0.0,0.0,neutral
"Parents are failing America, not the education system",269,parents failing america education system,negative,0.9262365102767944,-1,"{'sadness': 0.8983288407325745, 'neutral': 0.044030047953128815, 'anger': 0.02631274424493313, 'disgust': 0.016743803396821022, 'surprise': 0.007902877405285835, 'fear': 0.004504964221268892, 'joy': 0.0021767751313745975}",0.044030047953128815,0.007902877405285835,0.0021767751313745975,0.02631274424493313,0.004504964221268892,0.8983288407325745,0.016743803396821022,0.0,0.0,0.0,0.0,0.0,0.0,0.0,0.0,0.0,0.0,0.0,0.0,0.0,0.0,sadness
"a collection of dozens of people talking... no context... such kinda vids are poorly produced, researched, and most likely fake.. In this case it is not fake news, but will waste your time.",270,collection dozens people talking context kinda vids poorly produced researched likely fake case fake news waste time,negative,0.865432858467102,29,"{'neutral': 0.597572922706604, 'anger': 0.1787242442369461, 'disgust': 0.13698114454746246, 'sadness': 0.06821157038211823, 'surprise': 0.008785197511315346, 'fear': 0.006648376118391752, 'joy': 0.0030765358824282885, 'neutral_linguistic': 1.0, 'neutral_sentence_count': 1}",0.597572922706604,0.008785197511315346,0.0030765358824282885,0.1787242442369461,0.006648376118391752,0.06821157038211823,0.13698114454746246,1.0,0.0,0.0,0.0,0.0,0.0,0.0,1.0,0.0,0.0,0.0,0.0,0.0,0.0,neutral
The core problem with education is government control.,271,core problem education government control,negative,0.8556469082832336,0,"{'neutral': 0.4454840421676636, 'sadness': 0.27416011691093445, 'anger': 0.16979506611824036, 'fear': 0.07004866749048233, 'disgust': 0.018965860828757286, 'surprise': 0.017650768160820007, 'joy': 0.0038954741321504116}",0.4454840421676636,0.017650768160820007,0.0038954741321504116,0.16979506611824036,0.07004866749048233,0.27416011691093445,0.018965860828757286,0.0,0.0,0.0,0.0,0.0,0.0,0.0,0.0,0.0,0.0,0.0,0.0,0.0,0.0,neutral
It’s not failing. In fact it has the best universities in the world. But if there are students that are failing it’s because they are not that gifted to put it mildly.,272,failing fact best universities world students failing gifted put mildly,negative,0.40115609765052795,-1,"{'anger': 0.5493752956390381, 'sadness': 0.35287827253341675, 'disgust': 0.05445009469985962, 'neutral': 0.02411724254488945, 'surprise': 0.010342167690396309, 'joy': 0.004650905262678862, 'fear': 0.004186048172414303}",0.02411724254488945,0.010342167690396309,0.004650905262678862,0.5493752956390381,0.004186048172414303,0.35287827253341675,0.05445009469985962,0.0,0.0,0.0,0.0,0.0,0.0,0.0,0.0,0.0,0.0,0.0,0.0,0.0,0.0,anger
They make me want to puke,273,make want puke,negative,0.9143913388252258,-1,"{'anger': 0.5386825799942017, 'neutral': 0.3169049918651581, 'sadness': 0.07495598495006561, 'disgust': 0.03670794889330864, 'joy': 0.012321973219513893, 'surprise': 0.01083292718976736, 'fear': 0.009593700058758259}",0.3169049918651581,0.01083292718976736,0.012321973219513893,0.5386825799942017,0.009593700058758259,0.07495598495006561,0.03670794889330864,0.0,0.0,0.0,0.0,0.0,0.0,0.0,0.0,0.0,0.0,0.0,0.0,0.0,0.0,anger
"Education is broken, bc government is involved.",274,education broken government involved,negative,0.8512592315673828,32,"{'sadness': 0.4768035411834717, 'anger': 0.3616010844707489, 'disgust': 0.07877888530492783, 'neutral': 0.06065450981259346, 'fear': 0.013434372842311859, 'surprise': 0.007231585215777159, 'joy': 0.0014960375847294927, 'sadness_linguistic': 1.0, 'sadness_sentence_count': 1}",0.06065450981259346,0.007231585215777159,0.0014960375847294927,0.3616010844707489,0.013434372842311859,0.4768035411834717,0.07877888530492783,0.0,0.0,0.0,0.0,0.0,1.0,0.0,0.0,0.0,0.0,0.0,0.0,1.0,0.0,sadness
"They stopped teaching actual life skills, started pushing woke agendas, bastardized skill trades",275,stopped teaching actual life skills started pushing woke agendas bastardized skill trades,negative,0.8420364856719971,5,"{'anger': 0.7957495450973511, 'disgust': 0.09226717799901962, 'neutral': 0.07765071094036102, 'sadness': 0.017419293522834778, 'surprise': 0.007420261390507221, 'fear': 0.0069708991795778275, 'joy': 0.0025220238603651524, 'neutral_linguistic': 1.0, 'neutral_sentence_count': 1}",0.07765071094036102,0.007420261390507221,0.0025220238603651524,0.7957495450973511,0.0069708991795778275,0.017419293522834778,0.09226717799901962,1.0,0.0,0.0,0.0,0.0,0.0,0.0,1.0,0.0,0.0,0.0,0.0,0.0,0.0,anger
"Have you seen the people who learned common core?
I say this objectively as humanely possible...they seem dumber. They're NOT dumber, but they seem dumber b/c common core is trash.",276,seen people learned common core say objectively humanely possiblethey seem dumber theyre dumber seem dumber common core trash,negative,0.899250328540802,3,"{'sadness': 0.8275822401046753, 'joy': 0.07224612683057785, 'neutral': 0.052130673080682755, 'surprise': 0.03809293359518051, 'anger': 0.0063092028722167015, 'fear': 0.0026120273396372795, 'disgust': 0.001026765676215291, 'neutral_linguistic': 1.0, 'neutral_sentence_count': 1}",0.052130673080682755,0.03809293359518051,0.07224612683057785,0.0063092028722167015,0.0026120273396372795,0.8275822401046753,0.001026765676215291,1.0,0.0,0.0,0.0,0.0,0.0,0.0,1.0,0.0,0.0,0.0,0.0,0.0,0.0,sadness
I think the adults in charge of the curriculum and teaching the youth are lacking intelligence.. it’s for sure not the kids fault.,277,think adults charge curriculum teaching youth lacking intelligence sure kids fault,negative,0.860978901386261,38,"{'anger': 0.7212916612625122, 'neutral': 0.11907678842544556, 'surprise': 0.062218595296144485, 'sadness': 0.049912549555301666, 'disgust': 0.034357864409685135, 'fear': 0.010147594846785069, 'joy': 0.0029950281605124474}",0.11907678842544556,0.062218595296144485,0.0029950281605124474,0.7212916612625122,0.010147594846785069,0.049912549555301666,0.034357864409685135,0.0,0.0,0.0,0.0,0.0,0.0,0.0,0.0,0.0,0.0,0.0,0.0,0.0,0.0,anger
Why is America failing our public schools?  Fixed it for ya.,278,america failing public schools fixed,negative,0.9219006299972534,0,"{'sadness': 0.9338683485984802, 'anger': 0.023032784461975098, 'neutral': 0.01834266632795334, 'surprise': 0.015328281559050083, 'fear': 0.003696503583341837, 'disgust': 0.0033268930856138468, 'joy': 0.0024044823367148638}",0.01834266632795334,0.015328281559050083,0.0024044823367148638,0.023032784461975098,0.003696503583341837,0.9338683485984802,0.0033268930856138468,0.0,0.0,0.0,0.0,0.0,0.0,0.0,0.0,0.0,0.0,0.0,0.0,0.0,0.0,sadness
Maybe because you allow guns?!,279,maybe allow guns,negative,0.6022529602050781,-1,"{'neutral': 0.9167628884315491, 'anger': 0.02004127949476242, 'disgust': 0.019828306511044502, 'surprise': 0.0146727804094553, 'sadness': 0.012532765977084637, 'fear': 0.01150569785386324, 'joy': 0.0046562496572732925, 'sadness_linguistic': 1.0, 'neutral_linguistic': 1.0, 'sadness_sentence_count': 1, 'neutral_sentence_count': 1}",0.9167628884315491,0.0146727804094553,0.0046562496572732925,0.02004127949476242,0.01150569785386324,0.012532765977084637,0.019828306511044502,1.0,0.0,0.0,0.0,0.0,1.0,0.0,1.0,0.0,0.0,0.0,0.0,1.0,0.0,neutral
Florida lottery just had a ONE BILLION  that''s (1) with a B. Jackpot last week. The money is for education only. So.... follow that money pot.  💰,280,florida lottery one billion thats jackpot last week money education follow money pot,neutral,0.6232505440711975,-1,"{'surprise': 0.577700138092041, 'joy': 0.20364344120025635, 'neutral': 0.17647038400173187, 'sadness': 0.03362509235739708, 'anger': 0.005523188039660454, 'fear': 0.0024981240276247263, 'disgust': 0.0005396058550104499, 'sadness_linguistic': 1.0, 'sadness_sentence_count': 1}",0.17647038400173187,0.577700138092041,0.20364344120025635,0.005523188039660454,0.0024981240276247263,0.03362509235739708,0.0005396058550104499,0.0,0.0,0.0,0.0,0.0,1.0,0.0,0.0,0.0,0.0,0.0,0.0,1.0,0.0,sadness
"Education is so ""impor'an""",281,education imporan,negative,0.6419349908828735,0,"{'neutral': 0.8981903195381165, 'sadness': 0.04921647161245346, 'surprise': 0.02632877230644226, 'disgust': 0.008064896799623966, 'joy': 0.006718779914081097, 'anger': 0.006275056861341, 'fear': 0.005205740686506033}",0.8981903195381165,0.02632877230644226,0.006718779914081097,0.006275056861341,0.005205740686506033,0.04921647161245346,0.008064896799623966,0.0,0.0,0.0,0.0,0.0,0.0,0.0,0.0,0.0,0.0,0.0,0.0,0.0,0.0,neutral
The problem of 32-12 is way too simple to have to show so much more work I see no point of showing how 20+10=30 and I can’t see where the answer even come from.,282,problem way simple show much work see point showing cant see answer even come,negative,0.8364009261131287,6,"{'neutral': 0.37307313084602356, 'surprise': 0.29918476939201355, 'sadness': 0.2205056995153427, 'anger': 0.06069337576627731, 'joy': 0.034921929240226746, 'fear': 0.00621469272300601, 'disgust': 0.005406420677900314}",0.37307313084602356,0.29918476939201355,0.034921929240226746,0.06069337576627731,0.00621469272300601,0.2205056995153427,0.005406420677900314,0.0,0.0,0.0,0.0,0.0,0.0,0.0,0.0,0.0,0.0,0.0,0.0,0.0,0.0,neutral
Now I see why kids are coming home with no homework now days is to avoid the parents realizing how horrible the curriculum really is.,283,see kids coming home homework days avoid parents realizing horrible curriculum really,negative,0.8425935506820679,15,"{'fear': 0.9661058187484741, 'sadness': 0.01417993288487196, 'surprise': 0.010950890369713306, 'anger': 0.004770758096128702, 'disgust': 0.0015276073245331645, 'joy': 0.0012519786832854152, 'neutral': 0.0012129005044698715, 'fear_linguistic': 1.2, 'disgust_linguistic': 1.2, 'neutral_linguistic': 1.2, 'fear_sentence_count': 1, 'disgust_sentence_count': 1, 'neutral_sentence_count': 1}",0.0012129005044698715,0.010950890369713306,0.0012519786832854152,0.004770758096128702,0.9661058187484741,0.01417993288487196,0.0015276073245331645,1.2,0.0,0.0,0.0,1.2,0.0,1.2,1.0,0.0,0.0,0.0,1.0,0.0,1.0,fear
"Education involve many people, teachers students families, all of them should have deserved to sit on that desk solving problems and making questions. That's why school is able of create minds that can think. 
Apply skills and values at work gives a meaning to the hours spent on books and going through life choices experience grows.
Students in school starts from a common expectation: ""Rights, Life Liberty and pursuit of Happiness"". Bill of Rights.",284,education involve many people teachers students families deserved sit desk solving problems making questions thats school able create minds think apply skills values work gives meaning hours spent books going life choices experience grows students school starts common expectation rights life liberty pursuit happiness bill rights,positive,0.5477142333984375,-1,"{'joy': 0.7987169027328491, 'anger': 0.07289628684520721, 'surprise': 0.06017347425222397, 'neutral': 0.036304548382759094, 'sadness': 0.029129864647984505, 'disgust': 0.001775717712007463, 'fear': 0.0010033457074314356, 'anger_linguistic': 1.0, 'love_linguistic': 1.0, 'anger_sentence_count': 1, 'love_sentence_count': 1}",0.036304548382759094,0.06017347425222397,0.7987169027328491,0.07289628684520721,0.0010033457074314356,0.029129864647984505,0.001775717712007463,0.0,0.0,0.0,1.0,0.0,0.0,0.0,0.0,0.0,0.0,1.0,0.0,0.0,0.0,joy
"The media is controlled by Google and Microsoft. They want to trash the public school system as much as possible so that the government will privatize it. They want it privatized so that they can expand their business into education. They also want to privatize police departments. It's a slow process because it's one thing to get people to chant ""defund the police,"" and another thing entirely to get people to chant ""defund public education."" They want you stupid, so you will shut up, buy their product, and remain poor.",285,media controlled google microsoft want trash public school system much possible government privatize want privatized expand business education also want privatize police departments slow process one thing get people chant defund police another thing entirely get people chant defund public education want stupid shut buy product remain poor,negative,0.6734404861927032,-1,"{'anger': 0.8660909533500671, 'neutral': 0.038603775203228, 'sadness': 0.03796902671456337, 'surprise': 0.03388405218720436, 'joy': 0.01160966046154499, 'fear': 0.009528244845569134, 'disgust': 0.0023142839781939983, 'joy_linguistic': 1.0, 'sadness_linguistic': 1.0, 'neutral_linguistic': 1.0, 'joy_sentence_count': 1, 'sadness_sentence_count': 1, 'neutral_sentence_count': 1}",0.038603775203228,0.03388405218720436,0.01160966046154499,0.8660909533500671,0.009528244845569134,0.03796902671456337,0.0023142839781939983,1.0,0.0,1.0,0.0,0.0,1.0,0.0,1.0,0.0,1.0,0.0,0.0,1.0,0.0,anger
It's the DEAN!! 2:01,286,dean,positive,0.527874767780304,-1,,,,,,,,,,,,,,,,,,,,,,,
Common core initiative was a successful execution of money laundering. Where did those billions go?,287,common core initiative successful execution money laundering billions,neutral,0.6246657967567444,3,"{'neutral': 0.42664822936058044, 'anger': 0.25836479663848877, 'fear': 0.12278138101100922, 'joy': 0.06372842192649841, 'sadness': 0.06308771669864655, 'disgust': 0.035765256732702255, 'surprise': 0.02962425909936428}",0.42664822936058044,0.02962425909936428,0.06372842192649841,0.25836479663848877,0.12278138101100922,0.06308771669864655,0.035765256732702255,0.0,0.0,0.0,0.0,0.0,0.0,0.0,0.0,0.0,0.0,0.0,0.0,0.0,0.0,neutral
Why do so many videos in the recent weeks / months have such @!#$! awful audio mixing?!?,288,many videos recent weeks months awful audio mixing,negative,0.9425209760665894,17,"{'disgust': 0.9047229290008545, 'fear': 0.053974393755197525, 'anger': 0.016277488321065903, 'sadness': 0.011020760983228683, 'surprise': 0.009059648960828781, 'neutral': 0.0039840261451900005, 'joy': 0.0009607492247596383, 'fear_linguistic': 1.0, 'disgust_linguistic': 1.0, 'fear_sentence_count': 1, 'disgust_sentence_count': 1}",0.0039840261451900005,0.009059648960828781,0.0009607492247596383,0.016277488321065903,0.053974393755197525,0.011020760983228683,0.9047229290008545,0.0,0.0,0.0,0.0,1.0,0.0,1.0,0.0,0.0,0.0,0.0,1.0,0.0,1.0,disgust
Schools are outdated. Study at home with AI and virtual reality is the future.,289,schools outdated study home virtual reality future,neutral,0.6254450678825378,-1,"{'neutral': 0.5750343203544617, 'surprise': 0.23696361482143402, 'sadness': 0.1423579305410385, 'anger': 0.01564995013177395, 'joy': 0.010765720158815384, 'fear': 0.01045126561075449, 'disgust': 0.00877724401652813, 'neutral_linguistic': 1.0, 'neutral_sentence_count': 1}",0.5750343203544617,0.23696361482143402,0.010765720158815384,0.01564995013177395,0.01045126561075449,0.1423579305410385,0.00877724401652813,1.0,0.0,0.0,0.0,0.0,0.0,0.0,1.0,0.0,0.0,0.0,0.0,0.0,0.0,neutral
"students come to school with different visions of what encompasses good behavior, plus they come with many medicated challenges: this leads to poor behavior in many classrooms; but all teachers have to have a percentage of these poor performersm and they disrupt the classrooms for the kids who come ready to behave and learn...it really is sad to watch 10 kids per class destroy it for the rest of the students...what are these issues? can't stay in seats; scream out in class; talk loudly without ceasing, playing ball in class (all kinds: tennis, basketball, soccer, etc); throw things across the room; can't refrain from touching other students; put other students in headlocks; hit other students; running through the class and out into the hallway during class; can't put phones away for even a short amount of time; texting in class; curse continually; hyper sexualized; continually touching others hair; disrespectful to teachers and ignore simple request of teachers (like: please sit); this happens every single day in almost every class and teachers are supposed to just deal with this and get students who do not care about formal education be interested in learning subjects that the students do not care about--now, this is truth...these behaviors lead to more serious issues (weapons, criminal activity, running businesses during school)...dts/usa",290,students come school different visions encompasses good behavior plus come many medicated challenges leads poor behavior many classrooms teachers percentage poor performersm disrupt classrooms kids come ready behave learnit really sad watch kids per class destroy rest studentswhat issues cant stay seats scream class talk loudly without ceasing playing ball class kinds tennis basketball soccer etc throw things across room cant refrain touching students put students headlocks hit students running class hallway class cant put phones away even short amount time texting class curse continually hyper sexualized continually touching others hair disrespectful teachers ignore simple request teachers like please sit happens every single day almost every class teachers supposed deal get students care formal education interested learning subjects students care aboutnow truththese behaviors lead serious issues weapons criminal activity running businesses schooldtsusa,negative,0.8085408806800842,0,"{'sadness': 0.9377991557121277, 'surprise': 0.029337571933865547, 'joy': 0.0165997426956892, 'anger': 0.9702356457710266, 'neutral': 0.011253772303462029, 'fear': 0.22350101172924042, 'disgust': 0.009900717064738274, 'sadness_linguistic': 0.8999999999999999, 'anger_linguistic': 1.2, 'neutral_linguistic': 1.2, 'sadness_sentence_count': 1, 'anger_sentence_count': 1, 'love_sentence_count': 1, 'neutral_sentence_count': 1}",0.011253772303462029,0.029337571933865547,0.0165997426956892,0.9702356457710266,0.22350101172924042,0.9377991557121277,0.009900717064738274,1.2,0.0,0.0,1.2,0.0,0.8999999999999999,0.0,1.0,0.0,0.0,1.0,0.0,1.0,0.0,anger
"It's broken because a large segment of parents gave up their responsibility and the government stepped in along with  the teachers union. Schools are for kids not the unions and big government ( one size fits all policy) Pretty cut and dried, wouldn't you say",291,broken large segment parents gave responsibility government stepped along teachers union schools kids unions big government one size fits policy pretty cut dried wouldnt say,negative,0.7742817997932434,14,"{'sadness': 0.37388917803764343, 'neutral': 0.34028932452201843, 'surprise': 0.17952066659927368, 'anger': 0.08812442421913147, 'joy': 0.008335314691066742, 'disgust': 0.0063774907030165195, 'fear': 0.0034635926131159067, 'sadness_linguistic': 1.0, 'sadness_sentence_count': 1}",0.34028932452201843,0.17952066659927368,0.008335314691066742,0.08812442421913147,0.0034635926131159067,0.37388917803764343,0.0063774907030165195,0.0,0.0,0.0,0.0,0.0,1.0,0.0,0.0,0.0,0.0,0.0,0.0,1.0,0.0,sadness
Ummm.....13:20. it created the standards. My child just learned the most disgraceful stuff in health. Accessories included and essays on how to make tequila. It did not come from teacher. It came from doe and the state department.,292,ummm created standards child learned disgraceful stuff health accessories included essays make tequila come teacher came doe state department,negative,0.933833122253418,-1,"{'disgust': 0.30473238229751587, 'sadness': 0.2581075429916382, 'anger': 0.17984648048877716, 'neutral': 0.11069141328334808, 'surprise': 0.11038028448820114, 'joy': 0.02374652773141861, 'fear': 0.012495366856455803, 'disgust_linguistic': 1.0, 'disgust_sentence_count': 1}",0.11069141328334808,0.11038028448820114,0.02374652773141861,0.17984648048877716,0.012495366856455803,0.2581075429916382,0.30473238229751587,0.0,0.0,0.0,0.0,0.0,0.0,1.0,0.0,0.0,0.0,0.0,0.0,0.0,1.0,disgust
"This countries greed is on full display for the world.. our kids should have a great education and we should be paying workers fair wages.. yet wages stalled for decades. medical care became privatized and therefore we allowed it to become some capitalist corporate market responsible for making money not caring for patients. We have regressed in terms of developing new medical procedure and development of new drugs. Mental health is a huge issue that we continue to ignore. people who are retired after working all their lives are homeless.. drugs are rampant and half of us believe a presidential election was stolen because our reality star ex president says it was. Is anyone else annoyed? Poverty stricken areas and racially diverse sections of inner cities are the first schools to lose funding. School sports are taken away or already gone, no school bands.. the schools have been left to fend for themselves and work with barely anything. Meanwhile funds meant for them have been used to pay off debt cities shouldnt be in. Why is there a budget when it’s not followed? seems like govt relief is something we read about often but why are we still in debt as a city? Want to try to audit a city? You will find spreadsheets filled with  “fake” debt. For instance.. paying rent for govt buildings.. or funding the repair of a building.. the money you will try to trail and then it just.. poof.. off shore companies and Shell companies in the names of family members of past governors and mayors..my own eye balls have seen this. I worked for a lawyer who was suing the city and we followed a money trail. If it happens in my city it happens everywhere because it’s not necessary illegal.. it’s system fixing.. this country.. we look a fool to be shouting number 1. We need to stop that bevause if our country had fair representation of face and body someone needs to put the Statue of Liberty into one of those fallout shelters for the rich.. and then make other statues of people starving like watching her file her nails from the outside. We owe our kids a future of hope.. not this nauseating bs! But how many times has this been said.. and then we meet some fellow American who is just about the worst most racist bigot ever.. and you think to yourself “we need to die”.",293,countries greed full display world kids great education paying workers fair wages yet wages stalled decades medical care became privatized therefore allowed become capitalist corporate market responsible making money caring patients regressed terms developing new medical procedure development new drugs mental health huge issue continue ignore people retired working lives homeless drugs rampant half believe presidential election stolen reality star president says anyone else annoyed poverty stricken areas racially diverse sections inner cities first schools lose funding school sports taken away already gone school bands schools left fend work barely anything meanwhile funds meant used pay debt cities shouldnt budget followed seems like govt relief something read often still debt city want try audit city find spreadsheets filled fake debt instance paying rent govt buildings funding repair building money try trail poof shore companies shell companies names family members past governors mayorsmy eye balls seen worked lawyer suing city followed money trail happens city happens everywhere necessary illegal system fixing country look fool shouting number need stop bevause country fair representation face body someone needs put statue liberty one fallout shelters rich make statues people starving like watching file nails outside owe kids future hope nauseating many times said meet fellow american worst racist bigot ever think need die,negative,0.842661190032959,24,"{'anger': 0.9881488680839539, 'sadness': 0.3484492003917694, 'neutral': 0.042581189423799515, 'surprise': 0.045462217181921005, 'disgust': 0.02645193226635456, 'joy': 0.05817113816738129, 'fear': 0.2672785818576813, 'neutral_linguistic': 0.75, 'sadness_linguistic': 1.25, 'anger_linguistic': 2.0, 'disgust_linguistic': 1.0, 'joy_sentence_count': 1, 'sadness_sentence_count': 1, 'anger_sentence_count': 1, 'disgust_sentence_count': 1, 'love_sentence_count': 1, 'neutral_sentence_count': 1}",0.042581189423799515,0.045462217181921005,0.05817113816738129,0.9881488680839539,0.2672785818576813,0.3484492003917694,0.02645193226635456,0.75,0.0,0.0,2.0,0.0,1.25,1.0,1.0,0.0,1.0,1.0,0.0,1.0,1.0,anger
Well public schools were started and founded by a democrat......,294,well public schools started founded democrat,neutral,0.5210750102996826,27,"{'neutral': 0.7369252443313599, 'surprise': 0.16173610091209412, 'joy': 0.07154218852519989, 'sadness': 0.014984614215791225, 'anger': 0.00863340962678194, 'fear': 0.004450629930943251, 'disgust': 0.0017278465675190091}",0.7369252443313599,0.16173610091209412,0.07154218852519989,0.00863340962678194,0.004450629930943251,0.014984614215791225,0.0017278465675190091,0.0,0.0,0.0,0.0,0.0,0.0,0.0,0.0,0.0,0.0,0.0,0.0,0.0,0.0,neutral
Did they tryed asking some country in Europe,295,tryed asking country europe,neutral,0.9010561108589172,7,"{'neutral': 0.8040978312492371, 'surprise': 0.10859816521406174, 'sadness': 0.05127695947885513, 'joy': 0.014674779027700424, 'fear': 0.010531832464039326, 'anger': 0.008621519431471825, 'disgust': 0.0021989706438034773}",0.8040978312492371,0.10859816521406174,0.014674779027700424,0.008621519431471825,0.010531832464039326,0.05127695947885513,0.0021989706438034773,0.0,0.0,0.0,0.0,0.0,0.0,0.0,0.0,0.0,0.0,0.0,0.0,0.0,0.0,neutral
They are in the schools and that's the problem,296,schools thats problem,negative,0.7795765995979309,-1,"{'sadness': 0.7932263016700745, 'neutral': 0.11342518776655197, 'surprise': 0.026003604754805565, 'fear': 0.02141275443136692, 'disgust': 0.021182486787438393, 'anger': 0.01658915914595127, 'joy': 0.008160430006682873}",0.11342518776655197,0.026003604754805565,0.008160430006682873,0.01658915914595127,0.02141275443136692,0.7932263016700745,0.021182486787438393,0.0,0.0,0.0,0.0,0.0,0.0,0.0,0.0,0.0,0.0,0.0,0.0,0.0,0.0,sadness
"No common core. No same agenda thoughout the nation. Remember a way to have complete control over a nation is by education. We have been educating kids on NOT to think for themselves, NOT to have critical thinking, NOT to have new ideas. Keeping the kids uneducated. Keeping our kids to literally think alike and keeping them on a single minded track. This is just another tatic on how the federal government is again tighting a grip on Americans. That saying, the less you know the better for us.",297,common core agenda thoughout nation remember way complete control nation education educating kids think critical thinking new ideas keeping kids uneducated keeping kids literally think alike keeping single minded track another tatic federal government tighting grip americans saying less know better,negative,0.7328511476516724,-1,"{'neutral': 0.3392217457294464, 'surprise': 0.20547865331172943, 'anger': 0.1544308364391327, 'sadness': 0.14548154175281525, 'joy': 0.12855464220046997, 'fear': 0.02348828688263893, 'disgust': 0.0033442822750657797}",0.3392217457294464,0.20547865331172943,0.12855464220046997,0.1544308364391327,0.02348828688263893,0.14548154175281525,0.0033442822750657797,0.0,0.0,0.0,0.0,0.0,0.0,0.0,0.0,0.0,0.0,0.0,0.0,0.0,0.0,neutral
"Schools don't teach anything useful. Building a house, growing food, fixing things. None of it. Just BS algebra. Totally useless in the age of AI.",298,schools dont teach anything useful building house growing food fixing things none algebra totally useless age,negative,0.8970707058906555,-1,"{'sadness': 0.7934147715568542, 'anger': 0.07368997484445572, 'neutral': 0.0628185123205185, 'disgust': 0.04299088567495346, 'surprise': 0.015620652586221695, 'joy': 0.008412142284214497, 'fear': 0.0030529715586453676}",0.0628185123205185,0.015620652586221695,0.008412142284214497,0.07368997484445572,0.0030529715586453676,0.7934147715568542,0.04299088567495346,0.0,0.0,0.0,0.0,0.0,0.0,0.0,0.0,0.0,0.0,0.0,0.0,0.0,0.0,sadness
Democrats are why schools have failed.,299,democrats schools failed,negative,0.9351522922515869,27,"{'sadness': 0.5483909249305725, 'anger': 0.31216397881507874, 'disgust': 0.07414600253105164, 'neutral': 0.0462360642850399, 'fear': 0.008178601041436195, 'surprise': 0.006013603415340185, 'joy': 0.004870791453868151}",0.0462360642850399,0.006013603415340185,0.004870791453868151,0.31216397881507874,0.008178601041436195,0.5483909249305725,0.07414600253105164,0.0,0.0,0.0,0.0,0.0,0.0,0.0,0.0,0.0,0.0,0.0,0.0,0.0,0.0,sadness
"Students have laptops now. Many are so addicted to games, that is all they do. As hard as we try to block those games that are violent &/or otherwise inappropriate it is a losing battle. Clearly, they learn nothing if that is all they think about.",300,students laptops many addicted games hard try block games violent otherwise inappropriate losing battle clearly learn nothing think,negative,0.6111429333686829,-1,"{'neutral': 0.7183715105056763, 'anger': 0.1426364779472351, 'disgust': 0.06398654729127884, 'surprise': 0.03003649041056633, 'sadness': 0.027969874441623688, 'fear': 0.014821129851043224, 'joy': 0.0021780095994472504, 'anger_linguistic': 1.0, 'disgust_linguistic': 1.0, 'sadness_linguistic': 0.5, 'anger_sentence_count': 1, 'disgust_sentence_count': 1, 'neutral_sentence_count': 1}",0.7183715105056763,0.03003649041056633,0.0021780095994472504,0.1426364779472351,0.014821129851043224,0.027969874441623688,0.06398654729127884,0.0,0.0,0.0,1.0,0.0,0.5,1.0,1.0,0.0,0.0,1.0,0.0,0.0,1.0,anger
Less school is better for society. Why study usless classes?,301,less school better society study usless classes,neutral,0.5693475604057312,-1,"{'sadness': 0.3479563593864441, 'joy': 0.3150777816772461, 'anger': 0.16285715997219086, 'neutral': 0.13743287324905396, 'surprise': 0.02436470054090023, 'disgust': 0.008999619632959366, 'fear': 0.003311436390504241}",0.13743287324905396,0.02436470054090023,0.3150777816772461,0.16285715997219086,0.003311436390504241,0.3479563593864441,0.008999619632959366,0.0,0.0,0.0,0.0,0.0,0.0,0.0,0.0,0.0,0.0,0.0,0.0,0.0,0.0,sadness
What a mess,302,mess,negative,0.7314491271972656,-1,,,,,,,,,,,,,,,,,,,,,,,
"Politics, and religion trying to destroy PS so they can privatize it and make more money.  Remember Jeff Bush selling PS curriculum with NO CHILD LEFT BEHIND? A program that 
ALL the schools need to have?  Stilll happen with new and old companies forcing States TO BUY THEir MATERIAL OF BE PUNISH BY THEIR GOVERNORS.",304,politics religion trying destroy privatize make money remember jeff bush selling curriculum child left behind program schools need stilll happen new old companies forcing states buy material punish governors,negative,0.8326071500778198,-1,"{'anger': 0.8506751656532288, 'sadness': 0.10214124619960785, 'neutral': 0.019803574308753014, 'disgust': 0.00979174766689539, 'surprise': 0.006890221498906612, 'joy': 0.006430099718272686, 'fear': 0.0042680175974965096}",0.019803574308753014,0.006890221498906612,0.006430099718272686,0.8506751656532288,0.0042680175974965096,0.10214124619960785,0.00979174766689539,0.0,0.0,0.0,0.0,0.0,0.0,0.0,0.0,0.0,0.0,0.0,0.0,0.0,0.0,anger
It is because we are trying to educate blacks.,305,trying educate blacks,neutral,0.824494481086731,33,"{'neutral': 0.5073529481887817, 'sadness': 0.22580140829086304, 'anger': 0.2041507214307785, 'disgust': 0.02806819975376129, 'surprise': 0.015876587480306625, 'fear': 0.01196322776377201, 'joy': 0.006786879617720842}",0.5073529481887817,0.015876587480306625,0.006786879617720842,0.2041507214307785,0.01196322776377201,0.22580140829086304,0.02806819975376129,0.0,0.0,0.0,0.0,0.0,0.0,0.0,0.0,0.0,0.0,0.0,0.0,0.0,0.0,neutral
"I do agree that some teachers need to get paid more but this is one of the few professions that you have guaranteed raises and above all pension. It also varies greatly depending on which zip code you are teaching and what grade you teach. Ultimately though, just like with most things the beurocracy takes all the funding that should go to kids and teachers and moves it to administrative staff. The other day I walked through my old high school and the administration building is now the biggest and shiniest building, not sure what they can possibly be doing there that they need so many people but you gotta wonder.",306,agree teachers need get paid one professions guaranteed raises pension also varies greatly depending zip code teaching grade teach ultimately though like things beurocracy takes funding kids teachers moves administrative staff day walked old high school administration building biggest shiniest building sure possibly need many people gotta wonder,neutral,0.6458493173122406,2,"{'surprise': 0.9477109909057617, 'neutral': 0.0336616188287735, 'anger': 0.005702396854758263, 'sadness': 0.005117536522448063, 'joy': 0.004625165369361639, 'fear': 0.0024118151050060987, 'disgust': 0.0007704923045821488, 'joy_linguistic': 2.0, 'surprise_linguistic': 1.0, 'neutral_linguistic': 2.0, 'joy_sentence_count': 1, 'surprise_sentence_count': 1, 'neutral_sentence_count': 1}",0.0336616188287735,0.9477109909057617,0.004625165369361639,0.005702396854758263,0.0024118151050060987,0.005117536522448063,0.0007704923045821488,2.0,1.0,2.0,0.0,0.0,0.0,0.0,1.0,1.0,1.0,0.0,0.0,0.0,0.0,surprise
Education starts at home... Perhaps there needs to be a cultural foundation to nurture and appreciate education as a whole,307,education starts home perhaps needs cultural foundation nurture appreciate education whole,neutral,0.6348766684532166,1,"{'neutral': 0.8765817880630493, 'joy': 0.04651658609509468, 'surprise': 0.04598455876111984, 'anger': 0.012050953693687916, 'sadness': 0.00915486365556717, 'fear': 0.006035671103745699, 'disgust': 0.0036755066830664873, 'joy_linguistic': 1.0, 'love_linguistic': 1.0, 'neutral_linguistic': 1.0, 'joy_sentence_count': 1, 'love_sentence_count': 1, 'neutral_sentence_count': 1}",0.8765817880630493,0.04598455876111984,0.04651658609509468,0.012050953693687916,0.006035671103745699,0.00915486365556717,0.0036755066830664873,1.0,0.0,1.0,0.0,0.0,0.0,0.0,1.0,0.0,1.0,0.0,0.0,0.0,0.0,neutral
Its falling bc democrats have learned how to monetize them.  Why do you think school administrators are making engineering money doing nothing 🤣🤣🤣🤣🤣🤣🤣? They dont even need to produce positive results just a quota,308,falling democrats learned monetize think school administrators making engineering money nothing dont even need produce positive results quota,negative,0.8355075716972351,27,"{'neutral': 0.5095174312591553, 'surprise': 0.233029305934906, 'sadness': 0.1591571420431137, 'anger': 0.05238088220357895, 'joy': 0.03537481278181076, 'disgust': 0.007336623501032591, 'fear': 0.0032038039062172174, 'neutral_linguistic': 0.5, 'joy_sentence_count': 1}",0.5095174312591553,0.233029305934906,0.03537481278181076,0.05238088220357895,0.0032038039062172174,0.1591571420431137,0.007336623501032591,0.5,0.0,0.0,0.0,0.0,0.0,0.0,0.0,0.0,1.0,0.0,0.0,0.0,0.0,neutral
"As a teacher, I can tell you exactly why. 1) Lack of discipline in the schools. 2) Letting politicians makes educational decisions, it's like asking a teacher to control the financial decisions of a company. They aren't qualified to make those decisions. 3) Parents being held accountable for anything. Parents that don't value education and don't work with their children play a major factor in their child's education. If you didn't read to your children, and continue to through grade school, they are at a major disadvantage. Parents that don't work with their children on their multiplication facts puts them at another disadvantage. We can tell them to practice it, but when they go home and hop right on their video games and tablets all night, they just continue to fall behind further and further. 4) Leveling abilities, having varying abilities all thrown into the same room doesn't work. Full inclusion only looks good on paper. It flies in the face of all research and data, if a child has a disability, they need to be in a special educational setting with small groups and additional supports. It's just the way it is. Throwing me into a surgical room isn't going to turn me into a surgeon. These students dont have the ability or the background knowledge to keep up and a regular education teacher with no additional supports and 25 other students can't physically provide them with what they need. It's impossible.",309,teacher tell exactly lack discipline schools letting politicians makes educational decisions like asking teacher control financial decisions company arent qualified make decisions parents held accountable anything parents dont value education dont work children play major factor childs education didnt read children continue grade school major disadvantage parents dont work children multiplication facts puts another disadvantage tell practice home hop right video games tablets night continue fall behind leveling abilities varying abilities thrown room doesnt work full inclusion looks good paper flies face research data child disability need special educational setting small groups additional supports way throwing surgical room isnt going turn surgeon students dont ability background knowledge keep regular education teacher additional supports students cant physically provide need impossible,negative,0.7764013409614563,0,"{'sadness': 0.8769457936286926, 'anger': 0.37670040130615234, 'neutral': 0.2794979512691498, 'surprise': 0.15652363002300262, 'joy': 0.07975529134273529, 'disgust': 0.007408144883811474, 'fear': 0.007731368765234947, 'sadness_linguistic': 1.0, 'love_linguistic': 2.0, 'sadness_sentence_count': 1, 'love_sentence_count': 1}",0.2794979512691498,0.15652363002300262,0.07975529134273529,0.37670040130615234,0.007731368765234947,0.8769457936286926,0.007408144883811474,0.0,0.0,0.0,0.0,0.0,1.0,0.0,0.0,0.0,0.0,0.0,0.0,1.0,0.0,sadness
"@…  culture wars are not real.   Here is proof.... https://youtu.be/TJ8ws2dqqFg?si=rwsbXRskfNRHU-zb ....  Pat Buchanan invented the term as an undefined, catchall term for everything a right leaning politician can use to incorrectly vilify a political opponent",310,culture wars real proof pat buchanan invented term undefined catchall term everything right leaning politician use incorrectly vilify political opponent,negative,0.5357046127319336,37,"{'anger': 0.6223254203796387, 'neutral': 0.27701228857040405, 'disgust': 0.06762295961380005, 'fear': 0.01633608154952526, 'sadness': 0.006390607450157404, 'surprise': 0.006390123162418604, 'joy': 0.003922567702829838, 'neutral_linguistic': 1.0, 'neutral_sentence_count': 1}",0.27701228857040405,0.006390123162418604,0.003922567702829838,0.6223254203796387,0.01633608154952526,0.006390607450157404,0.06762295961380005,1.0,0.0,0.0,0.0,0.0,0.0,0.0,1.0,0.0,0.0,0.0,0.0,0.0,0.0,neutral
"Chemtrails are actually used to make it rain. They're particles designed to help make rain clouds. Now chemicals used could be found in the rain water if examined. Js that part is true. And the govt admits it. Texas has an entire program on their website. 

No one truly believes the earth is flat. Thats just a joke to play on people who are pedantic and literal😂",311,chemtrails actually used make rain theyre particles designed help make rain clouds chemicals used could found rain water examined part true govt admits texas entire program website one truly believes earth flat thats joke play people pedantic literal,neutral,0.6814607977867126,-1,"{'joy': 0.43877556920051575, 'neutral': 0.3046055734157562, 'surprise': 0.10760562866926193, 'anger': 0.0981384888291359, 'sadness': 0.04207821935415268, 'disgust': 0.0045034317299723625, 'fear': 0.004293075762689114, 'neutral_linguistic': 2.0, 'neutral_sentence_count': 1}",0.3046055734157562,0.10760562866926193,0.43877556920051575,0.0981384888291359,0.004293075762689114,0.04207821935415268,0.0045034317299723625,2.0,0.0,0.0,0.0,0.0,0.0,0.0,1.0,0.0,0.0,0.0,0.0,0.0,0.0,neutral
"lmao. I highly doubt ""most"" Americans believe that the Earth is flat or believe in ""chemtrails"". I'm not saying there aren't crazy people who believe that, but its absurd to claim that most believe it...",312,lmao highly doubt americans believe earth flat believe chemtrails saying arent crazy people believe absurd claim believe,negative,0.8443931937217712,44,"{'surprise': 0.6562305688858032, 'fear': 0.17640171945095062, 'anger': 0.07842958718538284, 'neutral': 0.0660477951169014, 'joy': 0.013553875498473644, 'sadness': 0.006811614613980055, 'disgust': 0.002524816896766424, 'fear_linguistic': 1.2, 'fear_sentence_count': 1}",0.0660477951169014,0.6562305688858032,0.013553875498473644,0.07842958718538284,0.17640171945095062,0.006811614613980055,0.002524816896766424,0.0,0.0,0.0,0.0,1.2,0.0,0.0,0.0,0.0,0.0,0.0,1.0,0.0,0.0,fear
Easy. Pockets. Especially democrats bc they run our education system.,313,easy pockets especially democrats run education system,negative,0.6230116486549377,27,"{'neutral': 0.8502554297447205, 'joy': 0.09522472321987152, 'surprise': 0.032627660781145096, 'sadness': 0.009214180521667004, 'anger': 0.0061562140472233295, 'disgust': 0.0055627366527915, 'fear': 0.0009590954286977649, 'love_linguistic': 1.0, 'love_sentence_count': 1}",0.8502554297447205,0.032627660781145096,0.09522472321987152,0.0061562140472233295,0.0009590954286977649,0.009214180521667004,0.0055627366527915,0.0,0.0,0.0,0.0,0.0,0.0,0.0,0.0,0.0,0.0,0.0,0.0,0.0,0.0,neutral
"I work in K-12 IT. In my nearly 4.5 years there, I have seen a disgusting amount of waste in just about every category you can think of. Every school district is different, but I'd say the top administrators take up a non-negligible amount in salaries and benefits. And some of these admins don't directly work with students very much or at all or are even in the schools seeing the day-to-day activities of how schools run. Not saying their jobs aren't important, but a lot of them have bloated salaries relative to what they do.

I also see what I believe is a lack of accountability and vetting when it comes to purchasing. A few years ago at one of my schools, I found a printer that was still brand new in box. It was purchased around 2017 but for some reason, it was never put in use. It just sat hidden under a bunch of junk that piled over the years collecting dust. The thing cost at least $500 new. That's just 1 of many egregious examples of financial mismanagement.

My mom works at the school cafeteria. She likes the job but dislikes the disgusting amount of food waste every single day. They don't cook much food in-house as its mostly pre-packaged stuff that they warm up. The official policy is that anything that is left over gets thrown straight into the trash. No one is allowed to take any home or give it to other people. The kids are ""forced"" to take what's a complete meal which includes a main entree, veggies, fruit, and a milk carton. That is so it counts as a full meal so the district gets reimbursed for it. Lunch ladies are required to tell the kids that they HAVE to take a complete meal. If the kid doesn't want green beans for instance, they're still required to take it but they get old they can throw it in the trash. Its ""ok"" because at that point, the student already received a ""complete"" meal. Its absolute insanity. And the people in charge don't care. Its not their money nor is it the district's money. Its all business stuff so the food service dept has special funding from different sources so they don't care at all.

My aunt works in the pre-school system of that same district and its the same issue. Each year, the pre-school (child development program) gets a certain amount of funding. They allocate part of that funding for each pre-school classroom district-wide. Whether or not they need stuff, they have to buy stuff by a certain time. Every year, my aunt and her co-workers have to throw out stuff to make room for new furniture or toys or supplies because they have to use that money. They throw out stuff that's not even a year old and is in otherwise good condition to make room for more junk. Its a never ending cycle.",314,work nearly years seen disgusting amount waste every category think every school district different say top administrators take nonnegligible amount salaries benefits admins dont directly work students much even schools seeing daytoday activities schools run saying jobs arent important lot bloated salaries relative also see believe lack accountability vetting comes purchasing years ago one schools found printer still brand new box purchased around reason never put use sat hidden bunch junk piled years collecting dust thing cost least new thats many egregious examples financial mismanagement mom works school cafeteria likes job dislikes disgusting amount food waste every single day dont cook much food inhouse mostly prepackaged stuff warm official policy anything left gets thrown straight trash one allowed take home give people kids forced take whats complete meal includes main entree veggies fruit milk carton counts full meal district gets reimbursed lunch ladies required tell kids take complete meal kid doesnt want green beans instance theyre still required take get old throw trash point student already received complete meal absolute insanity people charge dont care money districts money business stuff food service dept special funding different sources dont care aunt works preschool system district issue year preschool child development program gets certain amount funding allocate part funding preschool classroom districtwide whether need stuff buy stuff certain time every year aunt coworkers throw stuff make room new furniture toys supplies use money throw stuff thats even year old otherwise good condition make room junk never ending cycle,negative,0.7382732828458151,-1,"{'disgust': 0.9215978980064392, 'anger': 0.8001506924629211, 'surprise': 0.21965742111206055, 'fear': 0.017239881679415703, 'sadness': 0.4266429841518402, 'neutral': 0.38658925890922546, 'joy': 0.06195376440882683, 'neutral_linguistic': 0.75, 'sadness_linguistic': 0.75, 'anger_linguistic': 1.0, 'disgust_linguistic': 1.0, 'joy_sentence_count': 1, 'sadness_sentence_count': 1, 'anger_sentence_count': 1, 'disgust_sentence_count': 1, 'love_sentence_count': 1, 'neutral_sentence_count': 1}",0.38658925890922546,0.21965742111206055,0.06195376440882683,0.8001506924629211,0.017239881679415703,0.4266429841518402,0.9215978980064392,0.75,0.0,0.0,1.0,0.0,0.75,1.0,1.0,0.0,1.0,1.0,0.0,1.0,1.0,disgust
Kids dont need 8 hrs to learn. Thats so mommy AND daddy can work a decent shift. Homeschooling for preschool is 15 min a day plus whatever we learn while playing.,315,kids dont need hrs learn thats mommy daddy work decent shift homeschooling preschool min day plus whatever learn playing,neutral,0.637912392616272,20,"{'neutral': 0.4471765458583832, 'joy': 0.313609778881073, 'sadness': 0.14053648710250854, 'surprise': 0.07586150616407394, 'anger': 0.013695010915398598, 'disgust': 0.0052298433147370815, 'fear': 0.0038908282294869423}",0.4471765458583832,0.07586150616407394,0.313609778881073,0.013695010915398598,0.0038908282294869423,0.14053648710250854,0.0052298433147370815,0.0,0.0,0.0,0.0,0.0,0.0,0.0,0.0,0.0,0.0,0.0,0.0,0.0,0.0,neutral
Culture wars?,317,culture wars,neutral,0.5917699933052063,37,"{'neutral': 0.6779174208641052, 'disgust': 0.1215900108218193, 'anger': 0.09735158085823059, 'surprise': 0.03879145532846451, 'sadness': 0.02448229305446148, 'fear': 0.021698761731386185, 'joy': 0.018168475478887558}",0.6779174208641052,0.03879145532846451,0.018168475478887558,0.09735158085823059,0.021698761731386185,0.02448229305446148,0.1215900108218193,0.0,0.0,0.0,0.0,0.0,0.0,0.0,0.0,0.0,0.0,0.0,0.0,0.0,0.0,neutral
Don't forget woke teachers 😢,318,dont forget woke teachers,negative,0.8135837912559509,5,"{'neutral': 0.8525989055633545, 'sadness': 0.06692932546138763, 'surprise': 0.04893415421247482, 'anger': 0.014828385785222054, 'fear': 0.006470309104770422, 'joy': 0.005755253601819277, 'disgust': 0.004483591765165329}",0.8525989055633545,0.04893415421247482,0.005755253601819277,0.014828385785222054,0.006470309104770422,0.06692932546138763,0.004483591765165329,0.0,0.0,0.0,0.0,0.0,0.0,0.0,0.0,0.0,0.0,0.0,0.0,0.0,0.0,neutral
​ @… yes... culture and ideology wars.,319,yes culture ideology wars,neutral,0.5320560932159424,37,"{'neutral': 0.5531657338142395, 'anger': 0.23617170751094818, 'disgust': 0.09674260765314102, 'sadness': 0.04458879306912422, 'surprise': 0.03854118660092354, 'fear': 0.019070357084274292, 'joy': 0.011719525791704655}",0.5531657338142395,0.03854118660092354,0.011719525791704655,0.23617170751094818,0.019070357084274292,0.04458879306912422,0.09674260765314102,0.0,0.0,0.0,0.0,0.0,0.0,0.0,0.0,0.0,0.0,0.0,0.0,0.0,0.0,neutral
"@…  culture wars are not real.   Here is proof.... https://youtu.be/TJ8ws2dqqFg?si=rwsbXRskfNRHU-zb ....  Pat Buchanan invented the term as an undefined, catchall term for everything a right leaning politician can use to incorrectly vilify a political opponent",320,culture wars real proof pat buchanan invented term undefined catchall term everything right leaning politician use incorrectly vilify political opponent,negative,0.5357046127319336,37,"{'anger': 0.6223254203796387, 'neutral': 0.27701228857040405, 'disgust': 0.06762295961380005, 'fear': 0.01633608154952526, 'sadness': 0.006390607450157404, 'surprise': 0.006390123162418604, 'joy': 0.003922567702829838, 'neutral_linguistic': 1.0, 'neutral_sentence_count': 1}",0.27701228857040405,0.006390123162418604,0.003922567702829838,0.6223254203796387,0.01633608154952526,0.006390607450157404,0.06762295961380005,1.0,0.0,0.0,0.0,0.0,0.0,0.0,1.0,0.0,0.0,0.0,0.0,0.0,0.0,neutral
"@…  culture wars are not real.   Here is proof.... https://youtu.be/TJ8ws2dqqFg?si=rwsbXRskfNRHU-zb ....  Pat Buchanan invented the term as an undefined, catchall term for everything a right leaning politician can use to incorrectly vilify a political opponent",321,culture wars real proof pat buchanan invented term undefined catchall term everything right leaning politician use incorrectly vilify political opponent,negative,0.5357046127319336,37,"{'anger': 0.6223254203796387, 'neutral': 0.27701228857040405, 'disgust': 0.06762295961380005, 'fear': 0.01633608154952526, 'sadness': 0.006390607450157404, 'surprise': 0.006390123162418604, 'joy': 0.003922567702829838, 'neutral_linguistic': 1.0, 'neutral_sentence_count': 1}",0.27701228857040405,0.006390123162418604,0.003922567702829838,0.6223254203796387,0.01633608154952526,0.006390607450157404,0.06762295961380005,1.0,0.0,0.0,0.0,0.0,0.0,0.0,1.0,0.0,0.0,0.0,0.0,0.0,0.0,neutral
You mean scores that mean nothing and are easily fudged like all data today?,323,mean scores mean nothing easily fudged like data today,negative,0.7229158878326416,4,"{'anger': 0.48564374446868896, 'neutral': 0.3029003143310547, 'disgust': 0.16842463612556458, 'sadness': 0.024058086797595024, 'fear': 0.012456702068448067, 'joy': 0.003276279428973794, 'surprise': 0.0032402069773525, 'anger_linguistic': 1.0, 'anger_sentence_count': 1}",0.3029003143310547,0.0032402069773525,0.003276279428973794,0.48564374446868896,0.012456702068448067,0.024058086797595024,0.16842463612556458,0.0,0.0,0.0,1.0,0.0,0.0,0.0,0.0,0.0,0.0,1.0,0.0,0.0,0.0,anger
That's what you got from this video?,324,thats got video,neutral,0.7339486479759216,17,"{'surprise': 0.4383254647254944, 'neutral': 0.39564988017082214, 'joy': 0.11190403252840042, 'sadness': 0.0390770398080349, 'anger': 0.007978180423378944, 'disgust': 0.005124441348016262, 'fear': 0.001940905931405723}",0.39564988017082214,0.4383254647254944,0.11190403252840042,0.007978180423378944,0.001940905931405723,0.0390770398080349,0.005124441348016262,0.0,0.0,0.0,0.0,0.0,0.0,0.0,0.0,0.0,0.0,0.0,0.0,0.0,0.0,surprise
"@…  I can take whatever I want, and comment however I like, tyrant.",325,take whatever want comment however like tyrant,neutral,0.6977864503860474,10,"{'anger': 0.6912316679954529, 'neutral': 0.23913167417049408, 'disgust': 0.04435383528470993, 'fear': 0.011126862838864326, 'sadness': 0.008873884566128254, 'surprise': 0.0026710405945777893, 'joy': 0.002610959578305483, 'neutral_linguistic': 1.0, 'neutral_sentence_count': 1}",0.23913167417049408,0.0026710405945777893,0.002610959578305483,0.6912316679954529,0.011126862838864326,0.008873884566128254,0.04435383528470993,1.0,0.0,0.0,0.0,0.0,0.0,0.0,1.0,0.0,0.0,0.0,0.0,0.0,0.0,neutral
@…  how am I a tyrant by questioning your media literacy?,326,tyrant questioning media literacy,negative,0.7824764847755432,52,"{'disgust': 0.364673912525177, 'neutral': 0.29309558868408203, 'anger': 0.20213761925697327, 'fear': 0.08511044085025787, 'surprise': 0.040068648755550385, 'sadness': 0.008253082633018494, 'joy': 0.006660690065473318}",0.29309558868408203,0.040068648755550385,0.006660690065473318,0.20213761925697327,0.08511044085025787,0.008253082633018494,0.364673912525177,0.0,0.0,0.0,0.0,0.0,0.0,0.0,0.0,0.0,0.0,0.0,0.0,0.0,0.0,disgust
We get it our education system sucks it’s not our fault our government turned against us,327,get education system sucks fault government turned,negative,0.9449785947799683,-1,"{'sadness': 0.5618088841438293, 'anger': 0.2442871332168579, 'surprise': 0.09275250136852264, 'neutral': 0.05913041904568672, 'disgust': 0.02662682719528675, 'joy': 0.00969370361417532, 'fear': 0.005700523033738136}",0.05913041904568672,0.09275250136852264,0.00969370361417532,0.2442871332168579,0.005700523033738136,0.5618088841438293,0.02662682719528675,0.0,0.0,0.0,0.0,0.0,0.0,0.0,0.0,0.0,0.0,0.0,0.0,0.0,0.0,sadness
Education is no longer a meritocracy thanks to the woke left.,328,education longer meritocracy thanks woke left,negative,0.8377268314361572,-1,"{'neutral': 0.9094047546386719, 'surprise': 0.05187847465276718, 'joy': 0.016542509198188782, 'anger': 0.01130521111190319, 'sadness': 0.005701662972569466, 'disgust': 0.0033673241268843412, 'fear': 0.0018000067211687565}",0.9094047546386719,0.05187847465276718,0.016542509198188782,0.01130521111190319,0.0018000067211687565,0.005701662972569466,0.0033673241268843412,0.0,0.0,0.0,0.0,0.0,0.0,0.0,0.0,0.0,0.0,0.0,0.0,0.0,0.0,neutral
On the bad side of town,329,bad side town,negative,0.7661007046699524,23,"{'neutral': 0.41930872201919556, 'sadness': 0.27902570366859436, 'surprise': 0.23617063462734222, 'joy': 0.05005960911512375, 'anger': 0.006482171826064587, 'disgust': 0.005401636939495802, 'fear': 0.0035515236668288708}",0.41930872201919556,0.23617063462734222,0.05005960911512375,0.006482171826064587,0.0035515236668288708,0.27902570366859436,0.005401636939495802,0.0,0.0,0.0,0.0,0.0,0.0,0.0,0.0,0.0,0.0,0.0,0.0,0.0,0.0,neutral
"The bar should never be lowered because the smart kids suffer too much. Also, bring back manufacturing jobs such as factories, assembly lines, and production pants.",330,bar never lowered smart kids suffer much also bring back manufacturing jobs factories assembly lines production pants,neutral,0.47997337579727173,-1,"{'sadness': 0.7888357639312744, 'joy': 0.09732227772474289, 'neutral': 0.057025209069252014, 'surprise': 0.046194229274988174, 'anger': 0.007571999449282885, 'disgust': 0.0018010082421824336, 'fear': 0.0012494948459789157, 'sadness_linguistic': 0.75, 'sadness_sentence_count': 1, 'neutral_sentence_count': 1}",0.057025209069252014,0.046194229274988174,0.09732227772474289,0.007571999449282885,0.0012494948459789157,0.7888357639312744,0.0018010082421824336,0.0,0.0,0.0,0.0,0.0,0.75,0.0,1.0,0.0,0.0,0.0,0.0,1.0,0.0,sadness
"Trap a kid in a box and tell him to do this... Do that... Formal education is stupid. I honestly believe we should just teach kids basics.. Reading..writing & basic math. then set him free...he will figure it out. You don't need to waste 15 years of his life teaching him about physics, Spanish and chemistry. To become an accountant/business owner or an artist...in the end.",331,trap kid box tell formal education stupid honestly believe teach kids basics readingwriting basic math set freehe figure dont need waste years life teaching physics spanish chemistry become accountantbusiness owner artistin end,negative,0.692665696144104,-1,"{'anger': 0.48106029629707336, 'surprise': 0.2974262237548828, 'sadness': 0.0897885113954544, 'neutral': 0.07678592205047607, 'fear': 0.03260498866438866, 'joy': 0.015902772545814514, 'disgust': 0.006431317422538996}",0.07678592205047607,0.2974262237548828,0.015902772545814514,0.48106029629707336,0.03260498866438866,0.0897885113954544,0.006431317422538996,0.0,0.0,0.0,0.0,0.0,0.0,0.0,0.0,0.0,0.0,0.0,0.0,0.0,0.0,anger
"@…  ""no thanks"" after reading about us or just an intuitive ""no thanks""?",333,thanks reading intuitive thanks,neutral,0.5735152363777161,6,"{'joy': 0.6489648222923279, 'neutral': 0.2914545238018036, 'surprise': 0.04135480150580406, 'anger': 0.009885805658996105, 'sadness': 0.003720944980159402, 'disgust': 0.0032397403847426176, 'fear': 0.0013794314581900835}",0.2914545238018036,0.04135480150580406,0.6489648222923279,0.009885805658996105,0.0013794314581900835,0.003720944980159402,0.0032397403847426176,0.0,0.0,0.0,0.0,0.0,0.0,0.0,0.0,0.0,0.0,0.0,0.0,0.0,0.0,joy
It's over!!!!!!!!!!,334,,positive,0.5997509956359863,-1,,,,,,,,,,,,,,,,,,,,,,,
"Typical response to Common Core from a Republican, ""they want you to learn how to apply math concepts and read the Federalist papers? That's communist!""",335,typical response common core republican want learn apply math concepts read federalist papers thats communist,negative,0.78827303647995,-1,"{'neutral': 0.7800427675247192, 'anger': 0.1070086881518364, 'surprise': 0.04861200973391533, 'sadness': 0.029970360919833183, 'joy': 0.013058560900390148, 'fear': 0.011843058280646801, 'disgust': 0.009464656934142113}",0.7800427675247192,0.04861200973391533,0.013058560900390148,0.1070086881518364,0.011843058280646801,0.029970360919833183,0.009464656934142113,0.0,0.0,0.0,0.0,0.0,0.0,0.0,0.0,0.0,0.0,0.0,0.0,0.0,0.0,neutral
What kills me is they know common core isn't working yet they are still doing it,336,kills know common core isnt working yet still,negative,0.9359902739524841,3,"{'neutral': 0.478463739156723, 'sadness': 0.33707183599472046, 'surprise': 0.15773102641105652, 'joy': 0.009774929843842983, 'anger': 0.009142976254224777, 'fear': 0.004442842677235603, 'disgust': 0.0033726401161402464}",0.478463739156723,0.15773102641105652,0.009774929843842983,0.009142976254224777,0.004442842677235603,0.33707183599472046,0.0033726401161402464,0.0,0.0,0.0,0.0,0.0,0.0,0.0,0.0,0.0,0.0,0.0,0.0,0.0,0.0,neutral
"No, it's not a woke issue. Social justice, my ass. It's a question of not being anti-intellectual.",337,woke issue social justice ass question antiintellectual,negative,0.5006915330886841,5,"{'anger': 0.463789701461792, 'fear': 0.25370559096336365, 'disgust': 0.16462546586990356, 'neutral': 0.05908218398690224, 'surprise': 0.035760171711444855, 'sadness': 0.020121533423662186, 'joy': 0.002915395889431238}",0.05908218398690224,0.035760171711444855,0.002915395889431238,0.463789701461792,0.25370559096336365,0.020121533423662186,0.16462546586990356,0.0,0.0,0.0,0.0,0.0,0.0,0.0,0.0,0.0,0.0,0.0,0.0,0.0,0.0,anger
This was an Ad for home schooling,338,home schooling,neutral,0.8281890749931335,15,"{'neutral': 0.6904878616333008, 'sadness': 0.15815389156341553, 'disgust': 0.05415907874703407, 'fear': 0.04055779054760933, 'anger': 0.025230728089809418, 'joy': 0.01719212532043457, 'surprise': 0.014218507334589958}",0.6904878616333008,0.014218507334589958,0.01719212532043457,0.025230728089809418,0.04055779054760933,0.15815389156341553,0.05415907874703407,0.0,0.0,0.0,0.0,0.0,0.0,0.0,0.0,0.0,0.0,0.0,0.0,0.0,0.0,neutral
"Schools can't fix what is changing in a child's life at home/outside school. We, as a whole, are culturally and intellectually at a low point, so kids will reflect that.",339,schools cant fix changing childs life homeoutside school whole culturally intellectually low point kids reflect,negative,0.77897709608078,-1,"{'neutral': 0.4240091145038605, 'sadness': 0.3517928719520569, 'surprise': 0.13062547147274017, 'anger': 0.054167456924915314, 'joy': 0.023693500086665154, 'fear': 0.00995807908475399, 'disgust': 0.005753515288233757, 'sadness_linguistic': 1.0, 'sadness_sentence_count': 1}",0.4240091145038605,0.13062547147274017,0.023693500086665154,0.054167456924915314,0.00995807908475399,0.3517928719520569,0.005753515288233757,0.0,0.0,0.0,0.0,0.0,1.0,0.0,0.0,0.0,0.0,0.0,0.0,1.0,0.0,sadness
Kick out of 🏫🎒 Alabama and Georgia example John 17:17 kjv,340,kick alabama georgia example john kjv,neutral,0.8427569270133972,41,"{'neutral': 0.7438837289810181, 'surprise': 0.1123717874288559, 'joy': 0.1008564904332161, 'sadness': 0.026975054293870926, 'anger': 0.010552058927714825, 'fear': 0.002729864791035652, 'disgust': 0.002630956005305052}",0.7438837289810181,0.1123717874288559,0.1008564904332161,0.010552058927714825,0.002729864791035652,0.026975054293870926,0.002630956005305052,0.0,0.0,0.0,0.0,0.0,0.0,0.0,0.0,0.0,0.0,0.0,0.0,0.0,0.0,neutral
The KKKrats and teacher's Unions.,341,kkkrats teachers unions,negative,0.6267644166946411,14,"{'neutral': 0.494851291179657, 'sadness': 0.2656163275241852, 'anger': 0.0823972150683403, 'disgust': 0.0811963900923729, 'fear': 0.04401986673474312, 'surprise': 0.022267987951636314, 'joy': 0.00965089164674282}",0.494851291179657,0.022267987951636314,0.00965089164674282,0.0823972150683403,0.04401986673474312,0.2656163275241852,0.0811963900923729,0.0,0.0,0.0,0.0,0.0,0.0,0.0,0.0,0.0,0.0,0.0,0.0,0.0,0.0,neutral
Obama screwed the country,342,obama screwed country,negative,0.8736560940742493,51,"{'anger': 0.6863474249839783, 'disgust': 0.10075557231903076, 'sadness': 0.0785502940416336, 'neutral': 0.07057691365480423, 'surprise': 0.04846211150288582, 'joy': 0.0094144931063056, 'fear': 0.005893150810152292}",0.07057691365480423,0.04846211150288582,0.0094144931063056,0.6863474249839783,0.005893150810152292,0.0785502940416336,0.10075557231903076,0.0,0.0,0.0,0.0,0.0,0.0,0.0,0.0,0.0,0.0,0.0,0.0,0.0,0.0,anger
Hopefully teachers and schools will be replaced by AI.,343,hopefully teachers schools replaced,neutral,0.6084050536155701,-1,"{'neutral': 0.7846445441246033, 'surprise': 0.08620885014533997, 'joy': 0.08046548813581467, 'sadness': 0.036968834698200226, 'fear': 0.004920910112559795, 'anger': 0.004024995490908623, 'disgust': 0.002766325604170561}",0.7846445441246033,0.08620885014533997,0.08046548813581467,0.004024995490908623,0.004920910112559795,0.036968834698200226,0.002766325604170561,0.0,0.0,0.0,0.0,0.0,0.0,0.0,0.0,0.0,0.0,0.0,0.0,0.0,0.0,neutral
"The teachers Union is failing America. The union has threatened to pull their teachers if the school district doesn’t allow the education THEY want, which is why we are seeing gender ideology in schools.",344,teachers union failing america union threatened pull teachers school district doesnt allow education want seeing gender ideology schools,negative,0.930096447467804,25,"{'fear': 0.9504997730255127, 'anger': 0.0339830256998539, 'sadness': 0.010518785566091537, 'joy': 0.0016415793215855956, 'neutral': 0.001484328880906105, 'surprise': 0.0012491276720538735, 'disgust': 0.0006233662716113031, 'sadness_linguistic': 1.0, 'fear_linguistic': 2.0, 'sadness_sentence_count': 1, 'fear_sentence_count': 1}",0.001484328880906105,0.0012491276720538735,0.0016415793215855956,0.0339830256998539,0.9504997730255127,0.010518785566091537,0.0006233662716113031,0.0,0.0,0.0,0.0,2.0,1.0,0.0,0.0,0.0,0.0,0.0,1.0,1.0,0.0,fear
"In ten days it is 25 years since the Columbine school masacre, news about a failing public school system under Democratic and Republican administrations, ridiculous displays of students being trated like army recruits, after every school shooting angry rebukes against even the slightest changes in gun regulations, i.e. Americans rather have their children endure active shooter drills and die in school- or even nursery shootings than change anything, banning schoolbooks, closing school libraries, denying students of colour school because of the natural appearance of their hair, ...have I forgotten something...? Looking at this one can be excused to wonder how much one must hate children to do even one of those things to one's children. I know, America enjoys public displays of praying very much. I would suggest to try to pray in earnest for one, and one  thing only: To never learn what America has become, because no human soul would be able to bear that.",345,ten days years since columbine school masacre news failing public school system democratic republican administrations ridiculous displays students trated like army recruits every school shooting angry rebukes even slightest changes gun regulations americans rather children endure active shooter drills die school even nursery shootings change anything banning schoolbooks closing school libraries denying students colour school natural appearance hair forgotten something looking one excused wonder much one must hate children even one things ones children know america enjoys public displays praying much would suggest try pray earnest one one thing never learn america become human soul would able bear,negative,0.7843406498432159,0,"{'anger': 0.9519742727279663, 'sadness': 0.4267736077308655, 'fear': 0.0120913190767169, 'surprise': 0.23914563655853271, 'neutral': 0.037617798894643784, 'joy': 0.19810980558395386, 'disgust': 0.005271520931273699, 'neutral_linguistic': 1.0, 'anger_linguistic': 1.0, 'surprise_linguistic': 1.0, 'joy_sentence_count': 1, 'anger_sentence_count': 1, 'surprise_sentence_count': 1}",0.037617798894643784,0.23914563655853271,0.19810980558395386,0.9519742727279663,0.0120913190767169,0.4267736077308655,0.005271520931273699,1.0,1.0,0.0,1.0,0.0,0.0,0.0,0.0,1.0,1.0,1.0,0.0,0.0,0.0,anger
"The solution: a free, quality education model, based on first principles and human connection (no digital AI tutors!)
I linked our initiative on our channel, for anyone that wants to help us make Neoducation a reality",346,solution free quality education model based first principles human connection digital tutors linked initiative channel anyone wants help make neoducation reality,positive,0.7392624616622925,21,"{'neutral': 0.8271310329437256, 'joy': 0.08789239078760147, 'surprise': 0.044806115329265594, 'fear': 0.016978448256850243, 'anger': 0.014665407128632069, 'sadness': 0.006283356808125973, 'disgust': 0.0022432636469602585, 'neutral_linguistic': 1.0, 'neutral_sentence_count': 1}",0.8271310329437256,0.044806115329265594,0.08789239078760147,0.014665407128632069,0.016978448256850243,0.006283356808125973,0.0022432636469602585,1.0,0.0,0.0,0.0,0.0,0.0,0.0,1.0,0.0,0.0,0.0,0.0,0.0,0.0,neutral
Liberalism is the main problem,347,liberalism main problem,negative,0.8733648061752319,42,"{'neutral': 0.5233314633369446, 'anger': 0.24365592002868652, 'disgust': 0.12572702765464783, 'sadness': 0.05595343932509422, 'fear': 0.026944851502776146, 'surprise': 0.016537580639123917, 'joy': 0.007849758490920067}",0.5233314633369446,0.016537580639123917,0.007849758490920067,0.24365592002868652,0.026944851502776146,0.05595343932509422,0.12572702765464783,0.0,0.0,0.0,0.0,0.0,0.0,0.0,0.0,0.0,0.0,0.0,0.0,0.0,0.0,neutral
We are at bottom internationally!,348,bottom internationally,negative,0.7671138048171997,7,"{'neutral': 0.7058993577957153, 'sadness': 0.16398756206035614, 'surprise': 0.07884187996387482, 'fear': 0.01579582504928112, 'disgust': 0.015296445228159428, 'anger': 0.012363218702375889, 'joy': 0.007815757766366005}",0.7058993577957153,0.07884187996387482,0.007815757766366005,0.012363218702375889,0.01579582504928112,0.16398756206035614,0.015296445228159428,0.0,0.0,0.0,0.0,0.0,0.0,0.0,0.0,0.0,0.0,0.0,0.0,0.0,0.0,neutral
Public Education is just that public!!,349,public education public,neutral,0.6330039501190186,-1,"{'neutral': 0.8645181655883789, 'sadness': 0.05850376933813095, 'surprise': 0.01965397596359253, 'joy': 0.017161129042506218, 'fear': 0.014307233504951, 'disgust': 0.013721903786063194, 'anger': 0.012133847922086716}",0.8645181655883789,0.01965397596359253,0.017161129042506218,0.012133847922086716,0.014307233504951,0.05850376933813095,0.013721903786063194,0.0,0.0,0.0,0.0,0.0,0.0,0.0,0.0,0.0,0.0,0.0,0.0,0.0,0.0,neutral
"Most americans believe the Earth is flat and that the contrails left in the sky by airplanes are part of a global conspiracy and they are actualy chemicals. Also, most americans can barely read english. The education system is not failing in NA, it is working as intented.",350,americans believe earth flat contrails left sky airplanes part global conspiracy actualy chemicals also americans barely read english education system failing working intented,negative,0.758753776550293,44,"{'surprise': 0.4629230499267578, 'neutral': 0.26508545875549316, 'sadness': 0.1506807804107666, 'fear': 0.05997718870639801, 'anger': 0.048725374042987823, 'joy': 0.00810797605663538, 'disgust': 0.004500173963606358, 'sadness_linguistic': 1.0, 'neutral_sentence_count': 1}",0.26508545875549316,0.4629230499267578,0.00810797605663538,0.048725374042987823,0.05997718870639801,0.1506807804107666,0.004500173963606358,0.0,0.0,0.0,0.0,0.0,1.0,0.0,1.0,0.0,0.0,0.0,0.0,0.0,0.0,sadness
Democrats are destroying education,351,democrats destroying education,negative,0.9158297777175903,27,"{'disgust': 0.47275498509407043, 'anger': 0.3420175611972809, 'neutral': 0.07706177234649658, 'sadness': 0.07348158210515976, 'fear': 0.02028724178671837, 'surprise': 0.010302521288394928, 'joy': 0.004094374366104603}",0.07706177234649658,0.010302521288394928,0.004094374366104603,0.3420175611972809,0.02028724178671837,0.07348158210515976,0.47275498509407043,0.0,0.0,0.0,0.0,0.0,0.0,0.0,0.0,0.0,0.0,0.0,0.0,0.0,0.0,disgust
I think we need less holidays and less professional development days off every month there is many off days no wounder nobody learns anything or maybe we should adopt style Japanese schools system but in English,352,think need less holidays less professional development days every month many days wounder nobody learns anything maybe adopt style japanese schools system english,negative,0.6706750392913818,-1,"{'sadness': 0.34947869181632996, 'neutral': 0.2788734436035156, 'surprise': 0.245259091258049, 'joy': 0.10511843860149384, 'anger': 0.016553109511733055, 'fear': 0.0031979926861822605, 'disgust': 0.00151921808719635, 'sadness_linguistic': 0.75, 'sadness_sentence_count': 1, 'neutral_sentence_count': 1}",0.2788734436035156,0.245259091258049,0.10511843860149384,0.016553109511733055,0.0031979926861822605,0.34947869181632996,0.00151921808719635,0.0,0.0,0.0,0.0,0.0,0.75,0.0,1.0,0.0,0.0,0.0,0.0,1.0,0.0,sadness
Politicians want to keep the population dumb.,353,politicians want keep population dumb,negative,0.7250015139579773,10,"{'anger': 0.7469304800033569, 'neutral': 0.10532499104738235, 'sadness': 0.06893075257539749, 'disgust': 0.053263865411281586, 'fear': 0.013943584635853767, 'joy': 0.006260631140321493, 'surprise': 0.005345755722373724}",0.10532499104738235,0.005345755722373724,0.006260631140321493,0.7469304800033569,0.013943584635853767,0.06893075257539749,0.053263865411281586,0.0,0.0,0.0,0.0,0.0,0.0,0.0,0.0,0.0,0.0,0.0,0.0,0.0,0.0,anger
Check PISA scores.  We are so far behind from the rest of the world.  It makes me sick.,354,check pisa scores far behind rest world makes sick,negative,0.9304717779159546,-1,"{'neutral': 0.42137107253074646, 'sadness': 0.33218491077423096, 'surprise': 0.16031062602996826, 'fear': 0.06052479147911072, 'disgust': 0.013149072416126728, 'anger': 0.009202742949128151, 'joy': 0.003256744472309947}",0.42137107253074646,0.16031062602996826,0.003256744472309947,0.009202742949128151,0.06052479147911072,0.33218491077423096,0.013149072416126728,0.0,0.0,0.0,0.0,0.0,0.0,0.0,0.0,0.0,0.0,0.0,0.0,0.0,0.0,neutral
We have a class based education system. My guess is test scores of students from high income US households compete favorably with the highest scoring students  worldwide.,355,class based education system guess test scores students high income households compete favorably highest scoring students worldwide,neutral,0.7230333685874939,4,"{'neutral': 0.8181304335594177, 'surprise': 0.09980527311563492, 'joy': 0.05562015622854233, 'anger': 0.014655405655503273, 'sadness': 0.004630959127098322, 'disgust': 0.0036712349392473698, 'fear': 0.0034865555353462696}",0.8181304335594177,0.09980527311563492,0.05562015622854233,0.014655405655503273,0.0034865555353462696,0.004630959127098322,0.0036712349392473698,0.0,0.0,0.0,0.0,0.0,0.0,0.0,0.0,0.0,0.0,0.0,0.0,0.0,0.0,neutral
If American public education is failong imagine others in third world countries,356,american public education failong imagine others third world countries,negative,0.8608623743057251,11,"{'surprise': 0.44653207063674927, 'neutral': 0.24621012806892395, 'sadness': 0.15411917865276337, 'anger': 0.06525862216949463, 'fear': 0.062463462352752686, 'joy': 0.018770670518279076, 'disgust': 0.006645878776907921}",0.24621012806892395,0.44653207063674927,0.018770670518279076,0.06525862216949463,0.062463462352752686,0.15411917865276337,0.006645878776907921,0.0,0.0,0.0,0.0,0.0,0.0,0.0,0.0,0.0,0.0,0.0,0.0,0.0,0.0,surprise
So sad they are still showing students and teachers in masks. Always subliminally pushing the propaganda.,357,sad still showing students teachers masks always subliminally pushing propaganda,negative,0.9264447689056396,36,"{'sadness': 0.8957703709602356, 'surprise': 0.05960845947265625, 'neutral': 0.025004040449857712, 'disgust': 0.008689077571034431, 'joy': 0.006392471957951784, 'anger': 0.002692687790840864, 'fear': 0.0018429886549711227, 'sadness_linguistic': 1.0, 'sadness_sentence_count': 1}",0.025004040449857712,0.05960845947265625,0.006392471957951784,0.002692687790840864,0.0018429886549711227,0.8957703709602356,0.008689077571034431,0.0,0.0,0.0,0.0,0.0,1.0,0.0,0.0,0.0,0.0,0.0,0.0,1.0,0.0,sadness
So they brought common core in order to teach algebra early wtf. Common core in the inner cities hasnt done any good. With the technology we have with cell phones in the palm of your hands where is algebra needed only in construction.,358,brought common core order teach algebra early wtf common core inner cities hasnt done good technology cell phones palm hands algebra needed construction,negative,0.8724564909934998,3,"{'surprise': 0.38810673356056213, 'neutral': 0.3604724705219269, 'sadness': 0.1416240781545639, 'anger': 0.04829283058643341, 'fear': 0.03130677714943886, 'joy': 0.02727941982448101, 'disgust': 0.0029177095275372267}",0.3604724705219269,0.38810673356056213,0.02727941982448101,0.04829283058643341,0.03130677714943886,0.1416240781545639,0.0029177095275372267,0.0,0.0,0.0,0.0,0.0,0.0,0.0,0.0,0.0,0.0,0.0,0.0,0.0,0.0,surprise
"Understandably math is important, but when was the last time that you had to apply Pythagorean theorem in real life situations, or knowing how to do the derivatives of anything? I certainly can't recall it. How about teaching math that can help what everyone can use and many that is lacking in, like: how to budget and balance your account? How to convert from different systems of measurements (and knowing that there are different systems of measurements around the world)? Just a few examples, I am sure there are more",359,understandably math important last time apply pythagorean theorem real life situations knowing derivatives anything certainly cant recall teaching math help everyone use many lacking like budget balance account convert different systems measurements knowing different systems measurements around world examples sure,neutral,0.6252759397029877,9,"{'neutral': 0.6455951929092407, 'fear': 0.13603369891643524, 'surprise': 0.12301654368638992, 'anger': 0.037275251001119614, 'joy': 0.03135092183947563, 'sadness': 0.022577371448278427, 'disgust': 0.0041510192677378654, 'sadness_linguistic': 1.0, 'neutral_sentence_count': 1}",0.6455951929092407,0.12301654368638992,0.03135092183947563,0.037275251001119614,0.13603369891643524,0.022577371448278427,0.0041510192677378654,0.0,0.0,0.0,0.0,0.0,1.0,0.0,1.0,0.0,0.0,0.0,0.0,0.0,0.0,sadness
STANDARDS?? Start with the university and low expectations of future teachers.,360,standards start university low expectations future teachers,negative,0.900313675403595,12,"{'fear': 0.45729517936706543, 'neutral': 0.28754737973213196, 'anger': 0.11447329819202423, 'surprise': 0.06600333750247955, 'sadness': 0.04564870148897171, 'disgust': 0.018987111747264862, 'joy': 0.010044923983514309, 'sadness_linguistic': 1.0, 'sadness_sentence_count': 1}",0.28754737973213196,0.06600333750247955,0.010044923983514309,0.11447329819202423,0.45729517936706543,0.04564870148897171,0.018987111747264862,0.0,0.0,0.0,0.0,0.0,1.0,0.0,0.0,0.0,0.0,0.0,0.0,1.0,0.0,sadness
Lord.  Help America’s education industry to rebound.  Amen.  Restore it to a five star capacity.,361,lord help americas education industry rebound amen restore five star capacity,positive,0.9044100046157837,0,"{'joy': 0.4571855068206787, 'neutral': 0.4383070468902588, 'surprise': 0.07551029324531555, 'sadness': 0.016977030783891678, 'anger': 0.007635139394551516, 'fear': 0.003047986188903451, 'disgust': 0.0013370197266340256}",0.4383070468902588,0.07551029324531555,0.4571855068206787,0.007635139394551516,0.003047986188903451,0.016977030783891678,0.0013370197266340256,0.0,0.0,0.0,0.0,0.0,0.0,0.0,0.0,0.0,0.0,0.0,0.0,0.0,0.0,joy
Many parents blame teachers but forget whether they educate themselves and their kids to be civil in the school?,362,many parents blame teachers forget whether educate kids civil school,negative,0.5616409182548523,0,"{'anger': 0.34366655349731445, 'sadness': 0.3425688147544861, 'neutral': 0.25727906823158264, 'surprise': 0.030058259144425392, 'disgust': 0.01626068539917469, 'fear': 0.005213657394051552, 'joy': 0.004952955525368452}",0.25727906823158264,0.030058259144425392,0.004952955525368452,0.34366655349731445,0.005213657394051552,0.3425688147544861,0.01626068539917469,0.0,0.0,0.0,0.0,0.0,0.0,0.0,0.0,0.0,0.0,0.0,0.0,0.0,0.0,anger
Just say: teach them to be good drones who's goal should be good quarterlies for shareholders.,363,say teach good drones whos goal good quarterlies shareholders,neutral,0.4860588014125824,21,"{'joy': 0.6879934072494507, 'neutral': 0.1983741968870163, 'anger': 0.04713176190853119, 'surprise': 0.04284662380814552, 'sadness': 0.016698217019438744, 'disgust': 0.00363516085781157, 'fear': 0.003320598043501377}",0.1983741968870163,0.04284662380814552,0.6879934072494507,0.04713176190853119,0.003320598043501377,0.016698217019438744,0.00363516085781157,0.0,0.0,0.0,0.0,0.0,0.0,0.0,0.0,0.0,0.0,0.0,0.0,0.0,0.0,joy
And of course every parent blames the teachers for their kids underperforming.,364,course every parent blames teachers kids underperforming,negative,0.8331484198570251,0,"{'anger': 0.650897204875946, 'sadness': 0.12413733452558517, 'disgust': 0.12170109152793884, 'neutral': 0.08643796294927597, 'surprise': 0.007741567678749561, 'fear': 0.007080963812768459, 'joy': 0.0020038920920342207}",0.08643796294927597,0.007741567678749561,0.0020038920920342207,0.650897204875946,0.007080963812768459,0.12413733452558517,0.12170109152793884,0.0,0.0,0.0,0.0,0.0,0.0,0.0,0.0,0.0,0.0,0.0,0.0,0.0,0.0,anger
Far too many teachers are women.,365,far many teachers women,negative,0.6665455102920532,25,"{'neutral': 0.36372968554496765, 'surprise': 0.31038936972618103, 'sadness': 0.17548732459545135, 'anger': 0.04616080969572067, 'disgust': 0.04567483440041542, 'fear': 0.034274883568286896, 'joy': 0.024283140897750854}",0.36372968554496765,0.31038936972618103,0.024283140897750854,0.04616080969572067,0.034274883568286896,0.17548732459545135,0.04567483440041542,0.0,0.0,0.0,0.0,0.0,0.0,0.0,0.0,0.0,0.0,0.0,0.0,0.0,0.0,neutral
That first problem is not an equation.,366,first problem equation,negative,0.646874189376831,6,"{'neutral': 0.627056360244751, 'fear': 0.16155046224594116, 'surprise': 0.13003376126289368, 'anger': 0.04293591156601906, 'joy': 0.015504543669521809, 'disgust': 0.013470340520143509, 'sadness': 0.009448670782148838}",0.627056360244751,0.13003376126289368,0.015504543669521809,0.04293591156601906,0.16155046224594116,0.009448670782148838,0.013470340520143509,0.0,0.0,0.0,0.0,0.0,0.0,0.0,0.0,0.0,0.0,0.0,0.0,0.0,0.0,neutral
Solution: just copy Finland's education system.,367,solution copy finlands education system,neutral,0.5758491158485413,-1,"{'neutral': 0.8861926794052124, 'surprise': 0.047646280378103256, 'sadness': 0.02617928571999073, 'joy': 0.014022340066730976, 'anger': 0.012316039763391018, 'fear': 0.008946452289819717, 'disgust': 0.004696877673268318}",0.8861926794052124,0.047646280378103256,0.014022340066730976,0.012316039763391018,0.008946452289819717,0.02617928571999073,0.004696877673268318,0.0,0.0,0.0,0.0,0.0,0.0,0.0,0.0,0.0,0.0,0.0,0.0,0.0,0.0,neutral
The problem is time space is not 2 dimensions and old mathematics book can not teach children to see how time change mathe even in counting or multiplication ect that is scary if we cary into machinery .like one mistake in coca cola bottle company lost a million dollars in a single hour before mistake detect. Time is spiral and that is the problem,368,problem time space dimensions old mathematics book teach children see time change mathe even counting multiplication ect scary cary machinery like one mistake coca cola bottle company lost million dollars single hour mistake detect time spiral problem,negative,0.7774006128311157,9,"{'fear': 0.9841465353965759, 'surprise': 0.005486984737217426, 'joy': 0.0031941630877554417, 'anger': 0.0026403944939374924, 'sadness': 0.002463516779243946, 'neutral': 0.0017852057935670018, 'disgust': 0.0002832275931723416, 'fear_linguistic': 1.0, 'fear_sentence_count': 1}",0.0017852057935670018,0.005486984737217426,0.0031941630877554417,0.0026403944939374924,0.9841465353965759,0.002463516779243946,0.0002832275931723416,0.0,0.0,0.0,0.0,1.0,0.0,0.0,0.0,0.0,0.0,0.0,1.0,0.0,0.0,fear
Is education a computer programing lab or a nursery to care for garden of human plants or to product docile workers and farmers ? 😢,369,education computer programing lab nursery care garden human plants product docile workers farmers,negative,0.5526155829429626,-1,"{'joy': 0.5111815333366394, 'neutral': 0.44414183497428894, 'disgust': 0.016469301655888557, 'anger': 0.010471358895301819, 'surprise': 0.009724186733365059, 'sadness': 0.0068519567139446735, 'fear': 0.001159860985353589, 'love_linguistic': 1.0, 'love_sentence_count': 1}",0.44414183497428894,0.009724186733365059,0.5111815333366394,0.010471358895301819,0.001159860985353589,0.0068519567139446735,0.016469301655888557,0.0,0.0,0.0,0.0,0.0,0.0,0.0,0.0,0.0,0.0,0.0,0.0,0.0,0.0,joy
Nice channal 🎉,370,nice channal,positive,0.9786998629570007,23,"{'joy': 0.6280317306518555, 'neutral': 0.27345409989356995, 'surprise': 0.047186389565467834, 'sadness': 0.04205632582306862, 'disgust': 0.004567468073219061, 'anger': 0.003828780958428979, 'fear': 0.0008751488057896495}",0.27345409989356995,0.047186389565467834,0.6280317306518555,0.003828780958428979,0.0008751488057896495,0.04205632582306862,0.004567468073219061,0.0,0.0,0.0,0.0,0.0,0.0,0.0,0.0,0.0,0.0,0.0,0.0,0.0,0.0,joy
"The US has always had middling scores ever since international testing came into being in the 60’s   That’s because we have universal compulsory education K-12. Other nations like China only test their most able students through tracking so of course they will score higher than us.

The best US schools are run by the Department of Defense. They out score all other US schools on every metric. That because students at those school are raised in homes where respect is taught, discipline is a expected, and there is no childhood poverty.

Also this is a puff piece for Common Core. CC is incredibly stupid with their backwards design that is pedagogically and developmentally inappropriate. It was roundly flayed by actual experts who study education.",371,always middling scores ever since international testing came thats universal compulsory education nations like china test able students tracking course score higher best schools run department defense score schools every metric students school raised homes respect taught discipline expected childhood poverty also puff piece common core incredibly stupid backwards design pedagogically developmentally inappropriate roundly flayed actual experts study education,negative,0.6695807576179504,4,"{'anger': 0.7133590579032898, 'sadness': 0.23721754550933838, 'surprise': 0.0188664011657238, 'neutral': 0.012978503480553627, 'joy': 0.00825382862240076, 'fear': 0.0064576673321425915, 'disgust': 0.002866999479010701, 'disgust_linguistic': 1.2, 'love_linguistic': 1.2, 'neutral_linguistic': 2.4, 'disgust_sentence_count': 1, 'love_sentence_count': 1, 'neutral_sentence_count': 1}",0.012978503480553627,0.0188664011657238,0.00825382862240076,0.7133590579032898,0.0064576673321425915,0.23721754550933838,0.002866999479010701,2.4,0.0,0.0,0.0,0.0,0.0,1.2,1.0,0.0,0.0,0.0,0.0,0.0,1.0,neutral
Do your research on John D. Rockefeller… let’s start with this,372,research john rockefeller lets start,neutral,0.7930521368980408,48,"{'neutral': 0.8961366415023804, 'fear': 0.04442429915070534, 'joy': 0.026051465421915054, 'surprise': 0.01348468940705061, 'anger': 0.012045050039887428, 'sadness': 0.004634186625480652, 'disgust': 0.0032236650586128235}",0.8961366415023804,0.01348468940705061,0.026051465421915054,0.012045050039887428,0.04442429915070534,0.004634186625480652,0.0032236650586128235,0.0,0.0,0.0,0.0,0.0,0.0,0.0,0.0,0.0,0.0,0.0,0.0,0.0,0.0,neutral
because the politicians want it that way...,373,politicians want way,negative,0.5431955456733704,10,"{'neutral': 0.8667625784873962, 'anger': 0.05823962390422821, 'surprise': 0.036192916333675385, 'sadness': 0.017603065818548203, 'disgust': 0.009913287125527859, 'joy': 0.006790617946535349, 'fear': 0.0044979010708630085}",0.8667625784873962,0.036192916333675385,0.006790617946535349,0.05823962390422821,0.0044979010708630085,0.017603065818548203,0.009913287125527859,0.0,0.0,0.0,0.0,0.0,0.0,0.0,0.0,0.0,0.0,0.0,0.0,0.0,0.0,neutral
Standardized Mediocrity.,374,standardized mediocrity,neutral,0.5069856643676758,4,"{'neutral': 0.8304367661476135, 'anger': 0.05392856150865555, 'surprise': 0.0483139306306839, 'disgust': 0.03688612952828407, 'sadness': 0.01781306602060795, 'joy': 0.008343980647623539, 'fear': 0.004277590662240982}",0.8304367661476135,0.0483139306306839,0.008343980647623539,0.05392856150865555,0.004277590662240982,0.01781306602060795,0.03688612952828407,0.0,0.0,0.0,0.0,0.0,0.0,0.0,0.0,0.0,0.0,0.0,0.0,0.0,0.0,neutral
Just because the bar is raised does not mean that everyone will be able to jump over it.,375,bar raised mean everyone able jump,neutral,0.5604599714279175,-1,"{'neutral': 0.8431675434112549, 'surprise': 0.09099559485912323, 'joy': 0.03336478769779205, 'anger': 0.019610140472650528, 'sadness': 0.0052506388165056705, 'disgust': 0.0041901483200490475, 'fear': 0.0034211750607937574, 'anger_linguistic': 1.0, 'anger_sentence_count': 1}",0.8431675434112549,0.09099559485912323,0.03336478769779205,0.019610140472650528,0.0034211750607937574,0.0052506388165056705,0.0041901483200490475,0.0,0.0,0.0,1.0,0.0,0.0,0.0,0.0,0.0,0.0,1.0,0.0,0.0,0.0,neutral
"One thing I'm wondering: if it's true what President Obama said,  that our students are just as capable and smart as those of other countries performing better in education,  then why doesn't our country look to Korea (for example) to provide a model we can emulate?  I'm not sure if this is addressed in the video or where Common Core came from.",376,one thing wondering true president obama said students capable smart countries performing better education doesnt country look korea example provide model emulate sure addressed video common core came,neutral,0.7800232768058777,-1,"{'surprise': 0.9732900857925415, 'neutral': 0.014958526007831097, 'joy': 0.003610829822719097, 'anger': 0.0033059194684028625, 'fear': 0.0024152807891368866, 'sadness': 0.0019502713112160563, 'disgust': 0.0004691134672611952, 'surprise_linguistic': 1.0, 'neutral_linguistic': 1.0, 'surprise_sentence_count': 1, 'neutral_sentence_count': 1}",0.014958526007831097,0.9732900857925415,0.003610829822719097,0.0033059194684028625,0.0024152807891368866,0.0019502713112160563,0.0004691134672611952,1.0,1.0,0.0,0.0,0.0,0.0,0.0,1.0,1.0,0.0,0.0,0.0,0.0,0.0,surprise
Why should I like zelensky because I’m British?,377,like zelensky british,negative,0.5197960734367371,7,"{'neutral': 0.8130372166633606, 'joy': 0.09300439059734344, 'surprise': 0.06449157744646072, 'sadness': 0.020027896389365196, 'anger': 0.00481943367049098, 'disgust': 0.0023449882864952087, 'fear': 0.002274474361911416}",0.8130372166633606,0.06449157744646072,0.09300439059734344,0.00481943367049098,0.002274474361911416,0.020027896389365196,0.0023449882864952087,0.0,0.0,0.0,0.0,0.0,0.0,0.0,0.0,0.0,0.0,0.0,0.0,0.0,0.0,neutral
"Everything that is public does't get enogh founds to make it look bad, that way the private sector comes to empty your pockets and mekes it look better, {Education shouldn't be a business}",378,everything public doest get enogh founds make look bad way private sector comes empty pockets mekes look better education shouldnt business,negative,0.5080380439758301,-1,"{'sadness': 0.855954647064209, 'anger': 0.09052938222885132, 'neutral': 0.016644546762108803, 'surprise': 0.012859195470809937, 'joy': 0.009611296467483044, 'disgust': 0.008370890282094479, 'fear': 0.006030024494975805}",0.016644546762108803,0.012859195470809937,0.009611296467483044,0.09052938222885132,0.006030024494975805,0.855954647064209,0.008370890282094479,0.0,0.0,0.0,0.0,0.0,0.0,0.0,0.0,0.0,0.0,0.0,0.0,0.0,0.0,sadness
"I was studying to be a teacher, but I became so discouraged because my job would be changing so much based on who is in office and who is in the school board. And I would have to put in so many unpaid hours into lesson plans, grading, updating curriculum, designing worksheets and stuff. Also the low pay and disgust people would aim at me when I told them my career choice.",379,studying teacher became discouraged job would changing much based office school board would put many unpaid hours lesson plans grading updating curriculum designing worksheets stuff also low pay disgust people would aim told career choice,negative,0.7350615859031677,-1,"{'sadness': 0.7128080129623413, 'anger': 0.1574857383966446, 'disgust': 0.07722888886928558, 'fear': 0.033415816724300385, 'neutral': 0.008445488288998604, 'joy': 0.005487888120114803, 'surprise': 0.005128124728798866, 'sadness_linguistic': 2.0, 'anger_linguistic': 2.0, 'love_linguistic': 1.0, 'neutral_linguistic': 1.0, 'sadness_sentence_count': 1, 'anger_sentence_count': 1, 'love_sentence_count': 1, 'neutral_sentence_count': 1}",0.008445488288998604,0.005128124728798866,0.005487888120114803,0.1574857383966446,0.033415816724300385,0.7128080129623413,0.07722888886928558,1.0,0.0,0.0,2.0,0.0,2.0,0.0,1.0,0.0,0.0,1.0,0.0,1.0,0.0,sadness
"Maybe if we weren't wasting our time and money trying to teach third world immigrants we could do a better job for the descendants of the people that founded and built the country.  Sorry, but Africa, the Middle East and anywhere south of the border have always been hopeless causes.  The education cartel is just importing students to stay attached to the nipple of government spending.",380,maybe werent wasting time money trying teach third world immigrants could better job descendants people founded built country sorry africa middle east anywhere south border always hopeless causes education cartel importing students stay attached nipple government spending,negative,0.837724506855011,11,"{'sadness': 0.9364812970161438, 'surprise': 0.02464873529970646, 'neutral': 0.023135732859373093, 'joy': 0.008276698179543018, 'anger': 0.004913668613880873, 'fear': 0.0015120585449039936, 'disgust': 0.0010317855048924685, 'sadness_linguistic': 1.0, 'neutral_linguistic': 1.0, 'sadness_sentence_count': 1, 'neutral_sentence_count': 1}",0.023135732859373093,0.02464873529970646,0.008276698179543018,0.004913668613880873,0.0015120585449039936,0.9364812970161438,0.0010317855048924685,1.0,0.0,0.0,0.0,0.0,1.0,0.0,1.0,0.0,0.0,0.0,0.0,1.0,0.0,sadness
"This is BS. It has nothing to do with teachers. The reason is that students don't have to try. They don't have to achieve anything. If they are held back as a consequence,  the schools are not financially reimbursed, so they just push them along.",381,nothing teachers reason students dont try dont achieve anything held back consequence schools financially reimbursed push along,negative,0.8721275925636292,-1,"{'anger': 0.505045473575592, 'sadness': 0.22874070703983307, 'neutral': 0.20237809419631958, 'joy': 0.02059675008058548, 'surprise': 0.01971876248717308, 'disgust': 0.018862489610910416, 'fear': 0.004657743964344263}",0.20237809419631958,0.01971876248717308,0.02059675008058548,0.505045473575592,0.004657743964344263,0.22874070703983307,0.018862489610910416,0.0,0.0,0.0,0.0,0.0,0.0,0.0,0.0,0.0,0.0,0.0,0.0,0.0,0.0,anger
Poor behavior is the issue.,382,poor behavior issue,negative,0.8692427277565002,-1,"{'sadness': 0.3014659881591797, 'disgust': 0.2912682592868805, 'neutral': 0.2491225004196167, 'anger': 0.11249960958957672, 'fear': 0.032771430909633636, 'surprise': 0.010388531722128391, 'joy': 0.0024836419615894556}",0.2491225004196167,0.010388531722128391,0.0024836419615894556,0.11249960958957672,0.032771430909633636,0.3014659881591797,0.2912682592868805,0.0,0.0,0.0,0.0,0.0,0.0,0.0,0.0,0.0,0.0,0.0,0.0,0.0,0.0,sadness
"Schools have failed.  Im a former bouncer who can beat almost anyones ass.  And me, nor my kids are going to go to their institutions.  Just make a callcenter business call.  And you will see the sht and trash the system produces",383,schools failed former bouncer beat almost anyones ass kids going institutions make callcenter business call see sht trash system produces,negative,0.9414827227592468,-1,"{'anger': 0.7337404489517212, 'disgust': 0.09292151778936386, 'sadness': 0.08090455085039139, 'neutral': 0.05427287518978119, 'surprise': 0.021754445508122444, 'fear': 0.009174917824566364, 'joy': 0.00723123736679554}",0.05427287518978119,0.021754445508122444,0.00723123736679554,0.7337404489517212,0.009174917824566364,0.08090455085039139,0.09292151778936386,0.0,0.0,0.0,0.0,0.0,0.0,0.0,0.0,0.0,0.0,0.0,0.0,0.0,0.0,anger
i don't get the impression that teachers care too much for critical feedback.,384,dont get impression teachers care much critical feedback,negative,0.8580273389816284,-1,"{'neutral': 0.7317982912063599, 'anger': 0.16585135459899902, 'disgust': 0.03963466361165047, 'sadness': 0.02577098086476326, 'surprise': 0.024488262832164764, 'fear': 0.007698322180658579, 'joy': 0.004758141003549099, 'love_linguistic': 1.0, 'love_sentence_count': 1}",0.7317982912063599,0.024488262832164764,0.004758141003549099,0.16585135459899902,0.007698322180658579,0.02577098086476326,0.03963466361165047,0.0,0.0,0.0,0.0,0.0,0.0,0.0,0.0,0.0,0.0,0.0,0.0,0.0,0.0,neutral
"The issue is caring more about peoples feelings than teaching actual facts. Gets the lunacy out of the classroom. Reinstall FACTUAL learning. Things will improve. Sadly, nothing will change, and everything will stay on the toilet.",385,issue caring peoples feelings teaching actual facts gets lunacy classroom reinstall factual learning things improve sadly nothing change everything stay toilet,negative,0.85393887758255,-1,"{'sadness': 0.700538158416748, 'surprise': 0.10616747289896011, 'neutral': 0.1008671447634697, 'joy': 0.08039745688438416, 'fear': 0.005813294555991888, 'anger': 0.0049500069580972195, 'disgust': 0.0012665806571021676, 'sadness_linguistic': 1.0, 'sadness_sentence_count': 1, 'neutral_sentence_count': 1}",0.1008671447634697,0.10616747289896011,0.08039745688438416,0.0049500069580972195,0.005813294555991888,0.700538158416748,0.0012665806571021676,0.0,0.0,0.0,0.0,0.0,1.0,0.0,1.0,0.0,0.0,0.0,0.0,1.0,0.0,sadness
The Government fails at EVERYTHING.,386,government fails everything,negative,0.9330018162727356,-1,"{'anger': 0.40807366371154785, 'sadness': 0.30123960971832275, 'neutral': 0.15581688284873962, 'disgust': 0.11124620586633682, 'surprise': 0.011095400899648666, 'fear': 0.009421107359230518, 'joy': 0.0031071025878190994}",0.15581688284873962,0.011095400899648666,0.0031071025878190994,0.40807366371154785,0.009421107359230518,0.30123960971832275,0.11124620586633682,0.0,0.0,0.0,0.0,0.0,0.0,0.0,0.0,0.0,0.0,0.0,0.0,0.0,0.0,anger
Parents are FAILING not the schools.,387,parents failing schools,negative,0.9108743667602539,8,"{'sadness': 0.9346116781234741, 'anger': 0.029153073206543922, 'disgust': 0.015514563769102097, 'neutral': 0.012839156202971935, 'surprise': 0.003762038890272379, 'fear': 0.0025500517804175615, 'joy': 0.001569430809468031}",0.012839156202971935,0.003762038890272379,0.001569430809468031,0.029153073206543922,0.0025500517804175615,0.9346116781234741,0.015514563769102097,0.0,0.0,0.0,0.0,0.0,0.0,0.0,0.0,0.0,0.0,0.0,0.0,0.0,0.0,sadness
Education starts at home...Maybe there needs to be a culture to nurture and appreciate Education in general,388,education starts homemaybe needs culture nurture appreciate education general,neutral,0.5257304310798645,1,"{'neutral': 0.8524765372276306, 'surprise': 0.06071948632597923, 'joy': 0.042335595935583115, 'anger': 0.019274799153208733, 'sadness': 0.01564260758459568, 'disgust': 0.0060647958889603615, 'fear': 0.0034860805608332157, 'joy_linguistic': 1.0, 'love_linguistic': 1.0, 'neutral_linguistic': 1.0, 'joy_sentence_count': 1, 'love_sentence_count': 1, 'neutral_sentence_count': 1}",0.8524765372276306,0.06071948632597923,0.042335595935583115,0.019274799153208733,0.0034860805608332157,0.01564260758459568,0.0060647958889603615,1.0,0.0,1.0,0.0,0.0,0.0,0.0,1.0,0.0,1.0,0.0,0.0,0.0,0.0,neutral
The government did the same thing with the COVID “vaccine” policies! Pure garbage. People should make their own medical choices.,389,government thing covid vaccine policies pure garbage people make medical choices,negative,0.9388878345489502,-1,"{'anger': 0.6072200536727905, 'disgust': 0.36698034405708313, 'sadness': 0.012418502941727638, 'neutral': 0.008341937325894833, 'surprise': 0.0019626396242529154, 'fear': 0.001822509802877903, 'joy': 0.0012539898743852973}",0.008341937325894833,0.0019626396242529154,0.0012539898743852973,0.6072200536727905,0.001822509802877903,0.012418502941727638,0.36698034405708313,0.0,0.0,0.0,0.0,0.0,0.0,0.0,0.0,0.0,0.0,0.0,0.0,0.0,0.0,anger
As an american i hated our school system...i educated myself and taught myself 2 extra languages... so many countries surpass us.its a shame.,390,american hated school systemi educated taught extra languages many countries surpass usits shame,negative,0.9002440571784973,11,"{'anger': 0.5034060478210449, 'sadness': 0.43369215726852417, 'surprise': 0.022702468559145927, 'joy': 0.016957785934209824, 'neutral': 0.01160805206745863, 'disgust': 0.009554430842399597, 'fear': 0.0020790586713701487}",0.01160805206745863,0.022702468559145927,0.016957785934209824,0.5034060478210449,0.0020790586713701487,0.43369215726852417,0.009554430842399597,0.0,0.0,0.0,0.0,0.0,0.0,0.0,0.0,0.0,0.0,0.0,0.0,0.0,0.0,anger
The opening statement in this video is the stupidity that is the cause of America's failing education system. Liberals are the reason education in America is a failure.,391,opening statement video stupidity cause americas failing education system liberals reason education america failure,negative,0.9513044357299805,-1,"{'anger': 0.5422940850257874, 'sadness': 0.3380316495895386, 'neutral': 0.061878982931375504, 'surprise': 0.02991657890379429, 'fear': 0.016679659485816956, 'joy': 0.005913867615163326, 'disgust': 0.005285239778459072}",0.061878982931375504,0.02991657890379429,0.005913867615163326,0.5422940850257874,0.016679659485816956,0.3380316495895386,0.005285239778459072,0.0,0.0,0.0,0.0,0.0,0.0,0.0,0.0,0.0,0.0,0.0,0.0,0.0,0.0,anger
Simple - Reagan Republicans defunded education via reduction of taxation on the wealthy. Look at taxes in 1970’s and public  education performance,392,simple reagan republicans defunded education via reduction taxation wealthy look taxes public education performance,negative,0.6847053170204163,-1,"{'anger': 0.6267475485801697, 'neutral': 0.13495899736881256, 'sadness': 0.13239963352680206, 'disgust': 0.0525493286550045, 'surprise': 0.033402953296899796, 'joy': 0.015716461464762688, 'fear': 0.004225017968565226, 'joy_linguistic': 1.0, 'joy_sentence_count': 1}",0.13495899736881256,0.033402953296899796,0.015716461464762688,0.6267475485801697,0.004225017968565226,0.13239963352680206,0.0525493286550045,0.0,0.0,1.0,0.0,0.0,0.0,0.0,0.0,0.0,1.0,0.0,0.0,0.0,0.0,joy
I hate this VOX style,393,hate vox style,negative,0.9240396022796631,49,"{'anger': 0.8464222550392151, 'disgust': 0.07413146644830704, 'neutral': 0.05610350891947746, 'sadness': 0.013180798850953579, 'surprise': 0.004086204804480076, 'fear': 0.0030907129403203726, 'joy': 0.002985172439366579}",0.05610350891947746,0.004086204804480076,0.002985172439366579,0.8464222550392151,0.0030907129403203726,0.013180798850953579,0.07413146644830704,0.0,0.0,0.0,0.0,0.0,0.0,0.0,0.0,0.0,0.0,0.0,0.0,0.0,0.0,anger
"I am a student teacher ( I dont know if the right word, but i study education) in Brazil. 

Here, we have a similar system to the common core we called ""Base Nacional Comum Curricular,"" which  translates to a national base common curriculum that isn't the same as common core but has similarities. Here is a new thing, but in my experience, it is working well because its a ""base"" doenst need to be exactly the same as is says has some freedom of what you want to do in your classroom. Also, our commom curriculum has differences in each state and city because of the difference of culture and social environment.

Still, i believe a common core/curriculum isn't the solution to a better quality of education.",394,student teacher dont know right word study education brazil similar system common core called base nacional comum curricular translates national base common curriculum isnt common core similarities new thing experience working well base doenst need exactly says freedom want classroom also commom curriculum differences state city difference culture social environment still believe common corecurriculum isnt solution better quality education,neutral,0.6146180480718613,4,"{'surprise': 0.34902310371398926, 'neutral': 0.3317513167858124, 'joy': 0.23675194382667542, 'sadness': 0.0521661676466465, 'anger': 0.021543113514780998, 'fear': 0.0071189869195222855, 'disgust': 0.001645368174649775, 'neutral_linguistic': 1.0, 'neutral_sentence_count': 1}",0.3317513167858124,0.34902310371398926,0.23675194382667542,0.021543113514780998,0.0071189869195222855,0.0521661676466465,0.001645368174649775,1.0,0.0,0.0,0.0,0.0,0.0,0.0,1.0,0.0,0.0,0.0,0.0,0.0,0.0,neutral
"I learned math in the 90s. I tutor elementary school kids in English, and their math is incredibly better than mine, even though I'm 20 years older. And they learned with common core. Just because parents don't understand it means it's a bad system.",395,learned math tutor elementary school kids english math incredibly better mine even though years older learned common core parents dont understand means bad system,positive,0.8293576836585999,18,"{'sadness': 0.3963293135166168, 'neutral': 0.31810566782951355, 'anger': 0.10848169773817062, 'disgust': 0.06491817533969879, 'surprise': 0.058185335248708725, 'fear': 0.03202115744352341, 'joy': 0.0219587292522192, 'anger_linguistic': 1.2, 'anger_sentence_count': 1}",0.31810566782951355,0.058185335248708725,0.0219587292522192,0.10848169773817062,0.03202115744352341,0.3963293135166168,0.06491817533969879,0.0,0.0,0.0,1.2,0.0,0.0,0.0,0.0,0.0,0.0,1.0,0.0,0.0,0.0,anger
"Same as medical system…..bureaucracy.,",396,medical systembureaucracy,neutral,0.6704610586166382,-1,"{'neutral': 0.5657373070716858, 'anger': 0.13124211132526398, 'surprise': 0.10589262843132019, 'fear': 0.10128068178892136, 'disgust': 0.04393366351723671, 'sadness': 0.040077511221170425, 'joy': 0.011836092919111252}",0.5657373070716858,0.10589262843132019,0.011836092919111252,0.13124211132526398,0.10128068178892136,0.040077511221170425,0.04393366351723671,0.0,0.0,0.0,0.0,0.0,0.0,0.0,0.0,0.0,0.0,0.0,0.0,0.0,0.0,neutral
Have you solved a math problem using common core it’s so confusing,397,solved math problem using common core confusing,negative,0.5722838640213013,3,"{'neutral': 0.8156829476356506, 'surprise': 0.07034742087125778, 'anger': 0.04189559072256088, 'sadness': 0.033256158232688904, 'fear': 0.017172014340758324, 'disgust': 0.017171772196888924, 'joy': 0.004474110901355743, 'surprise_linguistic': 1.0, 'surprise_sentence_count': 1}",0.8156829476356506,0.07034742087125778,0.004474110901355743,0.04189559072256088,0.017172014340758324,0.033256158232688904,0.017171772196888924,0.0,1.0,0.0,0.0,0.0,0.0,0.0,0.0,1.0,0.0,0.0,0.0,0.0,0.0,neutral
@…  They are adapting the system to the failures.,399,adapting system failures,negative,0.6093384027481079,16,"{'neutral': 0.64838045835495, 'sadness': 0.19360505044460297, 'surprise': 0.050118815153837204, 'fear': 0.03593749180436134, 'disgust': 0.03493746370077133, 'anger': 0.03399205207824707, 'joy': 0.003028567647561431}",0.64838045835495,0.050118815153837204,0.003028567647561431,0.03399205207824707,0.03593749180436134,0.19360505044460297,0.03493746370077133,0.0,0.0,0.0,0.0,0.0,0.0,0.0,0.0,0.0,0.0,0.0,0.0,0.0,0.0,neutral
Yup and common core,400,yup common core,neutral,0.7090248465538025,3,"{'neutral': 0.7515849471092224, 'surprise': 0.19414743781089783, 'joy': 0.02515411004424095, 'sadness': 0.01596577651798725, 'anger': 0.006598140113055706, 'fear': 0.0033017867244780064, 'disgust': 0.0032477774657309055}",0.7515849471092224,0.19414743781089783,0.02515411004424095,0.006598140113055706,0.0033017867244780064,0.01596577651798725,0.0032477774657309055,0.0,0.0,0.0,0.0,0.0,0.0,0.0,0.0,0.0,0.0,0.0,0.0,0.0,0.0,neutral
What's wrong with female teachers?,401,whats wrong female teachers,negative,0.8557317852973938,25,"{'anger': 0.9082615375518799, 'disgust': 0.038683708757162094, 'sadness': 0.03590642288327217, 'neutral': 0.007747146300971508, 'fear': 0.00637068971991539, 'surprise': 0.002127772895619273, 'joy': 0.0009027273626998067}",0.007747146300971508,0.002127772895619273,0.0009027273626998067,0.9082615375518799,0.00637068971991539,0.03590642288327217,0.038683708757162094,0.0,0.0,0.0,0.0,0.0,0.0,0.0,0.0,0.0,0.0,0.0,0.0,0.0,0.0,anger
"@…  
Look at test results. 
The results are what is wrong.",402,look test results results wrong,negative,0.8889403939247131,4,"{'sadness': 0.42882058024406433, 'anger': 0.4093075692653656, 'neutral': 0.0828414335846901, 'disgust': 0.032925236970186234, 'fear': 0.02729913778603077, 'surprise': 0.01732892543077469, 'joy': 0.0014770202105864882}",0.0828414335846901,0.01732892543077469,0.0014770202105864882,0.4093075692653656,0.02729913778603077,0.42882058024406433,0.032925236970186234,0.0,0.0,0.0,0.0,0.0,0.0,0.0,0.0,0.0,0.0,0.0,0.0,0.0,0.0,sadness
"blind obedience. critical thinking is totally forbidden, personality and individuality are banished heresies",403,blind obedience critical thinking totally forbidden personality individuality banished heresies,negative,0.9021969437599182,30,"{'neutral': 0.3201451599597931, 'sadness': 0.3039359748363495, 'disgust': 0.2148895561695099, 'anger': 0.12457749992609024, 'surprise': 0.02083473466336727, 'fear': 0.012730320915579796, 'joy': 0.0028868222143501043}",0.3201451599597931,0.02083473466336727,0.0028868222143501043,0.12457749992609024,0.012730320915579796,0.3039359748363495,0.2148895561695099,0.0,0.0,0.0,0.0,0.0,0.0,0.0,0.0,0.0,0.0,0.0,0.0,0.0,0.0,neutral
It’s like the US is good at creating propaganda and yet they still haven’t taught it to teachers,404,like good creating propaganda yet still havent taught teachers,negative,0.8244591355323792,36,"{'sadness': 0.44221600890159607, 'surprise': 0.37217003107070923, 'neutral': 0.13679949939250946, 'anger': 0.022177226841449738, 'joy': 0.02050316520035267, 'disgust': 0.0036643585190176964, 'fear': 0.002469641389325261}",0.13679949939250946,0.37217003107070923,0.02050316520035267,0.022177226841449738,0.002469641389325261,0.44221600890159607,0.0036643585190176964,0.0,0.0,0.0,0.0,0.0,0.0,0.0,0.0,0.0,0.0,0.0,0.0,0.0,0.0,sadness
Because its run by DemonRatCraps,405,run demonratcraps,negative,0.8623188138008118,23,"{'neutral': 0.8688161969184875, 'anger': 0.05776311829686165, 'surprise': 0.027816636487841606, 'sadness': 0.026207348331809044, 'joy': 0.010876951739192009, 'disgust': 0.005099809262901545, 'fear': 0.0034198800567537546, 'fear_linguistic': 1.0, 'fear_sentence_count': 1}",0.8688161969184875,0.027816636487841606,0.010876951739192009,0.05776311829686165,0.0034198800567537546,0.026207348331809044,0.005099809262901545,0.0,0.0,0.0,0.0,1.0,0.0,0.0,0.0,0.0,0.0,0.0,1.0,0.0,0.0,neutral
$20 hr fast food workers. Go hamburger U.,406,fast food workers hamburger,negative,0.6867992281913757,19,"{'neutral': 0.6089827418327332, 'joy': 0.21458281576633453, 'surprise': 0.14008091390132904, 'sadness': 0.018480319529771805, 'anger': 0.008304419927299023, 'disgust': 0.0065915342420339584, 'fear': 0.0029773053247481585}",0.6089827418327332,0.14008091390132904,0.21458281576633453,0.008304419927299023,0.0029773053247481585,0.018480319529771805,0.0065915342420339584,0.0,0.0,0.0,0.0,0.0,0.0,0.0,0.0,0.0,0.0,0.0,0.0,0.0,0.0,neutral
"Question is,  who got rich off this.",407,question got rich,neutral,0.6519444584846497,35,"{'surprise': 0.7604910135269165, 'neutral': 0.14490079879760742, 'anger': 0.03653309494256973, 'sadness': 0.026363136246800423, 'joy': 0.017796823754906654, 'fear': 0.008533313870429993, 'disgust': 0.005381850525736809}",0.14490079879760742,0.7604910135269165,0.017796823754906654,0.03653309494256973,0.008533313870429993,0.026363136246800423,0.005381850525736809,0.0,0.0,0.0,0.0,0.0,0.0,0.0,0.0,0.0,0.0,0.0,0.0,0.0,0.0,surprise
It’s an industry in which bureaucrats make tons of money and can care less about addressing the real issue.. teaching children with useful information so that they can be useful to society,408,industry bureaucrats make tons money care less addressing real issue teaching children useful information useful society,negative,0.5824703574180603,20,"{'neutral': 0.3903839886188507, 'anger': 0.2915250062942505, 'disgust': 0.2531707286834717, 'sadness': 0.03784804791212082, 'joy': 0.014991387724876404, 'surprise': 0.008220185525715351, 'fear': 0.0038607087917625904, 'love_linguistic': 1.0, 'neutral_linguistic': 1.0, 'love_sentence_count': 1, 'neutral_sentence_count': 1}",0.3903839886188507,0.008220185525715351,0.014991387724876404,0.2915250062942505,0.0038607087917625904,0.03784804791212082,0.2531707286834717,1.0,0.0,0.0,0.0,0.0,0.0,0.0,1.0,0.0,0.0,0.0,0.0,0.0,0.0,neutral
"They want workers and employees, not thinkers and money management",409,want workers employees thinkers money management,neutral,0.5117412209510803,35,"{'neutral': 0.7872145175933838, 'surprise': 0.1544116586446762, 'joy': 0.025838404893875122, 'sadness': 0.016465717926621437, 'anger': 0.011673519387841225, 'fear': 0.0027566219214349985, 'disgust': 0.0016394921112805605}",0.7872145175933838,0.1544116586446762,0.025838404893875122,0.011673519387841225,0.0027566219214349985,0.016465717926621437,0.0016394921112805605,0.0,0.0,0.0,0.0,0.0,0.0,0.0,0.0,0.0,0.0,0.0,0.0,0.0,0.0,neutral
My wife and I are both teachers. We can vouch for every word you said in this post!👍🏼,410,wife teachers vouch every word said post,positive,0.8874697089195251,25,"{'disgust': 0.5172936916351318, 'neutral': 0.28991732001304626, 'anger': 0.1569088101387024, 'fear': 0.013675842434167862, 'sadness': 0.011401048861443996, 'joy': 0.007675473112612963, 'surprise': 0.003127820324152708}",0.28991732001304626,0.003127820324152708,0.007675473112612963,0.1569088101387024,0.013675842434167862,0.011401048861443996,0.5172936916351318,0.0,0.0,0.0,0.0,0.0,0.0,0.0,0.0,0.0,0.0,0.0,0.0,0.0,0.0,disgust
@…  Yes! Learning how your individual brain works should be a standard.,411,yes learning individual brain works standard,positive,0.5454210042953491,53,"{'neutral': 0.8787932395935059, 'surprise': 0.08619065582752228, 'sadness': 0.011172729544341564, 'disgust': 0.0074379174038767815, 'joy': 0.006671551149338484, 'anger': 0.005896721035242081, 'fear': 0.0038372965063899755}",0.8787932395935059,0.08619065582752228,0.006671551149338484,0.005896721035242081,0.0038372965063899755,0.011172729544341564,0.0074379174038767815,0.0,0.0,0.0,0.0,0.0,0.0,0.0,0.0,0.0,0.0,0.0,0.0,0.0,0.0,neutral
Its not failed. It's working just as designed to create wage slaves. Not intelligence,412,failed working designed create wage slaves intelligence,negative,0.8533071279525757,38,"{'anger': 0.27756068110466003, 'neutral': 0.25307562947273254, 'sadness': 0.2241312563419342, 'disgust': 0.20312455296516418, 'fear': 0.017376381903886795, 'surprise': 0.017371654510498047, 'joy': 0.007359846029430628}",0.25307562947273254,0.017371654510498047,0.007359846029430628,0.27756068110466003,0.017376381903886795,0.2241312563419342,0.20312455296516418,0.0,0.0,0.0,0.0,0.0,0.0,0.0,0.0,0.0,0.0,0.0,0.0,0.0,0.0,anger
"Do u know how easy it is to fake test scores?
I can give u a million reasons, y it happens.
10, million.",413,know easy fake test scores give million reasons happens million,negative,0.860190749168396,4,"{'neutral': 0.5224787592887878, 'surprise': 0.2981337010860443, 'anger': 0.07125457376241684, 'joy': 0.055652592331171036, 'sadness': 0.025782320648431778, 'fear': 0.02440931461751461, 'disgust': 0.002288683084771037}",0.5224787592887878,0.2981337010860443,0.055652592331171036,0.07125457376241684,0.02440931461751461,0.025782320648431778,0.002288683084771037,0.0,0.0,0.0,0.0,0.0,0.0,0.0,0.0,0.0,0.0,0.0,0.0,0.0,0.0,neutral
This problem surely solve if usa government help to coming international students of primary section to study in usa like sri lankan english medium students .lot of sri lankan students which are studying in international schools try to come usa but getting visa is most difficult .,414,problem surely solve usa government help coming international students primary section study usa like sri lankan english medium students lot sri lankan students studying international schools try come usa getting visa difficult,neutral,0.6846168637275696,1,"{'sadness': 0.573454737663269, 'joy': 0.12158267199993134, 'neutral': 0.11936534196138382, 'surprise': 0.07748914510011673, 'fear': 0.05421513691544533, 'anger': 0.05274677649140358, 'disgust': 0.0011462243273854256, 'neutral_linguistic': 1.0, 'neutral_sentence_count': 1}",0.11936534196138382,0.07748914510011673,0.12158267199993134,0.05274677649140358,0.05421513691544533,0.573454737663269,0.0011462243273854256,1.0,0.0,0.0,0.0,0.0,0.0,0.0,1.0,0.0,0.0,0.0,0.0,0.0,0.0,neutral
"We dismantled the values sytem our culture is based upon and there is a breakdown of social trust.  Without a return to traditional values, the problem will only get worse.  There is no return without a major catalyzing event. We will continue to fracture and finger point until we are in open conflict.  The broken education system is just a symptom of a much larger problem.",415,dismantled values sytem culture based upon breakdown social trust without return traditional values problem get worse return without major catalyzing event continue fracture finger point open conflict broken education system symptom much larger problem,negative,0.881108283996582,0,"{'sadness': 0.33854764699935913, 'anger': 0.3337880074977875, 'fear': 0.276749849319458, 'neutral': 0.01968349516391754, 'joy': 0.018298670649528503, 'surprise': 0.009388345293700695, 'disgust': 0.003544042818248272, 'sadness_linguistic': 2.0, 'neutral_linguistic': 0.5, 'sadness_sentence_count': 1, 'love_sentence_count': 1}",0.01968349516391754,0.009388345293700695,0.018298670649528503,0.3337880074977875,0.276749849319458,0.33854764699935913,0.003544042818248272,0.5,0.0,0.0,0.0,0.0,2.0,0.0,0.0,0.0,0.0,0.0,0.0,1.0,0.0,sadness
School used to be fun now it’s all about testing.,416,school used fun testing,negative,0.6776695251464844,4,"{'joy': 0.9193068742752075, 'neutral': 0.04648589342832565, 'surprise': 0.024143539369106293, 'sadness': 0.004968504887074232, 'anger': 0.0032469199504703283, 'disgust': 0.0012857619440183043, 'fear': 0.0005625563790090382, 'joy_linguistic': 1.0, 'joy_sentence_count': 1}",0.04648589342832565,0.024143539369106293,0.9193068742752075,0.0032469199504703283,0.0005625563790090382,0.004968504887074232,0.0012857619440183043,0.0,0.0,1.0,0.0,0.0,0.0,0.0,0.0,0.0,1.0,0.0,0.0,0.0,0.0,joy
Total money making scheme designed by liberals to create an elititist society and make women look stupid,418,total money making scheme designed liberals create elititist society make women look stupid,negative,0.8603371977806091,42,"{'anger': 0.7192355990409851, 'disgust': 0.22063152492046356, 'neutral': 0.03753018379211426, 'sadness': 0.011883842758834362, 'fear': 0.005720110144466162, 'surprise': 0.0029165048617869616, 'joy': 0.00208214670419693}",0.03753018379211426,0.0029165048617869616,0.00208214670419693,0.7192355990409851,0.005720110144466162,0.011883842758834362,0.22063152492046356,0.0,0.0,0.0,0.0,0.0,0.0,0.0,0.0,0.0,0.0,0.0,0.0,0.0,0.0,anger
"The made a deal with devil. 

The president of El Salvador and newly elect of Argentina are more like the US founding fathers then US president and its upcoming candidates.  The US founding fathers fought a revolutionary war against the central bank cartel.",419,made deal devil president salvador newly elect argentina like founding fathers president upcoming candidates founding fathers fought revolutionary war central bank cartel,neutral,0.5843556523323059,51,"{'neutral': 0.4503372609615326, 'anger': 0.1906203329563141, 'joy': 0.11100946366786957, 'fear': 0.10907818377017975, 'surprise': 0.10663625597953796, 'sadness': 0.019418589770793915, 'disgust': 0.012899902649223804, 'fear_linguistic': 1.0, 'anger_linguistic': 1.0, 'fear_sentence_count': 1, 'anger_sentence_count': 1}",0.4503372609615326,0.10663625597953796,0.11100946366786957,0.1906203329563141,0.10907818377017975,0.019418589770793915,0.012899902649223804,0.0,0.0,0.0,1.0,1.0,0.0,0.0,0.0,0.0,0.0,1.0,1.0,0.0,0.0,anger
"So WHY is the Education System Failing?  Is the problem with the system, which has been in place for over a century, or is the problem with society and parenting?  Regarding ""standards,""  I was shocked when I was called out of retirement to teach at the college level, and the students had not mastered basic 6th grade grammar.",420,education system failing problem system place century problem society parenting regarding standards shocked called retirement teach college level students mastered basic grade grammar,negative,0.8395222425460815,0,"{'surprise': 0.9761713147163391, 'fear': 0.007419615052640438, 'anger': 0.005087429191917181, 'neutral': 0.005076090805232525, 'joy': 0.003007276449352503, 'sadness': 0.0023302233312278986, 'disgust': 0.0009081149473786354, 'fear_linguistic': 1.0, 'surprise_linguistic': 1.0, 'love_linguistic': 1.0, 'fear_sentence_count': 1, 'surprise_sentence_count': 1, 'love_sentence_count': 1}",0.005076090805232525,0.9761713147163391,0.003007276449352503,0.005087429191917181,0.007419615052640438,0.0023302233312278986,0.0009081149473786354,0.0,1.0,0.0,0.0,1.0,0.0,0.0,0.0,1.0,0.0,0.0,1.0,0.0,0.0,surprise
The parents don’t care. Most of them brag about not reading a book since middle school. They blame the teachers and everyone else.,421,parents dont care brag reading book since middle school blame teachers everyone else,negative,0.8950092196464539,0,"{'anger': 0.5998554229736328, 'neutral': 0.21515430510044098, 'disgust': 0.11996837705373764, 'sadness': 0.04608646780252457, 'joy': 0.011027490720152855, 'surprise': 0.006350320298224688, 'fear': 0.0015575906727463007, 'love_linguistic': 1.0, 'love_sentence_count': 1}",0.21515430510044098,0.006350320298224688,0.011027490720152855,0.5998554229736328,0.0015575906727463007,0.04608646780252457,0.11996837705373764,0.0,0.0,0.0,0.0,0.0,0.0,0.0,0.0,0.0,0.0,0.0,0.0,0.0,0.0,anger
"Its hard to achieve these standards without students discipline. Which starts at home. Parents dont parent and dont hold their own kids accountable. Students act up, then parents coddle them, dont do anything",422,hard achieve standards without students discipline starts home parents dont parent dont hold kids accountable students act parents coddle dont anything,negative,0.8693459630012512,0,"{'anger': 0.4779694676399231, 'sadness': 0.44153285026550293, 'neutral': 0.042516905814409256, 'disgust': 0.02341652475297451, 'joy': 0.006809755228459835, 'surprise': 0.005434973631054163, 'fear': 0.002319549908861518, 'surprise_linguistic': 1.0, 'surprise_sentence_count': 1}",0.042516905814409256,0.005434973631054163,0.006809755228459835,0.4779694676399231,0.002319549908861518,0.44153285026550293,0.02341652475297451,0.0,1.0,0.0,0.0,0.0,0.0,0.0,0.0,1.0,0.0,0.0,0.0,0.0,0.0,surprise
"I can save you 40 minutes...



How to fail as an education system:

1. Take away gifted classes. No incentive for hard work equals no one works hard.

2. Tie school funding to attendance. 

This sounds good in theory, but what happens is true problem children are never punished or removed from school for bad behavior because the school will lose money next year.

3. Teach minorites that they are living in a ""systemically r@c1$t country"" so don't bother trying to get ahead. Teach Demoralize caucasian students by teaching them that their ancestors are the cause of every issue in every person's life today because of their skin color. 



What couls go wrong?",423,save minutes fail education system take away gifted classes incentive hard work equals one works hard tie school funding attendance sounds good theory happens true problem children never punished removed school bad behavior school lose money next year teach minorites living systemically rct country dont bother trying get ahead teach demoralize caucasian students teaching ancestors cause every issue every persons life today skin color couls wrong,negative,0.7204231321811676,0,"{'sadness': 0.8530768752098083, 'anger': 0.09509030729532242, 'joy': 0.0200333409011364, 'surprise': 0.01728515885770321, 'neutral': 0.01098325289785862, 'disgust': 0.0018807575106620789, 'fear': 0.0016502775251865387, 'neutral_linguistic': 0.5, 'sadness_linguistic': 0.5, 'joy_sentence_count': 1, 'neutral_sentence_count': 1}",0.01098325289785862,0.01728515885770321,0.0200333409011364,0.09509030729532242,0.0016502775251865387,0.8530768752098083,0.0018807575106620789,0.5,0.0,0.0,0.0,0.0,0.5,0.0,1.0,0.0,1.0,0.0,0.0,0.0,0.0,sadness
Too much high pay attrack too many greedy people not caring for professional development...how could vietnam and china teachers got paid fraction and produced best students ?,424,much high pay attrack many greedy people caring professional developmenthow could vietnam china teachers got paid fraction produced best students,negative,0.8885068297386169,2,"{'anger': 0.740250289440155, 'surprise': 0.17171522974967957, 'neutral': 0.05813319981098175, 'sadness': 0.013071203604340553, 'joy': 0.007707150187343359, 'fear': 0.0065176039934158325, 'disgust': 0.002605426125228405}",0.05813319981098175,0.17171522974967957,0.007707150187343359,0.740250289440155,0.0065176039934158325,0.013071203604340553,0.002605426125228405,0.0,0.0,0.0,0.0,0.0,0.0,0.0,0.0,0.0,0.0,0.0,0.0,0.0,0.0,anger
"The American education system has never prepared its children to develop intelligence, problem solving skills, and ways to think to actually attain the skills necessary to compete for and achieve success in careers. That being said, companies dont care about you as an intelligent human being capable of independent thought processes. They treat you like children and the jobs are drudgery, scripted nonsense with no purpose and means for advancement..",425,american education system never prepared children develop intelligence problem solving skills ways think actually attain skills necessary compete achieve success careers said companies dont care intelligent human capable independent thought processes treat like children jobs drudgery scripted nonsense purpose means advancement,negative,0.7839671969413757,38,"{'neutral': 0.43461862206459045, 'anger': 0.22763904929161072, 'sadness': 0.16572469472885132, 'surprise': 0.12549446523189545, 'joy': 0.027967913076281548, 'disgust': 0.009856116026639938, 'fear': 0.008699176833033562, 'anger_linguistic': 1.0, 'neutral_linguistic': 0.5, 'sadness_linguistic': 0.5, 'anger_sentence_count': 1, 'love_sentence_count': 1, 'neutral_sentence_count': 1}",0.43461862206459045,0.12549446523189545,0.027967913076281548,0.22763904929161072,0.008699176833033562,0.16572469472885132,0.009856116026639938,0.5,0.0,0.0,1.0,0.0,0.5,0.0,1.0,0.0,0.0,1.0,0.0,0.0,0.0,anger
"Common core is made for your common underachiever (as compared to 1950's aspiring scientists). If you can twerk, today, you might be an American success....IF you have a big non-white ass, and you can ghetto-murder your twerking rival before they get more likes of your big, shakey ass before you get your rightful likes for your big, shakey ass. Murica!! Except it isn't. Check out GTA VI. It will show you where we are.",426,common core made common underachiever compared aspiring scientists twerk today might american successif big nonwhite ass ghettomurder twerking rival get likes big shakey ass get rightful likes big shakey ass murica except isnt check gta show,neutral,0.43363136053085327,26,"{'fear': 0.5424801111221313, 'surprise': 0.15219581127166748, 'joy': 0.1374531388282776, 'anger': 0.07931861281394958, 'neutral': 0.05060901492834091, 'sadness': 0.03614950180053711, 'disgust': 0.0017937961965799332, 'anger_linguistic': 1.0, 'anger_sentence_count': 1}",0.05060901492834091,0.15219581127166748,0.1374531388282776,0.07931861281394958,0.5424801111221313,0.03614950180053711,0.0017937961965799332,0.0,0.0,0.0,1.0,0.0,0.0,0.0,0.0,0.0,0.0,1.0,0.0,0.0,0.0,anger
"Our public education is one of the most expensive in the world and our children are some of the dumbest in the developed world. Stop spending money on education. Take away the money. If I can get a doctorate level education in mathematics from youtube if I want to do the work then there's no excuse for these children to be bright without a lot of money. Students need to be in algebra II by 9th grade and need to be graduating 12th grade with an associate level in computer science and programming, understanding in United States government including how the Federal Reserve works, a real truthful knowledge of American History, an understanding of calculus and trigonometry, the ability to read and write a college essay that would get an A in university before 18 years old. Enough arguing and wasting money on these dumb programs. Common Core, No Child Left Behind blah blah blah.",427,public education one expensive world children dumbest developed world stop spending money education take away money get doctorate level education mathematics youtube want work theres excuse children bright without lot money students need algebra grade need graduating grade associate level computer science programming understanding united states government including federal reserve works real truthful knowledge american history understanding calculus trigonometry ability read write college essay would get university years old enough arguing wasting money dumb programs common core child left behind blah blah blah,negative,0.6547799110412598,48,"{'sadness': 0.868746280670166, 'joy': 0.05253525823354721, 'anger': 0.13765735924243927, 'neutral': 0.28498315811157227, 'surprise': 0.08006466925144196, 'disgust': 0.014609253033995628, 'fear': 0.008920191787183285, 'sadness_linguistic': 0.75, 'sadness_sentence_count': 1, 'neutral_sentence_count': 1}",0.28498315811157227,0.08006466925144196,0.05253525823354721,0.13765735924243927,0.008920191787183285,0.868746280670166,0.014609253033995628,0.0,0.0,0.0,0.0,0.0,0.75,0.0,1.0,0.0,0.0,0.0,0.0,1.0,0.0,sadness
There many problems with our schools. We need to get back to basics. Put the shop class and home ec class back. Let’s teach basic math. I can safely say I have never used algebra and I am 60 years old. Make it a elective. Teach banking taxes and civics. Teach reading comprehension again. Pay our teachers. Feed the kids free lunches and breakfast. And teach truthful good or bad history. Our US history is not perfect. We will repeat it if we don’t teach it. And stop demonizing science. Technology is our future. It’s also a matter of national security.,428,many problems schools need get back basics put shop class home class back lets teach basic math safely say never used algebra years old make elective teach banking taxes civics teach reading comprehension pay teachers feed kids free lunches breakfast teach truthful good bad history history perfect repeat dont teach stop demonizing science technology future also matter national security,negative,0.7700207829475403,30,"{'neutral': 0.5997827053070068, 'joy': 0.21032065153121948, 'anger': 0.06289209425449371, 'surprise': 0.0452360138297081, 'sadness': 0.04377184808254242, 'fear': 0.0353335440158844, 'disgust': 0.0026632105000317097, 'fear_linguistic': 1.0, 'sadness_linguistic': 0.5, 'fear_sentence_count': 1, 'neutral_sentence_count': 1}",0.5997827053070068,0.0452360138297081,0.21032065153121948,0.06289209425449371,0.0353335440158844,0.04377184808254242,0.0026632105000317097,0.0,0.0,0.0,0.0,1.0,0.5,0.0,1.0,0.0,0.0,0.0,1.0,0.0,0.0,fear
This is boring,429,boring,negative,0.6589261293411255,-1,,,,,,,,,,,,,,,,,,,,,,,
"The reason is teacher union, and teacher union, and teacher union.",430,reason teacher union teacher union teacher union,neutral,0.719345211982727,14,"{'anger': 0.7853264212608337, 'neutral': 0.1387602537870407, 'disgust': 0.03427140787243843, 'sadness': 0.01830974407494068, 'surprise': 0.012912094593048096, 'fear': 0.005672713741660118, 'joy': 0.0047473362646996975}",0.1387602537870407,0.012912094593048096,0.0047473362646996975,0.7853264212608337,0.005672713741660118,0.01830974407494068,0.03427140787243843,0.0,0.0,0.0,0.0,0.0,0.0,0.0,0.0,0.0,0.0,0.0,0.0,0.0,0.0,anger
It's all poor student behavior,431,poor student behavior,negative,0.9158563613891602,-1,"{'disgust': 0.6489254236221313, 'neutral': 0.159536674618721, 'sadness': 0.09471525251865387, 'anger': 0.0682176873087883, 'fear': 0.01751667633652687, 'surprise': 0.0065490626730024815, 'joy': 0.004539163783192635}",0.159536674618721,0.0065490626730024815,0.004539163783192635,0.0682176873087883,0.01751667633652687,0.09471525251865387,0.6489254236221313,0.0,0.0,0.0,0.0,0.0,0.0,0.0,0.0,0.0,0.0,0.0,0.0,0.0,0.0,disgust
The Problem with the US Education System-> THE TEACHERS UNION!!,432,problem education system teachers union,negative,0.8866777420043945,14,"{'sadness': 0.6035420894622803, 'neutral': 0.19786418974399567, 'anger': 0.10573768615722656, 'fear': 0.042659271508455276, 'surprise': 0.025141220539808273, 'disgust': 0.020082829520106316, 'joy': 0.004972649738192558}",0.19786418974399567,0.025141220539808273,0.004972649738192558,0.10573768615722656,0.042659271508455276,0.6035420894622803,0.020082829520106316,0.0,0.0,0.0,0.0,0.0,0.0,0.0,0.0,0.0,0.0,0.0,0.0,0.0,0.0,sadness
Students who do not want to be in school are more likely to misbehave strongly.,433,students want school likely misbehave strongly,negative,0.7083118557929993,-1,"{'anger': 0.615903913974762, 'sadness': 0.21608448028564453, 'neutral': 0.07762210816144943, 'disgust': 0.04613472521305084, 'fear': 0.03301269933581352, 'joy': 0.006123234052211046, 'surprise': 0.005118782166391611, 'neutral_linguistic': 1.0, 'neutral_sentence_count': 1}",0.07762210816144943,0.005118782166391611,0.006123234052211046,0.615903913974762,0.03301269933581352,0.21608448028564453,0.04613472521305084,1.0,0.0,0.0,0.0,0.0,0.0,0.0,1.0,0.0,0.0,0.0,0.0,0.0,0.0,neutral
I went to public school in four different countries. American schools were the worst by far. The two years in the French school system helped me pass all the exams in HS in America. I was absent basically the whole time in HS and just showed up for the tests.,434,went public school four different countries american schools worst far two years french school system helped pass exams america absent basically whole time showed tests,negative,0.8361608982086182,-1,"{'sadness': 0.3021535575389862, 'joy': 0.2258908450603485, 'neutral': 0.19785617291927338, 'surprise': 0.1334414929151535, 'anger': 0.11593565344810486, 'disgust': 0.02087431587278843, 'fear': 0.0038479906506836414, 'sadness_linguistic': 0.5, 'neutral_sentence_count': 1}",0.19785617291927338,0.1334414929151535,0.2258908450603485,0.11593565344810486,0.0038479906506836414,0.3021535575389862,0.02087431587278843,0.0,0.0,0.0,0.0,0.0,0.5,0.0,1.0,0.0,0.0,0.0,0.0,0.0,0.0,sadness
"Why? Teachers Unions, gov. monopoly, WOKENESS CRAZY.",435,teachers unions gov monopoly wokeness crazy,negative,0.8534655570983887,14,"{'neutral': 0.39952659606933594, 'fear': 0.23816661536693573, 'surprise': 0.1631692498922348, 'anger': 0.11398068815469742, 'joy': 0.041690148413181305, 'sadness': 0.03413236141204834, 'disgust': 0.009334278292953968}",0.39952659606933594,0.1631692498922348,0.041690148413181305,0.11398068815469742,0.23816661536693573,0.03413236141204834,0.009334278292953968,0.0,0.0,0.0,0.0,0.0,0.0,0.0,0.0,0.0,0.0,0.0,0.0,0.0,0.0,neutral
Yes they do have the future in front of them,436,yes future front,positive,0.7807023525238037,10,"{'neutral': 0.9256532192230225, 'surprise': 0.043197035789489746, 'sadness': 0.012879107147455215, 'joy': 0.006708143278956413, 'anger': 0.004659797064960003, 'fear': 0.0034576565958559513, 'disgust': 0.0034450895618647337}",0.9256532192230225,0.043197035789489746,0.006708143278956413,0.004659797064960003,0.0034576565958559513,0.012879107147455215,0.0034450895618647337,0.0,0.0,0.0,0.0,0.0,0.0,0.0,0.0,0.0,0.0,0.0,0.0,0.0,0.0,neutral
Teach students how to study ? That would be taking time and attention away from their cellphones.  Be for real here. Come on now.,437,teach students study would taking time attention away cellphones real come,negative,0.49849238991737366,34,"{'neutral': 0.5704380869865417, 'surprise': 0.1488102525472641, 'sadness': 0.12349972128868103, 'anger': 0.06382661312818527, 'joy': 0.04688997566699982, 'fear': 0.03918512165546417, 'disgust': 0.007350257132202387, 'neutral_linguistic': 1.0, 'neutral_sentence_count': 1}",0.5704380869865417,0.1488102525472641,0.04688997566699982,0.06382661312818527,0.03918512165546417,0.12349972128868103,0.007350257132202387,1.0,0.0,0.0,0.0,0.0,0.0,0.0,1.0,0.0,0.0,0.0,0.0,0.0,0.0,neutral
And the teacher is promoted by student evaluation in higher ed. How can you put the pencil in kids’ hands who you assign grade to them? The outcome: teachers inflate grades to get good teaching eval,439,teacher promoted student evaluation higher put pencil kids hands assign grade outcome teachers inflate grades get good teaching eval,neutral,0.553099513053894,-1,"{'neutral': 0.7638916373252869, 'joy': 0.11825539916753769, 'anger': 0.05599348247051239, 'surprise': 0.042497918009757996, 'disgust': 0.008003462105989456, 'sadness': 0.007945897988975048, 'fear': 0.00341224973089993}",0.7638916373252869,0.042497918009757996,0.11825539916753769,0.05599348247051239,0.00341224973089993,0.007945897988975048,0.008003462105989456,0.0,0.0,0.0,0.0,0.0,0.0,0.0,0.0,0.0,0.0,0.0,0.0,0.0,0.0,neutral
I have a fantastic idea to engage children in helping to create the ultimate Dictionary by having the kids help pick the best Definitions and pictures to be made into video examples.,440,fantastic idea engage children helping create ultimate dictionary kids help pick best definitions pictures made video examples,positive,0.9409404397010803,0,"{'joy': 0.9668058753013611, 'neutral': 0.01614617183804512, 'surprise': 0.010474720038473606, 'anger': 0.0031852240208536386, 'sadness': 0.0012091199168935418, 'fear': 0.0011604225728660822, 'disgust': 0.0010185064747929573, 'joy_linguistic': 1.0, 'anger_linguistic': 1.0, 'joy_sentence_count': 1, 'anger_sentence_count': 1}",0.01614617183804512,0.010474720038473606,0.9668058753013611,0.0031852240208536386,0.0011604225728660822,0.0012091199168935418,0.0010185064747929573,0.0,0.0,1.0,1.0,0.0,0.0,0.0,0.0,0.0,1.0,1.0,0.0,0.0,0.0,joy
"My question is, is our children learning?",441,question children learning,neutral,0.7926510572433472,53,"{'neutral': 0.3118308186531067, 'fear': 0.24305769801139832, 'surprise': 0.14926491677761078, 'anger': 0.14066408574581146, 'disgust': 0.133317768573761, 'sadness': 0.01633373275399208, 'joy': 0.00553101347759366}",0.3118308186531067,0.14926491677761078,0.00553101347759366,0.14066408574581146,0.24305769801139832,0.01633373275399208,0.133317768573761,0.0,0.0,0.0,0.0,0.0,0.0,0.0,0.0,0.0,0.0,0.0,0.0,0.0,0.0,neutral
You don't have to look far. Just look at the teachers union.,442,dont look far look teachers union,neutral,0.7848511934280396,14,"{'neutral': 0.527163028717041, 'anger': 0.19677910208702087, 'sadness': 0.16673153638839722, 'disgust': 0.042209748178720474, 'surprise': 0.03769943490624428, 'fear': 0.019435202702879906, 'joy': 0.009981907904148102}",0.527163028717041,0.03769943490624428,0.009981907904148102,0.19677910208702087,0.019435202702879906,0.16673153638839722,0.042209748178720474,0.0,0.0,0.0,0.0,0.0,0.0,0.0,0.0,0.0,0.0,0.0,0.0,0.0,0.0,neutral
The REAL problem with the education 'system' is rooted in POOR PARENTING plain and simple.  Not one single educrat or politician has the balls to say this out loud.  All that talk about raising standards is BULLSHT >Many will make money claiming to champion different programs but the problem will persist until parents are held much more accountable than they ever have been. CASE CLOSED!!!!,443,real problem education system rooted poor parenting plain simple one single educrat politician balls say loud talk raising standards bullsht many make money claiming champion different programs problem persist parents held much accountable ever case closed,negative,0.9304030537605286,0,"{'sadness': 0.6441230177879333, 'anger': 0.19963736832141876, 'neutral': 0.09339305758476257, 'surprise': 0.0351412259042263, 'joy': 0.014397147111594677, 'fear': 0.008647657930850983, 'disgust': 0.004660485778003931, 'neutral_linguistic': 1.0, 'neutral_sentence_count': 1}",0.09339305758476257,0.0351412259042263,0.014397147111594677,0.19963736832141876,0.008647657930850983,0.6441230177879333,0.004660485778003931,1.0,0.0,0.0,0.0,0.0,0.0,0.0,1.0,0.0,0.0,0.0,0.0,0.0,0.0,neutral
The world is laughing,444,world laughing,positive,0.7321127653121948,7,"{'joy': 0.8111874461174011, 'neutral': 0.09239333122968674, 'surprise': 0.071445532143116, 'sadness': 0.01116663683205843, 'anger': 0.010549320839345455, 'disgust': 0.0026851424481719732, 'fear': 0.0005724988877773285, 'joy_linguistic': 1.0, 'joy_sentence_count': 1}",0.09239333122968674,0.071445532143116,0.8111874461174011,0.010549320839345455,0.0005724988877773285,0.01116663683205843,0.0026851424481719732,0.0,0.0,1.0,0.0,0.0,0.0,0.0,0.0,0.0,1.0,0.0,0.0,0.0,0.0,joy
"Pay your teachers better, stop giving the school administators high salaries and you'll get good education",445,pay teachers better stop giving school administators high salaries youll get good education,neutral,0.44111189246177673,2,"{'anger': 0.5637370347976685, 'neutral': 0.14380434155464172, 'sadness': 0.12817437946796417, 'joy': 0.12335185706615448, 'surprise': 0.020404130220413208, 'disgust': 0.016330458223819733, 'fear': 0.004197835922241211}",0.14380434155464172,0.020404130220413208,0.12335185706615448,0.5637370347976685,0.004197835922241211,0.12817437946796417,0.016330458223819733,0.0,0.0,0.0,0.0,0.0,0.0,0.0,0.0,0.0,0.0,0.0,0.0,0.0,0.0,anger
everything in USA failing,446,everything usa failing,negative,0.856239914894104,13,"{'sadness': 0.7890548706054688, 'neutral': 0.07920611649751663, 'anger': 0.04770741984248161, 'surprise': 0.045120686292648315, 'fear': 0.014303779229521751, 'disgust': 0.013053757138550282, 'joy': 0.0115533247590065}",0.07920611649751663,0.045120686292648315,0.0115533247590065,0.04770741984248161,0.014303779229521751,0.7890548706054688,0.013053757138550282,0.0,0.0,0.0,0.0,0.0,0.0,0.0,0.0,0.0,0.0,0.0,0.0,0.0,0.0,sadness
Teachers need to be paid more,447,teachers need paid,neutral,0.6187913417816162,2,"{'neutral': 0.5614467859268188, 'sadness': 0.3380284309387207, 'anger': 0.04533184692263603, 'disgust': 0.023150082677602768, 'surprise': 0.01964348368346691, 'joy': 0.007074146531522274, 'fear': 0.005325255449861288}",0.5614467859268188,0.01964348368346691,0.007074146531522274,0.04533184692263603,0.005325255449861288,0.3380284309387207,0.023150082677602768,0.0,0.0,0.0,0.0,0.0,0.0,0.0,0.0,0.0,0.0,0.0,0.0,0.0,0.0,neutral
Teachers unions ruin everything.,448,teachers unions ruin everything,negative,0.9111375212669373,14,"{'anger': 0.7386629581451416, 'sadness': 0.12072043865919113, 'disgust': 0.0833493173122406, 'neutral': 0.03604642301797867, 'fear': 0.014930970035493374, 'surprise': 0.003911484032869339, 'joy': 0.0023784858640283346}",0.03604642301797867,0.003911484032869339,0.0023784858640283346,0.7386629581451416,0.014930970035493374,0.12072043865919113,0.0833493173122406,0.0,0.0,0.0,0.0,0.0,0.0,0.0,0.0,0.0,0.0,0.0,0.0,0.0,0.0,anger
"teachers are money, hugging thugs",449,teachers money hugging thugs,negative,0.7930231094360352,0,"{'disgust': 0.751627504825592, 'anger': 0.1469915509223938, 'joy': 0.05150429531931877, 'neutral': 0.026925871148705482, 'fear': 0.01346731185913086, 'sadness': 0.006852481979876757, 'surprise': 0.0026309327222406864}",0.026925871148705482,0.0026309327222406864,0.05150429531931877,0.1469915509223938,0.01346731185913086,0.006852481979876757,0.751627504825592,0.0,0.0,0.0,0.0,0.0,0.0,0.0,0.0,0.0,0.0,0.0,0.0,0.0,0.0,disgust
Women are in charge of the education system and schools are going down the toilet with their maxi pads every month. The schools are decided by their periods.,450,women charge education system schools going toilet maxi pads every month schools decided periods,negative,0.7988477349281311,-1,"{'anger': 0.801255464553833, 'neutral': 0.12840396165847778, 'disgust': 0.030908815562725067, 'sadness': 0.020712165161967278, 'surprise': 0.009396875277161598, 'fear': 0.007363589014858007, 'joy': 0.0019591269083321095}",0.12840396165847778,0.009396875277161598,0.0019591269083321095,0.801255464553833,0.007363589014858007,0.020712165161967278,0.030908815562725067,0.0,0.0,0.0,0.0,0.0,0.0,0.0,0.0,0.0,0.0,0.0,0.0,0.0,0.0,anger
"Teachers leave because of woke times.  Teachers are not empowered the way they started.  Cant blame them.  I would want to be respected while performing my job.  Lastly, the pay should he much higher.  I have great respect for teachers.  High marks in my book.  Good luck.",451,teachers leave woke times teachers empowered way started cant blame would want respected performing job lastly pay much higher great respect teachers high marks book good luck,negative,0.4353085458278656,0,"{'joy': 0.41904571652412415, 'neutral': 0.2995149493217468, 'anger': 0.16411757469177246, 'surprise': 0.08574546128511429, 'sadness': 0.023228256031870842, 'fear': 0.007366382051259279, 'disgust': 0.0009815723169595003, 'joy_linguistic': 1.0, 'love_linguistic': 1.0, 'joy_sentence_count': 1, 'love_sentence_count': 1}",0.2995149493217468,0.08574546128511429,0.41904571652412415,0.16411757469177246,0.007366382051259279,0.023228256031870842,0.0009815723169595003,0.0,0.0,1.0,0.0,0.0,0.0,0.0,0.0,0.0,1.0,0.0,0.0,0.0,0.0,joy
I don’t even think you can define Marxism lol,452,dont even think define marxism lol,negative,0.6764593720436096,54,"{'neutral': 0.7078412771224976, 'anger': 0.11418505758047104, 'disgust': 0.07373411953449249, 'joy': 0.03325926885008812, 'surprise': 0.030777988955378532, 'sadness': 0.023683108389377594, 'fear': 0.01651919074356556}",0.7078412771224976,0.030777988955378532,0.03325926885008812,0.11418505758047104,0.01651919074356556,0.023683108389377594,0.07373411953449249,0.0,0.0,0.0,0.0,0.0,0.0,0.0,0.0,0.0,0.0,0.0,0.0,0.0,0.0,neutral
"@…  OK, coming from an individual who knows literally nothing about me. 👍If you can read which, obviously you can't you would see I typed 'Cultural Marxism' not 'Marxism' genius #1 learn to read, #2 learn what 'Cultural Marxism' is because you obviously have no idea what that is ""smart guy."" Project much?",453,coming individual knows literally nothing read obviously cant would see typed cultural marxism marxism genius learn read learn cultural marxism obviously idea smart guy project much,negative,0.5060468316078186,54,"{'surprise': 0.6554496884346008, 'neutral': 0.3036971986293793, 'joy': 0.024438491091132164, 'sadness': 0.007477011997252703, 'anger': 0.00501339603215456, 'fear': 0.002771254163235426, 'disgust': 0.0011529887560755014, 'sadness_linguistic': 0.5, 'neutral_sentence_count': 1}",0.3036971986293793,0.6554496884346008,0.024438491091132164,0.00501339603215456,0.002771254163235426,0.007477011997252703,0.0011529887560755014,0.0,0.0,0.0,0.0,0.0,0.5,0.0,1.0,0.0,0.0,0.0,0.0,0.0,0.0,surprise
@…  I don't even think you know the difference between Marxism and cultural Marxism lol.,454,dont even think know difference marxism cultural marxism lol,negative,0.6733173131942749,54,"{'neutral': 0.6912761330604553, 'joy': 0.10674750804901123, 'surprise': 0.08920174837112427, 'sadness': 0.049197953194379807, 'anger': 0.041242506355047226, 'disgust': 0.01590469479560852, 'fear': 0.0064294892363250256}",0.6912761330604553,0.08920174837112427,0.10674750804901123,0.041242506355047226,0.0064294892363250256,0.049197953194379807,0.01590469479560852,0.0,0.0,0.0,0.0,0.0,0.0,0.0,0.0,0.0,0.0,0.0,0.0,0.0,0.0,neutral
When the world is broken then every major issues follow.,456,world broken every major issues follow,negative,0.846844494342804,13,"{'neutral': 0.4241737127304077, 'surprise': 0.32156622409820557, 'sadness': 0.17121396958827972, 'anger': 0.05210788547992706, 'fear': 0.016715118661522865, 'disgust': 0.007301068399101496, 'joy': 0.006922025699168444, 'sadness_linguistic': 2.0, 'sadness_sentence_count': 1}",0.4241737127304077,0.32156622409820557,0.006922025699168444,0.05210788547992706,0.016715118661522865,0.17121396958827972,0.007301068399101496,0.0,0.0,0.0,0.0,0.0,2.0,0.0,0.0,0.0,0.0,0.0,0.0,1.0,0.0,sadness
"it's so broken, u have lawmakers equating the changing of SEASONS as CLIMATE change",457,broken lawmakers equating changing seasons climate change,negative,0.8582442402839661,-1,"{'neutral': 0.3844306170940399, 'sadness': 0.32692211866378784, 'anger': 0.1024225726723671, 'surprise': 0.09833928942680359, 'disgust': 0.06087891384959221, 'fear': 0.02379864826798439, 'joy': 0.003207853063941002, 'sadness_linguistic': 1.0, 'sadness_sentence_count': 1}",0.3844306170940399,0.09833928942680359,0.003207853063941002,0.1024225726723671,0.02379864826798439,0.32692211866378784,0.06087891384959221,0.0,0.0,0.0,0.0,0.0,1.0,0.0,0.0,0.0,0.0,0.0,0.0,1.0,0.0,sadness
"The false equivalency of engineer and liberal arts degrees was absolutely ridiculous. Also the fact that a pay raise can be temporary is mind-blowing. Teachers should not have to work additional jobs in order to make a living, that is completely and utterly unacceptable. The lack of value to teachers in the United States is disgusting",458,false equivalency engineer liberal arts degrees absolutely ridiculous also fact pay raise temporary mindblowing teachers work additional jobs order make living completely utterly unacceptable lack value teachers united states disgusting,negative,0.9316892623901367,0,"{'disgust': 0.9783061146736145, 'anger': 0.009702475741505623, 'fear': 0.0076250373385846615, 'sadness': 0.00142888561822474, 'neutral': 0.001245300518348813, 'surprise': 0.0010031753918156028, 'joy': 0.000689037493430078, 'sadness_linguistic': 1.2, 'anger_linguistic': 1.2, 'disgust_linguistic': 2.4, 'love_linguistic': 1.2, 'neutral_linguistic': 1.2, 'sadness_sentence_count': 1, 'anger_sentence_count': 1, 'disgust_sentence_count': 1, 'love_sentence_count': 1, 'neutral_sentence_count': 1}",0.001245300518348813,0.0010031753918156028,0.000689037493430078,0.009702475741505623,0.0076250373385846615,0.00142888561822474,0.9783061146736145,1.2,0.0,0.0,1.2,0.0,1.2,2.4,1.0,0.0,0.0,1.0,0.0,1.0,1.0,disgust
You need policymakers and educators to have the same concerns and expectations for students as they do for their flesh and blood.,459,need policymakers educators concerns expectations students flesh blood,neutral,0.730638325214386,12,"{'fear': 0.48861995339393616, 'sadness': 0.20150858163833618, 'neutral': 0.18769116699695587, 'surprise': 0.052369676530361176, 'anger': 0.04720611125230789, 'disgust': 0.015843361616134644, 'joy': 0.006761068478226662, 'love_linguistic': 1.0, 'love_sentence_count': 1}",0.18769116699695587,0.052369676530361176,0.006761068478226662,0.04720611125230789,0.48861995339393616,0.20150858163833618,0.015843361616134644,0.0,0.0,0.0,0.0,0.0,0.0,0.0,0.0,0.0,0.0,0.0,0.0,0.0,0.0,fear
What about no child left behind? Wasn't that program responsible for high stakes testing.,460,child left behind wasnt program responsible high stakes testing,neutral,0.6134936213493347,40,"{'sadness': 0.7638049125671387, 'neutral': 0.12611806392669678, 'surprise': 0.07833808660507202, 'anger': 0.01737978309392929, 'disgust': 0.008654700592160225, 'joy': 0.0036126170307397842, 'fear': 0.0020918576046824455}",0.12611806392669678,0.07833808660507202,0.0036126170307397842,0.01737978309392929,0.0020918576046824455,0.7638049125671387,0.008654700592160225,0.0,0.0,0.0,0.0,0.0,0.0,0.0,0.0,0.0,0.0,0.0,0.0,0.0,0.0,sadness
"I have been binging these kind of stories for a few weeks now and something is always missing: Parent accountability and parent involvement. I understand it a perfect storm for failure. Economy just about REQUIRES a two parents working to afford basics, which means less involvement in kids education. Some sacrifices will have to be made.",461,binging kind stories weeks something always missing parent accountability parent involvement understand perfect storm failure economy requires two parents working afford basics means less involvement kids education sacrifices made,negative,0.8326961994171143,-1,"{'sadness': 0.5587564706802368, 'neutral': 0.19481830298900604, 'surprise': 0.19466643035411835, 'anger': 0.0177769735455513, 'joy': 0.017353134229779243, 'fear': 0.013549230992794037, 'disgust': 0.0030794504564255476, 'anger_linguistic': 2.0, 'anger_sentence_count': 1}",0.19481830298900604,0.19466643035411835,0.017353134229779243,0.0177769735455513,0.013549230992794037,0.5587564706802368,0.0030794504564255476,0.0,0.0,0.0,2.0,0.0,0.0,0.0,0.0,0.0,0.0,1.0,0.0,0.0,0.0,anger
math and science are racists. blame on the woke warriors,463,math science racists blame woke warriors,negative,0.9005992412567139,5,"{'anger': 0.6671476364135742, 'neutral': 0.20458850264549255, 'disgust': 0.0852292999625206, 'sadness': 0.01836267113685608, 'surprise': 0.013329603709280491, 'fear': 0.007969070225954056, 'joy': 0.0033732999581843615}",0.20458850264549255,0.013329603709280491,0.0033732999581843615,0.6671476364135742,0.007969070225954056,0.01836267113685608,0.0852292999625206,0.0,0.0,0.0,0.0,0.0,0.0,0.0,0.0,0.0,0.0,0.0,0.0,0.0,0.0,anger
Do you really think a low wage wouldn't impact someone's job performance?,464,really think low wage wouldnt impact someones job performance,negative,0.5619943141937256,2,"{'surprise': 0.8490188121795654, 'sadness': 0.06377913802862167, 'joy': 0.03320329636335373, 'fear': 0.02253410778939724, 'neutral': 0.016582177951931953, 'anger': 0.014004187658429146, 'disgust': 0.0008782974909991026, 'sadness_linguistic': 1.2, 'neutral_linguistic': 1.2, 'sadness_sentence_count': 1, 'neutral_sentence_count': 1}",0.016582177951931953,0.8490188121795654,0.03320329636335373,0.014004187658429146,0.02253410778939724,0.06377913802862167,0.0008782974909991026,1.2,0.0,0.0,0.0,0.0,1.2,0.0,1.0,0.0,0.0,0.0,0.0,1.0,0.0,surprise
"ALways the answer, pay the teachers more. Well they keep getting paid more and education standards keep going down.",465,always answer pay teachers well keep getting paid education standards keep going,negative,0.7165135741233826,2,"{'neutral': 0.6347127556800842, 'joy': 0.28122082352638245, 'surprise': 0.044498320668935776, 'sadness': 0.019025512039661407, 'anger': 0.01670534536242485, 'disgust': 0.0026981565169990063, 'fear': 0.0011391177540645003}",0.6347127556800842,0.044498320668935776,0.28122082352638245,0.01670534536242485,0.0011391177540645003,0.019025512039661407,0.0026981565169990063,0.0,0.0,0.0,0.0,0.0,0.0,0.0,0.0,0.0,0.0,0.0,0.0,0.0,0.0,neutral
"Unqualified teachers should not be allowed to teach in schools, and it actually takes training to be able to teach well. Occupational licensing is a sign of a more advanced civilization, just letting anyone teach is the sign of a civilization that is breaking down or never got very smart in the first place.",466,unqualified teachers allowed teach schools actually takes training able teach well occupational licensing sign advanced civilization letting anyone teach sign civilization breaking never got smart first place,negative,0.8118585348129272,0,"{'sadness': 0.48219379782676697, 'neutral': 0.2500637471675873, 'surprise': 0.1308785378932953, 'anger': 0.09594318270683289, 'fear': 0.01731901802122593, 'disgust': 0.014032364822924137, 'joy': 0.009569280780851841, 'sadness_linguistic': 0.75, 'sadness_sentence_count': 1, 'neutral_sentence_count': 1}",0.2500637471675873,0.1308785378932953,0.009569280780851841,0.09594318270683289,0.01731901802122593,0.48219379782676697,0.014032364822924137,0.0,0.0,0.0,0.0,0.0,0.75,0.0,1.0,0.0,0.0,0.0,0.0,1.0,0.0,sadness
@…  you make an excellent point and allow me to respond. I'm not against well intentioned occupational licensing. I'm against out of control OCCUPATIONAL LICENSING. When the teacher of the year in Arizona cannot go teach in California without a mountain of red tape and expenses and bureaucracy that is a problem. When a Harvard mathematics professor cannot teach middle school remedial algebra without the same that is a problem.  When a teacher with decades of experience and positive reviews has to jump through oceans of red tape just for a license renewal that's a problem. That's the bad kind of occupational licensing not the good kind. And that is creating teacher shortages. Again thank you for your response.,467,make excellent point allow respond well intentioned occupational licensing control occupational licensing teacher year arizona cannot teach california without mountain red tape expenses bureaucracy problem harvard mathematics professor cannot teach middle school remedial algebra without problem teacher decades experience positive reviews jump oceans red tape license renewal thats problem thats bad kind occupational licensing good kind creating teacher shortages thank response,neutral,0.7180185317993164,-1,"{'joy': 0.6096212863922119, 'surprise': 0.16373956203460693, 'neutral': 0.13912568986415863, 'sadness': 0.05569520965218544, 'anger': 0.028262950479984283, 'fear': 0.0026595983654260635, 'disgust': 0.0008956370875239372, 'neutral_linguistic': 1.0, 'sadness_linguistic': 1.0, 'joy_sentence_count': 1, 'sadness_sentence_count': 1}",0.13912568986415863,0.16373956203460693,0.6096212863922119,0.028262950479984283,0.0026595983654260635,0.05569520965218544,0.0008956370875239372,1.0,0.0,0.0,0.0,0.0,1.0,0.0,0.0,0.0,1.0,0.0,0.0,1.0,0.0,neutral
"Historically, 90-100=A, 80-90=B, 70-80=C, and 60-70=D. You must either be misremembering or went to an unusual school system.",468,historically must either misremembering went unusual school system,neutral,0.6955804228782654,-1,"{'neutral': 0.8283934593200684, 'surprise': 0.07463736832141876, 'fear': 0.03742297366261482, 'sadness': 0.0279851071536541, 'disgust': 0.01979248970746994, 'anger': 0.010219493880867958, 'joy': 0.0015490461373701692, 'surprise_linguistic': 1.0, 'surprise_sentence_count': 1}",0.8283934593200684,0.07463736832141876,0.0015490461373701692,0.010219493880867958,0.03742297366261482,0.0279851071536541,0.01979248970746994,0.0,1.0,0.0,0.0,0.0,0.0,0.0,0.0,1.0,0.0,0.0,0.0,0.0,0.0,neutral
"""all other countries"" is an exaggeration. School uniforms are uncommon in EU countries, except some private schools. Which happen to be the countries at the top of the OECD school rankings beside China, Korea & Singapore.",469,countries exaggeration school uniforms uncommon countries except private schools happen countries top oecd school rankings beside china korea singapore,neutral,0.7137225270271301,1,"{'surprise': 0.7692461013793945, 'neutral': 0.18395376205444336, 'joy': 0.012947769835591316, 'sadness': 0.01088936161249876, 'anger': 0.01042225118726492, 'fear': 0.009861432015895844, 'disgust': 0.0026793256402015686}",0.18395376205444336,0.7692461013793945,0.012947769835591316,0.01042225118726492,0.009861432015895844,0.01088936161249876,0.0026793256402015686,0.0,0.0,0.0,0.0,0.0,0.0,0.0,0.0,0.0,0.0,0.0,0.0,0.0,0.0,surprise
Very interesting. I wonder if you might enjoy thinking about the idea of forced learning vs. personal freedom to study whatever interests us?,470,interesting wonder might enjoy thinking idea forced learning personal freedom study whatever interests,positive,0.7589439749717712,30,"{'surprise': 0.6412076354026794, 'joy': 0.2697445750236511, 'neutral': 0.06759379059076309, 'sadness': 0.012723898515105247, 'anger': 0.005420236382633448, 'disgust': 0.0022440131288021803, 'fear': 0.0010657862294465303, 'joy_linguistic': 2.0, 'surprise_linguistic': 1.0, 'joy_sentence_count': 1, 'surprise_sentence_count': 1}",0.06759379059076309,0.6412076354026794,0.2697445750236511,0.005420236382633448,0.0010657862294465303,0.012723898515105247,0.0022440131288021803,0.0,1.0,2.0,0.0,0.0,0.0,0.0,0.0,1.0,1.0,0.0,0.0,0.0,0.0,joy
"The problem is culture, lack of morals, and lack to disciplines with the new trash of letting them explore who they are.",471,problem culture lack morals lack disciplines new trash letting explore,negative,0.8138952851295471,-1,"{'neutral': 0.5676655769348145, 'sadness': 0.2244073450565338, 'disgust': 0.10371280461549759, 'anger': 0.06311389058828354, 'surprise': 0.021002696827054024, 'fear': 0.013264346867799759, 'joy': 0.006833289284259081}",0.5676655769348145,0.021002696827054024,0.006833289284259081,0.06311389058828354,0.013264346867799759,0.2244073450565338,0.10371280461549759,0.0,0.0,0.0,0.0,0.0,0.0,0.0,0.0,0.0,0.0,0.0,0.0,0.0,0.0,neutral
Almost no students retain knowledge they learn in school,472,almost students retain knowledge learn school,negative,0.5544002056121826,0,"{'neutral': 0.7884177565574646, 'surprise': 0.13766257464885712, 'joy': 0.022853706032037735, 'disgust': 0.01818816363811493, 'anger': 0.011613529175519943, 'fear': 0.011344512924551964, 'sadness': 0.009919818490743637}",0.7884177565574646,0.13766257464885712,0.022853706032037735,0.011613529175519943,0.011344512924551964,0.009919818490743637,0.01818816363811493,0.0,0.0,0.0,0.0,0.0,0.0,0.0,0.0,0.0,0.0,0.0,0.0,0.0,0.0,neutral
"I's not about the school or the curriculum, it's about the kids, their parents, their attitudes, the violence and the overall sense that the schools are wrong.",473,school curriculum kids parents attitudes violence overall sense schools wrong,negative,0.8809342980384827,-1,"{'anger': 0.8846098780632019, 'disgust': 0.046482134610414505, 'sadness': 0.04305391386151314, 'fear': 0.012628118507564068, 'neutral': 0.009989921003580093, 'joy': 0.0017078772652894258, 'surprise': 0.0015281137311831117}",0.009989921003580093,0.0015281137311831117,0.0017078772652894258,0.8846098780632019,0.012628118507564068,0.04305391386151314,0.046482134610414505,0.0,0.0,0.0,0.0,0.0,0.0,0.0,0.0,0.0,0.0,0.0,0.0,0.0,0.0,anger
School ain't worth it.,474,school aint worth,negative,0.8694712519645691,-1,"{'neutral': 0.5276697278022766, 'surprise': 0.3523804843425751, 'sadness': 0.07567251473665237, 'joy': 0.014468114823102951, 'anger': 0.01354089193046093, 'disgust': 0.008569073863327503, 'fear': 0.007699222303926945}",0.5276697278022766,0.3523804843425751,0.014468114823102951,0.01354089193046093,0.007699222303926945,0.07567251473665237,0.008569073863327503,0.0,0.0,0.0,0.0,0.0,0.0,0.0,0.0,0.0,0.0,0.0,0.0,0.0,0.0,neutral
"So many things. 
1. Just let your teachers teach, this is the only profession which requires a Master’s degree but you’re not trusted to do the job you were hired to do.
2. Abstinence only education programs are just that and have damaged many people psychologically.
3. Let your teachers teach and bring in more mental health professionals to deal with the social work side of schools. My school in Thailand the teachers were teachers. Here we are social workers. There is a lot of funding for education but it is misused.",475,many things let teachers teach profession requires masters degree youre trusted job hired abstinence education programs damaged many people psychologically let teachers teach bring mental health professionals deal social work side schools school thailand teachers teachers social workers lot funding education misused,negative,0.6704865992069244,0,"{'sadness': 0.7019352316856384, 'anger': 0.12865804135799408, 'joy': 0.07295975089073181, 'surprise': 0.03511546552181244, 'neutral': 0.03283997252583504, 'fear': 0.02647726982831955, 'disgust': 0.0020142486318945885, 'joy_linguistic': 1.0, 'joy_sentence_count': 1}",0.03283997252583504,0.03511546552181244,0.07295975089073181,0.12865804135799408,0.02647726982831955,0.7019352316856384,0.0020142486318945885,0.0,0.0,1.0,0.0,0.0,0.0,0.0,0.0,0.0,1.0,0.0,0.0,0.0,0.0,sadness
Better to have a solo caring parent ( unwed mothers included)than an abusive parent in a row parent house hold,476,better solo caring parent unwed mothers includedthan abusive parent row parent house hold,neutral,0.6089889407157898,8,"{'sadness': 0.5620941519737244, 'anger': 0.3914240300655365, 'joy': 0.0178951695561409, 'neutral': 0.014049908146262169, 'surprise': 0.007125683128833771, 'disgust': 0.004958845674991608, 'fear': 0.00245219049975276, 'anger_linguistic': 1.0, 'anger_sentence_count': 1}",0.014049908146262169,0.007125683128833771,0.0178951695561409,0.3914240300655365,0.00245219049975276,0.5620941519737244,0.004958845674991608,0.0,0.0,0.0,1.0,0.0,0.0,0.0,0.0,0.0,0.0,1.0,0.0,0.0,0.0,anger
"""Is falling"" ??? Please get the verb right - education has fallen for many years already. And, that's exactly what politicians want - a broken and inefficient system, after all the more people don't educate and inform themselves the better to brainwash them. Let's keep voting for leftists and keep destroying this beautiful country. I was born in a country where the left party was always prominent and influential and believe me, they DESTROY everything they touch. Wake up Americans!!",477,falling please get verb right education fallen many years already thats exactly politicians want broken inefficient system people dont educate inform better brainwash lets keep voting leftists keep destroying beautiful country born country left party always prominent influential believe destroy everything touch wake americans,negative,0.9078636169433594,-1,"{'sadness': 0.9032368659973145, 'surprise': 0.0371863953769207, 'neutral': 0.03084917925298214, 'anger': 0.01992529258131981, 'joy': 0.006722436286509037, 'fear': 0.0011247762013226748, 'disgust': 0.0009551100665703416, 'joy_linguistic': 1.0, 'sadness_linguistic': 1.0, 'love_linguistic': 1.0, 'joy_sentence_count': 1, 'sadness_sentence_count': 1, 'love_sentence_count': 1}",0.03084917925298214,0.0371863953769207,0.006722436286509037,0.01992529258131981,0.0011247762013226748,0.9032368659973145,0.0009551100665703416,0.0,0.0,1.0,0.0,0.0,1.0,0.0,0.0,0.0,1.0,0.0,0.0,1.0,0.0,sadness
Parent accountability!,478,parent accountability,neutral,0.5287004709243774,8,"{'neutral': 0.7530565857887268, 'anger': 0.10262098163366318, 'disgust': 0.08461696654558182, 'sadness': 0.03844744712114334, 'fear': 0.00786313135176897, 'joy': 0.007540194783359766, 'surprise': 0.005854697898030281}",0.7530565857887268,0.005854697898030281,0.007540194783359766,0.10262098163366318,0.00786313135176897,0.03844744712114334,0.08461696654558182,0.0,0.0,0.0,0.0,0.0,0.0,0.0,0.0,0.0,0.0,0.0,0.0,0.0,0.0,neutral
haha: K-12 preparing kids for college?  College preparing young adults for employment?  Start there.,479,haha preparing kids college college preparing young adults employment start,neutral,0.7614049315452576,0,"{'joy': 0.7806792259216309, 'neutral': 0.15126927196979523, 'surprise': 0.03991429880261421, 'fear': 0.012888751924037933, 'anger': 0.00923402514308691, 'sadness': 0.0035489676520228386, 'disgust': 0.0024654814042150974}",0.15126927196979523,0.03991429880261421,0.7806792259216309,0.00923402514308691,0.012888751924037933,0.0035489676520228386,0.0024654814042150974,0.0,0.0,0.0,0.0,0.0,0.0,0.0,0.0,0.0,0.0,0.0,0.0,0.0,0.0,joy
Just because parents werent taught math correctly doesn't mean it is bad. My chinese study buddy took calculus in 6th grade.,480,parents werent taught math correctly doesnt mean bad chinese study buddy took calculus grade,negative,0.5810154676437378,6,"{'sadness': 0.5590658187866211, 'neutral': 0.19329474866390228, 'anger': 0.13590075075626373, 'disgust': 0.07389281690120697, 'surprise': 0.02808692865073681, 'fear': 0.0051917824894189835, 'joy': 0.004567110911011696, 'anger_linguistic': 1.0, 'anger_sentence_count': 1}",0.19329474866390228,0.02808692865073681,0.004567110911011696,0.13590075075626373,0.0051917824894189835,0.5590658187866211,0.07389281690120697,0.0,0.0,0.0,1.0,0.0,0.0,0.0,0.0,0.0,0.0,1.0,0.0,0.0,0.0,anger
Why not ask the leading countries in education for some guidelines or standards to follow?,481,ask leading countries education guidelines standards follow,neutral,0.8418654203414917,1,"{'neutral': 0.8633392453193665, 'surprise': 0.07459471374750137, 'sadness': 0.02728625014424324, 'anger': 0.015013800002634525, 'joy': 0.00972831156104803, 'fear': 0.007871662266552448, 'disgust': 0.0021660455968230963, 'sadness_linguistic': 1.0, 'sadness_sentence_count': 1}",0.8633392453193665,0.07459471374750137,0.00972831156104803,0.015013800002634525,0.007871662266552448,0.02728625014424324,0.0021660455968230963,0.0,0.0,0.0,0.0,0.0,1.0,0.0,0.0,0.0,0.0,0.0,0.0,1.0,0.0,neutral
"I am 28 and writing a philosophy paper on the ethics of the American Education System for colleges and exploring the avenues of health and wealth and trying to understand the problems that are located in colleges. I am here to try to use this as a source for the foundational problems before college that can lead to these issues that students of poverty who are bright achieve just as much as a student who has more money and aren't as bright. On the side of health, I want to focus on students who are sick superficially with, as an example, COVID. The focus being that students have to attend class while sick or watch their grades tank. Another focal point is on the terms of mental health and the emphasis that comes up with distress instead of eustress. I hope that by being here I am on the right track.",482,writing philosophy paper ethics american education system colleges exploring avenues health wealth trying understand problems located colleges try use source foundational problems college lead issues students poverty bright achieve much student money arent bright side health want focus students sick superficially example covid focus students attend class sick watch grades tank another focal point terms mental health emphasis comes distress instead eustress hope right track,neutral,0.6582412123680115,0,"{'fear': 0.7654560208320618, 'sadness': 0.18095022439956665, 'joy': 0.021530061960220337, 'neutral': 0.015502715483307838, 'anger': 0.009770574979484081, 'surprise': 0.005887265782803297, 'disgust': 0.0009031553054228425}",0.015502715483307838,0.005887265782803297,0.021530061960220337,0.009770574979484081,0.7654560208320618,0.18095022439956665,0.0009031553054228425,0.0,0.0,0.0,0.0,0.0,0.0,0.0,0.0,0.0,0.0,0.0,0.0,0.0,0.0,fear
Because of ignorant woke crap and bad delivery of education. Use VR virtual reality to teach and train people before they try it in real life. You'd have a far better teaching environment that's fun and creative. Instead of the same dull nonsense that gauges people poorly. Every person is able to be great at a few things. But finding those things is difficult for many reasons. This will ipen everyone up to the infinite possibilities.😎🇺🇸,483,ignorant woke crap bad delivery education use virtual reality teach train people try real life youd far better teaching environment thats fun creative instead dull nonsense gauges people poorly every person able great things finding things difficult many reasons ipen everyone infinite possibilities,neutral,0.3866300880908966,21,"{'sadness': 0.6021663546562195, 'surprise': 0.1769607812166214, 'joy': 0.08911822736263275, 'neutral': 0.06929006427526474, 'anger': 0.05215613543987274, 'disgust': 0.005524263251572847, 'fear': 0.004784187767654657, 'joy_linguistic': 2.0, 'neutral_linguistic': 1.0, 'joy_sentence_count': 1, 'neutral_sentence_count': 1}",0.06929006427526474,0.1769607812166214,0.08911822736263275,0.05215613543987274,0.004784187767654657,0.6021663546562195,0.005524263251572847,1.0,0.0,2.0,0.0,0.0,0.0,0.0,1.0,0.0,1.0,0.0,0.0,0.0,0.0,joy
The world is up side down! The summary is that there’s no Accountability for students at all!! The Extreme of Progressiveness and all the extreme Left brought Anarchy. Students they don’t want to study anything (most of them) and some of them are pretty Disrespectful. All of that it’s a time bomb. They are watching is on Common Core standards instead of failing the lazy students that are about the 50 percent in public schools. That’s the actual truth.,484,world side summary theres accountability students extreme progressiveness extreme left brought anarchy students dont want study anything pretty disrespectful time bomb watching common core standards instead failing lazy students percent public schools thats actual truth,negative,0.9094555377960205,0,"{'anger': 0.9516451954841614, 'sadness': 0.020065661519765854, 'joy': 0.014047205448150635, 'neutral': 0.006338576786220074, 'surprise': 0.004374631214886904, 'fear': 0.0019003675552085042, 'disgust': 0.0016283004079014063, 'anger_linguistic': 1.0, 'love_linguistic': 1.0, 'neutral_linguistic': 1.0, 'anger_sentence_count': 1, 'love_sentence_count': 1, 'neutral_sentence_count': 1}",0.006338576786220074,0.004374631214886904,0.014047205448150635,0.9516451954841614,0.0019003675552085042,0.020065661519765854,0.0016283004079014063,1.0,0.0,0.0,1.0,0.0,0.0,0.0,1.0,0.0,0.0,1.0,0.0,0.0,0.0,anger
What the US is overlooking will come at a price when we can no longer compete in technology.,485,overlooking come price longer compete technology,negative,0.5469198822975159,-1,"{'neutral': 0.5957922339439392, 'surprise': 0.20573894679546356, 'sadness': 0.0831889733672142, 'anger': 0.050299596041440964, 'fear': 0.03895691782236099, 'joy': 0.020537622272968292, 'disgust': 0.005485712084919214}",0.5957922339439392,0.20573894679546356,0.020537622272968292,0.050299596041440964,0.03895691782236099,0.0831889733672142,0.005485712084919214,0.0,0.0,0.0,0.0,0.0,0.0,0.0,0.0,0.0,0.0,0.0,0.0,0.0,0.0,neutral
"None of this speaks to WHY the education system is failing in America. The reasons include: Poor parenting, poor student quality, active intent on the part of the education system (big government) to create ignorant people who are easy to manipulate and control, politicization of education and politicians lining up along party lines to do what's right for the party rather than doing what's right for the nation, and just plain apathy. Our government is now (more than ever) controlled by elites who have an agenda that is not in sync with the needs of the citizenry.",486,none speaks education system failing america reasons include poor parenting poor student quality active intent part education system big government create ignorant people easy manipulate control politicization education politicians lining along party lines whats right party rather whats right nation plain apathy government ever controlled elites agenda sync needs citizenry,negative,0.7138523757457733,-1,"{'sadness': 0.7955202460289001, 'anger': 0.06644532084465027, 'neutral': 0.06616199016571045, 'surprise': 0.04396499693393707, 'joy': 0.02308213710784912, 'disgust': 0.0030078385025262833, 'fear': 0.0018175364239141345, 'neutral_linguistic': 0.5, 'joy_sentence_count': 1}",0.06616199016571045,0.04396499693393707,0.02308213710784912,0.06644532084465027,0.0018175364239141345,0.7955202460289001,0.0030078385025262833,0.5,0.0,0.0,0.0,0.0,0.0,0.0,0.0,0.0,1.0,0.0,0.0,0.0,0.0,sadness
E.d educational dysfunction,487,educational dysfunction,negative,0.7439731359481812,0,"{'neutral': 0.46532246470451355, 'disgust': 0.23171240091323853, 'sadness': 0.16646172106266022, 'anger': 0.06713525950908661, 'fear': 0.04912405088543892, 'surprise': 0.01774301566183567, 'joy': 0.002501095412299037, 'joy_linguistic': 1.0, 'joy_sentence_count': 1}",0.46532246470451355,0.01774301566183567,0.002501095412299037,0.06713525950908661,0.04912405088543892,0.16646172106266022,0.23171240091323853,0.0,0.0,1.0,0.0,0.0,0.0,0.0,0.0,0.0,1.0,0.0,0.0,0.0,0.0,joy
Simple: the government doesn’t want smart citizens,488,simple government doesnt want smart citizens,negative,0.8273648023605347,10,"{'neutral': 0.6854086518287659, 'sadness': 0.17833948135375977, 'surprise': 0.06912245601415634, 'anger': 0.03860832378268242, 'joy': 0.01893920823931694, 'disgust': 0.006825525313615799, 'fear': 0.0027563718613237143}",0.6854086518287659,0.06912245601415634,0.01893920823931694,0.03860832378268242,0.0027563718613237143,0.17833948135375977,0.006825525313615799,0.0,0.0,0.0,0.0,0.0,0.0,0.0,0.0,0.0,0.0,0.0,0.0,0.0,0.0,neutral
"I understand now why today's generation of children are so stupid. They can't even do elementary arithmatic correctly. The only way America's educational system will improve is if you pay teachers more. Teacher's today are paid peanuts, which is why they don't care about their job.",489,understand todays generation children stupid cant even elementary arithmatic correctly way americas educational system improve pay teachers teachers today paid peanuts dont care job,negative,0.9297115802764893,-1,"{'anger': 0.8548460006713867, 'sadness': 0.0894886776804924, 'neutral': 0.01679076813161373, 'surprise': 0.013837217353284359, 'disgust': 0.01164744421839714, 'fear': 0.008919935673475266, 'joy': 0.004470036365091801, 'love_linguistic': 1.0, 'love_sentence_count': 1}",0.01679076813161373,0.013837217353284359,0.004470036365091801,0.8548460006713867,0.008919935673475266,0.0894886776804924,0.01164744421839714,0.0,0.0,0.0,0.0,0.0,0.0,0.0,0.0,0.0,0.0,0.0,0.0,0.0,0.0,anger
I don’t think I learned common core going to rich public schools,490,dont think learned common core going rich public schools,negative,0.6185311675071716,26,"{'neutral': 0.6158740520477295, 'surprise': 0.29228541254997253, 'joy': 0.044100433588027954, 'anger': 0.024292325600981712, 'sadness': 0.012894432060420513, 'disgust': 0.007584969513118267, 'fear': 0.002968310145661235}",0.6158740520477295,0.29228541254997253,0.044100433588027954,0.024292325600981712,0.002968310145661235,0.012894432060420513,0.007584969513118267,0.0,0.0,0.0,0.0,0.0,0.0,0.0,0.0,0.0,0.0,0.0,0.0,0.0,0.0,neutral
"it started with no child left behind, then they added common core without reversing no child left behind",491,started child left behind added common core without reversing child left behind,negative,0.5942718982696533,-1,"{'neutral': 0.8004850149154663, 'surprise': 0.12674792110919952, 'anger': 0.031789012253284454, 'sadness': 0.014340679161250591, 'disgust': 0.01199713908135891, 'fear': 0.010341322049498558, 'joy': 0.004298895597457886}",0.8004850149154663,0.12674792110919952,0.004298895597457886,0.031789012253284454,0.010341322049498558,0.014340679161250591,0.01199713908135891,0.0,0.0,0.0,0.0,0.0,0.0,0.0,0.0,0.0,0.0,0.0,0.0,0.0,0.0,neutral
Take control of the schools outside of government administrators and put it back into the hands of parents. Implement a nationwide school choice program.,492,take control schools outside government administrators put back hands parents implement nationwide school choice program,neutral,0.804803729057312,0,"{'neutral': 0.7771504521369934, 'anger': 0.13907113671302795, 'fear': 0.03084443509578705, 'surprise': 0.01908165030181408, 'sadness': 0.015717176720499992, 'joy': 0.012026975862681866, 'disgust': 0.006108207628130913}",0.7771504521369934,0.01908165030181408,0.012026975862681866,0.13907113671302795,0.03084443509578705,0.015717176720499992,0.006108207628130913,0.0,0.0,0.0,0.0,0.0,0.0,0.0,0.0,0.0,0.0,0.0,0.0,0.0,0.0,neutral
Lies again? Big Ass Car (Grab Education),493,lies big ass car grab education,negative,0.9187343716621399,-1,"{'anger': 0.4890853464603424, 'neutral': 0.28086552023887634, 'disgust': 0.12647607922554016, 'sadness': 0.047919463366270065, 'surprise': 0.03691175952553749, 'joy': 0.011458511464297771, 'fear': 0.00728325080126524}",0.28086552023887634,0.03691175952553749,0.011458511464297771,0.4890853464603424,0.00728325080126524,0.047919463366270065,0.12647607922554016,0.0,0.0,0.0,0.0,0.0,0.0,0.0,0.0,0.0,0.0,0.0,0.0,0.0,0.0,anger
"@…  Yeah I think its just a cultural thing. We can sit and try to implement new standards, new policies...blah blah blah. However, I would say an emphasis on academic performance should not be what is the goal. Education/knowledge should be what we promote as a positive. Otherwise students are just learning FOR a grade, or FOR the test. Often students ask, WHY do I need to know this, or WHEN would I ever use this? Or feel this is a waste of time (again culture.....American culture very transactional, time is money). There is no appreciation or emphases on just being educated.",494,yeah think cultural thing sit try implement new standards new policiesblah blah blah however would say emphasis academic performance goal educationknowledge promote positive otherwise students learning grade test often students ask need know would ever use feel waste time cultureamerican culture transactional time money appreciation emphases educated,negative,0.597627267241478,4,"{'sadness': 0.7445604801177979, 'joy': 0.14433041214942932, 'neutral': 0.046376049518585205, 'anger': 0.03011961281299591, 'surprise': 0.029354706406593323, 'disgust': 0.004029105417430401, 'fear': 0.0012296183267608285, 'joy_linguistic': 1.0, 'neutral_linguistic': 2.0, 'joy_sentence_count': 1, 'neutral_sentence_count': 1}",0.046376049518585205,0.029354706406593323,0.14433041214942932,0.03011961281299591,0.0012296183267608285,0.7445604801177979,0.004029105417430401,2.0,0.0,1.0,0.0,0.0,0.0,0.0,1.0,0.0,1.0,0.0,0.0,0.0,0.0,neutral
"People fail to understand that we are no longer working with youth from Green Acres, The Waltons, Ozzie and Harriett, or Little House on the Prairie. Today's alpha generation is more informed than most of yesterday's graduates or today's adults. Today's adults are culturally incompetent about today's alpha generation. Schools use standards created by adults, approved by adults, and being applied to youth by adults. Like a podiatrist performing a gynecological exam. Not a good fit. Go back to basics. Don't fix it if it's not broken. As a note, how many actual high school students have comments here?",495,people fail understand longer working youth green acres waltons ozzie harriett little house prairie todays alpha generation informed yesterdays graduates todays adults todays adults culturally incompetent todays alpha generation schools use standards created adults approved adults applied youth adults like podiatrist performing gynecological exam good fit back basics dont fix broken note many actual high school students comments,negative,0.5923560857772827,-1,"{'neutral': 0.44520121812820435, 'surprise': 0.2589188516139984, 'sadness': 0.24781008064746857, 'anger': 0.019160322844982147, 'joy': 0.01636144146323204, 'fear': 0.008543244563043118, 'disgust': 0.004004849120974541, 'sadness_linguistic': 1.0, 'neutral_linguistic': 1.0, 'sadness_sentence_count': 1, 'neutral_sentence_count': 1}",0.44520121812820435,0.2589188516139984,0.01636144146323204,0.019160322844982147,0.008543244563043118,0.24781008064746857,0.004004849120974541,1.0,0.0,0.0,0.0,0.0,1.0,0.0,1.0,0.0,0.0,0.0,0.0,1.0,0.0,neutral
They keep saying they raised the standards yet  grading in the schools I attended has lowered the standards .  Changes like 60 to  70 is a D where when I was in school  last year D started with 70  .   All other countries require students to wear uniforms which takes  a lot of clothing bulling out of the picture and also puts focus in the classroom  on studies instead of clothing .   Kids get a lot of math but do not know how to use it in their everyday  incidences,496,keep saying raised standards yet grading schools attended lowered standards changes like school last year started countries require students wear uniforms takes lot clothing bulling picture also puts focus classroom studies instead clothing kids get lot math know use everyday incidences,negative,0.661401093006134,12,"{'anger': 0.40776604413986206, 'neutral': 0.3409843146800995, 'surprise': 0.11539506912231445, 'fear': 0.08306468278169632, 'sadness': 0.03959586098790169, 'joy': 0.007684089709073305, 'disgust': 0.005509967915713787, 'sadness_linguistic': 1.0, 'neutral_linguistic': 1.0, 'sadness_sentence_count': 1, 'neutral_sentence_count': 1}",0.3409843146800995,0.11539506912231445,0.007684089709073305,0.40776604413986206,0.08306468278169632,0.03959586098790169,0.005509967915713787,1.0,0.0,0.0,0.0,0.0,1.0,0.0,1.0,0.0,0.0,0.0,0.0,1.0,0.0,neutral
"""Simple: the government doesn’t want smart citizens"" Speaking as an educational researcher, the policies that dominate public schools today came straight from the business community--billionaires and the Business Roundtable. They don't understand education and they probably don't want too many people who can think for themselves, but to be fair, many leaders don't want that either.",497,simple government doesnt want smart citizens speaking educational researcher policies dominate public schools today came straight business communitybillionaires business roundtable dont understand education probably dont want many people think fair many leaders dont want either,negative,0.8000859022140503,-1,"{'surprise': 0.3730231523513794, 'neutral': 0.2886548340320587, 'sadness': 0.20601455867290497, 'joy': 0.07155505567789078, 'anger': 0.054621513932943344, 'fear': 0.004335212986916304, 'disgust': 0.0017956435913220048, 'neutral_linguistic': 1.0, 'neutral_sentence_count': 1}",0.2886548340320587,0.3730231523513794,0.07155505567789078,0.054621513932943344,0.004335212986916304,0.20601455867290497,0.0017956435913220048,1.0,0.0,0.0,0.0,0.0,0.0,0.0,1.0,0.0,0.0,0.0,0.0,0.0,0.0,neutral
"If you think CNBC is fake news, you have probably listened to too much truly fake news.",498,think cnbc fake news probably listened much truly fake news,negative,0.8093292117118835,29,"{'neutral': 0.7125796675682068, 'surprise': 0.1654467135667801, 'fear': 0.05452131852507591, 'anger': 0.03362811356782913, 'sadness': 0.019198035821318626, 'joy': 0.007660605013370514, 'disgust': 0.0069655016995966434, 'neutral_linguistic': 1.0, 'neutral_sentence_count': 1}",0.7125796675682068,0.1654467135667801,0.007660605013370514,0.03362811356782913,0.05452131852507591,0.019198035821318626,0.0069655016995966434,1.0,0.0,0.0,0.0,0.0,0.0,0.0,1.0,0.0,0.0,0.0,0.0,0.0,0.0,neutral
More and more college kids act like kids not like grown man or woman. I think parents treat them too well and try to block them from reality. Teachers should have more freedom to teach and challenge their students rather than yield to their demands.,499,college kids act like kids like grown man woman think parents treat well try block reality teachers freedom teach challenge students rather yield demands,negative,0.7922558188438416,0,"{'neutral': 0.845192551612854, 'anger': 0.05841026082634926, 'joy': 0.04168816655874252, 'surprise': 0.033698104321956635, 'fear': 0.008679869584739208, 'disgust': 0.006323978304862976, 'sadness': 0.006007031537592411, 'neutral_linguistic': 1.0, 'neutral_sentence_count': 1}",0.845192551612854,0.033698104321956635,0.04168816655874252,0.05841026082634926,0.008679869584739208,0.006007031537592411,0.006323978304862976,1.0,0.0,0.0,0.0,0.0,0.0,0.0,1.0,0.0,0.0,0.0,0.0,0.0,0.0,neutral
It's not low salaries. Those going into teaching knew or should have known the salaries and working conditions. The problem is the introduction of politics.,501,low salaries going teaching knew known salaries working conditions problem introduction politics,negative,0.5959761142730713,2,"{'neutral': 0.5903441309928894, 'anger': 0.1310977339744568, 'sadness': 0.08841253817081451, 'fear': 0.08431544899940491, 'surprise': 0.050831377506256104, 'disgust': 0.03398377075791359, 'joy': 0.021015005186200142, 'sadness_linguistic': 1.0, 'sadness_sentence_count': 1}",0.5903441309928894,0.050831377506256104,0.021015005186200142,0.1310977339744568,0.08431544899940491,0.08841253817081451,0.03398377075791359,0.0,0.0,0.0,0.0,0.0,1.0,0.0,0.0,0.0,0.0,0.0,0.0,1.0,0.0,sadness
"😂 why isn’t anyone looking at the fact the wages in Massachusetts are higher due to the high cost of living that in Arizona! 
Let’s get some federal funding? 
Has anyone look into an education platform call ACELLUS. Let’s look into it. Lots of private schools are using it.",503,isnt anyone looking fact wages massachusetts higher due high cost living arizona lets get federal funding anyone look education platform call acellus lets look lots private schools using,negative,0.7266720533370972,0,"{'neutral': 0.397711843252182, 'surprise': 0.33977609872817993, 'joy': 0.14072683453559875, 'sadness': 0.10361530631780624, 'anger': 0.014352479949593544, 'fear': 0.0025954614393413067, 'disgust': 0.0012219377094879746, 'joy_linguistic': 1.0, 'joy_sentence_count': 1}",0.397711843252182,0.33977609872817993,0.14072683453559875,0.014352479949593544,0.0025954614393413067,0.10361530631780624,0.0012219377094879746,0.0,0.0,1.0,0.0,0.0,0.0,0.0,0.0,0.0,1.0,0.0,0.0,0.0,0.0,joy
"I graduated awhile ago, school always made me feel dumb, I was pretty decent to everything except math. Math had always been difficult for me, in every other class I had trouble concentrating but I’d still get my work done and make passing grades. But with math if I payed attention or not I still wouldn’t understand at a very young age I gave up and only did the minimum. I didn’t start understanding math until my freshmen year of high school and even with that I’d still struggle with the most simple math, with harder math I didn’t even try because I knew it would be how it always was before I would stress myself about it or think the question was a trick question each time, I’d fail at every moment with math it gave me a lot of anxiety. Now as a adult I have trouble picking careers because almost everything has some sort of math. I’m at a loss but even now I’m trying to find ways to understand it .",504,graduated awhile ago school always made feel dumb pretty decent everything except math math always difficult every class trouble concentrating still get work done make passing grades math payed attention still wouldnt understand young age gave minimum didnt start understanding math freshmen year high school even still struggle simple math harder math didnt even try knew would always would stress think question trick question time fail every moment math gave lot anxiety adult trouble picking careers almost everything sort math loss even trying find ways understand,negative,0.8333385288715363,18,"{'sadness': 0.9891919493675232, 'fear': 0.9837268590927124, 'anger': 0.002384158782660961, 'joy': 0.002072595525532961, 'neutral': 0.0019078768091276288, 'surprise': 0.0027709738351404667, 'disgust': 0.0006872733356431127, 'sadness_linguistic': 1.0, 'anger_linguistic': 1.0, 'love_linguistic': 1.0, 'sadness_sentence_count': 1, 'anger_sentence_count': 1, 'love_sentence_count': 1}",0.0019078768091276288,0.0027709738351404667,0.002072595525532961,0.002384158782660961,0.9837268590927124,0.9891919493675232,0.0006872733356431127,0.0,0.0,0.0,1.0,0.0,1.0,0.0,0.0,0.0,0.0,1.0,0.0,1.0,0.0,sadness
"Smartphones made not-so-smart people starting with children. They don't take advantage of the technology instead they watch stupid videos like people farting on YouTube. Instead, of watching where they are walking, they look at their dumbphones. The movie ""Idiocracy"" is coming to real life. Your name is ""Not Sure""!",505,smartphones made notsosmart people starting children dont take advantage technology instead watch stupid videos like people farting youtube instead watching walking look dumbphones movie idiocracy coming real life name sure,negative,0.8776271939277649,34,"{'anger': 0.3851510286331177, 'sadness': 0.1848706305027008, 'neutral': 0.14659611880779266, 'disgust': 0.12258420139551163, 'surprise': 0.0924263745546341, 'joy': 0.04825003072619438, 'fear': 0.02012159302830696, 'anger_linguistic': 1.0, 'neutral_linguistic': 1.0, 'anger_sentence_count': 1, 'neutral_sentence_count': 1}",0.14659611880779266,0.0924263745546341,0.04825003072619438,0.3851510286331177,0.02012159302830696,0.1848706305027008,0.12258420139551163,1.0,0.0,0.0,1.0,0.0,0.0,0.0,1.0,0.0,0.0,1.0,0.0,0.0,0.0,anger
Teachers all operating in their own agendas and assigning their own massive projects at the same time.,506,teachers operating agendas assigning massive projects time,neutral,0.49654972553253174,-1,"{'neutral': 0.5224663615226746, 'anger': 0.2904440462589264, 'disgust': 0.10210078954696655, 'surprise': 0.042369160801172256, 'sadness': 0.01684650592505932, 'fear': 0.01549435593187809, 'joy': 0.010278770700097084}",0.5224663615226746,0.042369160801172256,0.010278770700097084,0.2904440462589264,0.01549435593187809,0.01684650592505932,0.10210078954696655,0.0,0.0,0.0,0.0,0.0,0.0,0.0,0.0,0.0,0.0,0.0,0.0,0.0,0.0,neutral
they call them Facist.ofc they wont learn from them,507,call facistofc wont learn,negative,0.8726471662521362,-1,"{'neutral': 0.7150662541389465, 'sadness': 0.22277182340621948, 'surprise': 0.04141271114349365, 'anger': 0.006655888631939888, 'fear': 0.005185327026993036, 'joy': 0.00512779550626874, 'disgust': 0.003780197352170944}",0.7150662541389465,0.04141271114349365,0.00512779550626874,0.006655888631939888,0.005185327026993036,0.22277182340621948,0.003780197352170944,0.0,0.0,0.0,0.0,0.0,0.0,0.0,0.0,0.0,0.0,0.0,0.0,0.0,0.0,neutral
"Because it puts military spending a head of the development of its own nations kids every year education spending gets cut and then kids get stupider which means stupid adults. I will believe whatever you say. And not to mention that healthcare funding is always the first to cut but guess what never gets cut the military budget, the military industrial complex and major drug companies but if you want teachers doctors or anything that is important for a functioning society those are the first to get cut all the time",508,puts military spending head development nations kids every year education spending gets cut kids get stupider means stupid adults believe whatever say mention healthcare funding always first cut guess never gets cut military budget military industrial complex major drug companies want teachers doctors anything important functioning society first get cut time,negative,0.7577269673347473,-1,"{'surprise': 0.31213298439979553, 'anger': 0.30559074878692627, 'sadness': 0.15600357949733734, 'neutral': 0.1368260383605957, 'joy': 0.06951041519641876, 'fear': 0.011902213096618652, 'disgust': 0.008034024387598038, 'neutral_linguistic': 0.5, 'anger_linguistic': 1.0, 'joy_sentence_count': 1, 'anger_sentence_count': 1, 'love_sentence_count': 1}",0.1368260383605957,0.31213298439979553,0.06951041519641876,0.30559074878692627,0.011902213096618652,0.15600357949733734,0.008034024387598038,0.5,0.0,0.0,1.0,0.0,0.0,0.0,0.0,0.0,1.0,1.0,0.0,0.0,0.0,anger
"This is breathtaking. I recently read a similar book, and it took my breath away. ""The Hidden Empire: Inside the Private Worlds of Elite CEOs"" by Adam Skylight",509,breathtaking recently read similar book took breath away hidden empire inside private worlds elite ceos adam skylight,positive,0.9654033780097961,48,"{'surprise': 0.5799252390861511, 'neutral': 0.19817666709423065, 'fear': 0.09697221964597702, 'joy': 0.07939273864030838, 'anger': 0.02333149127662182, 'disgust': 0.015064327046275139, 'sadness': 0.007137277629226446}",0.19817666709423065,0.5799252390861511,0.07939273864030838,0.02333149127662182,0.09697221964597702,0.007137277629226446,0.015064327046275139,0.0,0.0,0.0,0.0,0.0,0.0,0.0,0.0,0.0,0.0,0.0,0.0,0.0,0.0,surprise
"A video I recently saw had someone asking random New York citizens simple questions and yet they weren't able to answer them.....

The questions were how to read an analog clock and the current U.S president. Wow.",510,video recently saw someone asking random new york citizens simple questions yet werent able answer questions read analog clock current president wow,negative,0.5136202573776245,45,"{'surprise': 0.9705352783203125, 'neutral': 0.014663508161902428, 'sadness': 0.004662455525249243, 'joy': 0.004322555381804705, 'anger': 0.002518890891224146, 'fear': 0.001841855701059103, 'disgust': 0.001455508405342698}",0.014663508161902428,0.9705352783203125,0.004322555381804705,0.002518890891224146,0.001841855701059103,0.004662455525249243,0.001455508405342698,0.0,0.0,0.0,0.0,0.0,0.0,0.0,0.0,0.0,0.0,0.0,0.0,0.0,0.0,surprise
I hear they are not failing students and letting them move on. If there’s no fear then it’s doomed. This generation is cooled,511,hear failing students letting move theres fear doomed generation cooled,negative,0.5569391846656799,-1,"{'fear': 0.8200287818908691, 'sadness': 0.1259680986404419, 'anger': 0.041378360241651535, 'joy': 0.005940098315477371, 'neutral': 0.0033270143903791904, 'surprise': 0.0026292044203728437, 'disgust': 0.0007284487364813685}",0.0033270143903791904,0.0026292044203728437,0.005940098315477371,0.041378360241651535,0.8200287818908691,0.1259680986404419,0.0007284487364813685,0.0,0.0,0.0,0.0,0.0,0.0,0.0,0.0,0.0,0.0,0.0,0.0,0.0,0.0,fear
Teachers are ranked 3rd in millionaire profession.,512,teachers ranked millionaire profession,neutral,0.5433444380760193,2,"{'neutral': 0.3853212296962738, 'surprise': 0.36859434843063354, 'joy': 0.19920988380908966, 'anger': 0.023699140176177025, 'sadness': 0.008772915229201317, 'disgust': 0.00804896280169487, 'fear': 0.006353533361107111}",0.3853212296962738,0.36859434843063354,0.19920988380908966,0.023699140176177025,0.006353533361107111,0.008772915229201317,0.00804896280169487,0.0,0.0,0.0,0.0,0.0,0.0,0.0,0.0,0.0,0.0,0.0,0.0,0.0,0.0,neutral
"Teachers are underpaid and over worked. Common Core was a mess. My mom bought out her retirement in 2003 so she could retire early and not have to teach common core. In 2024 my high school sophomore student is learning what I learned in my first two years (1998, 1999) of university.  And then there’s the south.",513,teachers underpaid worked common core mess mom bought retirement could retire early teach common core high school sophomore student learning learned first two years university theres south,negative,0.7695982456207275,26,"{'sadness': 0.626679003238678, 'neutral': 0.13927039504051208, 'anger': 0.1269671767950058, 'joy': 0.053054437041282654, 'surprise': 0.04497472569346428, 'disgust': 0.005427306052297354, 'fear': 0.0036269845440983772}",0.13927039504051208,0.04497472569346428,0.053054437041282654,0.1269671767950058,0.0036269845440983772,0.626679003238678,0.005427306052297354,0.0,0.0,0.0,0.0,0.0,0.0,0.0,0.0,0.0,0.0,0.0,0.0,0.0,0.0,sadness
The public school have twice the support staff and administrators of 10 years ago. Meanwhile private schools have the same support staff and administrators as 10 year ago and have twice as  many students achieving National Merit Schlorships.,514,public school twice support staff administrators years ago meanwhile private schools support staff administrators year ago twice many students achieving national merit schlorships,neutral,0.6562687158584595,0,"{'neutral': 0.7919318079948425, 'surprise': 0.16917265951633453, 'joy': 0.016956668347120285, 'sadness': 0.010228180326521397, 'anger': 0.007645638659596443, 'disgust': 0.0025929606053978205, 'fear': 0.0014720926992595196, 'anger_linguistic': 1.0, 'anger_sentence_count': 1}",0.7919318079948425,0.16917265951633453,0.016956668347120285,0.007645638659596443,0.0014720926992595196,0.010228180326521397,0.0025929606053978205,0.0,0.0,0.0,1.0,0.0,0.0,0.0,0.0,0.0,0.0,1.0,0.0,0.0,0.0,neutral
"That's a great idea.  If we want to be effective like those other systems, we must eliminate immigration.  Let's do it!",515,thats great idea want effective like systems must eliminate immigration lets,positive,0.8813757300376892,-1,"{'neutral': 0.567958414554596, 'joy': 0.184808611869812, 'surprise': 0.1441616415977478, 'anger': 0.046038225293159485, 'sadness': 0.03672251105308533, 'fear': 0.014837770722806454, 'disgust': 0.005472857970744371, 'joy_linguistic': 1.0, 'joy_sentence_count': 1}",0.567958414554596,0.1441616415977478,0.184808611869812,0.046038225293159485,0.014837770722806454,0.03672251105308533,0.005472857970744371,0.0,0.0,1.0,0.0,0.0,0.0,0.0,0.0,0.0,1.0,0.0,0.0,0.0,0.0,joy
How's that going to work? You want teachers to go door to door to teach??,516,hows going work want teachers door door teach,negative,0.713535726070404,-1,"{'neutral': 0.7243658900260925, 'surprise': 0.10842293500900269, 'sadness': 0.0850483626127243, 'joy': 0.04015333950519562, 'fear': 0.021477151662111282, 'anger': 0.01637244038283825, 'disgust': 0.00415994506329298}",0.7243658900260925,0.10842293500900269,0.04015333950519562,0.01637244038283825,0.021477151662111282,0.0850483626127243,0.00415994506329298,0.0,0.0,0.0,0.0,0.0,0.0,0.0,0.0,0.0,0.0,0.0,0.0,0.0,0.0,neutral
because none of those questions have a meaningful enough affect in their lives. our brain is wired to retain only those information that an individual considers important.,517,none questions meaningful enough affect lives brain wired retain information individual considers important,negative,0.6971076726913452,30,"{'neutral': 0.7656698822975159, 'surprise': 0.07380720973014832, 'sadness': 0.05669547617435455, 'anger': 0.04796701669692993, 'disgust': 0.028252413496375084, 'fear': 0.0174016822129488, 'joy': 0.010206341743469238, 'anger_linguistic': 1.0, 'anger_sentence_count': 1}",0.7656698822975159,0.07380720973014832,0.010206341743469238,0.04796701669692993,0.0174016822129488,0.05669547617435455,0.028252413496375084,0.0,0.0,0.0,1.0,0.0,0.0,0.0,0.0,0.0,0.0,1.0,0.0,0.0,0.0,neutral
Thats alotta learning!,518,thats alotta learning,positive,0.9214587211608887,53,"{'neutral': 0.6528546214103699, 'sadness': 0.11694842576980591, 'surprise': 0.08692355453968048, 'joy': 0.0531216599047184, 'disgust': 0.047338150441646576, 'anger': 0.03174838423728943, 'fear': 0.011065184138715267}",0.6528546214103699,0.08692355453968048,0.0531216599047184,0.03174838423728943,0.011065184138715267,0.11694842576980591,0.047338150441646576,0.0,0.0,0.0,0.0,0.0,0.0,0.0,0.0,0.0,0.0,0.0,0.0,0.0,0.0,neutral
Homeschooling is not broken. So you must be talking about government schools.,520,homeschooling broken must talking government schools,neutral,0.6265190243721008,15,"{'sadness': 0.680830180644989, 'anger': 0.2443486452102661, 'neutral': 0.02752607874572277, 'fear': 0.01535696443170309, 'disgust': 0.014885630458593369, 'surprise': 0.014019054360687733, 'joy': 0.0030334526672959328, 'sadness_linguistic': 1.0, 'sadness_sentence_count': 1}",0.02752607874572277,0.014019054360687733,0.0030334526672959328,0.2443486452102661,0.01535696443170309,0.680830180644989,0.014885630458593369,0.0,0.0,0.0,0.0,0.0,1.0,0.0,0.0,0.0,0.0,0.0,0.0,1.0,0.0,sadness
A standardised education system is sorely needed. This just wasn’t the right one,521,standardised education system sorely needed wasnt right one,negative,0.7334851622581482,-1,"{'sadness': 0.8136341571807861, 'neutral': 0.11659469455480576, 'surprise': 0.03372110798954964, 'anger': 0.02020539902150631, 'disgust': 0.0060077840462327, 'joy': 0.005711093544960022, 'fear': 0.004125794395804405}",0.11659469455480576,0.03372110798954964,0.005711093544960022,0.02020539902150631,0.004125794395804405,0.8136341571807861,0.0060077840462327,0.0,0.0,0.0,0.0,0.0,0.0,0.0,0.0,0.0,0.0,0.0,0.0,0.0,0.0,sadness
"😂😂😂😂😂😂😂

Cuz we don’t teach anything except DEI and crap",522,cuz dont teach anything except dei crap,negative,0.765731155872345,-1,"{'anger': 0.33626046776771545, 'disgust': 0.29707568883895874, 'neutral': 0.2720208466053009, 'sadness': 0.062328681349754333, 'surprise': 0.013177712447941303, 'fear': 0.012794340029358864, 'joy': 0.006342211738228798}",0.2720208466053009,0.013177712447941303,0.006342211738228798,0.33626046776771545,0.012794340029358864,0.062328681349754333,0.29707568883895874,0.0,0.0,0.0,0.0,0.0,0.0,0.0,0.0,0.0,0.0,0.0,0.0,0.0,0.0,anger
"when china , makes kids study from 6am to 9pm, Monday through Saturday. competition to get into middle school, high school, and college spots or you enter the work force",523,china makes kids study monday saturday competition get middle school high school college spots enter work force,neutral,0.7622694373130798,1,"{'joy': 0.4913015365600586, 'neutral': 0.411776602268219, 'surprise': 0.043706316500902176, 'sadness': 0.03322447091341019, 'anger': 0.013663213700056076, 'fear': 0.004784677177667618, 'disgust': 0.0015432677464559674}",0.411776602268219,0.043706316500902176,0.4913015365600586,0.013663213700056076,0.004784677177667618,0.03322447091341019,0.0015432677464559674,0.0,0.0,0.0,0.0,0.0,0.0,0.0,0.0,0.0,0.0,0.0,0.0,0.0,0.0,joy
I went to a Catholic school for nine years. Thank God.,524,went catholic school nine years thank god,positive,0.966587483882904,-1,"{'joy': 0.8705610632896423, 'surprise': 0.10160159319639206, 'neutral': 0.013372460380196571, 'sadness': 0.009684036485850811, 'anger': 0.0028771229553967714, 'fear': 0.001261790283024311, 'disgust': 0.0006419609999284148}",0.013372460380196571,0.10160159319639206,0.8705610632896423,0.0028771229553967714,0.001261790283024311,0.009684036485850811,0.0006419609999284148,0.0,0.0,0.0,0.0,0.0,0.0,0.0,0.0,0.0,0.0,0.0,0.0,0.0,0.0,joy
The issue is that A HUGE NUMBER of kids miss waaaaay too many days of school as well,525,issue huge number kids miss waaaaay many days school well,negative,0.8575780391693115,15,"{'sadness': 0.9182649850845337, 'surprise': 0.04820161685347557, 'neutral': 0.016643090173602104, 'joy': 0.010504377074539661, 'anger': 0.0034520721528679132, 'fear': 0.002008554758504033, 'disgust': 0.0009252825402654707}",0.016643090173602104,0.04820161685347557,0.010504377074539661,0.0034520721528679132,0.002008554758504033,0.9182649850845337,0.0009252825402654707,0.0,0.0,0.0,0.0,0.0,0.0,0.0,0.0,0.0,0.0,0.0,0.0,0.0,0.0,sadness
"When will we start calling out their parents???? PARENTS SHOULD START BEING INVOLVED AND START DISCIPLINING THEIR KIDS! 

I have a first grade class and half of the class has behavioral issues which makes it hard for other students to learn 😢😢

The parents do not discipline them at all 😮",526,start calling parents parents start involved start disciplining kids first grade class half class behavioral issues makes hard students learn parents discipline,negative,0.9076092839241028,0,"{'anger': 0.4175795912742615, 'fear': 0.34109222888946533, 'sadness': 0.14367778599262238, 'neutral': 0.06172298640012741, 'surprise': 0.016070369631052017, 'disgust': 0.0115136057138443, 'joy': 0.008343353867530823}",0.06172298640012741,0.016070369631052017,0.008343353867530823,0.4175795912742615,0.34109222888946533,0.14367778599262238,0.0115136057138443,0.0,0.0,0.0,0.0,0.0,0.0,0.0,0.0,0.0,0.0,0.0,0.0,0.0,0.0,anger
what we learn and why first of all we have to clear it then we have to expend our time & money respectively. Thanks.,527,learn first clear expend time money respectively thanks,neutral,0.783672034740448,55,"{'neutral': 0.9389349222183228, 'surprise': 0.021940570324659348, 'joy': 0.014878622256219387, 'anger': 0.01382974348962307, 'disgust': 0.004111066460609436, 'sadness': 0.00387969589792192, 'fear': 0.0024253884330391884, 'love_linguistic': 1.0, 'love_sentence_count': 1}",0.9389349222183228,0.021940570324659348,0.014878622256219387,0.01382974348962307,0.0024253884330391884,0.00387969589792192,0.004111066460609436,0.0,0.0,0.0,0.0,0.0,0.0,0.0,0.0,0.0,0.0,0.0,0.0,0.0,0.0,neutral
Liberals that's why,528,liberals thats,neutral,0.6109479665756226,42,"{'neutral': 0.8727438449859619, 'disgust': 0.04117891564965248, 'anger': 0.039784010499715805, 'surprise': 0.01859092526137829, 'joy': 0.01726171188056469, 'sadness': 0.00779305212199688, 'fear': 0.0026474525220692158}",0.8727438449859619,0.01859092526137829,0.01726171188056469,0.039784010499715805,0.0026474525220692158,0.00779305212199688,0.04117891564965248,0.0,0.0,0.0,0.0,0.0,0.0,0.0,0.0,0.0,0.0,0.0,0.0,0.0,0.0,neutral
Not only are Gen alpha kids being made stupid thanks to the factors they are being raised with currently but we also have some states showing OragerU videos in schools unironically... So in the case of those states the kids are becoming dumber and the schools are actively trying to make them dumber.,529,gen alpha kids made stupid thanks factors raised currently also states showing orageru videos schools unironically case states kids becoming dumber schools actively trying make dumber,negative,0.8965514898300171,0,"{'anger': 0.9734272956848145, 'disgust': 0.008069056086242199, 'sadness': 0.006814697291702032, 'neutral': 0.005422657821327448, 'surprise': 0.0036285188980400562, 'joy': 0.001810797955840826, 'fear': 0.0008269831305369735, 'anger_linguistic': 2.0, 'neutral_linguistic': 1.0, 'anger_sentence_count': 1, 'neutral_sentence_count': 1}",0.005422657821327448,0.0036285188980400562,0.001810797955840826,0.9734272956848145,0.0008269831305369735,0.006814697291702032,0.008069056086242199,1.0,0.0,0.0,2.0,0.0,0.0,0.0,1.0,0.0,0.0,1.0,0.0,0.0,0.0,anger
"LOL...Common Sense dictates that it's not the Standards that doom US Education (the old standards led to space travel, nuclear power and the internet's creation)...it's the politics and capitalistic greed which rendered equity in the service delivery across the states ineffective that is the core evil to blame in the US education downturn. None of our leaders are ever held accountable and all blame falls onto teachers and the middle accountable are the local schools wholesale (if they can't blame teachers). The problem is clear if you look at the quality of effective teacher training and support they provide teachers...the teachers get one-offs and train-the-trainers (which is code for use the money to send leaders  with no direct student contact on a free vacation) unless they pay out of their own pockets. They also have to supplement out-of-pocket all the missing components and replenishable consumables of all the flash in the pan ""initiatives"" that have never shown any long-term efficacy and yet were adopted as if a cure-all...and even for the failure of these materials...the teachers are to blame...sadly (as if they are at fault for the dismal preparation and training they got using them). To top all of these, they are led by local school leaders unproven by the same evaluations they use to gauge teacher quality of instructional delivery and who have an average of 5 years or less in the classroom experience...yet they act that they know better than a teacher of 20+ years...they manage NOT lead.",530,lolcommon sense dictates standards doom education old standards led space travel nuclear power internets creationits politics capitalistic greed rendered equity service delivery across states ineffective core evil blame education downturn none leaders ever held accountable blame falls onto teachers middle accountable local schools wholesale cant blame teachers problem clear look quality effective teacher training support provide teachersthe teachers get oneoffs trainthetrainers code use money send leaders direct student contact free vacation unless pay pockets also supplement outofpocket missing components replenishable consumables flash pan initiatives never shown longterm efficacy yet adopted curealland even failure materialsthe teachers blamesadly fault dismal preparation training got using top led local school leaders unproven evaluations use gauge teacher quality instructional delivery average years less classroom experienceyet act know better teacher yearsthey manage lead,negative,0.7994747559229533,0,"{'sadness': 0.8122660517692566, 'anger': 0.09384456276893616, 'fear': 0.029699748381972313, 'joy': 0.21127568185329437, 'neutral': 0.42170363664627075, 'surprise': 0.20790639519691467, 'disgust': 0.0019297503167763352, 'sadness_linguistic': 1.5, 'fear_linguistic': 1.0, 'anger_linguistic': 1.0, 'sadness_sentence_count': 1, 'fear_sentence_count': 1, 'anger_sentence_count': 1, 'neutral_sentence_count': 1}",0.42170363664627075,0.20790639519691467,0.21127568185329437,0.09384456276893616,0.029699748381972313,0.8122660517692566,0.0019297503167763352,0.0,0.0,0.0,1.0,1.0,1.5,0.0,1.0,0.0,0.0,1.0,1.0,1.0,0.0,sadness
"How the education system is failing America now? It's been doing this for at least 100 years. Kids should go to school online, and businesses should be working with online school to train the next generation in jobs these companies will need workers for. Forget brick and mortar schools. And save tax payer money. Teachers can be assigned to rotate between homes.",531,education system failing america least years kids school online businesses working online school train next generation jobs companies need workers forget brick mortar schools save tax payer money teachers assigned rotate homes,negative,0.7340625524520874,-1,"{'sadness': 0.5684754252433777, 'neutral': 0.2687638998031616, 'surprise': 0.10962504893541336, 'joy': 0.03081473335623741, 'anger': 0.012096546590328217, 'fear': 0.006756799295544624, 'disgust': 0.0034675435163080692}",0.2687638998031616,0.10962504893541336,0.03081473335623741,0.012096546590328217,0.006756799295544624,0.5684754252433777,0.0034675435163080692,0.0,0.0,0.0,0.0,0.0,0.0,0.0,0.0,0.0,0.0,0.0,0.0,0.0,0.0,sadness
"That salary and benefits, with all the time off isn’t that bad.",532,salary benefits time isnt bad,positive,0.6804957985877991,2,"{'sadness': 0.6301547288894653, 'neutral': 0.21333667635917664, 'joy': 0.09597523510456085, 'surprise': 0.031163431704044342, 'disgust': 0.016691427677869797, 'anger': 0.008489939384162426, 'fear': 0.00418857391923666}",0.21333667635917664,0.031163431704044342,0.09597523510456085,0.008489939384162426,0.00418857391923666,0.6301547288894653,0.016691427677869797,0.0,0.0,0.0,0.0,0.0,0.0,0.0,0.0,0.0,0.0,0.0,0.0,0.0,0.0,sadness
Special ed class must be full,533,special class must full,neutral,0.6872026920318604,12,"{'neutral': 0.8018990159034729, 'surprise': 0.12726497650146484, 'sadness': 0.04364413768053055, 'joy': 0.009569352492690086, 'anger': 0.00927834864705801, 'fear': 0.004627952817827463, 'disgust': 0.0037162129301577806, 'love_linguistic': 1.0, 'love_sentence_count': 1}",0.8018990159034729,0.12726497650146484,0.009569352492690086,0.00927834864705801,0.004627952817827463,0.04364413768053055,0.0037162129301577806,0.0,0.0,0.0,0.0,0.0,0.0,0.0,0.0,0.0,0.0,0.0,0.0,0.0,0.0,neutral
"""Here's the history of the common Corps: In 2009 the national Governor Association and the Council of Chief State School officers partnered with achieve Inc, a nonprofit that received millions of funding from the Bill and Malinda Gates Foundation. Thus the initiative seemed to spring from States when in reality it was contrived by an insular group of educational testing executives with only two academic content specialists. Neither specialist approved the final standards"" 

https://www.youtube.com/watch?v=PprP5TCZBRI",534,heres history common corps national governor association council chief state school officers partnered achieve inc nonprofit received millions funding bill malinda gates foundation thus initiative seemed spring states reality contrived insular group educational testing executives two academic content specialists neither specialist approved final standards,neutral,0.7720393240451813,0,"{'surprise': 0.4353783428668976, 'joy': 0.30449676513671875, 'neutral': 0.21298585832118988, 'sadness': 0.026851149275898933, 'anger': 0.01627717912197113, 'fear': 0.003305522259324789, 'disgust': 0.0007051400607451797, 'neutral_linguistic': 0.75, 'sadness_linguistic': 1.0, 'joy_sentence_count': 1, 'love_sentence_count': 1, 'neutral_sentence_count': 1}",0.21298585832118988,0.4353783428668976,0.30449676513671875,0.01627717912197113,0.003305522259324789,0.026851149275898933,0.0007051400607451797,0.75,0.0,0.0,0.0,0.0,1.0,0.0,1.0,0.0,1.0,0.0,0.0,0.0,0.0,sadness
"As a student who went through CC Math and is now an engineering college student, CC Math leads to intuition that is valuable in the long run",535,student went math engineering college student math leads intuition valuable long run,positive,0.7207033634185791,18,"{'joy': 0.662775456905365, 'neutral': 0.2106928825378418, 'fear': 0.059310831129550934, 'surprise': 0.037277646362781525, 'anger': 0.016829870641231537, 'sadness': 0.009126112796366215, 'disgust': 0.003987179137766361}",0.2106928825378418,0.037277646362781525,0.662775456905365,0.016829870641231537,0.059310831129550934,0.009126112796366215,0.003987179137766361,0.0,0.0,0.0,0.0,0.0,0.0,0.0,0.0,0.0,0.0,0.0,0.0,0.0,0.0,joy
"There are two main problems with how standardized education works: student stress and lack of common sense. When schools stress students out, the students are less able to think creatively. This is a problem because ingenuity is important for gaining new skills and solving problems. Unless you study math, school doesn't really teach you how to think, it teaches you what to think. Unless the student learns to apply their common sense to derive those arcane works they learn about in school, then they aren't really preparing to gain new skills.",536,two main problems standardized education works student stress lack common sense schools stress students students less able think creatively problem ingenuity important gaining new skills solving problems unless study math school doesnt really teach think teaches think unless student learns apply common sense derive arcane works learn school arent really preparing gain new skills,negative,0.706965833902359,39,"{'sadness': 0.6741383075714111, 'anger': 0.18350812792778015, 'joy': 0.06569688767194748, 'fear': 0.03435558080673218, 'neutral': 0.02621663361787796, 'surprise': 0.01461894903331995, 'disgust': 0.0014655758859589696, 'neutral_linguistic': 1.2, 'neutral_sentence_count': 1}",0.02621663361787796,0.01461894903331995,0.06569688767194748,0.18350812792778015,0.03435558080673218,0.6741383075714111,0.0014655758859589696,1.2,0.0,0.0,0.0,0.0,0.0,0.0,1.0,0.0,0.0,0.0,0.0,0.0,0.0,neutral
"our america is burdened with cost as illegals come in having been partial pregnent taking advatage of the give birth on american soil and we grant the mother and child citizen ship 
added to that uneducated women being pregnant trying to give birth on american soil 
and you can see the disasters already set up to burden America",537,america burdened cost illegals come partial pregnent taking advatage give birth american soil grant mother child citizen ship added uneducated women pregnant trying give birth american soil see disasters already set burden america,negative,0.8231802582740784,19,"{'sadness': 0.8873583078384399, 'anger': 0.060360055416822433, 'joy': 0.023627212271094322, 'neutral': 0.00992767233401537, 'fear': 0.00915122777223587, 'surprise': 0.008311411365866661, 'disgust': 0.0012641140492632985}",0.00992767233401537,0.008311411365866661,0.023627212271094322,0.060360055416822433,0.00915122777223587,0.8873583078384399,0.0012641140492632985,0.0,0.0,0.0,0.0,0.0,0.0,0.0,0.0,0.0,0.0,0.0,0.0,0.0,0.0,sadness
"I realized the American education system had shortcomings when someone from my third-world country, Indonesia, moved to the US, and her daughter, who was in the 5th grade, was placed in an accelerated program to the 7th grade. In Indonesia, a 5th grader would skip one year and go directly into the first year of middle school (7th grade). So, while her friends in Indonesia are still in elementary school, she's already in middle school in the US.",538,realized american education system shortcomings someone thirdworld country indonesia moved daughter grade placed accelerated program grade indonesia grader would skip one year directly first year middle school grade friends indonesia still elementary school shes already middle school,neutral,0.6779851317405701,45,"{'surprise': 0.5293328166007996, 'neutral': 0.22301925718784332, 'sadness': 0.1971079707145691, 'anger': 0.027878394350409508, 'joy': 0.0129012456163764, 'fear': 0.007347484584897757, 'disgust': 0.0024128055665642023, 'neutral_linguistic': 1.0, 'neutral_sentence_count': 1}",0.22301925718784332,0.5293328166007996,0.0129012456163764,0.027878394350409508,0.007347484584897757,0.1971079707145691,0.0024128055665642023,1.0,0.0,0.0,0.0,0.0,0.0,0.0,1.0,0.0,0.0,0.0,0.0,0.0,0.0,neutral
"its not failing, its what you called being relevant, having education latelty is useless",539,failing called relevant education latelty useless,negative,0.8106309771537781,16,"{'anger': 0.5576927661895752, 'sadness': 0.4118069112300873, 'neutral': 0.011551444418728352, 'disgust': 0.01087120734155178, 'fear': 0.002981361700221896, 'surprise': 0.0029703204054385424, 'joy': 0.0021259253844618797}",0.011551444418728352,0.0029703204054385424,0.0021259253844618797,0.5576927661895752,0.002981361700221896,0.4118069112300873,0.01087120734155178,0.0,0.0,0.0,0.0,0.0,0.0,0.0,0.0,0.0,0.0,0.0,0.0,0.0,0.0,anger
They completely missed the real reason why the education system failed.  It's been hijacked by the religious far right bible fundamentalists,540,completely missed real reason education system failed hijacked religious far right bible fundamentalists,negative,0.9178128838539124,28,"{'sadness': 0.32029783725738525, 'neutral': 0.2348344475030899, 'surprise': 0.19443336129188538, 'anger': 0.16659772396087646, 'fear': 0.047847144305706024, 'disgust': 0.03366396203637123, 'joy': 0.002325509674847126, 'joy_linguistic': 1.2, 'neutral_linguistic': 1.2, 'joy_sentence_count': 1, 'neutral_sentence_count': 1}",0.2348344475030899,0.19443336129188538,0.002325509674847126,0.16659772396087646,0.047847144305706024,0.32029783725738525,0.03366396203637123,1.2,0.0,1.2,0.0,0.0,0.0,0.0,1.0,0.0,1.0,0.0,0.0,0.0,0.0,neutral
"The wage gap is a problem! But, you can give each teacher 1,000,000 it will not make or students smarter.",541,wage gap problem give teacher make students smarter,negative,0.8138589859008789,2,"{'neutral': 0.7265716791152954, 'anger': 0.08435994386672974, 'surprise': 0.0655270516872406, 'joy': 0.06294532865285873, 'sadness': 0.03009955585002899, 'fear': 0.019118430092930794, 'disgust': 0.011378050781786442}",0.7265716791152954,0.0655270516872406,0.06294532865285873,0.08435994386672974,0.019118430092930794,0.03009955585002899,0.011378050781786442,0.0,0.0,0.0,0.0,0.0,0.0,0.0,0.0,0.0,0.0,0.0,0.0,0.0,0.0,neutral
Cool story,544,cool story,positive,0.8699929118156433,-1,"{'neutral': 0.6354835033416748, 'joy': 0.21486663818359375, 'surprise': 0.10193662345409393, 'sadness': 0.022924350574612617, 'anger': 0.01372451800853014, 'disgust': 0.007947365753352642, 'fear': 0.003116907086223364}",0.6354835033416748,0.10193662345409393,0.21486663818359375,0.01372451800853014,0.003116907086223364,0.022924350574612617,0.007947365753352642,0.0,0.0,0.0,0.0,0.0,0.0,0.0,0.0,0.0,0.0,0.0,0.0,0.0,0.0,neutral
Yep this topic is well documented all the YT and tiktok memes online.,545,yep topic well documented tiktok memes online,neutral,0.7461419701576233,21,"{'surprise': 0.3823188543319702, 'joy': 0.3486449122428894, 'neutral': 0.24754925072193146, 'sadness': 0.009733369573950768, 'anger': 0.0055453539825975895, 'disgust': 0.003917335066944361, 'fear': 0.00229084026068449}",0.24754925072193146,0.3823188543319702,0.3486449122428894,0.0055453539825975895,0.00229084026068449,0.009733369573950768,0.003917335066944361,0.0,0.0,0.0,0.0,0.0,0.0,0.0,0.0,0.0,0.0,0.0,0.0,0.0,0.0,surprise
"not only do we need to educate these women to raise them up to raise a family but also enough money to feed the mother and child 
thus a single illegal mother entering giving birth expecting america to grant citizen ship as well as education and investment 
this leaves the burden on america as the mother wants to use pregnency as a way to enter america and go head of citizen ship and education as the mother needs that as well 
and not giving it is a form of deprivation and morally ethically wrong",546,need educate women raise raise family also enough money feed mother child thus single illegal mother entering giving birth expecting america grant citizen ship well education investment leaves burden america mother wants use pregnency way enter america head citizen ship education mother needs well giving form deprivation morally ethically wrong,neutral,0.49980613589286804,19,"{'anger': 0.9552993774414062, 'sadness': 0.02075030282139778, 'disgust': 0.008381897583603859, 'neutral': 0.0051185255870223045, 'fear': 0.00477116322144866, 'joy': 0.004087724722921848, 'surprise': 0.0015910323709249496, 'neutral_linguistic': 2.0, 'neutral_sentence_count': 1}",0.0051185255870223045,0.0015910323709249496,0.004087724722921848,0.9552993774414062,0.00477116322144866,0.02075030282139778,0.008381897583603859,2.0,0.0,0.0,0.0,0.0,0.0,0.0,1.0,0.0,0.0,0.0,0.0,0.0,0.0,neutral
"There is no Scandinavian country that isn't a capitalist country.  Stop lying to yourself.  Your only successes in Scandinavia are because your countries are simply less densely populated.  If you look at our less densely populated areas, we do better than you.  Deal with millions of migrants from the third world raping and pillaging and then come and talk.",547,scandinavian country isnt capitalist country stop lying successes scandinavia countries simply less densely populated look less densely populated areas better deal millions migrants third world raping pillaging come talk,negative,0.8243991732597351,24,"{'surprise': 0.31867629289627075, 'neutral': 0.2716383635997772, 'joy': 0.22494027018547058, 'sadness': 0.12421917170286179, 'anger': 0.04712831228971481, 'fear': 0.01053039263933897, 'disgust': 0.0028671729378402233}",0.2716383635997772,0.31867629289627075,0.22494027018547058,0.04712831228971481,0.01053039263933897,0.12421917170286179,0.0028671729378402233,0.0,0.0,0.0,0.0,0.0,0.0,0.0,0.0,0.0,0.0,0.0,0.0,0.0,0.0,surprise
ChatGPT is lying to you.  Teachers choose this profession because their useless degree won't get them any other job.,548,chatgpt lying teachers choose profession useless degree wont get job,negative,0.9244153499603271,0,"{'sadness': 0.8420047760009766, 'neutral': 0.052786193788051605, 'anger': 0.04707282781600952, 'surprise': 0.03848643973469734, 'joy': 0.015560518950223923, 'disgust': 0.0023888717405498028, 'fear': 0.0017003958346322179}",0.052786193788051605,0.03848643973469734,0.015560518950223923,0.04707282781600952,0.0017003958346322179,0.8420047760009766,0.0023888717405498028,0.0,0.0,0.0,0.0,0.0,0.0,0.0,0.0,0.0,0.0,0.0,0.0,0.0,0.0,sadness
Education system is failing because of the government as well as these horrible teachers unions,549,education system failing government well horrible teachers unions,negative,0.945454478263855,14,"{'fear': 0.37520283460617065, 'disgust': 0.3377901017665863, 'anger': 0.13936087489128113, 'sadness': 0.1249336451292038, 'neutral': 0.013775449246168137, 'surprise': 0.005904952995479107, 'joy': 0.0030320805963128805, 'fear_linguistic': 1.0, 'disgust_linguistic': 1.0, 'fear_sentence_count': 1, 'disgust_sentence_count': 1}",0.013775449246168137,0.005904952995479107,0.0030320805963128805,0.13936087489128113,0.37520283460617065,0.1249336451292038,0.3377901017665863,0.0,0.0,0.0,0.0,1.0,0.0,1.0,0.0,0.0,0.0,0.0,1.0,0.0,1.0,fear
"I don't hate comon core, but it is a disaster. Like I use common core math very often when I don't have a calculator (when my phone dies basically). I like how the program is meant to get kids to conceptualize what they're learning. I didn't like memorizing crap as a kid but it didn't matter to me as a gifted child I heard it and knew it. I could get a C or even an A without any exposure to the content at all in grade school. I should have skipped to 9th grade but I didn't care enough to do extremely well in school.",550,dont hate comon core disaster like use common core math often dont calculator phone dies basically like program meant get kids conceptualize theyre learning didnt like memorizing crap kid didnt matter gifted child heard knew could get even without exposure content grade school skipped grade didnt care enough extremely well school,negative,0.8023586273193359,3,"{'sadness': 0.5221022963523865, 'anger': 0.24106530845165253, 'joy': 0.08432386070489883, 'surprise': 0.06468474864959717, 'neutral': 0.06134982034564018, 'fear': 0.022567907348275185, 'disgust': 0.0039060269482433796, 'neutral_linguistic': 0.6, 'anger_linguistic': 1.2, 'sadness_linguistic': 1.2, 'joy_sentence_count': 1, 'anger_sentence_count': 1, 'love_sentence_count': 1, 'neutral_sentence_count': 1}",0.06134982034564018,0.06468474864959717,0.08432386070489883,0.24106530845165253,0.022567907348275185,0.5221022963523865,0.0039060269482433796,0.6,0.0,0.0,1.2,0.0,1.2,0.0,1.0,0.0,1.0,1.0,0.0,0.0,0.0,sadness
I hope the best for the education system and pray for all learning and teaching in care of the system!  God bless and start in caring standards!,551,hope best education system pray learning teaching care system god bless start caring standards,positive,0.9507670402526855,-1,"{'neutral': 0.6691434979438782, 'joy': 0.19880162179470062, 'sadness': 0.07866998761892319, 'surprise': 0.03522668033838272, 'fear': 0.009319313801825047, 'anger': 0.006433337926864624, 'disgust': 0.002405596897006035, 'love_linguistic': 1.0, 'love_sentence_count': 1}",0.6691434979438782,0.03522668033838272,0.19880162179470062,0.006433337926864624,0.009319313801825047,0.07866998761892319,0.002405596897006035,0.0,0.0,0.0,0.0,0.0,0.0,0.0,0.0,0.0,0.0,0.0,0.0,0.0,0.0,neutral
But I thought Biden fixed everything,552,thought biden fixed everything,neutral,0.4435177743434906,13,"{'surprise': 0.5571554899215698, 'neutral': 0.3282121419906616, 'sadness': 0.07903536409139633, 'joy': 0.021127570420503616, 'anger': 0.010745515115559101, 'disgust': 0.002101306337863207, 'fear': 0.001622625277377665}",0.3282121419906616,0.5571554899215698,0.021127570420503616,0.010745515115559101,0.001622625277377665,0.07903536409139633,0.002101306337863207,0.0,0.0,0.0,0.0,0.0,0.0,0.0,0.0,0.0,0.0,0.0,0.0,0.0,0.0,surprise
"Lack of parental involvement is astounding. Not fairs or concerts, but day to day life. Checking how your child does at school, if they are stressed out or not, help them develop healthier approach to managing the workload and hardship that school sometimes (for some kids, always) is. A student is not a child who has been put in school. They were brought up to respect the teachers, were given the basics so that they would not get lost in the subjects. It's appalling when parents only care about grades, or if they find out about learning difficulties when the child is failing. And don't get started on behavior!",553,lack parental involvement astounding fairs concerts day day life checking child school stressed help develop healthier approach managing workload hardship school sometimes kids always student child put school brought respect teachers given basics would get lost subjects appalling parents care grades find learning difficulties child failing dont get started behavior,negative,0.756466805934906,0,"{'fear': 0.4888339042663574, 'surprise': 0.23829248547554016, 'anger': 0.15716753900051117, 'sadness': 0.0802307054400444, 'joy': 0.018347706645727158, 'neutral': 0.012953259982168674, 'disgust': 0.004174364730715752, 'disgust_linguistic': 1.0, 'love_linguistic': 2.0, 'neutral_linguistic': 1.0, 'disgust_sentence_count': 1, 'love_sentence_count': 1, 'neutral_sentence_count': 1}",0.012953259982168674,0.23829248547554016,0.018347706645727158,0.15716753900051117,0.4888339042663574,0.0802307054400444,0.004174364730715752,1.0,0.0,0.0,0.0,0.0,0.0,1.0,1.0,0.0,0.0,0.0,0.0,0.0,1.0,neutral
"How about letting teachers control what happens in their own classroom. I spend 80% on compliance to rules and policies that have nothing to do with education, made by ignorant people who have no idea,  and 20% of my time preparing and teaching. If I could flip that then each day I would be ultimately prepared and possibly the greatest high school business teacher alive. 

When I am prepared I am in complete control. I have no behavior problems. When I’m prepared I notice kids who are struggling and fix them. When I am prepared a can make adjustments on the fly. 

I have been teaching and coaching at the high school level for 35 years. I know the teen age adolescent mind better than anyone on the planet. Kids want to learn. They want to get better. They want to achieve. Get the know it all media, the dirty politicians, and anyone else with a wrong opinion out of education and let teachers do their jobs. No special interest compliance bullcrap. I don’t need diversity training or sensitivity training or any such nonsense because when I’m prepared I’m free to notice who needs some loving no matter their race, gender, gender ID, religion, etc.  

Please can the bull and let teachers teach.",554,letting teachers control happens classroom spend compliance rules policies nothing education made ignorant people idea time preparing teaching could flip day would ultimately prepared possibly greatest high school business teacher alive prepared complete control behavior problems prepared notice kids struggling fix prepared make adjustments fly teaching coaching high school level years know teen age adolescent mind better anyone planet kids want learn want get better want achieve get know media dirty politicians anyone else wrong opinion education let teachers jobs special interest compliance bullcrap dont need diversity training sensitivity training nonsense prepared free notice needs loving matter race gender gender religion etc please bull let teachers teach,neutral,0.5221611360708872,-1,"{'sadness': 0.2915244996547699, 'neutral': 0.2765248715877533, 'anger': 0.6963133811950684, 'joy': 0.12200992554426193, 'fear': 0.06440335512161255, 'surprise': 0.05768110230565071, 'disgust': 0.028863223269581795, 'neutral_linguistic': 0.5, 'anger_linguistic': 1.0, 'sadness_linguistic': 0.5, 'joy_sentence_count': 1, 'anger_sentence_count': 1, 'love_sentence_count': 1, 'neutral_sentence_count': 1}",0.2765248715877533,0.05768110230565071,0.12200992554426193,0.6963133811950684,0.06440335512161255,0.2915244996547699,0.028863223269581795,0.5,0.0,0.0,1.0,0.0,0.5,0.0,1.0,0.0,1.0,1.0,0.0,0.0,0.0,anger
"Parents are expected to help guide their children doing their homework.  But we parents could not because they never taught us or even attempted to teach us the new way of doing things.  Kids struggled and parent threw their arm up, giving up.  Without the parental support the children gave up.  This is why Common Core failed.  Education was a team effort, with common core parents were cut out.  

Now everyone one is running around wondering why the system is failing.  That’s easy, parents are no longer part of the equation.",555,parents expected help guide children homework parents could never taught even attempted teach new way things kids struggled parent threw arm giving without parental support children gave common core failed education team effort common core parents cut everyone one running around wondering system failing thats easy parents longer part equation,negative,0.7686557471752167,40,"{'sadness': 0.4895959198474884, 'surprise': 0.20799826085567474, 'anger': 0.17453095316886902, 'neutral': 0.06085290014743805, 'fear': 0.04791988804936409, 'joy': 0.017473744228482246, 'disgust': 0.0016283723525702953, 'surprise_linguistic': 1.0, 'surprise_sentence_count': 1}",0.06085290014743805,0.20799826085567474,0.017473744228482246,0.17453095316886902,0.04791988804936409,0.4895959198474884,0.0016283723525702953,0.0,1.0,0.0,0.0,0.0,0.0,0.0,0.0,1.0,0.0,0.0,0.0,0.0,0.0,surprise
"I had two teachers in 12 years that actually cared and were impactful. The rest wanted a steady job. Government IS the problem. There’s no such thing as “steady pay” without labor and resource exploitation abroad. I really hate anyone making over $50k a year, especially if it’s from MY tax dollars.",556,two teachers years actually cared impactful rest wanted steady job government problem theres thing steady pay without labor resource exploitation abroad really hate anyone making year especially tax dollars,negative,0.8436269760131836,2,"{'anger': 0.6991592049598694, 'sadness': 0.1204824149608612, 'joy': 0.09804867953062057, 'neutral': 0.03132235258817673, 'surprise': 0.029795007780194283, 'disgust': 0.016960615292191505, 'fear': 0.00423163827508688, 'neutral_linguistic': 1.2, 'sadness_linguistic': 1.2, 'love_sentence_count': 1, 'neutral_sentence_count': 1}",0.03132235258817673,0.029795007780194283,0.09804867953062057,0.6991592049598694,0.00423163827508688,0.1204824149608612,0.016960615292191505,1.2,0.0,0.0,0.0,0.0,1.2,0.0,1.0,0.0,0.0,0.0,0.0,0.0,0.0,sadness
"I work in healthcare and education. I am a college professor and I’m currently earning my K-12 CTE credential. I’m also a mom of an elementary school child. 

My concerns with modern education is every student I see under the age of 25 has come through this “common core curriculum”. Teachers are blaming the parents and parents are blaming the teachers. As someone who has worked on curriculum, worked in education at grades preschool through community college. I 💯 believe curriculum and classroom design are the biggest culprits. In the K-3 classrooms in California for example, students no longer have assigned seating. Even adult learners need structure. Why would you give less structure to the students who need most structure? So you blame parents who are at work, for not disciplining children when they are in an overstimulating environment! That’s ludicrous! 

This new math has 4x as many steps as simple equations, parents cannot help their children. As a nursing professor I cannot help my younger students there are three equations, I teach the classic version not the new version. The students that are under 25 for example have higher incidents of cheating than my older students also. They ask for more extensions. Teachers don’t get paid enough, true. 

But I wouldn’t blame parents who are working 2 jobs to survive.",557,work healthcare education college professor currently earning cte credential also mom elementary school child concerns modern education every student see age come common core curriculum teachers blaming parents parents blaming teachers someone worked curriculum worked education grades preschool community college believe curriculum classroom design biggest culprits classrooms california example students longer assigned seating even adult learners need structure would give less structure students need structure blame parents work disciplining children overstimulating environment thats ludicrous new math many steps simple equations parents cannot help children nursing professor cannot help younger students three equations teach classic version new version students example higher incidents cheating older students also ask extensions teachers dont get paid enough true wouldnt blame parents working jobs survive,negative,0.7864566246668497,-1,"{'anger': 0.9376072287559509, 'fear': 0.29119908809661865, 'sadness': 0.7018080353736877, 'neutral': 0.09356287866830826, 'surprise': 0.08621998876333237, 'joy': 0.053666502237319946, 'disgust': 0.0039962586015462875, 'love_linguistic': 2.0, 'neutral_linguistic': 2.0, 'love_sentence_count': 1, 'neutral_sentence_count': 1}",0.09356287866830826,0.08621998876333237,0.053666502237319946,0.9376072287559509,0.29119908809661865,0.7018080353736877,0.0039962586015462875,2.0,0.0,0.0,0.0,0.0,0.0,0.0,1.0,0.0,0.0,0.0,0.0,0.0,0.0,neutral
Well Donald going to change things up,558,well donald going change things,neutral,0.6562095880508423,50,"{'neutral': 0.5478800535202026, 'sadness': 0.2671412229537964, 'surprise': 0.14504681527614594, 'joy': 0.022721463814377785, 'anger': 0.010172251611948013, 'disgust': 0.003850639797747135, 'fear': 0.003187574213370681}",0.5478800535202026,0.14504681527614594,0.022721463814377785,0.010172251611948013,0.003187574213370681,0.2671412229537964,0.003850639797747135,0.0,0.0,0.0,0.0,0.0,0.0,0.0,0.0,0.0,0.0,0.0,0.0,0.0,0.0,neutral
"""Standards were too low."" LOL! as opposed to what, exactly? common core was a dumb idea from the start. (although some people have grown rich from it, which I guess was the whole point from the start.)",560,standards low lol opposed exactly common core dumb idea start although people grown rich guess whole point start,negative,0.8851238489151001,-1,"{'neutral': 0.5208006501197815, 'sadness': 0.1593443900346756, 'anger': 0.12430407106876373, 'surprise': 0.08853458613157272, 'disgust': 0.053322985768318176, 'fear': 0.0311244148761034, 'joy': 0.022568920627236366, 'sadness_linguistic': 1.0, 'sadness_sentence_count': 1}",0.5208006501197815,0.08853458613157272,0.022568920627236366,0.12430407106876373,0.0311244148761034,0.1593443900346756,0.053322985768318176,0.0,0.0,0.0,0.0,0.0,1.0,0.0,0.0,0.0,0.0,0.0,0.0,1.0,0.0,sadness
"Let me get this straight, before Common Core, teachers and school districts had control of their curriculum. But Common Core failed because teachers know their students best and therefore can create the curriculum best for their students and the curriculum shouldn't be dictated from on high? Sounds like we are going back to something that didn't work.",561,let get straight common core teachers school districts control curriculum common core failed teachers know students best therefore create curriculum best students curriculum shouldnt dictated high sounds like going back something didnt work,negative,0.5858158469200134,-1,"{'sadness': 0.5727655291557312, 'anger': 0.2005029320716858, 'neutral': 0.15669922530651093, 'surprise': 0.030134769156575203, 'joy': 0.026310071349143982, 'fear': 0.007650449872016907, 'disgust': 0.0059369830414652824, 'neutral_linguistic': 1.0, 'neutral_sentence_count': 1}",0.15669922530651093,0.030134769156575203,0.026310071349143982,0.2005029320716858,0.007650449872016907,0.5727655291557312,0.0059369830414652824,1.0,0.0,0.0,0.0,0.0,0.0,0.0,1.0,0.0,0.0,0.0,0.0,0.0,0.0,neutral
"In my opinion the American school system has only one concern, profits. Stupid people are easily confused, by advertising, into buying stuff they don’t need, for profit.",562,opinion american school system one concern profits stupid people easily confused advertising buying stuff dont need profit,negative,0.910907506942749,0,"{'fear': 0.7211818695068359, 'anger': 0.20436733961105347, 'sadness': 0.026615401729941368, 'neutral': 0.023195181041955948, 'joy': 0.011846249923110008, 'surprise': 0.011012724600732327, 'disgust': 0.0017811884172260761, 'surprise_linguistic': 1.0, 'love_linguistic': 1.0, 'surprise_sentence_count': 1, 'love_sentence_count': 1}",0.023195181041955948,0.011012724600732327,0.011846249923110008,0.20436733961105347,0.7211818695068359,0.026615401729941368,0.0017811884172260761,0.0,1.0,0.0,0.0,0.0,0.0,0.0,0.0,1.0,0.0,0.0,0.0,0.0,0.0,fear
I understand that teachers do not get paid as much as other professions do with the same degree. However teachers do not work as many hours per year as other professions do either.,563,understand teachers get paid much professions degree however teachers work many hours per year professions either,neutral,0.5142281651496887,2,"{'neutral': 0.31450849771499634, 'anger': 0.2547518014907837, 'surprise': 0.1993291825056076, 'sadness': 0.12470021098852158, 'joy': 0.046598583459854126, 'disgust': 0.03605324402451515, 'fear': 0.024058446288108826, 'neutral_linguistic': 1.0, 'neutral_sentence_count': 1}",0.31450849771499634,0.1993291825056076,0.046598583459854126,0.2547518014907837,0.024058446288108826,0.12470021098852158,0.03605324402451515,1.0,0.0,0.0,0.0,0.0,0.0,0.0,1.0,0.0,0.0,0.0,0.0,0.0,0.0,neutral
"The fact that Trump just got elected with a great deal of support from younger male voters speaks volumes about the failure of the education system here in the USA. Female teachers managed to radicalize young men with militant feminist curricula, and there has been a dreadful unintended consequence.",564,fact trump got elected great deal support younger male voters speaks volumes failure education system usa female teachers managed radicalize young men militant feminist curricula dreadful unintended consequence,negative,0.8244566321372986,-1,"{'fear': 0.9499785304069519, 'sadness': 0.032715823501348495, 'anger': 0.0066455211490392685, 'joy': 0.0049780793488025665, 'surprise': 0.003191733732819557, 'neutral': 0.0018016888061538339, 'disgust': 0.000688614440150559, 'joy_linguistic': 1.0, 'fear_linguistic': 1.0, 'disgust_linguistic': 1.0, 'joy_sentence_count': 1, 'fear_sentence_count': 1, 'disgust_sentence_count': 1}",0.0018016888061538339,0.003191733732819557,0.0049780793488025665,0.0066455211490392685,0.9499785304069519,0.032715823501348495,0.000688614440150559,0.0,0.0,1.0,0.0,1.0,0.0,1.0,0.0,0.0,1.0,0.0,1.0,0.0,1.0,fear
"I think a big issue is the deterioration of culture and homes...it affects everything. People don't parent their children and then wonder why the teacher's can't teach them. P.s. I was a teacher, and I am a parent. just fyi",565,think big issue deterioration culture homesit affects everything people dont parent children wonder teachers cant teach teacher parent fyi,negative,0.8257212042808533,-1,"{'surprise': 0.9573185443878174, 'neutral': 0.017444660887122154, 'sadness': 0.008799390867352486, 'joy': 0.006422588601708412, 'anger': 0.005789140239357948, 'fear': 0.0037842101883143187, 'disgust': 0.00044149908353574574, 'surprise_linguistic': 1.0, 'surprise_sentence_count': 1}",0.017444660887122154,0.9573185443878174,0.006422588601708412,0.005789140239357948,0.0037842101883143187,0.008799390867352486,0.00044149908353574574,0.0,1.0,0.0,0.0,0.0,0.0,0.0,0.0,1.0,0.0,0.0,0.0,0.0,0.0,surprise
"We need to strip the class day down to reading, writing, and math. If you are not getting at least a B in those then nothing else happens.",566,need strip class day reading writing math getting least nothing else happens,neutral,0.487405925989151,6,"{'sadness': 0.7524752020835876, 'surprise': 0.12064564228057861, 'neutral': 0.09678012132644653, 'joy': 0.013150304555892944, 'anger': 0.013080110773444176, 'disgust': 0.0024473760277032852, 'fear': 0.0014212171081453562}",0.09678012132644653,0.12064564228057861,0.013150304555892944,0.013080110773444176,0.0014212171081453562,0.7524752020835876,0.0024473760277032852,0.0,0.0,0.0,0.0,0.0,0.0,0.0,0.0,0.0,0.0,0.0,0.0,0.0,0.0,sadness
"Go woke - go broke!
Not more to say!",567,woke broke say,negative,0.46407532691955566,5,"{'anger': 0.38166043162345886, 'fear': 0.3268371820449829, 'sadness': 0.12704262137413025, 'neutral': 0.07988373190164566, 'surprise': 0.061324793845415115, 'disgust': 0.020649513229727745, 'joy': 0.002601725049316883}",0.07988373190164566,0.061324793845415115,0.002601725049316883,0.38166043162345886,0.3268371820449829,0.12704262137413025,0.020649513229727745,0.0,0.0,0.0,0.0,0.0,0.0,0.0,0.0,0.0,0.0,0.0,0.0,0.0,0.0,anger
standardized testing!,568,standardized testing,neutral,0.587116539478302,4,"{'neutral': 0.8887864351272583, 'surprise': 0.0491117499768734, 'anger': 0.019849276170134544, 'sadness': 0.01884976215660572, 'disgust': 0.014084922149777412, 'fear': 0.004728107247501612, 'joy': 0.004589836113154888}",0.8887864351272583,0.0491117499768734,0.004589836113154888,0.019849276170134544,0.004728107247501612,0.01884976215660572,0.014084922149777412,0.0,0.0,0.0,0.0,0.0,0.0,0.0,0.0,0.0,0.0,0.0,0.0,0.0,0.0,neutral
In before Trump eliminates the department of education,569,trump eliminates department education,negative,0.5632135272026062,32,"{'sadness': 0.5875862240791321, 'neutral': 0.280524343252182, 'anger': 0.04456684738397598, 'disgust': 0.03458761051297188, 'surprise': 0.03343808278441429, 'fear': 0.009712640196084976, 'joy': 0.009584321640431881}",0.280524343252182,0.03343808278441429,0.009584321640431881,0.04456684738397598,0.009712640196084976,0.5875862240791321,0.03458761051297188,0.0,0.0,0.0,0.0,0.0,0.0,0.0,0.0,0.0,0.0,0.0,0.0,0.0,0.0,sadness
Here's a good example of a failure produced by this education system.,570,heres good example failure produced education system,negative,0.8991416692733765,16,"{'neutral': 0.528534471988678, 'sadness': 0.24798329174518585, 'anger': 0.09036420285701752, 'surprise': 0.058241263031959534, 'joy': 0.03353105112910271, 'disgust': 0.03286273777484894, 'fear': 0.008482991717755795}",0.528534471988678,0.058241263031959534,0.03353105112910271,0.09036420285701752,0.008482991717755795,0.24798329174518585,0.03286273777484894,0.0,0.0,0.0,0.0,0.0,0.0,0.0,0.0,0.0,0.0,0.0,0.0,0.0,0.0,neutral
"The US government is actually using the name of the continent. We are US citizens and citizens of the United States. Everyone in North America, Central America, South America, the Americas and the American continent is an American like Asia are Asians, Africa are Africans and Europe are Europeans. What happened first? The United States of America or the American continent? The United States of America became a nation on the date of July 4th of 1776 and the whole entire continent was already named America after Amerigo Vespucci in the year 1507 that was 269 years difference way before the United States of America became a nation. Europe has 50 countries, Asia has 51 countries, Africa has 54 countries, Oceania has 14 countries and America is not a country America is a continent of 35 countries in total. Why are people not educated about America? ............The reason why people come here to the United States from all over the world is because the US government goes to their countries and controls and manipulates their governments. The US government and its allies aka puppets invade small countries 10 or more against 1 small country not even bigger than Texas. Both the Democrats and the Republicans are the same snake with two evil heads. The US government is a two face and the number 1 terrorist in the world. The US government invades, kills, destroys, divides, controls, manipulates and steals resources from small countries. .............Homelessness is a choice of life. Life is beautiful but no one said life is easy. Many people have too many excuses in life, more excuses than the exits of freeway 101 located in California. Many people are looking for work praying to God not to find a job. People just want just want handouts. The more money you give them the more they want. Whoever wants an easy life in life will always have issues, struggle and drama in life but whoever makes a sacrifice in a good way in life will make a benefit in life....",571,government actually using name continent citizens citizens united states everyone north america central america south america americas american continent american like asia asians africa africans europe europeans happened first united states america american continent united states america became nation date july whole entire continent already named america amerigo vespucci year years difference way united states america became nation europe countries asia countries africa countries oceania countries america country america continent countries total people educated america reason people come united states world government goes countries controls manipulates governments government allies aka puppets invade small countries small country even bigger texas democrats republicans snake two evil heads government two face number terrorist world government invades kills destroys divides controls manipulates steals resources small countries homelessness choice life life beautiful one said life easy many people many excuses life excuses exits freeway located california many people looking work praying god find job people want want handouts money give want whoever wants easy life life always issues struggle drama life whoever makes sacrifice good way life make benefit life,neutral,0.7909689247608185,7,"{'joy': 0.47463372349739075, 'surprise': 0.3152376413345337, 'neutral': 0.4596078097820282, 'sadness': 0.03429242968559265, 'anger': 0.6581348776817322, 'fear': 0.6444825530052185, 'disgust': 0.003808138892054558, 'fear_linguistic': 1.0, 'love_linguistic': 1.0, 'neutral_linguistic': 1.0, 'fear_sentence_count': 1, 'love_sentence_count': 1, 'neutral_sentence_count': 1}",0.4596078097820282,0.3152376413345337,0.47463372349739075,0.6581348776817322,0.6444825530052185,0.03429242968559265,0.003808138892054558,1.0,0.0,0.0,0.0,1.0,0.0,0.0,1.0,0.0,0.0,0.0,1.0,0.0,0.0,fear
@…  I bet you could 😂😂😂😂,572,bet could,positive,0.4998376965522766,-1,,,,,,,,,,,,,,,,,,,,,,,
"It was terrible on his first term as well, and it was terrible well before that.",573,terrible first term well terrible well,negative,0.9432859420776367,23,"{'fear': 0.9743283987045288, 'disgust': 0.01424769964069128, 'sadness': 0.004224696196615696, 'anger': 0.00253434875048697, 'surprise': 0.002428238745778799, 'joy': 0.0012092423858121037, 'neutral': 0.0010275017702952027, 'fear_linguistic': 1.0, 'disgust_linguistic': 1.0, 'fear_sentence_count': 1, 'disgust_sentence_count': 1}",0.0010275017702952027,0.002428238745778799,0.0012092423858121037,0.00253434875048697,0.9743283987045288,0.004224696196615696,0.01424769964069128,0.0,0.0,0.0,0.0,1.0,0.0,1.0,0.0,0.0,0.0,0.0,1.0,0.0,1.0,fear
Common core was the worst idea ever.,574,common core worst idea ever,negative,0.9357995390892029,3,"{'disgust': 0.918572187423706, 'anger': 0.0676441639661789, 'fear': 0.0046869791112840176, 'sadness': 0.0040723117999732494, 'neutral': 0.003647113684564829, 'surprise': 0.0008997154072858393, 'joy': 0.00047752136015333235}",0.003647113684564829,0.0008997154072858393,0.00047752136015333235,0.0676441639661789,0.0046869791112840176,0.0040723117999732494,0.918572187423706,0.0,0.0,0.0,0.0,0.0,0.0,0.0,0.0,0.0,0.0,0.0,0.0,0.0,0.0,disgust
"Make all school semi-private, give school the ability fire teachers that are underperforming.",575,make school semiprivate give school ability fire teachers underperforming,negative,0.6060030460357666,-1,"{'anger': 0.388073205947876, 'neutral': 0.31809037923812866, 'sadness': 0.09463182091712952, 'fear': 0.07820411771535873, 'joy': 0.06463658064603806, 'surprise': 0.04294988885521889, 'disgust': 0.013414082117378712}",0.31809037923812866,0.04294988885521889,0.06463658064603806,0.388073205947876,0.07820411771535873,0.09463182091712952,0.013414082117378712,0.0,0.0,0.0,0.0,0.0,0.0,0.0,0.0,0.0,0.0,0.0,0.0,0.0,0.0,anger
What I see is that these children are just pulling each other and fighting whose hair looks the best who's clothes looked the best so what's going on in Japan,576,see children pulling fighting whose hair looks best whos clothes looked best whats going japan,neutral,0.5769554376602173,-1,"{'surprise': 0.35189831256866455, 'joy': 0.3379989564418793, 'neutral': 0.2633267343044281, 'anger': 0.02607942558825016, 'sadness': 0.01432066410779953, 'disgust': 0.003760735271498561, 'fear': 0.002615193137899041}",0.2633267343044281,0.35189831256866455,0.3379989564418793,0.02607942558825016,0.002615193137899041,0.01432066410779953,0.003760735271498561,0.0,0.0,0.0,0.0,0.0,0.0,0.0,0.0,0.0,0.0,0.0,0.0,0.0,0.0,surprise
"12th grade
Just 26% of students scored proficient or above in math on the NAEP assessment
Just 21% scored proficient or above in science
Teacher pay, including pensions, is not the problem.",577,grade students scored proficient math naep assessment scored proficient science teacher pay including pensions problem,neutral,0.571753203868866,-1,"{'joy': 0.9325699210166931, 'neutral': 0.02240658923983574, 'fear': 0.012508790008723736, 'surprise': 0.011661197990179062, 'anger': 0.01131138764321804, 'sadness': 0.006542976945638657, 'disgust': 0.0029991078190505505}",0.02240658923983574,0.011661197990179062,0.9325699210166931,0.01131138764321804,0.012508790008723736,0.006542976945638657,0.0029991078190505505,0.0,0.0,0.0,0.0,0.0,0.0,0.0,0.0,0.0,0.0,0.0,0.0,0.0,0.0,joy
The US education system has a law where employers can’t fire teachers (even the bad ones). They were breaking school rules and were still not fired. The students are being forced to be taught by those people. The system also is keeping students from graduating. Pray for America.,578,education system law employers cant fire teachers even bad ones breaking school rules still fired students forced taught people system also keeping students graduating pray america,negative,0.8498466610908508,22,"{'neutral': 0.6268435120582581, 'anger': 0.1170683354139328, 'surprise': 0.08383116871118546, 'sadness': 0.07929957658052444, 'joy': 0.07421999424695969, 'fear': 0.01354366447776556, 'disgust': 0.005193687509745359, 'neutral_linguistic': 1.0, 'neutral_sentence_count': 1}",0.6268435120582581,0.08383116871118546,0.07421999424695969,0.1170683354139328,0.01354366447776556,0.07929957658052444,0.005193687509745359,1.0,0.0,0.0,0.0,0.0,0.0,0.0,1.0,0.0,0.0,0.0,0.0,0.0,0.0,neutral
"The problem is not teachers are underpaid. The problem is the tenure system. See so many teachers turn to be a totally different one after tenure. For math and engineering majors, teachers might be a little bit lower paid than their peers, but they definitely got more vacation days. But for literature, history majors, they are paid well. The major problem is the elementary school education is a disaster in US. If kids start their math learning with a literature major teacher who was not good at Math when he/she is a student, how you should expect a lot of them to like math and good at it. Without a solid math base, how could they good at STEM in high schools?",579,problem teachers underpaid problem tenure system see many teachers turn totally different one tenure math engineering majors teachers might little bit lower paid peers definitely got vacation days literature history majors paid well major problem elementary school education disaster kids start math learning literature major teacher good math heshe student expect lot like math good without solid math base could good stem high schools,negative,0.7277941405773163,-1,"{'sadness': 0.5845139622688293, 'surprise': 0.14021198451519012, 'joy': 0.11100372672080994, 'neutral': 0.08335862308740616, 'anger': 0.05534437298774719, 'fear': 0.02272685430943966, 'disgust': 0.002840492408722639, 'sadness_linguistic': 0.8999999999999999, 'sadness_sentence_count': 1, 'neutral_sentence_count': 1}",0.08335862308740616,0.14021198451519012,0.11100372672080994,0.05534437298774719,0.02272685430943966,0.5845139622688293,0.002840492408722639,0.0,0.0,0.0,0.0,0.0,0.8999999999999999,0.0,1.0,0.0,0.0,0.0,0.0,1.0,0.0,sadness
"Underfunded schools, underpaid teachers, out of date curriculum and too many distracted kids.",580,underfunded schools underpaid teachers date curriculum many distracted kids,negative,0.9034997224807739,-1,"{'anger': 0.8398934602737427, 'sadness': 0.11958955973386765, 'neutral': 0.01778285764157772, 'disgust': 0.011985311284661293, 'surprise': 0.004857945721596479, 'fear': 0.0038935644552111626, 'joy': 0.0019972955342382193, 'joy_linguistic': 1.0, 'joy_sentence_count': 1}",0.01778285764157772,0.004857945721596479,0.0019972955342382193,0.8398934602737427,0.0038935644552111626,0.11958955973386765,0.011985311284661293,0.0,0.0,1.0,0.0,0.0,0.0,0.0,0.0,0.0,1.0,0.0,0.0,0.0,0.0,anger
"Global competition is up and fierce than ever in the history of mankind.  Millions more people from China, India and other poor countries are now able to get a good education.  If those people get paid less than $5 per hour, why does someone who doesn’t even have a high school degree in America deserve $20 per hour?  Sooner or later, American will be outcompeted.   It is time to change our culture to put more emphasis on math science education.  We should put more pressure on kids and teachers.   If we don’t do that, one hundred years later, we won’t be as proud to be American as now.",581,global competition fierce ever history mankind millions people china india poor countries able get good education people get paid less per hour someone doesnt even high school degree america deserve per hour sooner later american outcompeted time change culture put emphasis math science education put pressure kids teachers dont one hundred years later wont proud american,negative,0.6858834624290466,11,"{'anger': 0.68317711353302, 'joy': 0.09571056067943573, 'surprise': 0.08492173254489899, 'neutral': 0.07184930890798569, 'sadness': 0.05763719975948334, 'fear': 0.005505561828613281, 'disgust': 0.0011984248412773013, 'anger_linguistic': 1.0, 'anger_sentence_count': 1}",0.07184930890798569,0.08492173254489899,0.09571056067943573,0.68317711353302,0.005505561828613281,0.05763719975948334,0.0011984248412773013,0.0,0.0,0.0,1.0,0.0,0.0,0.0,0.0,0.0,0.0,1.0,0.0,0.0,0.0,anger
Stupid. Its not about standards. More about motivation,582,stupid standards motivation,negative,0.8331407308578491,12,"{'anger': 0.858228325843811, 'disgust': 0.06265030801296234, 'neutral': 0.04756319150328636, 'sadness': 0.019065475091338158, 'surprise': 0.007513987831771374, 'fear': 0.0027651183772832155, 'joy': 0.002213606843724847}",0.04756319150328636,0.007513987831771374,0.002213606843724847,0.858228325843811,0.0027651183772832155,0.019065475091338158,0.06265030801296234,0.0,0.0,0.0,0.0,0.0,0.0,0.0,0.0,0.0,0.0,0.0,0.0,0.0,0.0,anger
"Well, that explians why americans are so poorly educated",583,well explians americans poorly educated,negative,0.9081541299819946,11,"{'sadness': 0.414860337972641, 'neutral': 0.34814053773880005, 'surprise': 0.20048677921295166, 'joy': 0.018609672784805298, 'anger': 0.009157401509582996, 'fear': 0.004376905504614115, 'disgust': 0.004368388094007969}",0.34814053773880005,0.20048677921295166,0.018609672784805298,0.009157401509582996,0.004376905504614115,0.414860337972641,0.004368388094007969,0.0,0.0,0.0,0.0,0.0,0.0,0.0,0.0,0.0,0.0,0.0,0.0,0.0,0.0,sadness
"Common B.S.!!
Signed,
    U.S. Navy Vet and 40+ year retired Physics, Mathematics and educator.",584,common signed navy vet year retired physics mathematics educator,neutral,0.5488520264625549,18,"{'neutral': 0.7700614929199219, 'surprise': 0.07790178060531616, 'joy': 0.0728640928864479, 'sadness': 0.06357422471046448, 'anger': 0.009538771584630013, 'fear': 0.0031627980060875416, 'disgust': 0.0028968797996640205}",0.7700614929199219,0.07790178060531616,0.0728640928864479,0.009538771584630013,0.0031627980060875416,0.06357422471046448,0.0028968797996640205,0.0,0.0,0.0,0.0,0.0,0.0,0.0,0.0,0.0,0.0,0.0,0.0,0.0,0.0,neutral
"It's not your fault you're dumb. The federal government invested $17,280 per pupil(that's you, one person) this year on higher education. That same government invested $84 million on one drug this year. That drug? Viagra. They care 4,941 times more about 70 year old erections than they do you.",585,fault youre dumb federal government invested per pupilthats one person year higher education government invested million one drug year drug viagra care times year old erections,negative,0.8110472559928894,-1,"{'anger': 0.9529972672462463, 'disgust': 0.014280297793447971, 'sadness': 0.013053522445261478, 'neutral': 0.009969592094421387, 'surprise': 0.004724488593637943, 'joy': 0.0025007599033415318, 'fear': 0.0024738593492656946, 'love_linguistic': 1.0, 'love_sentence_count': 1}",0.009969592094421387,0.004724488593637943,0.0025007599033415318,0.9529972672462463,0.0024738593492656946,0.013053522445261478,0.014280297793447971,0.0,0.0,0.0,0.0,0.0,0.0,0.0,0.0,0.0,0.0,0.0,0.0,0.0,0.0,anger
Rich Republicans don't like paying taxes and poor Republicans are stupid enough to let them get out of it.,586,rich republicans dont like paying taxes poor republicans stupid enough let get,negative,0.8701799511909485,27,"{'anger': 0.721730649471283, 'disgust': 0.09966299682855606, 'neutral': 0.08769773691892624, 'sadness': 0.07059746980667114, 'joy': 0.01198206190019846, 'surprise': 0.006501803640276194, 'fear': 0.0018272491870447993}",0.08769773691892624,0.006501803640276194,0.01198206190019846,0.721730649471283,0.0018272491870447993,0.07059746980667114,0.09966299682855606,0.0,0.0,0.0,0.0,0.0,0.0,0.0,0.0,0.0,0.0,0.0,0.0,0.0,0.0,anger
"Earth = Variety = Classroom!
World = Business = Household ; true , false , or maybe?",587,earth variety classroom world business household true false maybe,neutral,0.7694435119628906,-1,"{'neutral': 0.8326359391212463, 'anger': 0.05492238700389862, 'surprise': 0.05197189748287201, 'fear': 0.02305636927485466, 'sadness': 0.019738657400012016, 'disgust': 0.01049768552184105, 'joy': 0.0071770986542105675, 'neutral_linguistic': 2.0, 'neutral_sentence_count': 1}",0.8326359391212463,0.05197189748287201,0.0071770986542105675,0.05492238700389862,0.02305636927485466,0.019738657400012016,0.01049768552184105,2.0,0.0,0.0,0.0,0.0,0.0,0.0,1.0,0.0,0.0,0.0,0.0,0.0,0.0,neutral
".3 x 3 :
Reading ,  writing , money , Math , and reasoning connection method :
Thirty percent of three dollars equals what number?
Three items at thirty cents each equals what number?
----
youtube.com/jalemanmathminute",588,reading writing money math reasoning connection method thirty percent three dollars equals number three items thirty cents equals number youtubecomjalemanmathminute,neutral,0.9164457321166992,6,"{'neutral': 0.6672272086143494, 'surprise': 0.20030555129051208, 'joy': 0.08587617427110672, 'anger': 0.024088848382234573, 'sadness': 0.01624484732747078, 'disgust': 0.003662119386717677, 'fear': 0.0025952146388590336}",0.6672272086143494,0.20030555129051208,0.08587617427110672,0.024088848382234573,0.0025952146388590336,0.01624484732747078,0.003662119386717677,0.0,0.0,0.0,0.0,0.0,0.0,0.0,0.0,0.0,0.0,0.0,0.0,0.0,0.0,neutral
"The Students are the True Evaluators ; true , false , or maybe?",589,students true evaluators true false maybe,neutral,0.7412394285202026,-1,"{'neutral': 0.7600678205490112, 'anger': 0.12331973761320114, 'disgust': 0.03717346489429474, 'sadness': 0.029623867943882942, 'fear': 0.023466860875487328, 'surprise': 0.0229367483407259, 'joy': 0.003411579178646207, 'neutral_linguistic': 2.0, 'neutral_sentence_count': 1}",0.7600678205490112,0.0229367483407259,0.003411579178646207,0.12331973761320114,0.023466860875487328,0.029623867943882942,0.03717346489429474,2.0,0.0,0.0,0.0,0.0,0.0,0.0,1.0,0.0,0.0,0.0,0.0,0.0,0.0,neutral
"Can you please show me the technical literature of Capitalism being debunked.  I am an Engineer in the Aerospace and Defense sector and can assure you kids can't learn or even master needed skills by using the enternet to teach themselves.  We have many young Engineers and Scientist where I work that attempt this all the time and it is painfully obvious.  Academic rigor, guidance from professionals and mentorship produces better results.",590,please show technical literature capitalism debunked engineer aerospace defense sector assure kids cant learn even master needed skills using enternet teach many young engineers scientist work attempt time painfully obvious academic rigor guidance professionals mentorship produces better results,negative,0.7509667277336121,21,"{'neutral': 0.5898023247718811, 'surprise': 0.24867504835128784, 'joy': 0.07823595404624939, 'sadness': 0.04733486473560333, 'anger': 0.01868610829114914, 'fear': 0.015828892588615417, 'disgust': 0.001436800928786397, 'sadness_linguistic': 1.0, 'sadness_sentence_count': 1}",0.5898023247718811,0.24867504835128784,0.07823595404624939,0.01868610829114914,0.015828892588615417,0.04733486473560333,0.001436800928786397,0.0,0.0,0.0,0.0,0.0,1.0,0.0,0.0,0.0,0.0,0.0,0.0,1.0,0.0,sadness
"i think we should privatize it all! everything will be better, and I don't mind giving tax money to rich and religious private institutions. trickle down education!!! God bless!",591,think privatize everything better dont mind giving tax money rich religious private institutions trickle education god bless,positive,0.894533634185791,-1,"{'joy': 0.43955564498901367, 'anger': 0.3323420584201813, 'neutral': 0.12408822774887085, 'surprise': 0.04578551650047302, 'sadness': 0.037794917821884155, 'fear': 0.010709751397371292, 'disgust': 0.009723842144012451}",0.12408822774887085,0.04578551650047302,0.43955564498901367,0.3323420584201813,0.010709751397371292,0.037794917821884155,0.009723842144012451,0.0,0.0,0.0,0.0,0.0,0.0,0.0,0.0,0.0,0.0,0.0,0.0,0.0,0.0,joy
"Imagine having dyscalculia and not understanding your math homework. You go to your parent and ask them to help you, and they tell you they don't get it either. Your parent teaches you what looks like completely different math to you but you still don't understand it.
The amount of frustration, God...",592,imagine dyscalculia understanding math homework parent ask help tell dont get either parent teaches looks like completely different math still dont understand amount frustration god,negative,0.8758251667022705,6,"{'anger': 0.9801780581474304, 'sadness': 0.007685808464884758, 'neutral': 0.004324663430452347, 'surprise': 0.0034770662896335125, 'fear': 0.0023229382932186127, 'disgust': 0.0010232544736936688, 'joy': 0.0009882246376946568}",0.004324663430452347,0.0034770662896335125,0.0009882246376946568,0.9801780581474304,0.0023229382932186127,0.007685808464884758,0.0010232544736936688,0.0,0.0,0.0,0.0,0.0,0.0,0.0,0.0,0.0,0.0,0.0,0.0,0.0,0.0,anger
Western education is full of perversion and corruption.,593,western education full perversion corruption,negative,0.8950351476669312,-1,"{'disgust': 0.6250309944152832, 'anger': 0.2740737497806549, 'sadness': 0.04741314426064491, 'neutral': 0.03903071582317352, 'fear': 0.008509163744747639, 'surprise': 0.004945161286741495, 'joy': 0.0009970935061573982}",0.03903071582317352,0.004945161286741495,0.0009970935061573982,0.2740737497806549,0.008509163744747639,0.04741314426064491,0.6250309944152832,0.0,0.0,0.0,0.0,0.0,0.0,0.0,0.0,0.0,0.0,0.0,0.0,0.0,0.0,disgust
Standards should be raised because some parents aren't there or have time to teach. The most successful ones have extra tuition. This is not affordable for everyone to utilise it. School has to do that.,594,standards raised parents arent time teach successful ones extra tuition affordable everyone utilise school,negative,0.471810519695282,8,"{'neutral': 0.47069454193115234, 'joy': 0.20159272849559784, 'sadness': 0.14885805547237396, 'surprise': 0.1221066266298294, 'anger': 0.05097873881459236, 'disgust': 0.003120011417195201, 'fear': 0.002649300964549184}",0.47069454193115234,0.1221066266298294,0.20159272849559784,0.05097873881459236,0.002649300964549184,0.14885805547237396,0.003120011417195201,0.0,0.0,0.0,0.0,0.0,0.0,0.0,0.0,0.0,0.0,0.0,0.0,0.0,0.0,neutral
too much lgbt and woke propaganda,595,much lgbt woke propaganda,negative,0.8367701172828674,5,"{'neutral': 0.7128854393959045, 'sadness': 0.1155790165066719, 'surprise': 0.10063010454177856, 'joy': 0.03791593760251999, 'anger': 0.016686106100678444, 'fear': 0.010082402266561985, 'disgust': 0.0062210289761424065}",0.7128854393959045,0.10063010454177856,0.03791593760251999,0.016686106100678444,0.010082402266561985,0.1155790165066719,0.0062210289761424065,0.0,0.0,0.0,0.0,0.0,0.0,0.0,0.0,0.0,0.0,0.0,0.0,0.0,0.0,neutral
I wouldn't take anything Betsy DeVos says about education....she's too busy lobbying for a more religious based education as a means of indoctrination.,596,wouldnt take anything betsy devos says educationshes busy lobbying religious based education means indoctrination,negative,0.8576759696006775,-1,"{'sadness': 0.4173274338245392, 'neutral': 0.3551960587501526, 'anger': 0.1412145495414734, 'surprise': 0.03259019926190376, 'disgust': 0.02558138407766819, 'joy': 0.01973545178771019, 'fear': 0.008354917168617249, 'anger_linguistic': 1.0, 'anger_sentence_count': 1}",0.3551960587501526,0.03259019926190376,0.01973545178771019,0.1412145495414734,0.008354917168617249,0.4173274338245392,0.02558138407766819,0.0,0.0,0.0,1.0,0.0,0.0,0.0,0.0,0.0,0.0,1.0,0.0,0.0,0.0,anger
It’s almost as if they are just here to say Teachers salary WILL NOT increase… perros,597,almost say teachers salary increase perros,negative,0.6459766626358032,2,"{'neutral': 0.6767953634262085, 'surprise': 0.2647864520549774, 'sadness': 0.025851350277662277, 'anger': 0.01267516054213047, 'disgust': 0.007688128389418125, 'fear': 0.007580644451081753, 'joy': 0.004622933454811573}",0.6767953634262085,0.2647864520549774,0.004622933454811573,0.01267516054213047,0.007580644451081753,0.025851350277662277,0.007688128389418125,0.0,0.0,0.0,0.0,0.0,0.0,0.0,0.0,0.0,0.0,0.0,0.0,0.0,0.0,neutral
It’s different,599,different,neutral,0.6506294012069702,-1,,,,,,,,,,,,,,,,,,,,,,,
"Haha, using a Betsy DeVos quote as evidence, like that means anything.  She knows absolutely nothing about holistic education.",600,haha using betsy devos quote evidence like means anything knows absolutely nothing holistic education,negative,0.899529755115509,-1,"{'joy': 0.7043911218643188, 'neutral': 0.2389967292547226, 'surprise': 0.030242253094911575, 'anger': 0.012738159857690334, 'sadness': 0.0066199698485434055, 'disgust': 0.005426399875432253, 'fear': 0.0015853666700422764, 'anger_linguistic': 1.2, 'anger_sentence_count': 1}",0.2389967292547226,0.030242253094911575,0.7043911218643188,0.012738159857690334,0.0015853666700422764,0.0066199698485434055,0.005426399875432253,0.0,0.0,0.0,1.2,0.0,0.0,0.0,0.0,0.0,0.0,1.0,0.0,0.0,0.0,anger
"Because the rest of the system is wrong, there needs to be a US law class from elementary to high school and continuing education throughout the people's lives. First of all so people will hopefully behave in a more civil manner, and second, we somehow have to prepare them for this humanitarian  crisis we call the real world 🌎. 
Huff",601,rest system wrong needs law class elementary high school continuing education throughout peoples lives first people hopefully behave civil manner second somehow prepare humanitarian crisis call real world huff,negative,0.47197553515434265,-1,"{'anger': 0.9678654670715332, 'neutral': 0.016314104199409485, 'disgust': 0.006423456594347954, 'fear': 0.004409050568938255, 'sadness': 0.0027131359092891216, 'joy': 0.0011528683826327324, 'surprise': 0.0011218899162486196, 'neutral_linguistic': 1.0, 'neutral_sentence_count': 1}",0.016314104199409485,0.0011218899162486196,0.0011528683826327324,0.9678654670715332,0.004409050568938255,0.0027131359092891216,0.006423456594347954,1.0,0.0,0.0,0.0,0.0,0.0,0.0,1.0,0.0,0.0,0.0,0.0,0.0,0.0,anger
"Earning is not great, and sometimes they need to pay extra tools for their students out of their pocket. You expect people to stay?",602,earning great sometimes need pay extra tools students pocket expect people stay,negative,0.8875035643577576,55,"{'neutral': 0.8149087429046631, 'joy': 0.07878344506025314, 'surprise': 0.06551710516214371, 'anger': 0.0191811416298151, 'sadness': 0.016587775200605392, 'fear': 0.0027299914509058, 'disgust': 0.00229179416783154, 'joy_linguistic': 1.0, 'neutral_linguistic': 1.0, 'joy_sentence_count': 1, 'neutral_sentence_count': 1}",0.8149087429046631,0.06551710516214371,0.07878344506025314,0.0191811416298151,0.0027299914509058,0.016587775200605392,0.00229179416783154,1.0,0.0,1.0,0.0,0.0,0.0,0.0,1.0,0.0,1.0,0.0,0.0,0.0,0.0,neutral
Because of Department of Education created by Dem in 1980.,603,department education created dem,neutral,0.7522013783454895,32,"{'neutral': 0.8376340866088867, 'surprise': 0.08604847639799118, 'sadness': 0.02010844089090824, 'anger': 0.017860213294625282, 'joy': 0.01545188669115305, 'disgust': 0.014234041795134544, 'fear': 0.0086628133431077}",0.8376340866088867,0.08604847639799118,0.01545188669115305,0.017860213294625282,0.0086628133431077,0.02010844089090824,0.014234041795134544,0.0,0.0,0.0,0.0,0.0,0.0,0.0,0.0,0.0,0.0,0.0,0.0,0.0,0.0,neutral
It was never good.,604,never good,negative,0.9094904661178589,-1,"{'sadness': 0.9611635804176331, 'neutral': 0.013709190301597118, 'anger': 0.010007738135755062, 'surprise': 0.005227664485573769, 'fear': 0.003988658078014851, 'joy': 0.0036794301122426987, 'disgust': 0.0022236884105950594}",0.013709190301597118,0.005227664485573769,0.0036794301122426987,0.010007738135755062,0.003988658078014851,0.9611635804176331,0.0022236884105950594,0.0,0.0,0.0,0.0,0.0,0.0,0.0,0.0,0.0,0.0,0.0,0.0,0.0,0.0,sadness
"Standardized testing has caused the curriculum to come to a grinding halt in May to enter “testing season” when the schedule is totally disrupted for testing. The schedule is different every day and this goes on for weeks. During this time, teachers are teaching to the test or abandoning the curriculum altogether to teach ACT prep. Meanwhile, between standardized tests, required ACT testing and final exams, the students are tested to death. The end result is that they give up on caring or trying. 
The second problem is how schools are rated based on the number of students that graduate in four years. This causes promotion at any cost!  Schools no longer adhere to the attendance policy, so students know they can miss half the school year and still pass. And they have made it nearly impossible to fail. No students can receive less than a 50% on any test, assignment or grading period and they have to be allowed to retake any test at any time. If they fail a grading period despite all of these measures, they can do online grade recovery. If they still fail, it’s not unheard of for administration to change their grade to a passing grade. Who is required to create these make up exams and remedial work? The teachers. End result, uneducated students and burnt out teachers.",605,standardized testing caused curriculum come grinding halt may enter testing season schedule totally disrupted testing schedule different every day goes weeks time teachers teaching test abandoning curriculum altogether teach act prep meanwhile standardized tests required act testing final exams students tested death end result give caring trying second problem schools rated based number students graduate four years causes promotion cost schools longer adhere attendance policy students know miss half school year still pass made nearly impossible fail students receive less test assignment grading period allowed retake test time fail grading period despite measures online grade recovery still fail unheard administration change grade passing grade required create make exams remedial work teachers end result uneducated students burnt teachers,negative,0.7899826566378275,4,"{'anger': 0.9689115881919861, 'fear': 0.3498995900154114, 'sadness': 0.8282867074012756, 'neutral': 0.01846342533826828, 'joy': 0.007846131920814514, 'disgust': 0.009012836031615734, 'surprise': 0.008489411324262619, 'joy_linguistic': 1.2, 'sadness_linguistic': 1.2, 'anger_linguistic': 2.4, 'joy_sentence_count': 1, 'sadness_sentence_count': 1, 'anger_sentence_count': 1}",0.01846342533826828,0.008489411324262619,0.007846131920814514,0.9689115881919861,0.3498995900154114,0.8282867074012756,0.009012836031615734,0.0,0.0,1.2,2.4,0.0,1.2,0.0,0.0,0.0,1.0,1.0,0.0,1.0,0.0,anger
"Western?  No, Europe for the most part is fine.  America is a failure in education.",606,western europe part fine america failure education,negative,0.7318251132965088,0,"{'sadness': 0.8885082602500916, 'neutral': 0.0459139458835125, 'fear': 0.025429878383874893, 'surprise': 0.01867957040667534, 'anger': 0.010424218140542507, 'joy': 0.009043711237609386, 'disgust': 0.002000479493290186}",0.0459139458835125,0.01867957040667534,0.009043711237609386,0.010424218140542507,0.025429878383874893,0.8885082602500916,0.002000479493290186,0.0,0.0,0.0,0.0,0.0,0.0,0.0,0.0,0.0,0.0,0.0,0.0,0.0,0.0,sadness
Here's a good example of the failures produced by this education system.,607,heres good example failures produced education system,negative,0.8840264081954956,16,"{'neutral': 0.42147356271743774, 'sadness': 0.317179799079895, 'anger': 0.10917741060256958, 'surprise': 0.06830961257219315, 'disgust': 0.04895491525530815, 'joy': 0.020844556391239166, 'fear': 0.014060122892260551}",0.42147356271743774,0.06830961257219315,0.020844556391239166,0.10917741060256958,0.014060122892260551,0.317179799079895,0.04895491525530815,0.0,0.0,0.0,0.0,0.0,0.0,0.0,0.0,0.0,0.0,0.0,0.0,0.0,0.0,neutral
What are you talking about?  This failure in education stems at least 30 years back if not more.,608,talking failure education stems least years back,negative,0.915932297706604,16,"{'neutral': 0.7238640785217285, 'sadness': 0.14506596326828003, 'surprise': 0.05202920734882355, 'fear': 0.03170863538980484, 'disgust': 0.026034992188215256, 'anger': 0.01790495589375496, 'joy': 0.0033922004513442516}",0.7238640785217285,0.05202920734882355,0.0033922004513442516,0.01790495589375496,0.03170863538980484,0.14506596326828003,0.026034992188215256,0.0,0.0,0.0,0.0,0.0,0.0,0.0,0.0,0.0,0.0,0.0,0.0,0.0,0.0,neutral
I could use more money 💰,610,could use money,positive,0.7564772367477417,35,"{'sadness': 0.5800526738166809, 'neutral': 0.2973949909210205, 'surprise': 0.05972328409552574, 'joy': 0.03823143616318703, 'anger': 0.015402134507894516, 'disgust': 0.006781628355383873, 'fear': 0.002413894748315215}",0.2973949909210205,0.05972328409552574,0.03823143616318703,0.015402134507894516,0.002413894748315215,0.5800526738166809,0.006781628355383873,0.0,0.0,0.0,0.0,0.0,0.0,0.0,0.0,0.0,0.0,0.0,0.0,0.0,0.0,sadness
"Our local teachers were so much more able to work together across grades and within departments before standards based reform and testing mandates under NCLB.  NCLB created a hundred ways to fail with dire penalties and shifted the focus from curriculum and instruction to getting the ""bubble kids"" to pass the new tests, lest the school be shut down.  It took millions of angry parents to force Congress to undo most of that junk in 2015.",611,local teachers much able work together across grades within departments standards based reform testing mandates nclb nclb created hundred ways fail dire penalties shifted focus curriculum instruction getting bubble kids pass new tests lest school shut took millions angry parents force congress undo junk,negative,0.6395342946052551,0,"{'anger': 0.9775809049606323, 'fear': 0.01472467090934515, 'sadness': 0.002844964386895299, 'joy': 0.001559169846586883, 'neutral': 0.0015265183756127954, 'surprise': 0.001347020617686212, 'disgust': 0.0004166901926510036, 'anger_linguistic': 1.0, 'anger_sentence_count': 1}",0.0015265183756127954,0.001347020617686212,0.001559169846586883,0.9775809049606323,0.01472467090934515,0.002844964386895299,0.0004166901926510036,0.0,0.0,0.0,1.0,0.0,0.0,0.0,0.0,0.0,0.0,1.0,0.0,0.0,0.0,anger
"it's parents and poor parenting 
failing America not schools",612,parents poor parenting failing america schools,negative,0.9235156178474426,8,"{'sadness': 0.8491023182868958, 'anger': 0.10332544147968292, 'neutral': 0.022352179512381554, 'disgust': 0.012594597414135933, 'surprise': 0.0055396524257957935, 'joy': 0.003882760414853692, 'fear': 0.003203124739229679}",0.022352179512381554,0.0055396524257957935,0.003882760414853692,0.10332544147968292,0.003203124739229679,0.8491023182868958,0.012594597414135933,0.0,0.0,0.0,0.0,0.0,0.0,0.0,0.0,0.0,0.0,0.0,0.0,0.0,0.0,sadness
Much of USA's K-12 education is politically motivated. There is so much to teach since the parents don't teach them at home.,613,much usas education politically motivated much teach since parents dont teach home,negative,0.6762991547584534,-1,"{'anger': 0.6584270596504211, 'neutral': 0.20976820588111877, 'sadness': 0.04927809163928032, 'joy': 0.02724999561905861, 'surprise': 0.027053363621234894, 'disgust': 0.023268988355994225, 'fear': 0.0049543301574885845}",0.20976820588111877,0.027053363621234894,0.02724999561905861,0.6584270596504211,0.0049543301574885845,0.04927809163928032,0.023268988355994225,0.0,0.0,0.0,0.0,0.0,0.0,0.0,0.0,0.0,0.0,0.0,0.0,0.0,0.0,anger
"Men keep remembering the exact change to get or give. They remember the exact price of the item. I like rounding up. I loved the chapter ""rounding up"".",614,men keep remembering exact change get give remember exact price item like rounding loved chapter rounding,positive,0.9153127670288086,6,"{'neutral': 0.8944150805473328, 'surprise': 0.061985138803720474, 'sadness': 0.015932807698845863, 'joy': 0.014944002963602543, 'anger': 0.00929090566933155, 'fear': 0.0017467294819653034, 'disgust': 0.0016852794215083122, 'joy_linguistic': 1.0, 'love_linguistic': 1.0, 'joy_sentence_count': 1, 'love_sentence_count': 1}",0.8944150805473328,0.061985138803720474,0.014944002963602543,0.00929090566933155,0.0017467294819653034,0.015932807698845863,0.0016852794215083122,0.0,0.0,1.0,0.0,0.0,0.0,0.0,0.0,0.0,1.0,0.0,0.0,0.0,0.0,neutral
Being poor does not mean you cannot learn.  That's just an excuse,615,poor mean cannot learn thats excuse,negative,0.7710496783256531,16,"{'sadness': 0.7117310762405396, 'neutral': 0.15470734238624573, 'anger': 0.05054691433906555, 'disgust': 0.04389694333076477, 'surprise': 0.02821841835975647, 'joy': 0.0077447849325835705, 'fear': 0.0031544766388833523, 'anger_linguistic': 1.0, 'anger_sentence_count': 1}",0.15470734238624573,0.02821841835975647,0.0077447849325835705,0.05054691433906555,0.0031544766388833523,0.7117310762405396,0.04389694333076477,0.0,0.0,0.0,1.0,0.0,0.0,0.0,0.0,0.0,0.0,1.0,0.0,0.0,0.0,sadness
guaranteed it wasnt by accident.  there is a formula a plan used by a certain group  - to cause a problem then fuel it until it collapses. Look for the bottom line.  what else has this plan done and the results.,616,guaranteed wasnt accident formula plan used certain group cause problem fuel collapses look bottom line else plan done results,negative,0.7003501057624817,-1,"{'neutral': 0.5989918112754822, 'surprise': 0.16824543476104736, 'sadness': 0.16087959706783295, 'anger': 0.03051762841641903, 'fear': 0.023699330165982246, 'joy': 0.01485473196953535, 'disgust': 0.0028114730957895517}",0.5989918112754822,0.16824543476104736,0.01485473196953535,0.03051762841641903,0.023699330165982246,0.16087959706783295,0.0028114730957895517,0.0,0.0,0.0,0.0,0.0,0.0,0.0,0.0,0.0,0.0,0.0,0.0,0.0,0.0,neutral
"Americans are so hung up on creationism and stupid curriculums and potentially being led by a ""socialist"" Federal Government boogie man trying to indoctrinate our kids, and yet countries around the world teach STEM day in and day out, for longer hours a day, for longer school years. It's laughable. I see students from other countries come into our schools and literally crush it with their grades. Sixth grade students from other countries can do what High School seniors in America can do in all STEM subjects. It's embarrassing.",617,americans hung creationism stupid curriculums potentially led socialist federal government boogie man trying indoctrinate kids yet countries around world teach stem day day longer hours day longer school years laughable see students countries come schools literally crush grades sixth grade students countries high school seniors america stem subjects embarrassing,negative,0.8293247222900391,-1,"{'sadness': 0.7961606979370117, 'anger': 0.05962624028325081, 'surprise': 0.05530343949794769, 'joy': 0.04839694872498512, 'fear': 0.018435867503285408, 'neutral': 0.01617264933884144, 'disgust': 0.005904095247387886, 'joy_linguistic': 1.0, 'disgust_linguistic': 1.0, 'joy_sentence_count': 1, 'disgust_sentence_count': 1}",0.01617264933884144,0.05530343949794769,0.04839694872498512,0.05962624028325081,0.018435867503285408,0.7961606979370117,0.005904095247387886,0.0,0.0,1.0,0.0,0.0,0.0,1.0,0.0,0.0,1.0,0.0,0.0,0.0,1.0,sadness
Why am I required to take British literature in high school? How will that help me later in life. There's so many stupid classes like that. Kids in other countries are learning science and math while we focus on stupid subjects. Don't get me started on the college classes that are a joke.,618,required take british literature high school help later life theres many stupid classes like kids countries learning science math focus stupid subjects dont get started college classes joke,negative,0.9422801733016968,39,"{'sadness': 0.651961624622345, 'anger': 0.25725504755973816, 'surprise': 0.03598790988326073, 'neutral': 0.024401916190981865, 'joy': 0.014581197872757912, 'disgust': 0.010778830386698246, 'fear': 0.00503351679071784}",0.024401916190981865,0.03598790988326073,0.014581197872757912,0.25725504755973816,0.00503351679071784,0.651961624622345,0.010778830386698246,0.0,0.0,0.0,0.0,0.0,0.0,0.0,0.0,0.0,0.0,0.0,0.0,0.0,0.0,sadness
Department of Education needs to be abolished and so do the teachers unions.,619,department education needs abolished teachers unions,negative,0.89753258228302,14,"{'sadness': 0.5193273425102234, 'anger': 0.18236160278320312, 'neutral': 0.17235197126865387, 'surprise': 0.07398848980665207, 'disgust': 0.0280385073274374, 'joy': 0.013198314234614372, 'fear': 0.01073374506086111}",0.17235197126865387,0.07398848980665207,0.013198314234614372,0.18236160278320312,0.01073374506086111,0.5193273425102234,0.0280385073274374,0.0,0.0,0.0,0.0,0.0,0.0,0.0,0.0,0.0,0.0,0.0,0.0,0.0,0.0,sadness
Taylor Anthony Johnson Thomas Anderson Linda,620,taylor anthony johnson thomas anderson linda,neutral,0.8940879106521606,41,"{'neutral': 0.7337151765823364, 'surprise': 0.1306948959827423, 'joy': 0.0743560865521431, 'sadness': 0.050141461193561554, 'anger': 0.007271927315741777, 'fear': 0.002240525558590889, 'disgust': 0.00158000981900841}",0.7337151765823364,0.1306948959827423,0.0743560865521431,0.007271927315741777,0.002240525558590889,0.050141461193561554,0.00158000981900841,0.0,0.0,0.0,0.0,0.0,0.0,0.0,0.0,0.0,0.0,0.0,0.0,0.0,0.0,neutral
The system also needs to back up on so called “students’ rights”. Children are modeled from a very early age that parents cannot be pushy or use strict discipline as this is considered “abuse”. The main problem is that the system already created monsters. This will take generations to actually change. Teachers are dealing with little criminals with no consequences whatsoever.,621,system also needs back called students rights children modeled early age parents cannot pushy use strict discipline considered abuse main problem system already created monsters take generations actually change teachers dealing little criminals consequences whatsoever,negative,0.7904143333435059,-1,"{'neutral': 0.7792125940322876, 'anger': 0.15475134551525116, 'disgust': 0.029478592798113823, 'sadness': 0.01581353135406971, 'fear': 0.008826032280921936, 'surprise': 0.006905419286340475, 'joy': 0.005012553185224533, 'fear_linguistic': 1.0, 'neutral_linguistic': 2.0, 'fear_sentence_count': 1, 'neutral_sentence_count': 1}",0.7792125940322876,0.006905419286340475,0.005012553185224533,0.15475134551525116,0.008826032280921936,0.01581353135406971,0.029478592798113823,2.0,0.0,0.0,0.0,1.0,0.0,0.0,1.0,0.0,0.0,0.0,1.0,0.0,0.0,neutral
Kinda seems like the state is doing a poor job of raising our kids.  Maybe we shouldn’t be trusting them with that responsibility.,622,kinda seems like state poor job raising kids maybe shouldnt trusting responsibility,negative,0.8945928812026978,8,"{'sadness': 0.8782256841659546, 'surprise': 0.06656451523303986, 'neutral': 0.03725362569093704, 'joy': 0.006832691375166178, 'anger': 0.005870260298252106, 'disgust': 0.0026902102399617434, 'fear': 0.00256295595318079, 'neutral_linguistic': 1.0, 'neutral_sentence_count': 1}",0.03725362569093704,0.06656451523303986,0.006832691375166178,0.005870260298252106,0.00256295595318079,0.8782256841659546,0.0026902102399617434,1.0,0.0,0.0,0.0,0.0,0.0,0.0,1.0,0.0,0.0,0.0,0.0,0.0,0.0,sadness
"Makes sense, your pronouns and your skin color and your oppressed-oppressor status are more important than math, reading, physical education, trade skills",623,makes sense pronouns skin color oppressedoppressor status important math reading physical education trade skills,negative,0.5135860443115234,-1,"{'neutral': 0.48297953605651855, 'anger': 0.2402079552412033, 'disgust': 0.12392415851354599, 'fear': 0.059346482157707214, 'joy': 0.049696799367666245, 'sadness': 0.030965417623519897, 'surprise': 0.012879662215709686}",0.48297953605651855,0.012879662215709686,0.049696799367666245,0.2402079552412033,0.059346482157707214,0.030965417623519897,0.12392415851354599,0.0,0.0,0.0,0.0,0.0,0.0,0.0,0.0,0.0,0.0,0.0,0.0,0.0,0.0,neutral
"The old saying is knowledge is POWER, and they are so, so scared that you will get that knowledge to take away their power. Better find ways to make sure you never acquire that power (and I’m talking about getting a proper conventional education using the school system, not some conspiracy theorist claptrap knowledge).",624,old saying knowledge power scared get knowledge take away power better find ways make sure never acquire power talking getting proper conventional education using school system conspiracy theorist claptrap knowledge,negative,0.7904428839683533,-1,"{'fear': 0.980637788772583, 'anger': 0.0072767408564686775, 'surprise': 0.0037830485962331295, 'neutral': 0.003687639255076647, 'sadness': 0.002486285986378789, 'joy': 0.0017877569189295173, 'disgust': 0.00034078408498317003, 'fear_linguistic': 1.0, 'neutral_linguistic': 0.5, 'fear_sentence_count': 1, 'love_sentence_count': 1}",0.003687639255076647,0.0037830485962331295,0.0017877569189295173,0.0072767408564686775,0.980637788772583,0.002486285986378789,0.00034078408498317003,0.5,0.0,0.0,0.0,1.0,0.0,0.0,0.0,0.0,0.0,0.0,1.0,0.0,0.0,fear
I hate Maths - I can live without maths. But I need to read,625,hate maths live without maths need read,negative,0.881436288356781,6,"{'anger': 0.9324359893798828, 'disgust': 0.027192547917366028, 'sadness': 0.016872256994247437, 'neutral': 0.01597951352596283, 'fear': 0.004015536513179541, 'joy': 0.0021239372435957193, 'surprise': 0.001380230183713138}",0.01597951352596283,0.001380230183713138,0.0021239372435957193,0.9324359893798828,0.004015536513179541,0.016872256994247437,0.027192547917366028,0.0,0.0,0.0,0.0,0.0,0.0,0.0,0.0,0.0,0.0,0.0,0.0,0.0,0.0,anger
In India we have CBSE or NCERT & other state school syllabus's. Central government vs state schools. Govt vs private schools,626,india cbse ncert state school syllabuss central government state schools govt private schools,neutral,0.8869765400886536,1,"{'neutral': 0.7827854752540588, 'surprise': 0.08388646692037582, 'sadness': 0.054846104234457016, 'joy': 0.0534171536564827, 'anger': 0.013430499471724033, 'fear': 0.009268573485314846, 'disgust': 0.002365774940699339}",0.7827854752540588,0.08388646692037582,0.0534171536564827,0.013430499471724033,0.009268573485314846,0.054846104234457016,0.002365774940699339,0.0,0.0,0.0,0.0,0.0,0.0,0.0,0.0,0.0,0.0,0.0,0.0,0.0,0.0,neutral
Not just America. The entire world.,627,america entire world,neutral,0.673725426197052,7,"{'surprise': 0.7047680020332336, 'neutral': 0.13787005841732025, 'fear': 0.05970637872815132, 'sadness': 0.043223313987255096, 'anger': 0.03333378583192825, 'joy': 0.016039526090025902, 'disgust': 0.005058960989117622}",0.13787005841732025,0.7047680020332336,0.016039526090025902,0.03333378583192825,0.05970637872815132,0.043223313987255096,0.005058960989117622,0.0,0.0,0.0,0.0,0.0,0.0,0.0,0.0,0.0,0.0,0.0,0.0,0.0,0.0,surprise
"If it started being implemented a few months after Obama became president, that means that it was created under George Bush",628,started implemented months obama became president means created george bush,neutral,0.746135413646698,51,"{'neutral': 0.5582675933837891, 'surprise': 0.3669585585594177, 'joy': 0.040399275720119476, 'anger': 0.019514137879014015, 'sadness': 0.007952399551868439, 'fear': 0.005347391124814749, 'disgust': 0.0015606427332386374, 'anger_linguistic': 1.0, 'anger_sentence_count': 1}",0.5582675933837891,0.3669585585594177,0.040399275720119476,0.019514137879014015,0.005347391124814749,0.007952399551868439,0.0015606427332386374,0.0,0.0,0.0,1.0,0.0,0.0,0.0,0.0,0.0,0.0,1.0,0.0,0.0,0.0,anger
11:03 this lady couldn't be bothered to put on a professional top for the interview,629,lady couldnt bothered put professional top interview,negative,0.7703725695610046,25,"{'surprise': 0.4025087356567383, 'anger': 0.3561103641986847, 'neutral': 0.1163002997636795, 'sadness': 0.07317652553319931, 'disgust': 0.04261424392461777, 'joy': 0.006768264342099428, 'fear': 0.0025216015055775642}",0.1163002997636795,0.4025087356567383,0.006768264342099428,0.3561103641986847,0.0025216015055775642,0.07317652553319931,0.04261424392461777,0.0,0.0,0.0,0.0,0.0,0.0,0.0,0.0,0.0,0.0,0.0,0.0,0.0,0.0,surprise
Teacher unions are fine with failing schools they just want pay checks. Face the facts.   and the government is fine with stupid voters. Happy happy joy joy.   Teacher union representative axs: Why does  professional basketball playerz gets more. teacher should be paid 5 million dollars if they are non-white or non-normal.  or and Racism somehow is to blame.,630,teacher unions fine failing schools want pay checks face facts government fine stupid voters happy happy joy joy teacher union representative axs professional basketball playerz gets teacher paid million dollars nonwhite nonnormal racism somehow blame,negative,0.792881965637207,14,"{'joy': 0.4343343675136566, 'sadness': 0.30694493651390076, 'anger': 0.14759282767772675, 'surprise': 0.08917554467916489, 'neutral': 0.018752355128526688, 'disgust': 0.0016463412903249264, 'fear': 0.0015536202117800713, 'joy_linguistic': 2.0, 'joy_sentence_count': 1}",0.018752355128526688,0.08917554467916489,0.4343343675136566,0.14759282767772675,0.0015536202117800713,0.30694493651390076,0.0016463412903249264,0.0,0.0,2.0,0.0,0.0,0.0,0.0,0.0,0.0,1.0,0.0,0.0,0.0,0.0,joy
"What is the American education system failing Americans? In a word, Republicans.",632,american education system failing americans word republicans,negative,0.9249908328056335,0,"{'sadness': 0.8796820044517517, 'neutral': 0.05005998536944389, 'surprise': 0.040544748306274414, 'anger': 0.012620868161320686, 'disgust': 0.007750050630420446, 'fear': 0.005658481735736132, 'joy': 0.0036839060485363007}",0.05005998536944389,0.040544748306274414,0.0036839060485363007,0.012620868161320686,0.005658481735736132,0.8796820044517517,0.007750050630420446,0.0,0.0,0.0,0.0,0.0,0.0,0.0,0.0,0.0,0.0,0.0,0.0,0.0,0.0,sadness
The United States has no future!,633,united states future,negative,0.9176061749458313,10,"{'neutral': 0.7838432788848877, 'sadness': 0.08367416262626648, 'anger': 0.051979877054691315, 'surprise': 0.048202093690633774, 'disgust': 0.012344304472208023, 'fear': 0.010094989091157913, 'joy': 0.009861195459961891}",0.7838432788848877,0.048202093690633774,0.009861195459961891,0.051979877054691315,0.010094989091157913,0.08367416262626648,0.012344304472208023,0.0,0.0,0.0,0.0,0.0,0.0,0.0,0.0,0.0,0.0,0.0,0.0,0.0,0.0,neutral
this is horrible for math…what about algebra!??,634,horrible mathwhat algebra,negative,0.9542738199234009,-1,"{'fear': 0.9856427311897278, 'surprise': 0.006810955237597227, 'sadness': 0.002108482178300619, 'anger': 0.0014232222456485033, 'joy': 0.0014214256079867482, 'disgust': 0.001387893222272396, 'neutral': 0.0012052730889990926, 'fear_linguistic': 1.0, 'disgust_linguistic': 1.0, 'fear_sentence_count': 1, 'disgust_sentence_count': 1}",0.0012052730889990926,0.006810955237597227,0.0014214256079867482,0.0014232222456485033,0.9856427311897278,0.002108482178300619,0.001387893222272396,0.0,0.0,0.0,0.0,1.0,0.0,1.0,0.0,0.0,0.0,0.0,1.0,0.0,1.0,fear
"just bunch of losers who cant do their job (teachers, parents, kids)",635,bunch losers cant job teachers parents kids,negative,0.945918083190918,0,"{'sadness': 0.6793078184127808, 'neutral': 0.16354842483997345, 'surprise': 0.07782382518053055, 'joy': 0.04048853740096092, 'anger': 0.0291969645768404, 'disgust': 0.0077800024300813675, 'fear': 0.0018543986370787024}",0.16354842483997345,0.07782382518053055,0.04048853740096092,0.0291969645768404,0.0018543986370787024,0.6793078184127808,0.0077800024300813675,0.0,0.0,0.0,0.0,0.0,0.0,0.0,0.0,0.0,0.0,0.0,0.0,0.0,0.0,sadness
The main reason the school system is broken along with all the problems in this country is simple; corporate America. Greed is destroying this country and it’s a race to the bottom. Tax cuts for the rich have destroyed this country along with the outsourcing of the American industrial capacity.,636,main reason school system broken along problems country simple corporate america greed destroying country race bottom tax cuts rich destroyed country along outsourcing american industrial capacity,negative,0.9361131191253662,-1,"{'anger': 0.735942542552948, 'sadness': 0.21675926446914673, 'neutral': 0.01523119118064642, 'surprise': 0.014676326885819435, 'joy': 0.008731115609407425, 'disgust': 0.005218840204179287, 'fear': 0.0034407624043524265, 'sadness_linguistic': 1.0, 'sadness_sentence_count': 1}",0.01523119118064642,0.014676326885819435,0.008731115609407425,0.735942542552948,0.0034407624043524265,0.21675926446914673,0.005218840204179287,0.0,0.0,0.0,0.0,0.0,1.0,0.0,0.0,0.0,0.0,0.0,0.0,1.0,0.0,sadness
The US is socially a developing country and economically a first world one so I would qualify it as a 2nd world nation,637,socially developing country economically first world one would qualify world nation,neutral,0.722580075263977,-1,"{'joy': 0.7818963527679443, 'neutral': 0.10333298146724701, 'surprise': 0.08034143596887589, 'anger': 0.017589660361409187, 'fear': 0.008873825892806053, 'sadness': 0.0046900068409740925, 'disgust': 0.003275760682299733}",0.10333298146724701,0.08034143596887589,0.7818963527679443,0.017589660361409187,0.008873825892806053,0.0046900068409740925,0.003275760682299733,0.0,0.0,0.0,0.0,0.0,0.0,0.0,0.0,0.0,0.0,0.0,0.0,0.0,0.0,joy
"They don't want you to know how numbers work, how to use words, how their Politics and Law will shape everything about your life, and they definitely do not want you to even guess at the full history. Or you might see why.",638,dont want know numbers work use words politics law shape everything life definitely want even guess full history might see,negative,0.8269146084785461,-1,"{'neutral': 0.944337010383606, 'anger': 0.01655338704586029, 'surprise': 0.012517055496573448, 'fear': 0.008571808226406574, 'joy': 0.0070266700349748135, 'disgust': 0.005540712736546993, 'sadness': 0.005453271791338921, 'neutral_linguistic': 1.0, 'neutral_sentence_count': 1}",0.944337010383606,0.012517055496573448,0.0070266700349748135,0.01655338704586029,0.008571808226406574,0.005453271791338921,0.005540712736546993,1.0,0.0,0.0,0.0,0.0,0.0,0.0,1.0,0.0,0.0,0.0,0.0,0.0,0.0,neutral
"Regarding the people in this video, I like fat girls btw fat people must not wear black. They look disgusting in any case. So no v-neck 3/4 sleeve black top for me. As of colors black is a tantric color. So is red. Shades of deep red are also to be avoided",639,regarding people video like fat girls btw fat people must wear black look disgusting case vneck sleeve black top colors black tantric color red shades deep red also avoided,negative,0.8576178550720215,17,"{'disgust': 0.987821638584137, 'anger': 0.004568581935018301, 'fear': 0.0029231153894215822, 'sadness': 0.0022071620915085077, 'neutral': 0.0016812634421512485, 'joy': 0.0004393444396555424, 'surprise': 0.00035892907180823386, 'anger_linguistic': 1.0, 'disgust_linguistic': 1.0, 'love_linguistic': 1.0, 'neutral_linguistic': 1.0, 'anger_sentence_count': 1, 'disgust_sentence_count': 1, 'love_sentence_count': 1, 'neutral_sentence_count': 1}",0.0016812634421512485,0.00035892907180823386,0.0004393444396555424,0.004568581935018301,0.0029231153894215822,0.0022071620915085077,0.987821638584137,1.0,0.0,0.0,1.0,0.0,0.0,1.0,1.0,0.0,0.0,1.0,0.0,0.0,1.0,disgust
Nope. Cus of lack of funding. Maybe don't blame everything on wokeness. You are the product of ignorance,640,nope cus lack funding maybe dont blame everything wokeness product ignorance,negative,0.9092504978179932,-1,"{'neutral': 0.7612900733947754, 'sadness': 0.15457697212696075, 'anger': 0.046815067529678345, 'disgust': 0.018953440710902214, 'surprise': 0.006680967286229134, 'fear': 0.006458877120167017, 'joy': 0.005224595777690411, 'joy_linguistic': 1.0, 'neutral_linguistic': 1.0, 'joy_sentence_count': 1, 'neutral_sentence_count': 1}",0.7612900733947754,0.006680967286229134,0.005224595777690411,0.046815067529678345,0.006458877120167017,0.15457697212696075,0.018953440710902214,1.0,0.0,1.0,0.0,0.0,0.0,0.0,1.0,0.0,1.0,0.0,0.0,0.0,0.0,neutral
but just think...why the students go to usa for further studies...ideal for study who eagers to study...not for fools...,641,thinkwhy students usa studiesideal study eagers studynot fools,negative,0.5963180661201477,-1,"{'joy': 0.4652518033981323, 'neutral': 0.30243930220603943, 'surprise': 0.15486456453800201, 'sadness': 0.04120028764009476, 'anger': 0.031002720817923546, 'fear': 0.0036867677699774504, 'disgust': 0.0015544884372502565}",0.30243930220603943,0.15486456453800201,0.4652518033981323,0.031002720817923546,0.0036867677699774504,0.04120028764009476,0.0015544884372502565,0.0,0.0,0.0,0.0,0.0,0.0,0.0,0.0,0.0,0.0,0.0,0.0,0.0,0.0,joy
"Failure of education is about the failure of parents who don’t encourage learning and hard work. Do they emphasize the importance and require their children to study? Do they oversee their kids efforts? Do they explain that education is the key to success in the world today? Often the answer is no.  The fact is in places like the inner city and Appalachia parents or usually parent just don’t care. They are too busy smoking crack, finagling welfare benefits and getting impregnated or impregnating.",642,failure education failure parents dont encourage learning hard work emphasize importance require children study oversee kids efforts explain education key success world today often answer fact places like inner city appalachia parents usually parent dont care busy smoking crack finagling welfare benefits getting impregnated impregnating,negative,0.7699658870697021,0,"{'sadness': 0.5307832360267639, 'neutral': 0.16484440863132477, 'anger': 0.13028840720653534, 'surprise': 0.08486358076334, 'fear': 0.05151565372943878, 'joy': 0.03438151255249977, 'disgust': 0.0033232024870812893, 'anger_linguistic': 1.0, 'love_linguistic': 1.0, 'neutral_linguistic': 2.0, 'anger_sentence_count': 1, 'love_sentence_count': 1, 'neutral_sentence_count': 1}",0.16484440863132477,0.08486358076334,0.03438151255249977,0.13028840720653534,0.05151565372943878,0.5307832360267639,0.0033232024870812893,2.0,0.0,0.0,1.0,0.0,0.0,0.0,1.0,0.0,0.0,1.0,0.0,0.0,0.0,neutral
"Inclusion, inclusion, inclusion.  Everyone graduates, because feelings matter more than success.",643,inclusion inclusion inclusion everyone graduates feelings matter success,positive,0.8838838338851929,12,"{'joy': 0.8529941439628601, 'neutral': 0.12017586827278137, 'surprise': 0.008811812847852707, 'anger': 0.008544759824872017, 'sadness': 0.004437987692654133, 'disgust': 0.0036825104616582394, 'fear': 0.001352829160168767}",0.12017586827278137,0.008811812847852707,0.8529941439628601,0.008544759824872017,0.001352829160168767,0.004437987692654133,0.0036825104616582394,0.0,0.0,0.0,0.0,0.0,0.0,0.0,0.0,0.0,0.0,0.0,0.0,0.0,0.0,joy
"1) year round school, 2) Teach failure - or how to overcome it 3) NO HOMEWORK",644,year round school teach failure overcome homework,neutral,0.6126111149787903,16,"{'fear': 0.45019662380218506, 'sadness': 0.28161102533340454, 'neutral': 0.11321261525154114, 'anger': 0.06947384774684906, 'joy': 0.044423654675483704, 'disgust': 0.02576565556228161, 'surprise': 0.015316540375351906}",0.11321261525154114,0.015316540375351906,0.044423654675483704,0.06947384774684906,0.45019662380218506,0.28161102533340454,0.02576565556228161,0.0,0.0,0.0,0.0,0.0,0.0,0.0,0.0,0.0,0.0,0.0,0.0,0.0,0.0,fear
Abolish the Department of Education.,645,abolish department education,negative,0.8395171165466309,32,"{'neutral': 0.5113297700881958, 'anger': 0.1519235223531723, 'sadness': 0.12149751931428909, 'surprise': 0.07763327658176422, 'disgust': 0.06033087149262428, 'fear': 0.057892248034477234, 'joy': 0.019392777234315872}",0.5113297700881958,0.07763327658176422,0.019392777234315872,0.1519235223531723,0.057892248034477234,0.12149751931428909,0.06033087149262428,0.0,0.0,0.0,0.0,0.0,0.0,0.0,0.0,0.0,0.0,0.0,0.0,0.0,0.0,neutral
"Technology has helped improve education but at the same time affected it greatly, especially in the  US. Many high school students don't write or read a book. AI scans and provides logic, and we make the grade, then we pass.",647,technology helped improve education time affected greatly especially many high school students dont write read book scans provides logic make grade pass,neutral,0.4705670177936554,-1,"{'neutral': 0.5020750761032104, 'surprise': 0.3088991343975067, 'joy': 0.08607327193021774, 'sadness': 0.06240912526845932, 'anger': 0.030170075595378876, 'fear': 0.00585214514285326, 'disgust': 0.004521138966083527, 'joy_linguistic': 1.0, 'love_linguistic': 1.0, 'joy_sentence_count': 1, 'love_sentence_count': 1}",0.5020750761032104,0.3088991343975067,0.08607327193021774,0.030170075595378876,0.00585214514285326,0.06240912526845932,0.004521138966083527,0.0,0.0,1.0,0.0,0.0,0.0,0.0,0.0,0.0,1.0,0.0,0.0,0.0,0.0,joy
"Good idea, let's continue to undermine our public school system and use that as evidence to further undermine our public school system! Absolutely stupid comment. People like you are the reason why we need to bolster our teachers and schools.",648,good idea lets continue undermine public school system use evidence undermine public school system absolutely stupid comment people like reason need bolster teachers schools,negative,0.9425898194313049,0,"{'anger': 0.9596642851829529, 'disgust': 0.01072059664875269, 'neutral': 0.010010202415287495, 'fear': 0.008301230147480965, 'sadness': 0.0057735987938940525, 'joy': 0.004108976107090712, 'surprise': 0.0014210814842954278}",0.010010202415287495,0.0014210814842954278,0.004108976107090712,0.9596642851829529,0.008301230147480965,0.0057735987938940525,0.01072059664875269,0.0,0.0,0.0,0.0,0.0,0.0,0.0,0.0,0.0,0.0,0.0,0.0,0.0,0.0,anger
"I've never had a positive experience with ""education"" as a child or adult.  The entire structure is a complete waste of time, absolutely nothing of value to offer.  It's a joke and I'll never understand why anyone takes it seriously.  What a dumb world we live in.",649,ive never positive experience education child adult entire structure complete waste time absolutely nothing value offer joke ill never understand anyone takes seriously dumb world live,negative,0.9532741904258728,21,"{'sadness': 0.7550498843193054, 'anger': 0.12462259083986282, 'surprise': 0.04978879541158676, 'joy': 0.04854599013924599, 'neutral': 0.015357560478150845, 'disgust': 0.004496351350098848, 'fear': 0.0021388018503785133, 'neutral_linguistic': 0.6, 'joy_sentence_count': 1, 'love_sentence_count': 1}",0.015357560478150845,0.04978879541158676,0.04854599013924599,0.12462259083986282,0.0021388018503785133,0.7550498843193054,0.004496351350098848,0.6,0.0,0.0,0.0,0.0,0.0,0.0,0.0,0.0,1.0,0.0,0.0,0.0,0.0,sadness
"Teachers at  my grandkids school start at $60,000.  Parents should do their job and work preparing your children for life.  Schools should not be seen as a day care center.",651,teachers grandkids school start parents job work preparing children life schools seen day care center,negative,0.5883703231811523,20,"{'joy': 0.7106188535690308, 'surprise': 0.12424493581056595, 'neutral': 0.11877302825450897, 'fear': 0.018798071891069412, 'sadness': 0.017773982137441635, 'anger': 0.008623024448752403, 'disgust': 0.001168147544376552, 'love_linguistic': 1.0, 'love_sentence_count': 1}",0.11877302825450897,0.12424493581056595,0.7106188535690308,0.008623024448752403,0.018798071891069412,0.017773982137441635,0.001168147544376552,0.0,0.0,0.0,0.0,0.0,0.0,0.0,0.0,0.0,0.0,0.0,0.0,0.0,0.0,joy
"It is very simple. Because of the woke,",652,simple woke,neutral,0.628400444984436,5,"{'neutral': 0.8408216834068298, 'surprise': 0.11553043127059937, 'sadness': 0.023887446150183678, 'joy': 0.007661515846848488, 'anger': 0.006601982284337282, 'fear': 0.004159501753747463, 'disgust': 0.001337496330961585}",0.8408216834068298,0.11553043127059937,0.007661515846848488,0.006601982284337282,0.004159501753747463,0.023887446150183678,0.001337496330961585,0.0,0.0,0.0,0.0,0.0,0.0,0.0,0.0,0.0,0.0,0.0,0.0,0.0,0.0,neutral
"I watch the 10 first minute and i already disapointed, the core of presentation is not clearly stated, no data is being supported stated, there us no case study, curiculim is not being shown, parents expect to help the kids study, where in my understanding unless you are proffesor even periodic table is hard to be memorize for us parents, the overall the argument flawed, the core pint not really stated and it waste my time and can not be use even as reference",653,watch first minute already disapointed core presentation clearly stated data supported stated case study curiculim shown parents expect help kids study understanding unless proffesor even periodic table hard memorize parents overall argument flawed core pint really stated waste time use even reference,negative,0.8874466419219971,3,"{'surprise': 0.545730710029602, 'sadness': 0.19270983338356018, 'neutral': 0.12140777707099915, 'anger': 0.09006181359291077, 'joy': 0.024910973384976387, 'fear': 0.022692667320370674, 'disgust': 0.002486210549250245, 'neutral_linguistic': 2.4, 'neutral_sentence_count': 1}",0.12140777707099915,0.545730710029602,0.024910973384976387,0.09006181359291077,0.022692667320370674,0.19270983338356018,0.002486210549250245,2.4,0.0,0.0,0.0,0.0,0.0,0.0,1.0,0.0,0.0,0.0,0.0,0.0,0.0,neutral
"With regard to the opening subtraction problem, many who learned exclusively the standard algorithm do not understand anything about why the algorithm is a good algorithm. While it is vitally important that students can IMPLEMENT the algorithms, those who cannot understand WHY the algorithm is a good algorithm do not have mastery of arithmetic at a level that will allow the development of understanding algebra. Also, we complain that we have young people who cannot count change. What the alternative algorithm did was give kids number sense and the ability to count change.",654,regard opening subtraction problem many learned exclusively standard algorithm understand anything algorithm good algorithm vitally important students implement algorithms cannot understand algorithm good algorithm mastery arithmetic level allow development understanding algebra also complain young people cannot count change alternative algorithm give kids number sense ability count change,negative,0.6680625677108765,9,"{'anger': 0.6218128800392151, 'neutral': 0.10154836624860764, 'sadness': 0.099236860871315, 'joy': 0.09506076574325562, 'surprise': 0.0733821913599968, 'disgust': 0.00512333121150732, 'fear': 0.003835545852780342, 'sadness_linguistic': 1.0, 'love_linguistic': 1.0, 'neutral_linguistic': 1.0, 'sadness_sentence_count': 1, 'love_sentence_count': 1, 'neutral_sentence_count': 1}",0.10154836624860764,0.0733821913599968,0.09506076574325562,0.6218128800392151,0.003835545852780342,0.099236860871315,0.00512333121150732,1.0,0.0,0.0,0.0,0.0,1.0,0.0,1.0,0.0,0.0,0.0,0.0,1.0,0.0,neutral
"The education system sucks because they teach the same things to different kids with different mindsets, desires, creativities, hobbies, etc. I just want to do my martial arts, my drawings, and other achievements I want, but that's harder because of school. And not to mention, if your parents don't send you to school, it's considered ""child neglect,"" and they'll call CPS on them smh. School is a prison😒",655,education system sucks teach things different kids different mindsets desires creativities hobbies etc want martial arts drawings achievements want thats harder school mention parents dont send school considered child neglect theyll call cps smh school prison,negative,0.8758551478385925,-1,"{'sadness': 0.8630468845367432, 'anger': 0.08783741295337677, 'neutral': 0.017329994589090347, 'surprise': 0.01529272273182869, 'disgust': 0.010534643195569515, 'joy': 0.004184987861663103, 'fear': 0.0017733016284182668}",0.017329994589090347,0.01529272273182869,0.004184987861663103,0.08783741295337677,0.0017733016284182668,0.8630468845367432,0.010534643195569515,0.0,0.0,0.0,0.0,0.0,0.0,0.0,0.0,0.0,0.0,0.0,0.0,0.0,0.0,sadness
Crushing merit killed education. Look what they did to Jaime Eacalante.,657,crushing merit killed education look jaime eacalante,negative,0.8889775276184082,-1,"{'sadness': 0.43072769045829773, 'anger': 0.258441299200058, 'surprise': 0.1928870677947998, 'fear': 0.054982997477054596, 'neutral': 0.049940597265958786, 'joy': 0.00694216787815094, 'disgust': 0.0060781799256801605}",0.049940597265958786,0.1928870677947998,0.00694216787815094,0.258441299200058,0.054982997477054596,0.43072769045829773,0.0060781799256801605,0.0,0.0,0.0,0.0,0.0,0.0,0.0,0.0,0.0,0.0,0.0,0.0,0.0,0.0,sadness
"Thus is 2 years old, it’s more broken now. Helloooo, hello, anyone listening. Nope.",658,thus years old broken helloooo hello anyone listening nope,negative,0.884821891784668,13,"{'neutral': 0.3517089784145355, 'joy': 0.27784067392349243, 'surprise': 0.23054926097393036, 'anger': 0.05924448370933533, 'sadness': 0.05717698857188225, 'fear': 0.012833774089813232, 'disgust': 0.01064590085297823, 'sadness_linguistic': 1.0, 'neutral_linguistic': 1.0, 'sadness_sentence_count': 1, 'neutral_sentence_count': 1}",0.3517089784145355,0.23054926097393036,0.27784067392349243,0.05924448370933533,0.012833774089813232,0.05717698857188225,0.01064590085297823,1.0,0.0,0.0,0.0,0.0,1.0,0.0,1.0,0.0,0.0,0.0,0.0,1.0,0.0,neutral
10:14 That was an incredibly demeaning statement. How are you going to put both low income and colored people in the same category? It makes an assumption that there is no way black students could be held accountable for their actions or education because the assumption of them automatically living in poverty. Straight up racism.,659,incredibly demeaning statement going put low income colored people category makes assumption way black students could held accountable actions education assumption automatically living poverty straight racism,negative,0.939844012260437,33,"{'disgust': 0.8951638340950012, 'anger': 0.04310105741024017, 'neutral': 0.03355184197425842, 'joy': 0.01496216468513012, 'sadness': 0.0070879291743040085, 'surprise': 0.00308249332010746, 'fear': 0.0030507708434015512, 'sadness_linguistic': 1.2, 'anger_linguistic': 1.2, 'sadness_sentence_count': 1, 'anger_sentence_count': 1}",0.03355184197425842,0.00308249332010746,0.01496216468513012,0.04310105741024017,0.0030507708434015512,0.0070879291743040085,0.8951638340950012,0.0,0.0,0.0,1.2,0.0,1.2,0.0,0.0,0.0,0.0,1.0,0.0,1.0,0.0,disgust
Common core used intelligently has huge potential.  Basic math has to come first.   What they did was laughable.,660,common core used intelligently huge potential basic math come first laughable,negative,0.43275412917137146,3,"{'neutral': 0.30672624707221985, 'anger': 0.2142840474843979, 'disgust': 0.12805278599262238, 'sadness': 0.1212322935461998, 'fear': 0.1182117685675621, 'surprise': 0.09461087733507156, 'joy': 0.016882002353668213, 'joy_linguistic': 1.0, 'joy_sentence_count': 1}",0.30672624707221985,0.09461087733507156,0.016882002353668213,0.2142840474843979,0.1182117685675621,0.1212322935461998,0.12805278599262238,0.0,0.0,1.0,0.0,0.0,0.0,0.0,0.0,0.0,1.0,0.0,0.0,0.0,0.0,joy
"When you go to college, they care less about common care. Do you know why?",661,college care less common care know,negative,0.7274664640426636,-1,"{'neutral': 0.7310349941253662, 'sadness': 0.09480305016040802, 'surprise': 0.0787743553519249, 'joy': 0.0775119736790657, 'fear': 0.006956812459975481, 'anger': 0.005575908347964287, 'disgust': 0.005342857446521521, 'love_linguistic': 1.0, 'love_sentence_count': 1}",0.7310349941253662,0.0787743553519249,0.0775119736790657,0.005575908347964287,0.006956812459975481,0.09480305016040802,0.005342857446521521,0.0,0.0,0.0,0.0,0.0,0.0,0.0,0.0,0.0,0.0,0.0,0.0,0.0,0.0,neutral
"Send principals, teachers and government officials overseas and learn from other developed nations, specially from Korea, Germany, Japan and nordic nations, by far considered to be the best and benchmark. Lastly American school meals are a joke, 3rd world kind, feeding kids with chocolate milk, pizza,  cereal......shameful.",662,send principals teachers government officials overseas learn developed nations specially korea germany japan nordic nations far considered best benchmark lastly american school meals joke world kind feeding kids chocolate milk pizza cerealshameful,negative,0.5651825666427612,1,"{'joy': 0.6381570100784302, 'surprise': 0.23837187886238098, 'neutral': 0.09951416403055191, 'sadness': 0.018228888511657715, 'anger': 0.0038940024096518755, 'fear': 0.001183602144010365, 'disgust': 0.0006503873155452311, 'disgust_linguistic': 1.0, 'love_linguistic': 1.0, 'neutral_linguistic': 1.0, 'disgust_sentence_count': 1, 'love_sentence_count': 1, 'neutral_sentence_count': 1}",0.09951416403055191,0.23837187886238098,0.6381570100784302,0.0038940024096518755,0.001183602144010365,0.018228888511657715,0.0006503873155452311,1.0,0.0,0.0,0.0,0.0,0.0,1.0,1.0,0.0,0.0,0.0,0.0,0.0,1.0,neutral
"Fix immigration and demographics, then we can fix education. What could it possibly matter otherwise",663,fix immigration demographics fix education could possibly matter otherwise,neutral,0.5112874507904053,0,"{'neutral': 0.7777324914932251, 'surprise': 0.13832595944404602, 'sadness': 0.03215707093477249, 'fear': 0.02196858637034893, 'anger': 0.01941998116672039, 'joy': 0.006746805272996426, 'disgust': 0.003649092512205243, 'neutral_linguistic': 1.0, 'neutral_sentence_count': 1}",0.7777324914932251,0.13832595944404602,0.006746805272996426,0.01941998116672039,0.02196858637034893,0.03215707093477249,0.003649092512205243,1.0,0.0,0.0,0.0,0.0,0.0,0.0,1.0,0.0,0.0,0.0,0.0,0.0,0.0,neutral
"Really the point of leaving the parents behind is spot on. For ages wtudents come home and parenta can help guide them through their homework if they have a problem. Now they jave stripped kids of that critical resource and created a new barrier between kids and parents. Now a kid sees their parent struggle with a 6th grade math problem and they think ""wow, my parent cant even do this but somehow im expected to? No way.",664,really point leaving parents behind spot ages wtudents come home parenta help guide homework problem jave stripped kids critical resource created new barrier kids parents kid sees parent struggle grade math problem think wow parent cant even somehow expected way,negative,0.6152565479278564,-1,"{'surprise': 0.7928756475448608, 'sadness': 0.08037227392196655, 'neutral': 0.0643562376499176, 'joy': 0.03635331615805626, 'anger': 0.017129167914390564, 'fear': 0.008296136744320393, 'disgust': 0.0006171662826091051, 'neutral_linguistic': 1.2, 'neutral_sentence_count': 1}",0.0643562376499176,0.7928756475448608,0.03635331615805626,0.017129167914390564,0.008296136744320393,0.08037227392196655,0.0006171662826091051,1.2,0.0,0.0,0.0,0.0,0.0,0.0,1.0,0.0,0.0,0.0,0.0,0.0,0.0,neutral
"Incredible how places with no where near the wealth this country has can figure out education beautifully, but not this one. It's called $ over people. When tou don't value humanity, you don't invest in it, which is why you don't see it.",665,incredible places near wealth country figure education beautifully one called people tou dont value humanity dont invest dont see,negative,0.8226320147514343,24,"{'joy': 0.5155340433120728, 'surprise': 0.39114585518836975, 'neutral': 0.0695640966296196, 'anger': 0.010581335052847862, 'sadness': 0.006209862884134054, 'fear': 0.00575051736086607, 'disgust': 0.0012142468476668, 'joy_linguistic': 1.0, 'surprise_linguistic': 1.0, 'love_linguistic': 2.0, 'joy_sentence_count': 1, 'surprise_sentence_count': 1, 'love_sentence_count': 1}",0.0695640966296196,0.39114585518836975,0.5155340433120728,0.010581335052847862,0.00575051736086607,0.006209862884134054,0.0012142468476668,0.0,1.0,1.0,0.0,0.0,0.0,0.0,0.0,1.0,1.0,0.0,0.0,0.0,0.0,surprise
"Teachers simply lack the skills needed to teach the stuff employers want employees to know.  How many teachers are computer programmers?  Experts in advanced mathematics like calculus?  How many teachers can fix an HVAC unit?  Reading and writing is foundational.  But by a certain age, they know it.  No need to teach ""English"" through 12th grade.  Same w/ ""social studies"".  But b/c teachers themselves don't have in-demand skills, these classes can't be replaced by some kind of teaching of stuff that'd be useful to kids in terms of getting a job.   The idea that ""education isn't about employment"" is utter hogwash.  If an education can't help you acquire a way to just live (ie, get an income), what good is it?  We don't have the luxury of studying Latin all day and drinking wine.",666,teachers simply lack skills needed teach stuff employers want employees know many teachers computer programmers experts advanced mathematics like calculus many teachers fix hvac unit reading writing foundational certain age know need teach english grade social studies teachers dont indemand skills classes cant replaced kind teaching stuff thatd useful kids terms getting job idea education isnt employment utter hogwash education cant help acquire way live get income good dont luxury studying latin day drinking wine,negative,0.6276448965072632,0,"{'sadness': 0.7807273864746094, 'neutral': 0.15379998087882996, 'surprise': 0.10276475548744202, 'joy': 0.06702067703008652, 'anger': 0.053411033004522324, 'fear': 0.0050443075597286224, 'disgust': 0.00353612145408988}",0.15379998087882996,0.10276475548744202,0.06702067703008652,0.053411033004522324,0.0050443075597286224,0.7807273864746094,0.00353612145408988,0.0,0.0,0.0,0.0,0.0,0.0,0.0,0.0,0.0,0.0,0.0,0.0,0.0,0.0,sadness
"ALGEBRA is the name of the software that Minds run on!
Since birth One addresses Who , What , Why , When , Where , and How questions.
The formula d = rt is applicable in all situations ; true , false , or maybe?
Considering teaching the People's Algebra ; Life!!
---
youtube.com/jalemanmathminute",667,algebra name software minds run since birth one addresses questions formula applicable situations true false maybe considering teaching peoples algebra life youtubecomjalemanmathminute,neutral,0.7685977220535278,6,"{'neutral': 0.4635342061519623, 'anger': 0.359928160905838, 'fear': 0.07195558398962021, 'surprise': 0.039572808891534805, 'sadness': 0.03418872877955437, 'disgust': 0.02457474172115326, 'joy': 0.0062457844614982605, 'neutral_linguistic': 2.0, 'neutral_sentence_count': 1}",0.4635342061519623,0.039572808891534805,0.0062457844614982605,0.359928160905838,0.07195558398962021,0.03418872877955437,0.02457474172115326,2.0,0.0,0.0,0.0,0.0,0.0,0.0,1.0,0.0,0.0,0.0,0.0,0.0,0.0,neutral
Why?? Four simple words: No Child Left Behind! That process/rule/law has killed child education.,668,four simple words child left behind processrulelaw killed child education,negative,0.9109296202659607,40,"{'anger': 0.75492262840271, 'sadness': 0.1412331908941269, 'neutral': 0.06788834184408188, 'disgust': 0.015887336805462837, 'surprise': 0.010524848476052284, 'fear': 0.00786900520324707, 'joy': 0.0016746746841818094}",0.06788834184408188,0.010524848476052284,0.0016746746841818094,0.75492262840271,0.00786900520324707,0.1412331908941269,0.015887336805462837,0.0,0.0,0.0,0.0,0.0,0.0,0.0,0.0,0.0,0.0,0.0,0.0,0.0,0.0,anger
"Without commenting on the quality of the programme...

Education institutions are very resistant to change. 

If you are pushing for something revolutionary, you need one generation to learn it properly, then these people become teachers to teach the 2nd generation of student.  

We are looking at 15-20 years to see the truth results, realistically.",669,without commenting quality programme education institutions resistant change pushing something revolutionary need one generation learn properly people become teachers teach generation student looking years see truth results realistically,negative,0.5621213912963867,0,"{'neutral': 0.636137068271637, 'anger': 0.11671116948127747, 'surprise': 0.10041584074497223, 'fear': 0.07030878961086273, 'joy': 0.05028850957751274, 'sadness': 0.02108316868543625, 'disgust': 0.005055448040366173, 'sadness_linguistic': 0.5, 'neutral_sentence_count': 1}",0.636137068271637,0.10041584074497223,0.05028850957751274,0.11671116948127747,0.07030878961086273,0.02108316868543625,0.005055448040366173,0.0,0.0,0.0,0.0,0.0,0.5,0.0,1.0,0.0,0.0,0.0,0.0,0.0,0.0,neutral
The quality of the education system has a direct impact on the quality of the political system.,670,quality education system direct impact quality political system,neutral,0.7177228927612305,0,"{'neutral': 0.6556390523910522, 'joy': 0.20740923285484314, 'anger': 0.07760819792747498, 'surprise': 0.028414767235517502, 'sadness': 0.012976634316146374, 'disgust': 0.01151635218411684, 'fear': 0.00643581710755825}",0.6556390523910522,0.028414767235517502,0.20740923285484314,0.07760819792747498,0.00643581710755825,0.012976634316146374,0.01151635218411684,0.0,0.0,0.0,0.0,0.0,0.0,0.0,0.0,0.0,0.0,0.0,0.0,0.0,0.0,neutral
But I thought the biggest problem in schools is not allowing enough drag queens.,671,thought biggest problem schools allowing enough drag queens,negative,0.5442548394203186,-1,"{'sadness': 0.5646424889564514, 'anger': 0.1936417669057846, 'surprise': 0.11558269709348679, 'neutral': 0.07381269335746765, 'disgust': 0.023988356813788414, 'fear': 0.02002571150660515, 'joy': 0.008306278847157955, 'sadness_linguistic': 1.0, 'sadness_sentence_count': 1}",0.07381269335746765,0.11558269709348679,0.008306278847157955,0.1936417669057846,0.02002571150660515,0.5646424889564514,0.023988356813788414,0.0,0.0,0.0,0.0,0.0,1.0,0.0,0.0,0.0,0.0,0.0,0.0,1.0,0.0,sadness
"schools need to simplify and bet back to basics. too many programs and costs taking away from a solid, basic education.  like any organization its about constant growth and school systems have too much quantity and not enough quality. too many teachers, admins, etc mesning nobody can get paid well without bankrupting municipalities.  public schools were disgraceful during covid. those unions turned their backs on kids as private schools returned to class while my kids in public schools really suffered. i lost alot of respect due to covid.",672,schools need simplify bet back basics many programs costs taking away solid basic education like organization constant growth school systems much quantity enough quality many teachers admins etc mesning nobody get paid well without bankrupting municipalities public schools disgraceful covid unions turned backs kids private schools returned class kids public schools really suffered lost alot respect due covid,negative,0.6737266778945923,0,"{'sadness': 0.8584206700325012, 'anger': 0.07929080724716187, 'joy': 0.019433457404375076, 'surprise': 0.018279563635587692, 'neutral': 0.01602831482887268, 'disgust': 0.006988620851188898, 'fear': 0.0015585707733407617, 'disgust_linguistic': 1.2, 'neutral_linguistic': 0.6, 'sadness_linguistic': 0.6, 'disgust_sentence_count': 1, 'love_sentence_count': 1, 'neutral_sentence_count': 1}",0.01602831482887268,0.018279563635587692,0.019433457404375076,0.07929080724716187,0.0015585707733407617,0.8584206700325012,0.006988620851188898,0.6,0.0,0.0,0.0,0.0,0.6,1.2,1.0,0.0,0.0,0.0,0.0,0.0,1.0,sadness
My mom has worked at King Kullen for 35 years! It was a great career back when she started.,673,mom worked king kullen years great career back started,positive,0.9810398817062378,20,"{'joy': 0.7098389267921448, 'neutral': 0.15082767605781555, 'surprise': 0.12371108680963516, 'sadness': 0.00899135135114193, 'anger': 0.004410638939589262, 'fear': 0.0015703164972364902, 'disgust': 0.0006500390009023249, 'joy_linguistic': 1.0, 'love_linguistic': 1.0, 'joy_sentence_count': 1, 'love_sentence_count': 1}",0.15082767605781555,0.12371108680963516,0.7098389267921448,0.004410638939589262,0.0015703164972364902,0.00899135135114193,0.0006500390009023249,0.0,0.0,1.0,0.0,0.0,0.0,0.0,0.0,0.0,1.0,0.0,0.0,0.0,0.0,joy
"Sooo, maybe we should make changes to the Dept of Education?  Crazy to think no president office has come up with a solution yet.  Or when they do make a move, the opposite party calls them a dictator and cries that everything is fine and nothing was wrong in the first place.  XD  There is no winning in these scenarios; things will keep getting worse until another country conquers america and implements their own system.",674,sooo maybe make changes dept education crazy think president office come solution yet make move opposite party calls dictator cries everything fine nothing wrong first place winning scenarios things keep getting worse another country conquers america implements system,negative,0.8486724495887756,-1,"{'anger': 0.5232805013656616, 'sadness': 0.20007121562957764, 'neutral': 0.12900644540786743, 'joy': 0.05582432448863983, 'disgust': 0.03522016853094101, 'surprise': 0.03516345098614693, 'fear': 0.02143390290439129, 'neutral_linguistic': 0.5, 'sadness_linguistic': 0.5, 'joy_sentence_count': 1, 'neutral_sentence_count': 1}",0.12900644540786743,0.03516345098614693,0.05582432448863983,0.5232805013656616,0.02143390290439129,0.20007121562957764,0.03522016853094101,0.5,0.0,0.0,0.0,0.0,0.5,0.0,1.0,0.0,1.0,0.0,0.0,0.0,0.0,anger
So we might need to do an update on this…,675,might need update,neutral,0.9200822710990906,13,"{'neutral': 0.6200636625289917, 'sadness': 0.3048916757106781, 'surprise': 0.04106391221284866, 'fear': 0.013265176676213741, 'anger': 0.007938588969409466, 'disgust': 0.006595333106815815, 'joy': 0.006181662902235985}",0.6200636625289917,0.04106391221284866,0.006181662902235985,0.007938588969409466,0.013265176676213741,0.3048916757106781,0.006595333106815815,0.0,0.0,0.0,0.0,0.0,0.0,0.0,0.0,0.0,0.0,0.0,0.0,0.0,0.0,neutral
The problem is students can't correlate what they learnt in school to their real life. They have no idea why they learn what they learn which lowers their motivation. 90% of the things you learn in school have no application in real life. Both students and teachers start to see the lesson times as just for babysitting and passing time.,676,problem students cant correlate learnt school real life idea learn learn lowers motivation things learn school application real life students teachers start see lesson times babysitting passing time,negative,0.7556229829788208,0,"{'neutral': 0.3907358944416046, 'surprise': 0.203153595328331, 'sadness': 0.1516033262014389, 'anger': 0.1392839401960373, 'joy': 0.07162649929523468, 'fear': 0.03923768550157547, 'disgust': 0.004359075333923101, 'sadness_linguistic': 1.0, 'neutral_linguistic': 1.0, 'sadness_sentence_count': 1, 'neutral_sentence_count': 1}",0.3907358944416046,0.203153595328331,0.07162649929523468,0.1392839401960373,0.03923768550157547,0.1516033262014389,0.004359075333923101,1.0,0.0,0.0,0.0,0.0,1.0,0.0,1.0,0.0,0.0,0.0,0.0,1.0,0.0,neutral
"Oh… well this didn’t age well 😂 now that Trynos presidency is addressing this, CNBC has a problem with it but two years ago they did a whole piece on it 😂",677,well didnt age well trynos presidency addressing cnbc problem two years ago whole piece,negative,0.7794543504714966,29,"{'sadness': 0.6568249464035034, 'neutral': 0.19521290063858032, 'surprise': 0.09903989732265472, 'joy': 0.03583314269781113, 'fear': 0.006617687176913023, 'anger': 0.0049072131514549255, 'disgust': 0.0015642553335055709}",0.19521290063858032,0.09903989732265472,0.03583314269781113,0.0049072131514549255,0.006617687176913023,0.6568249464035034,0.0015642553335055709,0.0,0.0,0.0,0.0,0.0,0.0,0.0,0.0,0.0,0.0,0.0,0.0,0.0,0.0,sadness
"The biggest impact on a child's education is how educated that child's mother is and how much time she has to teach the child. Please publicly acknowledge this, because parents who expect that schools will teach literacy, numeracy, and self-discipline are setting their child up for failure. The state of US public school is a reflection of the inequality of the country as a whole. I need public school to babysit my kids while I work. But I teach them to read and to understand numbers. Teachers get the money and the credit and then all I hear is that they don't get enough of either. It is a crappy system.",678,biggest impact childs education educated childs mother much time teach child please publicly acknowledge parents expect schools teach literacy numeracy selfdiscipline setting child failure state public school reflection inequality country whole need public school babysit kids work teach read understand numbers teachers get money credit hear dont get enough either crappy system,neutral,0.7457635700702667,19,"{'sadness': 0.4082169234752655, 'anger': 0.18525689840316772, 'neutral': 0.1460360735654831, 'surprise': 0.1380349099636078, 'joy': 0.11349013447761536, 'fear': 0.00565584609284997, 'disgust': 0.0033092827070504427}",0.1460360735654831,0.1380349099636078,0.11349013447761536,0.18525689840316772,0.00565584609284997,0.4082169234752655,0.0033092827070504427,0.0,0.0,0.0,0.0,0.0,0.0,0.0,0.0,0.0,0.0,0.0,0.0,0.0,0.0,sadness
"On average, 79% of U.S. adults nationwide are literate in 2024. 21% of adults in the US are illiterate in 2024.
54% of adults have a literacy below a 6th-grade level (20% are below 5th-grade level). Low levels of literacy costs the US up to 2.2 trillion per year.
As of December 2024, Iraq's adult literacy rate was 86%, which is higher than the long-term average of 80.4%. 7% ahead of America.
As of 2024, Canada has a literacy rate of 99%. A full 20% ahead of America. America is last place of all 1st and a large portion of all 2nd world countries.	•	Some countries with a 100% literacy rate in 2024 include Finland, Norway, Luxembourg, Andorra, and Greenland. 
Lack of education has consequences!!",679,average adults nationwide literate adults illiterate adults literacy thgrade level thgrade level low levels literacy costs trillion per year december iraqs adult literacy rate higher longterm average ahead america canada literacy rate full ahead america america last place large portion world countries countries literacy rate include finland norway luxembourg andorra greenland lack education consequences,negative,0.5884306132793427,11,"{'neutral': 0.4497518539428711, 'sadness': 0.3759479820728302, 'surprise': 0.09035822749137878, 'joy': 0.05416187271475792, 'anger': 0.020406771451234818, 'fear': 0.006093911360949278, 'disgust': 0.003279461758211255, 'sadness_linguistic': 1.0, 'anger_linguistic': 1.0, 'sadness_sentence_count': 1, 'anger_sentence_count': 1}",0.4497518539428711,0.09035822749137878,0.05416187271475792,0.020406771451234818,0.006093911360949278,0.3759479820728302,0.003279461758211255,0.0,0.0,0.0,1.0,0.0,1.0,0.0,0.0,0.0,0.0,1.0,0.0,1.0,0.0,sadness
I call this whole video BS,680,call whole video,negative,0.9093267917633057,17,"{'neutral': 0.9104422330856323, 'surprise': 0.03530650958418846, 'anger': 0.027209609746932983, 'fear': 0.011763589456677437, 'sadness': 0.010436498560011387, 'joy': 0.0028580084908753633, 'disgust': 0.0019834775011986494}",0.9104422330856323,0.03530650958418846,0.0028580084908753633,0.027209609746932983,0.011763589456677437,0.010436498560011387,0.0019834775011986494,0.0,0.0,0.0,0.0,0.0,0.0,0.0,0.0,0.0,0.0,0.0,0.0,0.0,0.0,neutral
It's simple the liberal teachers union,681,simple liberal teachers union,neutral,0.5112704038619995,14,"{'neutral': 0.645715594291687, 'anger': 0.15179166197776794, 'sadness': 0.08625084906816483, 'joy': 0.05409029498696327, 'surprise': 0.04183623194694519, 'disgust': 0.016479680314660072, 'fear': 0.003835737006738782}",0.645715594291687,0.04183623194694519,0.05409029498696327,0.15179166197776794,0.003835737006738782,0.08625084906816483,0.016479680314660072,0.0,0.0,0.0,0.0,0.0,0.0,0.0,0.0,0.0,0.0,0.0,0.0,0.0,0.0,neutral
"why it's failing:

religion dictating curriculum
beaucracy 
parenting
lack of funding
bad education policies for far too  long
lack of jobs once you do finish school",682,failing religion dictating curriculum beaucracy parenting lack funding bad education policies far long lack jobs finish school,negative,0.7843862771987915,28,"{'sadness': 0.7031257748603821, 'anger': 0.21081380546092987, 'neutral': 0.04820464551448822, 'disgust': 0.01387987844645977, 'fear': 0.009931466542184353, 'surprise': 0.008419008925557137, 'joy': 0.005625372752547264, 'joy_linguistic': 1.0, 'joy_sentence_count': 1}",0.04820464551448822,0.008419008925557137,0.005625372752547264,0.21081380546092987,0.009931466542184353,0.7031257748603821,0.01387987844645977,0.0,0.0,1.0,0.0,0.0,0.0,0.0,0.0,0.0,1.0,0.0,0.0,0.0,0.0,sadness
"Frankly, I almost died. I even fainted from a panic attack… at 16.",683,frankly almost died even fainted panic attack,negative,0.8580521941184998,-1,"{'fear': 0.9795547127723694, 'sadness': 0.008279279805719852, 'surprise': 0.006785238161683083, 'neutral': 0.0031785217579454184, 'joy': 0.0008400240913033485, 'anger': 0.0007495568715967238, 'disgust': 0.0006126206135377288}",0.0031785217579454184,0.006785238161683083,0.0008400240913033485,0.0007495568715967238,0.9795547127723694,0.008279279805719852,0.0006126206135377288,0.0,0.0,0.0,0.0,0.0,0.0,0.0,0.0,0.0,0.0,0.0,0.0,0.0,0.0,fear
"THIS is why the Department of Ed needs major surgery (though with a scalpel, not an ax). Nationalizing curriculum gave incompetent Ed. Ph.D.s who know NOTHING about CONTENT areas to run amok. No sane person would EVER give up phonics as the most fundamental way to teach reading. And in math, kids need to osmose, with lots of drilling over time, the SIMPLEST POSSIBLE algorithms for basic math in order to use them intuitively for higher math. Only an Ed.Ph.D with a (shudder) federal grant could possibly imagine otherwise.",684,department needs major surgery though scalpel nationalizing curriculum gave incompetent phds know nothing content areas run amok sane person would ever give phonics fundamental way teach reading math kids need osmose lots drilling time simplest possible algorithms basic math order use intuitively higher math edphd shudder federal grant could possibly imagine otherwise,negative,0.7674981355667114,32,"{'fear': 0.9600299000740051, 'surprise': 0.01948671229183674, 'sadness': 0.00846039317548275, 'neutral': 0.005545361433178186, 'anger': 0.0031472116243094206, 'joy': 0.002574051031842828, 'disgust': 0.000756308960262686, 'neutral_linguistic': 1.0, 'sadness_linguistic': 0.5, 'joy_sentence_count': 1, 'neutral_sentence_count': 1}",0.005545361433178186,0.01948671229183674,0.002574051031842828,0.0031472116243094206,0.9600299000740051,0.00846039317548275,0.000756308960262686,1.0,0.0,0.0,0.0,0.0,0.5,0.0,1.0,0.0,1.0,0.0,0.0,0.0,0.0,fear
STATES NEED TO CONTROL THEIR OWN DESTINY.  THEY DONT NEED FEDS INBTHE MIX.  DAM OLD BUSHES NO CHILD LEFT BEHIND F$$%$KED THINGS UO NOT HELPED.  DEFUND DOE. DELETE DOE.  WE DONT NEED THEM. THEY ARE A 100% FAILURE,685,states need control destiny dont need feds inbthe mix dam old bushes child left behind fked things helped defund doe delete doe dont need failure,negative,0.8981407880783081,-1,"{'anger': 0.34080860018730164, 'sadness': 0.29611024260520935, 'neutral': 0.27786847949028015, 'joy': 0.03809678182005882, 'surprise': 0.028794357553124428, 'disgust': 0.010188802145421505, 'fear': 0.008132755756378174, 'joy_linguistic': 1.0, 'joy_sentence_count': 1}",0.27786847949028015,0.028794357553124428,0.03809678182005882,0.34080860018730164,0.008132755756378174,0.29611024260520935,0.010188802145421505,0.0,0.0,1.0,0.0,0.0,0.0,0.0,0.0,0.0,1.0,0.0,0.0,0.0,0.0,joy
The parents are broken by overwork stress,686,parents broken overwork stress,negative,0.7819875478744507,8,"{'anger': 0.6823475360870361, 'sadness': 0.22181330621242523, 'neutral': 0.06317748129367828, 'disgust': 0.01778094284236431, 'surprise': 0.008576317690312862, 'joy': 0.003188116243109107, 'fear': 0.0031163254752755165, 'sadness_linguistic': 1.0, 'sadness_sentence_count': 1}",0.06317748129367828,0.008576317690312862,0.003188116243109107,0.6823475360870361,0.0031163254752755165,0.22181330621242523,0.01778094284236431,0.0,0.0,0.0,0.0,0.0,1.0,0.0,0.0,0.0,0.0,0.0,0.0,1.0,0.0,sadness
Well all the trans garbage and identification bs is the problem. Too much emphasis on feelings..,687,well trans garbage identification problem much emphasis feelings,negative,0.9332268238067627,-1,"{'neutral': 0.5325756072998047, 'sadness': 0.21136347949504852, 'disgust': 0.1285233348608017, 'anger': 0.09545567631721497, 'surprise': 0.019286952912807465, 'joy': 0.008198421448469162, 'fear': 0.004596507642418146}",0.5325756072998047,0.019286952912807465,0.008198421448469162,0.09545567631721497,0.004596507642418146,0.21136347949504852,0.1285233348608017,0.0,0.0,0.0,0.0,0.0,0.0,0.0,0.0,0.0,0.0,0.0,0.0,0.0,0.0,neutral
The title is appropriated. New generation more vulnerable to loose their future.😢,688,title appropriated new generation vulnerable loose future,negative,0.8924943804740906,10,"{'neutral': 0.8461686372756958, 'fear': 0.06661956757307053, 'surprise': 0.035488974303007126, 'anger': 0.021017488092184067, 'sadness': 0.014435837976634502, 'joy': 0.008986328728497028, 'disgust': 0.00728305010125041}",0.8461686372756958,0.035488974303007126,0.008986328728497028,0.021017488092184067,0.06661956757307053,0.014435837976634502,0.00728305010125041,0.0,0.0,0.0,0.0,0.0,0.0,0.0,0.0,0.0,0.0,0.0,0.0,0.0,0.0,neutral
Dumbing down society longer than I've been alive over half a century watching the Satanic compromise,690,dumbing society longer ive alive half century watching satanic compromise,negative,0.6800060868263245,-1,"{'sadness': 0.959588885307312, 'neutral': 0.013580924831330776, 'surprise': 0.01074413862079382, 'joy': 0.007262090221047401, 'disgust': 0.0043671345338225365, 'anger': 0.002362919505685568, 'fear': 0.0020938736852258444}",0.013580924831330776,0.01074413862079382,0.007262090221047401,0.002362919505685568,0.0020938736852258444,0.959588885307312,0.0043671345338225365,0.0,0.0,0.0,0.0,0.0,0.0,0.0,0.0,0.0,0.0,0.0,0.0,0.0,0.0,sadness
"I think our schools should be divided into different sections.  Like level one should only teach math, reading and spelling.  The next level should teach health and how to become a Doctor, Next level should teach aviation and how to become a pilot. Every school should be divided to teach a curtain trade. The kids should graduate from the first level before they can advance to the next level.  I know that should crazy but the way we are trying now aren’t working at all.  We should do away with back packs and telephones in schools.  Let our kids learn what they think they would like to do in life. Spelling and reading is the most important thing we need to learn and past to graguate before advancing to the next level.  After that we need to be studying what we want to do in life, stop wasting our time on all this crap like history, diagraming a sentence etc.  We don’t need that stuff to make a living it is a waste of time. We need to learn about our trade and learn it good. Like becoming a doctor , layer, electronics, pilot, mechanic etc. Each school should have two spelling teachers and also two reading teachers because our kids will learn faster. After that we need a lot of special teachers teaching a trade. Let the kids learn what they want to learn to make a living.",691,think schools divided different sections like level one teach math reading spelling next level teach health become doctor next level teach aviation become pilot every school divided teach curtain trade kids graduate first level advance next level know crazy way trying arent working away back packs telephones schools let kids learn think would like life spelling reading important thing need learn past graguate advancing next level need studying want life stop wasting time crap like history diagraming sentence etc dont need stuff make living waste time need learn trade learn good like becoming doctor layer electronics pilot mechanic etc school two spelling teachers also two reading teachers kids learn faster need lot special teachers teaching trade let kids learn want learn make living,neutral,0.6225923697153727,0,"{'neutral': 0.38343995809555054, 'joy': 0.5774735808372498, 'surprise': 0.20502229034900665, 'anger': 0.09623685479164124, 'sadness': 0.08040989935398102, 'fear': 0.007371564395725727, 'disgust': 0.004388951230794191, 'love_linguistic': 1.0, 'neutral_linguistic': 1.0, 'love_sentence_count': 1, 'neutral_sentence_count': 1}",0.38343995809555054,0.20502229034900665,0.5774735808372498,0.09623685479164124,0.007371564395725727,0.08040989935398102,0.004388951230794191,1.0,0.0,0.0,0.0,0.0,0.0,0.0,1.0,0.0,0.0,0.0,0.0,0.0,0.0,neutral
Public schools teachers are not trained right. Special education for the disabled students and their training went to pot. The teachers are physically and emotionally abusers now compared to when I was in public schools.teachers are better training then now.,692,public schools teachers trained right special education disabled students training went pot teachers physically emotionally abusers compared public schoolsteachers better training,negative,0.9026088118553162,0,"{'disgust': 0.4228380620479584, 'anger': 0.25055208802223206, 'neutral': 0.15381956100463867, 'sadness': 0.10871337354183197, 'fear': 0.025159241631627083, 'surprise': 0.022556206211447716, 'joy': 0.016361456364393234, 'love_linguistic': 1.0, 'love_sentence_count': 1}",0.15381956100463867,0.022556206211447716,0.016361456364393234,0.25055208802223206,0.025159241631627083,0.10871337354183197,0.4228380620479584,0.0,0.0,0.0,0.0,0.0,0.0,0.0,0.0,0.0,0.0,0.0,0.0,0.0,0.0,disgust
"There are a number of challenges our educational system faces. The biggest problem is education that doesn't connect with or genuinely interest the students; and so is memorized in studious fashion, tested successfully, and then promptly forgotten, as there's no genuine connection. I know it's very hard to do; but our educators need to just slow down. We should start by admitting failure, that we're spending a lot of money on an educational system that not only is getting poor results as measured by proficiency exams and prospective employers; but students themselves are increasingly rebelling against even attending. I can understand why. Although I happened to love scholarship and reading as a kid, I did not love school; In the K-12 level, it just consisted of teachers and students who were ambitious to memorize and test well and get good marks, as opposed to having genuine interest and connection with the subjects studied. Additionally, it's not hard for the serious scholars among the youth to see that the real priority in our schools is sports; the Social Studies teachers for example are usually hired for their coaching experience, not their knowledge of history and social studies. And the early years are when stem-cells are being assigned and the shape of the brain and the psyche are forming; Traditionally, we've waited until university to get more serious about critical studies, but so often it's too late by then for this reason.",693,number challenges educational system faces biggest problem education doesnt connect genuinely interest students memorized studious fashion tested successfully promptly forgotten theres genuine connection know hard educators need slow start admitting failure spending lot money educational system getting poor results measured proficiency exams prospective employers students increasingly rebelling even attending understand although happened love scholarship reading kid love school level consisted teachers students ambitious memorize test well get good marks opposed genuine interest connection subjects studied additionally hard serious scholars among youth see real priority schools sports social studies teachers example usually hired coaching experience knowledge history social studies early years stemcells assigned shape brain psyche forming traditionally weve waited university get serious critical studies often late reason,negative,0.7335672577222189,0,"{'sadness': 0.5000607967376709, 'anger': 0.19852039217948914, 'surprise': 0.15405674278736115, 'neutral': 0.4319208264350891, 'fear': 0.2415941208600998, 'joy': 0.6235496401786804, 'disgust': 0.00538869621232152, 'joy_linguistic': 1.0, 'sadness_linguistic': 1.0, 'love_linguistic': 1.0, 'neutral_linguistic': 4.0, 'joy_sentence_count': 1, 'sadness_sentence_count': 1, 'love_sentence_count': 1, 'neutral_sentence_count': 1}",0.4319208264350891,0.15405674278736115,0.6235496401786804,0.19852039217948914,0.2415941208600998,0.5000607967376709,0.00538869621232152,4.0,0.0,1.0,0.0,0.0,1.0,0.0,1.0,0.0,1.0,0.0,0.0,1.0,0.0,neutral
"3Rs - reading, writing, arithmetic. America became great by earlier generations and today’s leaders who were taught at public schools. They were taught the 3Rs, biology, chemistry, geography, grammar, spelling, languages (esp. Latin), history, civics, manufacturing skills, penmanship, homemaking, sewing, typing, physical education, self-discipline, and military science. Earning A’s and B’s were rewarded. All of this was part of getting a “basic education”. America must get back to basics. Liberal ideology has destroyed our children!",694,reading writing arithmetic america became great earlier generations todays leaders taught public schools taught biology chemistry geography grammar spelling languages esp latin history civics manufacturing skills penmanship homemaking sewing typing physical education selfdiscipline military science earning rewarded part getting basic education america must get back basics liberal ideology destroyed children,positive,0.7778509259223938,46,"{'joy': 0.5991370677947998, 'neutral': 0.2729782462120056, 'surprise': 0.07299233973026276, 'anger': 0.030904652550816536, 'sadness': 0.01736990176141262, 'fear': 0.0035783168859779835, 'disgust': 0.00303939008153975, 'joy_linguistic': 1.0, 'joy_sentence_count': 1}",0.2729782462120056,0.07299233973026276,0.5991370677947998,0.030904652550816536,0.0035783168859779835,0.01736990176141262,0.00303939008153975,0.0,0.0,1.0,0.0,0.0,0.0,0.0,0.0,0.0,1.0,0.0,0.0,0.0,0.0,joy
Common core tries to teach algebraic concepts in first grade.  It is ridiculous.  Unfortunately I live in. Crazy California still stuck in Common Core,695,common core tries teach algebraic concepts first grade ridiculous unfortunately live crazy california still stuck common core,negative,0.9354790449142456,3,"{'surprise': 0.38098573684692383, 'sadness': 0.31411248445510864, 'neutral': 0.16016259789466858, 'anger': 0.09565825015306473, 'joy': 0.02164286933839321, 'fear': 0.016638515517115593, 'disgust': 0.010799568146467209}",0.16016259789466858,0.38098573684692383,0.02164286933839321,0.09565825015306473,0.016638515517115593,0.31411248445510864,0.010799568146467209,0.0,0.0,0.0,0.0,0.0,0.0,0.0,0.0,0.0,0.0,0.0,0.0,0.0,0.0,surprise
"Education system is not failing the US, its working as intended.",696,education system failing working intended,neutral,0.509223222732544,0,"{'sadness': 0.7096847295761108, 'neutral': 0.16174550354480743, 'disgust': 0.051934365183115005, 'anger': 0.036122724413871765, 'fear': 0.020385656505823135, 'surprise': 0.01701284572482109, 'joy': 0.0031141932122409344}",0.16174550354480743,0.01701284572482109,0.0031141932122409344,0.036122724413871765,0.020385656505823135,0.7096847295761108,0.051934365183115005,0.0,0.0,0.0,0.0,0.0,0.0,0.0,0.0,0.0,0.0,0.0,0.0,0.0,0.0,sadness
"Schooling should be based on how a student learns. They think everyone can learn and think the same, which is false. In my freshman year in the 2000s, I took an algebra class I was failing because this teacher sucked. In the 2nd quarter, I moved to this other teacher and was getting good grades I even taught a few lessons because the other students couldn't get it, and she asked me to help them out. This is when I realized I learned and got better grades when the teacher was a woman and not a man. Even in my work life, which is finance, I always ask my supervisor, whose a woman what our CFO, a man, was talking or asking about. She can understand him 75% of time me only 25% of the time. The sad thing is I am a man, but I grew up with a mother who was in my life more than my dad. Out of this long comment, you must look at each student individually as their experiences and upbringing shape their learning. If we don't start when they are young, society is missing out on the tremendous potential these future leaders can become.",697,schooling based student learns think everyone learn think false freshman year took algebra class failing teacher sucked quarter moved teacher getting good grades even taught lessons students couldnt get asked help realized learned got better grades teacher woman man even work life finance always ask supervisor whose woman cfo man talking asking understand time time sad thing man grew mother life dad long comment must look student individually experiences upbringing shape learning dont start young society missing tremendous potential future leaders become,neutral,0.6592421332995096,0,"{'sadness': 0.8800773620605469, 'surprise': 0.07465208321809769, 'joy': 0.02503078058362007, 'neutral': 0.16344767808914185, 'anger': 0.0736444965004921, 'fear': 0.2242976427078247, 'disgust': 0.007314825430512428, 'sadness_linguistic': 0.75, 'sadness_sentence_count': 1, 'neutral_sentence_count': 1}",0.16344767808914185,0.07465208321809769,0.02503078058362007,0.0736444965004921,0.2242976427078247,0.8800773620605469,0.007314825430512428,0.0,0.0,0.0,0.0,0.0,0.75,0.0,1.0,0.0,0.0,0.0,0.0,1.0,0.0,sadness
"The educational system is failing because Republicans have been undermining it for years, Charter schools were created for this purpose and Americans fell for it.",698,educational system failing republicans undermining years charter schools created purpose americans fell,negative,0.9351881742477417,0,"{'sadness': 0.8654454946517944, 'anger': 0.08118299394845963, 'neutral': 0.020012788474559784, 'surprise': 0.01303406897932291, 'fear': 0.009298653341829777, 'disgust': 0.005554229952394962, 'joy': 0.005471792072057724}",0.020012788474559784,0.01303406897932291,0.005471792072057724,0.08118299394845963,0.009298653341829777,0.8654454946517944,0.005554229952394962,0.0,0.0,0.0,0.0,0.0,0.0,0.0,0.0,0.0,0.0,0.0,0.0,0.0,0.0,sadness
See what happens when they keep taking away recess and the arts...,699,see happens keep taking away recess arts,negative,0.6831770539283752,31,"{'sadness': 0.33248066902160645, 'neutral': 0.33016112446784973, 'surprise': 0.26826202869415283, 'joy': 0.041202981024980545, 'anger': 0.01896398700773716, 'disgust': 0.006424217950552702, 'fear': 0.0025050267577171326}",0.33016112446784973,0.26826202869415283,0.041202981024980545,0.01896398700773716,0.0025050267577171326,0.33248066902160645,0.006424217950552702,0.0,0.0,0.0,0.0,0.0,0.0,0.0,0.0,0.0,0.0,0.0,0.0,0.0,0.0,sadness
"Pythagorean theom is used in construction and engineering. When I built my house, I used pytharean to make sure my concrete footings were square. And in 3 dimensions.  Same for framing walls.",700,pythagorean theom used construction engineering built house used pytharean make sure concrete footings square dimensions framing walls,neutral,0.7915241122245789,9,"{'neutral': 0.8657039403915405, 'surprise': 0.09439083188772202, 'joy': 0.014056948013603687, 'anger': 0.008351651020348072, 'sadness': 0.008339927531778812, 'disgust': 0.004813166800886393, 'fear': 0.0043435608968138695}",0.8657039403915405,0.09439083188772202,0.014056948013603687,0.008351651020348072,0.0043435608968138695,0.008339927531778812,0.004813166800886393,0.0,0.0,0.0,0.0,0.0,0.0,0.0,0.0,0.0,0.0,0.0,0.0,0.0,0.0,neutral
"Warren Buffett: College Is An Extremely Expensive Waste Of Time
https://youtu.be/2zYnngMEm5w?si=qGIvgBK9nOz6ZsCQ
The Truth About Why They Don’t Teach Money in School
https://youtu.be/o1EkciDN-fQ?si=7tgiS15VpEv6w1p9
The US School System Was Designed to Create Factory Workers | Jeff Sandefer
https://youtu.be/VpXoHPxQ9rY?si=XwHI4SAwge8yo10y
The Most Successful People Explain Why a College Degree is USELESS
https://youtu.be/e8QY0NDWqzk?si=tXfzvLiLAjGnNEOA
How School Makes Kids Less Intelligent | Eddy Zhong
https://youtu.be/2Yt6raj-S1M?si=4AauDIjSvDirgRwr
The Factory of 'Success' - Why School is a Waste of Time
https://youtu.be/G0ho5fSH4es?si=ZZl2w7FBnmALAg9Y",701,warren buffett college extremely expensive waste time truth dont teach money school school system designed create factory workers jeff sandefer successful people explain college degree useless school makes kids less intelligent eddy zhong factory success school waste time,neutral,0.5914173126220703,48,"{'sadness': 0.41246160864830017, 'neutral': 0.17420600354671478, 'surprise': 0.13927575945854187, 'joy': 0.13529831171035767, 'anger': 0.13168536126613617, 'disgust': 0.005053365603089333, 'fear': 0.0020196090918034315, 'sadness_linguistic': 1.2, 'sadness_sentence_count': 1}",0.17420600354671478,0.13927575945854187,0.13529831171035767,0.13168536126613617,0.0020196090918034315,0.41246160864830017,0.005053365603089333,0.0,0.0,0.0,0.0,0.0,1.2,0.0,0.0,0.0,0.0,0.0,0.0,1.0,0.0,sadness
"Let me guess, even the title is poorly worded? I’m guessing this is “How the Education… 
The way the US uses English is pretty dire. Why and how are not synonymous terms.",703,let guess even title poorly worded guessing education way uses english pretty dire synonymous terms,negative,0.9004455804824829,-1,"{'fear': 0.9417531490325928, 'sadness': 0.030679764226078987, 'neutral': 0.013550481759011745, 'anger': 0.00629596970975399, 'disgust': 0.003949069883674383, 'surprise': 0.0023160651326179504, 'joy': 0.0014555648667737842}",0.013550481759011745,0.0023160651326179504,0.0014555648667737842,0.00629596970975399,0.9417531490325928,0.030679764226078987,0.003949069883674383,0.0,0.0,0.0,0.0,0.0,0.0,0.0,0.0,0.0,0.0,0.0,0.0,0.0,0.0,fear
"Why not report the truth-
It's broken because it became indoctrination NOT education.",704,report truth broken became indoctrination education,negative,0.801089346408844,28,"{'anger': 0.7862415909767151, 'sadness': 0.09584175795316696, 'neutral': 0.05077511817216873, 'fear': 0.04270457848906517, 'disgust': 0.017534689977765083, 'surprise': 0.0049950843676924706, 'joy': 0.0019071645801886916, 'sadness_linguistic': 1.0, 'sadness_sentence_count': 1}",0.05077511817216873,0.0049950843676924706,0.0019071645801886916,0.7862415909767151,0.04270457848906517,0.09584175795316696,0.017534689977765083,0.0,0.0,0.0,0.0,0.0,1.0,0.0,0.0,0.0,0.0,0.0,0.0,1.0,0.0,anger
"""Uhhh... you still have to go!""",705,uhhh still,neutral,0.784458577632904,-1,"{'neutral': 0.41404810547828674, 'surprise': 0.24327494204044342, 'disgust': 0.1229097992181778, 'sadness': 0.11206366121768951, 'fear': 0.08113448321819305, 'anger': 0.015317253768444061, 'joy': 0.011251790449023247}",0.41404810547828674,0.24327494204044342,0.011251790449023247,0.015317253768444061,0.08113448321819305,0.11206366121768951,0.1229097992181778,0.0,0.0,0.0,0.0,0.0,0.0,0.0,0.0,0.0,0.0,0.0,0.0,0.0,0.0,neutral
"Here in the United States of America standardized tests,can, and do, very by state. Some states, like Texas, are hooked on standardized tests.",706,united states america standardized testscan state states like texas hooked standardized tests,neutral,0.6319480538368225,4,"{'neutral': 0.6324451565742493, 'surprise': 0.25115343928337097, 'sadness': 0.05102311819791794, 'joy': 0.03939957544207573, 'anger': 0.016777442768216133, 'fear': 0.006624514237046242, 'disgust': 0.0025767830666154623}",0.6324451565742493,0.25115343928337097,0.03939957544207573,0.016777442768216133,0.006624514237046242,0.05102311819791794,0.0025767830666154623,0.0,0.0,0.0,0.0,0.0,0.0,0.0,0.0,0.0,0.0,0.0,0.0,0.0,0.0,neutral
"World is changing and education standards and practices are changing with it , while US is trying to do something that other countries have done in last century when it was needed. We don't need 80% of young people to be engineers anymore. Future of education is in low standard of universal knowledge, and high standard in subjects that are students interest, passion and talent.",707,world changing education standards practices changing trying something countries done last century needed dont need young people engineers anymore future education low standard universal knowledge high standard subjects students interest passion talent,neutral,0.5594185590744019,-1,"{'neutral': 0.6856579780578613, 'surprise': 0.15056565403938293, 'joy': 0.08961444348096848, 'sadness': 0.047674160450696945, 'anger': 0.01866036467254162, 'fear': 0.004175946116447449, 'disgust': 0.0036514580715447664, 'sadness_linguistic': 1.0, 'love_linguistic': 1.0, 'sadness_sentence_count': 1, 'love_sentence_count': 1}",0.6856579780578613,0.15056565403938293,0.08961444348096848,0.01866036467254162,0.004175946116447449,0.047674160450696945,0.0036514580715447664,0.0,0.0,0.0,0.0,0.0,1.0,0.0,0.0,0.0,0.0,0.0,0.0,1.0,0.0,neutral
"If it's broken, it's because of liberals who say homework is demeaning and racist. They also say their kid should be able to be in any level of classes (GT, etc). Social promotion is passing a kid to the next grade because they're too old for the grade. The lowest score that a kid can get on a test or project is a 60. Liberals have ruined the education system. There are no winners or losers. Nobody can get a failing grade. We're all winners.",708,broken liberals say homework demeaning racist also say kid able level classes etc social promotion passing kid next grade theyre old grade lowest score kid get test project liberals ruined education system winners losers nobody get failing grade winners,negative,0.8380988836288452,42,"{'sadness': 0.8400812745094299, 'anger': 0.11768284440040588, 'surprise': 0.018053533509373665, 'neutral': 0.014143401756882668, 'joy': 0.0034950198605656624, 'disgust': 0.003427684772759676, 'fear': 0.003116277512162924, 'sadness_linguistic': 1.25, 'anger_linguistic': 1.0, 'sadness_sentence_count': 1, 'anger_sentence_count': 1, 'neutral_sentence_count': 1}",0.014143401756882668,0.018053533509373665,0.0034950198605656624,0.11768284440040588,0.003116277512162924,0.8400812745094299,0.003427684772759676,0.0,0.0,0.0,1.0,0.0,1.25,0.0,1.0,0.0,0.0,1.0,0.0,1.0,0.0,sadness
I feel like teen pregnancy is superrrr low,709,feel like teen pregnancy superrrr low,negative,0.8045013546943665,8,"{'sadness': 0.974092960357666, 'surprise': 0.01121569238603115, 'anger': 0.004083703272044659, 'fear': 0.0036626136861741543, 'joy': 0.0032799772452563047, 'neutral': 0.0031572801526635885, 'disgust': 0.0005078372196294367, 'sadness_linguistic': 1.0, 'sadness_sentence_count': 1}",0.0031572801526635885,0.01121569238603115,0.0032799772452563047,0.004083703272044659,0.0036626136861741543,0.974092960357666,0.0005078372196294367,0.0,0.0,0.0,0.0,0.0,1.0,0.0,0.0,0.0,0.0,0.0,0.0,1.0,0.0,sadness
"Clearly the Department of Education has not improved the outcome for better results.
Congress now can allocate funds directly to States for Education.
We hope that States will assume their role by moving funding and  administreation from property taxes to a uniform delivery of education to municipalities.
A uniform teaching, certification, continued updates of ability, compensation plans;
Facility construction, maintenance, and locations responsive to regional needs;
Central management of Contracts and negotion;
Central curiculum development and maintenance with appropriate testing;
LOCAL Parent Boards to direct extracurricular courses and activities.
WHEN the current system is not working you have to make changes.

Show quoted",710,clearly department education improved outcome better results congress allocate funds directly states education hope states assume role moving funding administreation property taxes uniform delivery education municipalities uniform teaching certification continued updates ability compensation plans facility construction maintenance locations responsive regional needs central management contracts negotion central curiculum development maintenance appropriate testing local parent boards direct extracurricular courses activities current system working make changes show quoted,neutral,0.6157593131065369,0,"{'joy': 0.42569833993911743, 'fear': 0.29454514384269714, 'anger': 0.12490163743495941, 'neutral': 0.8023138642311096, 'sadness': 0.04336750507354736, 'surprise': 0.07000916451215744, 'disgust': 0.003769162343814969, 'joy_linguistic': 1.0, 'neutral_linguistic': 1.0, 'joy_sentence_count': 1, 'neutral_sentence_count': 1}",0.8023138642311096,0.07000916451215744,0.42569833993911743,0.12490163743495941,0.29454514384269714,0.04336750507354736,0.003769162343814969,1.0,0.0,1.0,0.0,0.0,0.0,0.0,1.0,0.0,1.0,0.0,0.0,0.0,0.0,neutral
"Teachers only work 8 months of the year, when you add holidays and summer break—so their not under paided.",711,teachers work months year add holidays summer breakso paided,neutral,0.8214881420135498,2,"{'neutral': 0.5692955851554871, 'surprise': 0.20075839757919312, 'sadness': 0.11316384375095367, 'joy': 0.102157361805439, 'anger': 0.010444171726703644, 'fear': 0.0021768908482044935, 'disgust': 0.002003762638196349}",0.5692955851554871,0.20075839757919312,0.102157361805439,0.010444171726703644,0.0021768908482044935,0.11316384375095367,0.002003762638196349,0.0,0.0,0.0,0.0,0.0,0.0,0.0,0.0,0.0,0.0,0.0,0.0,0.0,0.0,neutral
It was already given to the states with common core and yet the education system failed.  so Trump  knows nothing about our education system!,712,already given states common core yet education system failed trump knows nothing education system,negative,0.87687748670578,-1,"{'sadness': 0.8003889322280884, 'neutral': 0.10773000866174698, 'surprise': 0.03908856585621834, 'anger': 0.030616924166679382, 'fear': 0.008677522651851177, 'joy': 0.00859803520143032, 'disgust': 0.0049000754952430725}",0.10773000866174698,0.03908856585621834,0.00859803520143032,0.030616924166679382,0.008677522651851177,0.8003889322280884,0.0049000754952430725,0.0,0.0,0.0,0.0,0.0,0.0,0.0,0.0,0.0,0.0,0.0,0.0,0.0,0.0,sadness
I don't know whatever it is but let's just keep throwing more money at it that'll definitely fix the problem,713,dont know whatever lets keep throwing money thatll definitely fix problem,negative,0.7717614769935608,35,"{'sadness': 0.43651115894317627, 'neutral': 0.39680108428001404, 'surprise': 0.05404698848724365, 'anger': 0.04974580556154251, 'joy': 0.04407995939254761, 'disgust': 0.010111582465469837, 'fear': 0.008703403174877167, 'neutral_linguistic': 1.0, 'neutral_sentence_count': 1}",0.39680108428001404,0.05404698848724365,0.04407995939254761,0.04974580556154251,0.008703403174877167,0.43651115894317627,0.010111582465469837,1.0,0.0,0.0,0.0,0.0,0.0,0.0,1.0,0.0,0.0,0.0,0.0,0.0,0.0,neutral
"I am 20 years old. I have no idea about what type of system was used. All I know was that the current education model royally screwed me over as a kid who was slow. I got to the point where I was behind 10 packets of homework, not eating, Aba therapy specialists frustrated as I cried, eventually I ended up leaving and going to an eating disorder center. This was only freshman year.",714,years old idea type system used know current education model royally screwed kid slow got point behind packets homework eating aba therapy specialists frustrated cried eventually ended leaving going eating disorder center freshman year,negative,0.8993635177612305,0,"{'anger': 0.817851722240448, 'sadness': 0.10411297529935837, 'neutral': 0.04316079244017601, 'surprise': 0.022177541628479958, 'disgust': 0.0057563334703445435, 'joy': 0.004969105590134859, 'fear': 0.001971588470041752, 'sadness_linguistic': 1.0, 'anger_linguistic': 1.0, 'love_linguistic': 1.0, 'sadness_sentence_count': 1, 'anger_sentence_count': 1, 'love_sentence_count': 1}",0.04316079244017601,0.022177541628479958,0.004969105590134859,0.817851722240448,0.001971588470041752,0.10411297529935837,0.0057563334703445435,0.0,0.0,0.0,1.0,0.0,1.0,0.0,0.0,0.0,0.0,1.0,0.0,1.0,0.0,anger
"There is no such thing as common core math. Common core standards are touch points to make sure no matter where you go to school, you are on the same level.   The math you are talking about is more understanding based. The sun is not the lesson.  They use easy equations so that you can learn how mathematics function.  The fact that so few people understand it is exactly why markets needs to be taught in a  broader way.  The best analogy I came up with is when I taught my daughter to drive we went between 18th and 22nd Street for hours. We drove 20 miles to go for blocks. Was there a fast and easy way too get from point A to point B? Of course.  But the destination was not the lesson.  The neighborhood we drove in was easy, familiar and contained all the pieces we needed (parking lots, parallel parking, stop signs, unmarked intersections, hills and flat areas.)",715,thing common core math common core standards touch points make sure matter school level math talking understanding based sun lesson use easy equations learn mathematics function fact people understand exactly markets needs taught broader way best analogy came taught daughter drive went street hours drove miles blocks fast easy way get point point course destination lesson neighborhood drove easy familiar contained pieces needed parking lots parallel parking stop signs unmarked intersections hills flat areas,neutral,0.6221252083778381,-1,"{'neutral': 0.7167858481407166, 'surprise': 0.16430652141571045, 'joy': 0.060955315828323364, 'anger': 0.02000638283789158, 'sadness': 0.018890781328082085, 'fear': 0.017283853143453598, 'disgust': 0.001771269948221743, 'joy_linguistic': 1.0, 'joy_sentence_count': 1}",0.7167858481407166,0.16430652141571045,0.060955315828323364,0.02000638283789158,0.017283853143453598,0.018890781328082085,0.001771269948221743,0.0,0.0,1.0,0.0,0.0,0.0,0.0,0.0,0.0,1.0,0.0,0.0,0.0,0.0,neutral
Why America is failing the Education System | CNBC Marathon...there fixed it,716,america failing education system cnbc marathonthere fixed,negative,0.8509500622749329,-1,"{'sadness': 0.9622786045074463, 'surprise': 0.016453346237540245, 'neutral': 0.009427300654351711, 'anger': 0.005269234534353018, 'joy': 0.0033517961855977774, 'fear': 0.002522354247048497, 'disgust': 0.0006973701529204845}",0.009427300654351711,0.016453346237540245,0.0033517961855977774,0.005269234534353018,0.002522354247048497,0.9622786045074463,0.0006973701529204845,0.0,0.0,0.0,0.0,0.0,0.0,0.0,0.0,0.0,0.0,0.0,0.0,0.0,0.0,sadness
I do think teachers arent paid enough i believe they should make more.  BUT they do have a decent amount of time off thoughout the year almost 3 total months which is a lot,717,think teachers arent paid enough believe make decent amount time thoughout year almost total months lot,neutral,0.49970126152038574,2,"{'surprise': 0.5931946039199829, 'sadness': 0.20769205689430237, 'joy': 0.10325849801301956, 'neutral': 0.07115749269723892, 'anger': 0.02086714655160904, 'disgust': 0.0021836210507899523, 'fear': 0.0016465986846014857}",0.07115749269723892,0.5931946039199829,0.10325849801301956,0.02086714655160904,0.0016465986846014857,0.20769205689430237,0.0021836210507899523,0.0,0.0,0.0,0.0,0.0,0.0,0.0,0.0,0.0,0.0,0.0,0.0,0.0,0.0,surprise
Is it crazy to think you should be able to test kids and just place them in situations to help them learn based on what they know. Who cares how old they are you should all be learning based on what you know and how you learn,718,crazy think able test kids place situations help learn based know cares old learning based know learn,neutral,0.5130327939987183,-1,"{'surprise': 0.750396728515625, 'neutral': 0.15934275090694427, 'joy': 0.0616099014878273, 'anger': 0.017558125779032707, 'sadness': 0.005985477939248085, 'fear': 0.003656067419797182, 'disgust': 0.0014509044121950865, 'love_linguistic': 1.0, 'love_sentence_count': 1}",0.15934275090694427,0.750396728515625,0.0616099014878273,0.017558125779032707,0.003656067419797182,0.005985477939248085,0.0014509044121950865,0.0,0.0,0.0,0.0,0.0,0.0,0.0,0.0,0.0,0.0,0.0,0.0,0.0,0.0,surprise
"No child left behind was a mistake, it slowed down the pace and standards for everyone, while the lowest common denominator had no appreciation.",719,child left behind mistake slowed pace standards everyone lowest common denominator appreciation,negative,0.8443149328231812,40,"{'sadness': 0.4422697424888611, 'neutral': 0.3577043116092682, 'surprise': 0.12090503424406052, 'anger': 0.036625780165195465, 'fear': 0.024120086804032326, 'disgust': 0.012938170693814754, 'joy': 0.0054368204437196255, 'sadness_linguistic': 1.0, 'sadness_sentence_count': 1}",0.3577043116092682,0.12090503424406052,0.0054368204437196255,0.036625780165195465,0.024120086804032326,0.4422697424888611,0.012938170693814754,0.0,0.0,0.0,0.0,0.0,1.0,0.0,0.0,0.0,0.0,0.0,0.0,1.0,0.0,sadness
Discipline and emphasis on educational achievement starts at home.  US parents should be more like Asian ‘tiger’ moms.,720,discipline emphasis educational achievement starts home parents like asian tiger moms,neutral,0.6636627912521362,-1,"{'neutral': 0.6866574287414551, 'joy': 0.2149810492992401, 'surprise': 0.049961816519498825, 'anger': 0.021667618304491043, 'sadness': 0.014296770095825195, 'disgust': 0.009813514538109303, 'fear': 0.0026217682752758265}",0.6866574287414551,0.049961816519498825,0.2149810492992401,0.021667618304491043,0.0026217682752758265,0.014296770095825195,0.009813514538109303,0.0,0.0,0.0,0.0,0.0,0.0,0.0,0.0,0.0,0.0,0.0,0.0,0.0,0.0,neutral
The fact of the matter is that we've let in all these brown people and they're not here to do more than build our houses and do our labor for us so just like in the Old South why you educate them? 😮,721,fact matter weve let brown people theyre build houses labor like old south educate,negative,0.8382264971733093,33,"{'neutral': 0.8090226650238037, 'sadness': 0.06507032364606857, 'anger': 0.054879989475011826, 'disgust': 0.04115007445216179, 'joy': 0.012292053550481796, 'fear': 0.011116680689156055, 'surprise': 0.006468283943831921}",0.8090226650238037,0.006468283943831921,0.012292053550481796,0.054879989475011826,0.011116680689156055,0.06507032364606857,0.04115007445216179,0.0,0.0,0.0,0.0,0.0,0.0,0.0,0.0,0.0,0.0,0.0,0.0,0.0,0.0,neutral
All my teachers did was take attendance and have us read from the book. They didn't do any teaching. If I asked a question they would give me attitude or give a sarcastic answer. Public schools are day care paid for by the tax-payers. They don't really care about teaching anyone.,722,teachers take attendance read book didnt teaching asked question would give attitude give sarcastic answer public schools day care paid taxpayers dont really care teaching anyone,negative,0.8251286745071411,0,"{'anger': 0.7947816252708435, 'neutral': 0.0791429802775383, 'surprise': 0.05722113698720932, 'sadness': 0.031788915395736694, 'joy': 0.021184520795941353, 'disgust': 0.014906867407262325, 'fear': 0.000973861082457006, 'love_linguistic': 1.2, 'neutral_linguistic': 1.2, 'love_sentence_count': 1, 'neutral_sentence_count': 1}",0.0791429802775383,0.05722113698720932,0.021184520795941353,0.7947816252708435,0.000973861082457006,0.031788915395736694,0.014906867407262325,1.2,0.0,0.0,0.0,0.0,0.0,0.0,1.0,0.0,0.0,0.0,0.0,0.0,0.0,neutral
American education has failed because American education has been destroyed by left-wing ideas,723,american education failed american education destroyed leftwing ideas,negative,0.8986916542053223,0,"{'sadness': 0.6638678908348083, 'anger': 0.1311585009098053, 'neutral': 0.13048560917377472, 'surprise': 0.029033426195383072, 'joy': 0.021258201450109482, 'disgust': 0.01843971014022827, 'fear': 0.005756677594035864}",0.13048560917377472,0.029033426195383072,0.021258201450109482,0.1311585009098053,0.005756677594035864,0.6638678908348083,0.01843971014022827,0.0,0.0,0.0,0.0,0.0,0.0,0.0,0.0,0.0,0.0,0.0,0.0,0.0,0.0,sadness
Misbehaved and students who have behavior challenges are not held fully accountable and when teachers assert themselves to remediate the situation- than a lot of the times the teacher gets remediated and even let go and this is why so many teachers have to deal with the constant disrespect and students doing what God know what with little to no consequence because the teachers are not fully protected and students know that they can get away with it,724,misbehaved students behavior challenges held fully accountable teachers assert remediate situation lot times teacher gets remediated even let many teachers deal constant disrespect students god know little consequence teachers fully protected students know get away,negative,0.8602805733680725,22,"{'anger': 0.9462406635284424, 'sadness': 0.01825759932398796, 'neutral': 0.016034940257668495, 'disgust': 0.012921241112053394, 'joy': 0.003362499177455902, 'fear': 0.002085038460791111, 'surprise': 0.001098155160434544, 'love_linguistic': 1.0, 'love_sentence_count': 1}",0.016034940257668495,0.001098155160434544,0.003362499177455902,0.9462406635284424,0.002085038460791111,0.01825759932398796,0.012921241112053394,0.0,0.0,0.0,0.0,0.0,0.0,0.0,0.0,0.0,0.0,0.0,0.0,0.0,0.0,anger
"well.. We, the People voted for this, so welcome to it....",725,well people voted welcome,positive,0.7002284526824951,23,"{'surprise': 0.4151332676410675, 'neutral': 0.3967089056968689, 'joy': 0.1499778926372528, 'sadness': 0.028860939666628838, 'anger': 0.005425784271210432, 'fear': 0.002025027759373188, 'disgust': 0.0018682073568925261}",0.3967089056968689,0.4151332676410675,0.1499778926372528,0.005425784271210432,0.002025027759373188,0.028860939666628838,0.0018682073568925261,0.0,0.0,0.0,0.0,0.0,0.0,0.0,0.0,0.0,0.0,0.0,0.0,0.0,0.0,surprise
"Common core does not work.
Whole language dies not work.
Basic reading and mathematics are being ignored.
My students were lost.
They didn't or could not look up a word in a dictionary or pronounce words correctly.
They could not balance a check book.
They are taught how to pass a test and not how to retain and understand what they read is how to articulate that information verbally or in written form.",726,common core work whole language dies work basic reading mathematics ignored students lost didnt could look word dictionary pronounce words correctly could balance check book taught pass test retain understand read articulate information verbally written form,negative,0.9088805913925171,-1,"{'sadness': 0.8706448078155518, 'neutral': 0.06228617578744888, 'surprise': 0.029796941205859184, 'anger': 0.026601793244481087, 'joy': 0.006745318416506052, 'fear': 0.0025551265571266413, 'disgust': 0.0013697758549824357}",0.06228617578744888,0.029796941205859184,0.006745318416506052,0.026601793244481087,0.0025551265571266413,0.8706448078155518,0.0013697758549824357,0.0,0.0,0.0,0.0,0.0,0.0,0.0,0.0,0.0,0.0,0.0,0.0,0.0,0.0,sadness
Problem: Uncaring parents with lazy children who don't do the work. Future workforce.,727,problem uncaring parents lazy children dont work future workforce,negative,0.8153665661811829,20,"{'sadness': 0.5397027134895325, 'anger': 0.25598233938217163, 'neutral': 0.15055589377880096, 'disgust': 0.0366768017411232, 'joy': 0.007163418922573328, 'fear': 0.005776609759777784, 'surprise': 0.004142268560826778}",0.15055589377880096,0.004142268560826778,0.007163418922573328,0.25598233938217163,0.005776609759777784,0.5397027134895325,0.0366768017411232,0.0,0.0,0.0,0.0,0.0,0.0,0.0,0.0,0.0,0.0,0.0,0.0,0.0,0.0,sadness
With social media also in place it just makes learning in school worse,728,social media also place makes learning school worse,negative,0.8426498770713806,21,"{'disgust': 0.8113890290260315, 'anger': 0.15755091607570648, 'sadness': 0.013163481839001179, 'neutral': 0.007887358777225018, 'fear': 0.007652951870113611, 'joy': 0.0012302286922931671, 'surprise': 0.001125934417359531, 'neutral_linguistic': 1.0, 'neutral_sentence_count': 1}",0.007887358777225018,0.001125934417359531,0.0012302286922931671,0.15755091607570648,0.007652951870113611,0.013163481839001179,0.8113890290260315,1.0,0.0,0.0,0.0,0.0,0.0,0.0,1.0,0.0,0.0,0.0,0.0,0.0,0.0,disgust
Money alone will not fix major problems.,729,money alone fix major problems,negative,0.7257207632064819,35,"{'sadness': 0.6555119752883911, 'neutral': 0.24774791300296783, 'anger': 0.03455168753862381, 'fear': 0.02947530336678028, 'surprise': 0.01712377928197384, 'disgust': 0.013141179457306862, 'joy': 0.002448092447593808}",0.24774791300296783,0.01712377928197384,0.002448092447593808,0.03455168753862381,0.02947530336678028,0.6555119752883911,0.013141179457306862,0.0,0.0,0.0,0.0,0.0,0.0,0.0,0.0,0.0,0.0,0.0,0.0,0.0,0.0,sadness
"The ruling class is counting on the rabble to be ignorant. They're going to oppose any improvement. America is ranked 29th in  literacy, behind Bolivia, and that's intentional public policy. How else can they get Americans to eat the sh*t they eat from the rich?",730,ruling class counting rabble ignorant theyre going oppose improvement america ranked literacy behind bolivia thats intentional public policy else get americans eat sht eat rich,negative,0.8916741013526917,-1,"{'anger': 0.7788394689559937, 'sadness': 0.0963449701666832, 'neutral': 0.06699106842279434, 'joy': 0.03079218976199627, 'surprise': 0.018343767151236534, 'disgust': 0.005403026472777128, 'fear': 0.0032855989411473274}",0.06699106842279434,0.018343767151236534,0.03079218976199627,0.7788394689559937,0.0032855989411473274,0.0963449701666832,0.005403026472777128,0.0,0.0,0.0,0.0,0.0,0.0,0.0,0.0,0.0,0.0,0.0,0.0,0.0,0.0,anger
Ya’ll never wanna deal with the underlying problems of anything 🙄,731,yall never wanna deal underlying problems anything,negative,0.8791894912719727,35,"{'neutral': 0.5527938008308411, 'sadness': 0.23174415528774261, 'anger': 0.0875297263264656, 'joy': 0.05650318041443825, 'disgust': 0.039665188640356064, 'surprise': 0.020839644595980644, 'fear': 0.010924301110208035}",0.5527938008308411,0.020839644595980644,0.05650318041443825,0.0875297263264656,0.010924301110208035,0.23174415528774261,0.039665188640356064,0.0,0.0,0.0,0.0,0.0,0.0,0.0,0.0,0.0,0.0,0.0,0.0,0.0,0.0,neutral
The Republican Party,732,republican party,negative,0.6543963551521301,41,"{'neutral': 0.8574275374412537, 'surprise': 0.035782162100076675, 'anger': 0.031956128776073456, 'disgust': 0.025277093052864075, 'sadness': 0.024831928312778473, 'joy': 0.013880850747227669, 'fear': 0.010844399221241474, 'joy_linguistic': 1.0, 'joy_sentence_count': 1}",0.8574275374412537,0.035782162100076675,0.013880850747227669,0.031956128776073456,0.010844399221241474,0.024831928312778473,0.025277093052864075,0.0,0.0,1.0,0.0,0.0,0.0,0.0,0.0,0.0,1.0,0.0,0.0,0.0,0.0,neutral
Take care of discipline. Dah,733,take care discipline dah,neutral,0.5873576402664185,0,"{'neutral': 0.46359357237815857, 'anger': 0.2765672206878662, 'disgust': 0.1548425853252411, 'sadness': 0.07590997964143753, 'fear': 0.015598220750689507, 'joy': 0.008052326738834381, 'surprise': 0.0054360306821763515, 'love_linguistic': 1.0, 'love_sentence_count': 1}",0.46359357237815857,0.0054360306821763515,0.008052326738834381,0.2765672206878662,0.015598220750689507,0.07590997964143753,0.1548425853252411,0.0,0.0,0.0,0.0,0.0,0.0,0.0,0.0,0.0,0.0,0.0,0.0,0.0,0.0,neutral
"Key word ""learn"" memorizing and regurgitating is NOT learning!",734,key word learn memorizing regurgitating learning,negative,0.6427327394485474,53,"{'neutral': 0.8608935475349426, 'fear': 0.043012648820877075, 'surprise': 0.031972333788871765, 'anger': 0.021958520635962486, 'disgust': 0.019642166793346405, 'joy': 0.016058044508099556, 'sadness': 0.006462741643190384}",0.8608935475349426,0.031972333788871765,0.016058044508099556,0.021958520635962486,0.043012648820877075,0.006462741643190384,0.019642166793346405,0.0,0.0,0.0,0.0,0.0,0.0,0.0,0.0,0.0,0.0,0.0,0.0,0.0,0.0,neutral
Future  of our world then why do 20% of students graduate  illiterate,735,future world students graduate illiterate,negative,0.7588254809379578,11,"{'neutral': 0.6763933300971985, 'sadness': 0.10089294612407684, 'disgust': 0.08041298389434814, 'anger': 0.04752591252326965, 'fear': 0.04091491177678108, 'surprise': 0.04001238942146301, 'joy': 0.01384749822318554}",0.6763933300971985,0.04001238942146301,0.01384749822318554,0.04752591252326965,0.04091491177678108,0.10089294612407684,0.08041298389434814,0.0,0.0,0.0,0.0,0.0,0.0,0.0,0.0,0.0,0.0,0.0,0.0,0.0,0.0,neutral
Teach civics,736,teach civics,neutral,0.7941052913665771,0,"{'neutral': 0.8669968247413635, 'joy': 0.04984927177429199, 'fear': 0.02338290400803089, 'sadness': 0.017437590286135674, 'surprise': 0.01594197191298008, 'disgust': 0.015925178304314613, 'anger': 0.010466218926012516}",0.8669968247413635,0.01594197191298008,0.04984927177429199,0.010466218926012516,0.02338290400803089,0.017437590286135674,0.015925178304314613,0.0,0.0,0.0,0.0,0.0,0.0,0.0,0.0,0.0,0.0,0.0,0.0,0.0,0.0,neutral
Why CNBC thinks that education system is falling in America?,737,cnbc thinks education system falling america,negative,0.6899526119232178,-1,"{'neutral': 0.42949968576431274, 'surprise': 0.36667555570602417, 'sadness': 0.15243111550807953, 'anger': 0.023863129317760468, 'fear': 0.01711847074329853, 'joy': 0.005498867016285658, 'disgust': 0.004913134500384331}",0.42949968576431274,0.36667555570602417,0.005498867016285658,0.023863129317760468,0.01711847074329853,0.15243111550807953,0.004913134500384331,0.0,0.0,0.0,0.0,0.0,0.0,0.0,0.0,0.0,0.0,0.0,0.0,0.0,0.0,neutral
Dumbing down.  Jiggly up their math to make it where it doesn't make any sense and you couldn't use it anywhere.  Lay off the foolishness and actually teach academic. Students don't need an indoctrination or brainwashing .good riddance,738,dumbing jiggly math make doesnt make sense couldnt use anywhere lay foolishness actually teach academic students dont need indoctrination brainwashing good riddance,negative,0.8770471811294556,-1,"{'sadness': 0.7051416635513306, 'neutral': 0.09785047173500061, 'anger': 0.05384235456585884, 'fear': 0.05319112166762352, 'disgust': 0.035636790096759796, 'joy': 0.030111510306596756, 'surprise': 0.02422613836824894, 'neutral_linguistic': 1.0, 'neutral_sentence_count': 1}",0.09785047173500061,0.02422613836824894,0.030111510306596756,0.05384235456585884,0.05319112166762352,0.7051416635513306,0.035636790096759796,1.0,0.0,0.0,0.0,0.0,0.0,0.0,1.0,0.0,0.0,0.0,0.0,0.0,0.0,neutral
"Now,😢😢😢 cnbc got something to say.Your still all fake news😮😮😮",739,cnbc got something sayyour still fake news,negative,0.9226136207580566,29,"{'surprise': 0.3944944143295288, 'neutral': 0.3616195023059845, 'sadness': 0.11045904457569122, 'anger': 0.09234542399644852, 'joy': 0.01927035115659237, 'fear': 0.014046881347894669, 'disgust': 0.007764352019876242}",0.3616195023059845,0.3944944143295288,0.01927035115659237,0.09234542399644852,0.014046881347894669,0.11045904457569122,0.007764352019876242,0.0,0.0,0.0,0.0,0.0,0.0,0.0,0.0,0.0,0.0,0.0,0.0,0.0,0.0,surprise
A race to Socialism and Communism,741,race socialism communism,neutral,0.5914314389228821,54,"{'neutral': 0.8914878368377686, 'anger': 0.028291773051023483, 'sadness': 0.022033875808119774, 'disgust': 0.021915627643465996, 'surprise': 0.017487434670329094, 'joy': 0.013564175926148891, 'fear': 0.005219221580773592}",0.8914878368377686,0.017487434670329094,0.013564175926148891,0.028291773051023483,0.005219221580773592,0.022033875808119774,0.021915627643465996,0.0,0.0,0.0,0.0,0.0,0.0,0.0,0.0,0.0,0.0,0.0,0.0,0.0,0.0,neutral
Trump is proof,742,trump proof,negative,0.43379297852516174,50,"{'neutral': 0.7112373113632202, 'surprise': 0.10117467492818832, 'anger': 0.0826524943113327, 'disgust': 0.04558408260345459, 'fear': 0.032717473804950714, 'joy': 0.014850489795207977, 'sadness': 0.01178350392729044}",0.7112373113632202,0.10117467492818832,0.014850489795207977,0.0826524943113327,0.032717473804950714,0.01178350392729044,0.04558408260345459,0.0,0.0,0.0,0.0,0.0,0.0,0.0,0.0,0.0,0.0,0.0,0.0,0.0,0.0,neutral
"It's just bizarre to us in European countries, that the funding is done at a local level, so those schools in the poorest areas, receive far less money than this in wealthier areas. that way, they'll never improve and the students have less chance of a gapped education. in the UK, funding means all children receive the same amount if money per child, regardless. of demographic and income.",743,bizarre european countries funding done local level schools poorest areas receive far less money wealthier areas way theyll never improve students less chance gapped education funding means children receive amount money per child regardless demographic income,negative,0.8191590309143066,-1,"{'surprise': 0.8700190782546997, 'neutral': 0.07379472255706787, 'anger': 0.01637674681842327, 'disgust': 0.013066025450825691, 'fear': 0.01087496243417263, 'joy': 0.008154441602528095, 'sadness': 0.0077140857465565205, 'neutral_linguistic': 0.5, 'anger_linguistic': 1.0, 'joy_sentence_count': 1, 'anger_sentence_count': 1, 'love_sentence_count': 1}",0.07379472255706787,0.8700190782546997,0.008154441602528095,0.01637674681842327,0.01087496243417263,0.0077140857465565205,0.013066025450825691,0.5,0.0,0.0,1.0,0.0,0.0,0.0,0.0,0.0,1.0,1.0,0.0,0.0,0.0,surprise
Capitalism has been debunked and kids can teach themselves anything on the internet. No point in school anymore. These kids need to learn to survive the downfall of the environment. They dont need to be prepared for a world that won't exist for them 😅,744,capitalism debunked kids teach anything internet point school anymore kids need learn survive downfall environment dont need prepared world wont exist,negative,0.7432947158813477,21,"{'neutral': 0.7768816351890564, 'fear': 0.07349561154842377, 'sadness': 0.04575769603252411, 'surprise': 0.036128394305706024, 'anger': 0.03440649062395096, 'joy': 0.030293980613350868, 'disgust': 0.003036155831068754, 'sadness_linguistic': 1.0, 'sadness_sentence_count': 1}",0.7768816351890564,0.036128394305706024,0.030293980613350868,0.03440649062395096,0.07349561154842377,0.04575769603252411,0.003036155831068754,0.0,0.0,0.0,0.0,0.0,1.0,0.0,0.0,0.0,0.0,0.0,0.0,1.0,0.0,neutral
Idiots are easier to control.  Thats why they restrict college to less than 30% of the population.,745,idiots easier control thats restrict college less population,negative,0.8395661115646362,52,"{'neutral': 0.5708578824996948, 'anger': 0.18811824917793274, 'joy': 0.10231238603591919, 'sadness': 0.07898681610822678, 'surprise': 0.04303223639726639, 'disgust': 0.01151344832032919, 'fear': 0.005178974010050297}",0.5708578824996948,0.04303223639726639,0.10231238603591919,0.18811824917793274,0.005178974010050297,0.07898681610822678,0.01151344832032919,0.0,0.0,0.0,0.0,0.0,0.0,0.0,0.0,0.0,0.0,0.0,0.0,0.0,0.0,neutral
No more common core common core has screwed society over and it’s painfully clear,746,common core common core screwed society painfully clear,negative,0.9092956781387329,3,"{'anger': 0.36700892448425293, 'sadness': 0.3149960935115814, 'neutral': 0.18211044371128082, 'disgust': 0.08801982551813126, 'fear': 0.03211493045091629, 'surprise': 0.010569138452410698, 'joy': 0.005180581007152796, 'sadness_linguistic': 1.0, 'sadness_sentence_count': 1}",0.18211044371128082,0.010569138452410698,0.005180581007152796,0.36700892448425293,0.03211493045091629,0.3149960935115814,0.08801982551813126,0.0,0.0,0.0,0.0,0.0,1.0,0.0,0.0,0.0,0.0,0.0,0.0,1.0,0.0,sadness
These media channels focus too much on individualistic reasons and not flawed systems,747,media channels focus much individualistic reasons flawed systems,negative,0.7399694323539734,-1,"{'neutral': 0.8247861266136169, 'anger': 0.0893457680940628, 'sadness': 0.039983782917261124, 'surprise': 0.01814468577504158, 'disgust': 0.016698582097887993, 'fear': 0.009181028231978416, 'joy': 0.0018599829636514187}",0.8247861266136169,0.01814468577504158,0.0018599829636514187,0.0893457680940628,0.009181028231978416,0.039983782917261124,0.016698582097887993,0.0,0.0,0.0,0.0,0.0,0.0,0.0,0.0,0.0,0.0,0.0,0.0,0.0,0.0,neutral
I think a bigger problem is not being able to discipline children.,748,think bigger problem able discipline children,negative,0.8615902662277222,0,"{'neutral': 0.6818735599517822, 'anger': 0.19898007810115814, 'sadness': 0.03966377675533295, 'surprise': 0.03670000657439232, 'fear': 0.01803502067923546, 'joy': 0.013646201230585575, 'disgust': 0.01110136229544878}",0.6818735599517822,0.03670000657439232,0.013646201230585575,0.19898007810115814,0.01803502067923546,0.03966377675533295,0.01110136229544878,0.0,0.0,0.0,0.0,0.0,0.0,0.0,0.0,0.0,0.0,0.0,0.0,0.0,0.0,neutral
First issue it starts at home,749,first issue starts home,neutral,0.8157718181610107,13,"{'neutral': 0.5034635066986084, 'surprise': 0.23271329700946808, 'fear': 0.2201857715845108, 'anger': 0.0179167240858078, 'joy': 0.013053761795163155, 'sadness': 0.008688646368682384, 'disgust': 0.003978346940129995}",0.5034635066986084,0.23271329700946808,0.013053761795163155,0.0179167240858078,0.2201857715845108,0.008688646368682384,0.003978346940129995,0.0,0.0,0.0,0.0,0.0,0.0,0.0,0.0,0.0,0.0,0.0,0.0,0.0,0.0,neutral
Parents are the cause for uneducated students because they are uneducated themselves.  I was not the norm.  I took to education by myself.  My parents never graduated from high school but I have a degree in electrical engineering.,750,parents cause uneducated students uneducated norm took education parents never graduated high school degree electrical engineering,negative,0.62787264585495,-1,"{'sadness': 0.8344953060150146, 'anger': 0.10444076359272003, 'neutral': 0.03578232601284981, 'surprise': 0.008350708521902561, 'joy': 0.007996746338903904, 'disgust': 0.0064592319540679455, 'fear': 0.002474880777299404}",0.03578232601284981,0.008350708521902561,0.007996746338903904,0.10444076359272003,0.002474880777299404,0.8344953060150146,0.0064592319540679455,0.0,0.0,0.0,0.0,0.0,0.0,0.0,0.0,0.0,0.0,0.0,0.0,0.0,0.0,sadness
"The War on Drugs ruined the trust between teachers and students, and turned teachers into babysitters. Now look at the results.",751,war drugs ruined trust teachers students turned teachers babysitters look results,negative,0.9085894227027893,-1,"{'sadness': 0.5624600052833557, 'anger': 0.16621965169906616, 'surprise': 0.10453405231237411, 'neutral': 0.08109186589717865, 'disgust': 0.057302750647068024, 'fear': 0.020007597282528877, 'joy': 0.008384054526686668}",0.08109186589717865,0.10453405231237411,0.008384054526686668,0.16621965169906616,0.020007597282528877,0.5624600052833557,0.057302750647068024,0.0,0.0,0.0,0.0,0.0,0.0,0.0,0.0,0.0,0.0,0.0,0.0,0.0,0.0,sadness
Let me save you the trouble it’s bad parenting and mandated school attendance.,752,let save trouble bad parenting mandated school attendance,negative,0.8586627840995789,8,"{'sadness': 0.5511279106140137, 'neutral': 0.1985418200492859, 'anger': 0.10775928944349289, 'fear': 0.09642552584409714, 'joy': 0.03276725858449936, 'disgust': 0.007349156774580479, 'surprise': 0.006029058713465929}",0.1985418200492859,0.006029058713465929,0.03276725858449936,0.10775928944349289,0.09642552584409714,0.5511279106140137,0.007349156774580479,0.0,0.0,0.0,0.0,0.0,0.0,0.0,0.0,0.0,0.0,0.0,0.0,0.0,0.0,sadness
Education in the USA Not Failling But Passed,753,education usa failling passed,neutral,0.6840850114822388,0,"{'neutral': 0.3719661831855774, 'sadness': 0.2714957892894745, 'surprise': 0.09732852876186371, 'disgust': 0.09145168215036392, 'anger': 0.07705756276845932, 'fear': 0.07665043324232101, 'joy': 0.014049800112843513}",0.3719661831855774,0.09732852876186371,0.014049800112843513,0.07705756276845932,0.07665043324232101,0.2714957892894745,0.09145168215036392,0.0,0.0,0.0,0.0,0.0,0.0,0.0,0.0,0.0,0.0,0.0,0.0,0.0,0.0,neutral
"I live in Texas where we dont have common core and I can tell you the math issue is just as bad without it.

Issue I've personally run into are the math teachers themselves. They teach it like math, like cold logic, like raw arithmetic. The best tudor i had in HS (was a different teacher than my own) tought everything like a puzzle. It was still difficult but I had a different way to approach each problem each time rather than floundering.

I think math by its very nature attracts people who think very logically and it bleeds over into how they teach. Its all step by step rather than teaching the thought process and angle of attack.",754,live texas dont common core tell math issue bad without issue ive personally run math teachers teach like math like cold logic like raw arithmetic best tudor different teacher tought everything like puzzle still difficult different way approach problem time rather floundering think math nature attracts people think logically bleeds teach step step rather teaching thought process angle attack,negative,0.6290378272533417,18,"{'sadness': 0.3987123370170593, 'joy': 0.2693106234073639, 'surprise': 0.16761286556720734, 'neutral': 0.0870477557182312, 'anger': 0.05248066037893295, 'fear': 0.024163082242012024, 'disgust': 0.0006727275904268026}",0.0870477557182312,0.16761286556720734,0.2693106234073639,0.05248066037893295,0.024163082242012024,0.3987123370170593,0.0006727275904268026,0.0,0.0,0.0,0.0,0.0,0.0,0.0,0.0,0.0,0.0,0.0,0.0,0.0,0.0,sadness
"If there are any typos Im reading this into my mic. So please show me kindness. I was in a poor family very abusive as in I was forced to keep quiet and pretend that I was okay. I am so lucky for government healthcare and am worried what it would look like without free school. I am extremely poor though grateful my child is given the opportunity to be known as the smartest in the class. One time I did so well on the asvab my elementary school wanted me to go national and after that I made sure to not get noticed by doing worse. I didn’t want to get taken from my Mom. 

As a parent I want different options for our children. Why should all children be placed together and not be able to be given the option in Middle school to in as an example an art styled curriculum? Or let’s say  a child does better in a strict lab type? I know I would have excelled better than the regular math or regular reading, forced to read in a quiet room. I actually loved reading chapter book after chapter book until I was forced to. I kept getting in trouble until I learned how to fake it and haven’t enjoyed reading since then.",755,typos reading mic please show kindness poor family abusive forced keep quiet pretend okay lucky government healthcare worried would look like without free school extremely poor though grateful child given opportunity known smartest class one time well asvab elementary school wanted national made sure get noticed worse didnt want get taken mom parent want different options children children placed together able given option middle school example art styled curriculum lets say child better strict lab type know would excelled better regular math regular reading forced read quiet room actually loved reading chapter book chapter book forced kept getting trouble learned fake havent enjoyed reading since,negative,0.657348612944285,-1,"{'joy': 0.6161944270133972, 'anger': 0.20086735486984253, 'sadness': 0.11519031971693039, 'neutral': 0.1126239225268364, 'surprise': 0.11392996460199356, 'fear': 0.009602561593055725, 'disgust': 0.00186956359539181, 'neutral_linguistic': 1.7999999999999998, 'fear_linguistic': 1.2, 'anger_linguistic': 2.4, 'sadness_linguistic': 0.6, 'joy_sentence_count': 1, 'fear_sentence_count': 1, 'anger_sentence_count': 1, 'love_sentence_count': 1, 'neutral_sentence_count': 1}",0.1126239225268364,0.11392996460199356,0.6161944270133972,0.20086735486984253,0.009602561593055725,0.11519031971693039,0.00186956359539181,1.7999999999999998,0.0,0.0,2.4,1.2,0.6,0.0,1.0,0.0,1.0,1.0,1.0,0.0,0.0,anger
"Education levels and experience don't give account for dumb students. If a 25 year experience teacher and a 5 year experiemce teacher are both turning out a bad product, how can you justify a case for more money for the 25 year tenure? Lets go with Robot teachers.",756,education levels experience dont give account dumb students year experience teacher year experiemce teacher turning bad product justify case money year tenure lets robot teachers,negative,0.7918574810028076,0,"{'anger': 0.5357618927955627, 'sadness': 0.24088063836097717, 'neutral': 0.1456993967294693, 'disgust': 0.03644941374659538, 'surprise': 0.01665153168141842, 'joy': 0.014040461741387844, 'fear': 0.010516654700040817}",0.1456993967294693,0.01665153168141842,0.014040461741387844,0.5357618927955627,0.010516654700040817,0.24088063836097717,0.03644941374659538,0.0,0.0,0.0,0.0,0.0,0.0,0.0,0.0,0.0,0.0,0.0,0.0,0.0,0.0,anger
"In Spain, we don't have the best educational system in the world, but I recently met an American teacher, from Texas to be exact, who came to Spain on a two-year exchange and was amazed by the level of knowledge of Spanish schoolchildren and the school menus. She also says that the social recognition and quality of life of teachers in Spain is much higher than in the United States.",757,spain dont best educational system world recently met american teacher texas exact came spain twoyear exchange amazed level knowledge spanish schoolchildren school menus also says social recognition quality life teachers spain much higher united states,positive,0.6418318748474121,11,"{'surprise': 0.9625850319862366, 'joy': 0.017152749001979828, 'neutral': 0.013044743798673153, 'sadness': 0.002700817072764039, 'anger': 0.0021423399448394775, 'fear': 0.0021071378141641617, 'disgust': 0.00026723454357124865, 'sadness_linguistic': 1.0, 'surprise_linguistic': 1.0, 'neutral_linguistic': 1.0, 'sadness_sentence_count': 1, 'surprise_sentence_count': 1, 'neutral_sentence_count': 1}",0.013044743798673153,0.9625850319862366,0.017152749001979828,0.0021423399448394775,0.0021071378141641617,0.002700817072764039,0.00026723454357124865,1.0,1.0,0.0,0.0,0.0,1.0,0.0,1.0,1.0,0.0,0.0,0.0,1.0,0.0,surprise
So im gussing your a trump voter then,759,gussing trump voter,negative,0.5322437286376953,50,"{'anger': 0.8695425987243652, 'disgust': 0.07299654185771942, 'neutral': 0.027685042470693588, 'sadness': 0.019977526739239693, 'surprise': 0.004159604199230671, 'joy': 0.003757443046197295, 'fear': 0.001881159725598991}",0.027685042470693588,0.004159604199230671,0.003757443046197295,0.8695425987243652,0.001881159725598991,0.019977526739239693,0.07299654185771942,0.0,0.0,0.0,0.0,0.0,0.0,0.0,0.0,0.0,0.0,0.0,0.0,0.0,0.0,anger
"i disagree. should be the basics with some financial training. philosophy can be done in 
college. kids need to graduate  with solid basics",760,disagree basics financial training philosophy done college kids need graduate solid basics,neutral,0.6959540247917175,55,"{'neutral': 0.7892508506774902, 'anger': 0.08323574811220169, 'joy': 0.04904286935925484, 'disgust': 0.030854923650622368, 'sadness': 0.025921300053596497, 'fear': 0.012035378254950047, 'surprise': 0.009659006260335445}",0.7892508506774902,0.009659006260335445,0.04904286935925484,0.08323574811220169,0.012035378254950047,0.025921300053596497,0.030854923650622368,0.0,0.0,0.0,0.0,0.0,0.0,0.0,0.0,0.0,0.0,0.0,0.0,0.0,0.0,neutral
"I don’t think multiple choice question tests are gonna to help in the near future. Yes it may say where you are and what you need to work on but most who is really interested in doing 27 teratated to the third power. Most of these admins are taking control yet they probably never tought a day in their lives. Then some people still wonder why Finland is ranked #1 in education. In fact let’s talk about socialization and interaction. I don’t think that sitting on the classroom for 6 hr 15 min a day with 1 break in between is socialization. Now yes maybe the teachers might let us talk here and there but like, why are we ordered to do this or to do that? Or to even just to talk. It’s just like a robot. Then we have to raise our hands for bodily functions. I mean it’s wild that these rules even exist.  Now I can go on and on and on but I don’t want to make this a whole book. It’s literally designed to look like PRISON. No wonder so many students refer to school as prison.",761,dont think multiple choice question tests gonna help near future yes may say need work really interested teratated third power admins taking control yet probably never tought day lives people still wonder finland ranked education fact lets talk socialization interaction dont think sitting classroom min day break socialization yes maybe teachers might let talk like ordered even talk like robot raise hands bodily functions mean wild rules even exist dont want make whole book literally designed look like prison wonder many students refer school prison,negative,0.7054071426391602,30,"{'surprise': 0.9574081301689148, 'neutral': 0.023282218724489212, 'sadness': 0.00662406999617815, 'joy': 0.005312320776283741, 'anger': 0.009250137954950333, 'fear': 0.005044009070843458, 'disgust': 0.0009302757098339498, 'neutral_linguistic': 0.6, 'anger_linguistic': 1.2, 'surprise_linguistic': 1.2, 'sadness_linguistic': 1.7999999999999998, 'joy_sentence_count': 1, 'anger_sentence_count': 1, 'surprise_sentence_count': 1, 'neutral_sentence_count': 1}",0.023282218724489212,0.9574081301689148,0.005312320776283741,0.009250137954950333,0.005044009070843458,0.00662406999617815,0.0009302757098339498,0.6,1.2,0.0,1.2,0.0,1.7999999999999998,0.0,1.0,1.0,1.0,1.0,0.0,0.0,0.0,surprise
"There's also a problem in our country, the Philippines similar to that.",762,theres also problem country philippines similar,negative,0.8220522403717041,7,"{'sadness': 0.6204344034194946, 'neutral': 0.23598924279212952, 'surprise': 0.10075115412473679, 'anger': 0.019390219822525978, 'fear': 0.013792624697089195, 'joy': 0.006232916843146086, 'disgust': 0.0034094599541276693, 'neutral_linguistic': 1.0, 'neutral_sentence_count': 1}",0.23598924279212952,0.10075115412473679,0.006232916843146086,0.019390219822525978,0.013792624697089195,0.6204344034194946,0.0034094599541276693,1.0,0.0,0.0,0.0,0.0,0.0,0.0,1.0,0.0,0.0,0.0,0.0,0.0,0.0,neutral
"So the boomers messed up the economy, the education system, the environment and their children...",763,boomers messed economy education system environment children,negative,0.9114801287651062,-1,"{'anger': 0.4525822401046753, 'neutral': 0.2614997923374176, 'disgust': 0.12813636660575867, 'sadness': 0.07496941089630127, 'surprise': 0.05841400474309921, 'fear': 0.013125273399055004, 'joy': 0.011272870004177094}",0.2614997923374176,0.05841400474309921,0.011272870004177094,0.4525822401046753,0.013125273399055004,0.07496941089630127,0.12813636660575867,0.0,0.0,0.0,0.0,0.0,0.0,0.0,0.0,0.0,0.0,0.0,0.0,0.0,0.0,anger
STOP WHINING AND DO YOUR JOB. KIDS GO TO SCHOOL TO GET EDUCATION  AND LEARN FROM THERE TEACHERS.,764,stop whining job kids school get education learn teachers,neutral,0.4656771123409271,0,"{'anger': 0.4630126655101776, 'neutral': 0.3505742847919464, 'sadness': 0.07678121328353882, 'joy': 0.05379602685570717, 'surprise': 0.03652362525463104, 'disgust': 0.011667877435684204, 'fear': 0.007644300814718008}",0.3505742847919464,0.03652362525463104,0.05379602685570717,0.4630126655101776,0.007644300814718008,0.07678121328353882,0.011667877435684204,0.0,0.0,0.0,0.0,0.0,0.0,0.0,0.0,0.0,0.0,0.0,0.0,0.0,0.0,anger
"diversity is the reason, a polyglot society/empire is dissolution. The US has nothing but wars ahead when the country inevitably dissolves along racial lines.",765,diversity reason polyglot societyempire dissolution nothing wars ahead country inevitably dissolves along racial lines,negative,0.86223965883255,37,"{'anger': 0.39098507165908813, 'sadness': 0.2987935245037079, 'neutral': 0.12895171344280243, 'fear': 0.07853958755731583, 'surprise': 0.049485594034194946, 'joy': 0.0382426492869854, 'disgust': 0.015001880936324596}",0.12895171344280243,0.049485594034194946,0.0382426492869854,0.39098507165908813,0.07853958755731583,0.2987935245037079,0.015001880936324596,0.0,0.0,0.0,0.0,0.0,0.0,0.0,0.0,0.0,0.0,0.0,0.0,0.0,0.0,anger
"Basics have to be in order from the very beginning.  Writing, reading and maths. Without these 3 things, you can't do anything. This should be clear to you. Unfortunately,  propably in college or private schools these are some order. But, you pretty much can forget any universities, if something is wrong. This is fact.",766,basics order beginning writing reading maths without things cant anything clear unfortunately propably college private schools order pretty much forget universities something wrong fact,neutral,0.5756675004959106,39,"{'sadness': 0.5456098914146423, 'neutral': 0.17225466668605804, 'surprise': 0.14424267411231995, 'anger': 0.0722523033618927, 'fear': 0.050540708005428314, 'joy': 0.008300263434648514, 'disgust': 0.006799500435590744}",0.17225466668605804,0.14424267411231995,0.008300263434648514,0.0722523033618927,0.050540708005428314,0.5456098914146423,0.006799500435590744,0.0,0.0,0.0,0.0,0.0,0.0,0.0,0.0,0.0,0.0,0.0,0.0,0.0,0.0,sadness
"Being poor does not cause poor school performance. 

Having poor school performance causes people to be poor. 

I can’t say this loudly enough. 

Pay attention when the logic chapter is taught in geometry class!!",767,poor cause poor school performance poor school performance causes people poor cant say loudly enough pay attention logic chapter taught geometry class,negative,0.5926704406738281,16,"{'sadness': 0.8862212896347046, 'neutral': 0.05216435715556145, 'anger': 0.04031453654170036, 'surprise': 0.007800402119755745, 'joy': 0.006308150477707386, 'disgust': 0.005083028692752123, 'fear': 0.0021082928869873285}",0.05216435715556145,0.007800402119755745,0.006308150477707386,0.04031453654170036,0.0021082928869873285,0.8862212896347046,0.005083028692752123,0.0,0.0,0.0,0.0,0.0,0.0,0.0,0.0,0.0,0.0,0.0,0.0,0.0,0.0,sadness
"There are many ways you can fix the education system !! 1 create a learning environment that helps BOTH SEXES ,no zero sum gain,2 remove woke ideologies, critical race theory ,feminism ,political agendas, trans ideology, and return to fundamental learning basics ,3  Return recess ,4 return the shop classes 5 hire more qualified teachers and remove the bad apples 6 hold the teachers to a higher standard ,both moral and ethical 7 have stricter screening methods for teachers 8 get the parents involved 9 encourage BOTH SEXES to succeed 10 create after school programs to help struggling children ( boys ) 11 hire more male teachers 12 stop over medicating children 13 help those kids who need special attention ,14 create a special test to challenge the students skills and see where they are and create a program that helps them learn on their level 15 be more receptive to students asking questions 16 talk to the students and find out what they need for success !! By doing all these things schools can improve and ALL students can thrive !!",768,many ways fix education system create learning environment helps sexes zero sum gain remove woke ideologies critical race theory feminism political agendas trans ideology return fundamental learning basics return recess return shop classes hire qualified teachers remove bad apples hold teachers higher standard moral ethical stricter screening methods teachers get parents involved encourage sexes succeed create school programs help struggling children boys hire male teachers stop medicating children help kids need special attention create special test challenge students skills see create program helps learn level receptive students asking questions talk students find need success things schools improve students thrive,neutral,0.6783138116200765,0,"{'neutral': 0.41928231716156006, 'joy': 0.5623346567153931, 'anger': 0.10792803019285202, 'surprise': 0.04143131151795387, 'sadness': 0.201017826795578, 'fear': 0.10998114198446274, 'disgust': 0.002053557662293315, 'joy_linguistic': 1.0, 'anger_linguistic': 1.0, 'love_linguistic': 1.0, 'joy_sentence_count': 1, 'anger_sentence_count': 1, 'love_sentence_count': 1}",0.41928231716156006,0.04143131151795387,0.5623346567153931,0.10792803019285202,0.10998114198446274,0.201017826795578,0.002053557662293315,0.0,0.0,1.0,1.0,0.0,0.0,0.0,0.0,0.0,1.0,1.0,0.0,0.0,0.0,joy
Leaving childcare workforce was the best decision I ever made. You work your a** off for pennies.,769,leaving childcare workforce best decision ever made work pennies,positive,0.8633396029472351,20,"{'joy': 0.7479233145713806, 'neutral': 0.19232024252414703, 'surprise': 0.03023725561797619, 'anger': 0.017893904820084572, 'sadness': 0.007027238141745329, 'disgust': 0.0029612286016345024, 'fear': 0.0016367201460525393, 'anger_linguistic': 1.0, 'love_linguistic': 1.0, 'anger_sentence_count': 1, 'love_sentence_count': 1}",0.19232024252414703,0.03023725561797619,0.7479233145713806,0.017893904820084572,0.0016367201460525393,0.007027238141745329,0.0029612286016345024,0.0,0.0,0.0,1.0,0.0,0.0,0.0,0.0,0.0,0.0,1.0,0.0,0.0,0.0,joy
It's teacher expectations and pedagogical expertise and talent. It doesn't matter what's being taught i.e. standards. What matters is who is teaching and how they are teaching and what they believe about their students.,770,teacher expectations pedagogical expertise talent doesnt matter whats taught standards matters teaching teaching believe students,neutral,0.7940114736557007,0,"{'neutral': 0.7794969081878662, 'anger': 0.09110978245735168, 'surprise': 0.050664741545915604, 'joy': 0.04027179256081581, 'disgust': 0.015950869768857956, 'fear': 0.012987322174012661, 'sadness': 0.009518551640212536}",0.7794969081878662,0.050664741545915604,0.04027179256081581,0.09110978245735168,0.012987322174012661,0.009518551640212536,0.015950869768857956,0.0,0.0,0.0,0.0,0.0,0.0,0.0,0.0,0.0,0.0,0.0,0.0,0.0,0.0,neutral
"A school is only as good as its STUDENTS.  It CANNOT MAKE anyone learn,  cooperative, or motivated.  Its up to PARENTS.  It's THEIR kids.",771,school good students cannot make anyone learn cooperative motivated parents kids,negative,0.4388235807418823,-1,"{'neutral': 0.6692962646484375, 'anger': 0.11274503171443939, 'joy': 0.07545410096645355, 'surprise': 0.06802620738744736, 'sadness': 0.03246109560132027, 'disgust': 0.025900715962052345, 'fear': 0.016116585582494736}",0.6692962646484375,0.06802620738744736,0.07545410096645355,0.11274503171443939,0.016116585582494736,0.03246109560132027,0.025900715962052345,0.0,0.0,0.0,0.0,0.0,0.0,0.0,0.0,0.0,0.0,0.0,0.0,0.0,0.0,neutral
"For experience, that significantly made everything worse. You can still graduate without ever learning beyond Algebra II or A Algebra.",772,experience significantly made everything worse still graduate without ever learning beyond algebra algebra,negative,0.8595614433288574,18,"{'disgust': 0.756308376789093, 'anger': 0.09822000563144684, 'fear': 0.07088175415992737, 'sadness': 0.05877222865819931, 'neutral': 0.010561654344201088, 'surprise': 0.0034488742239773273, 'joy': 0.0018071618396788836, 'anger_linguistic': 1.0, 'anger_sentence_count': 1}",0.010561654344201088,0.0034488742239773273,0.0018071618396788836,0.09822000563144684,0.07088175415992737,0.05877222865819931,0.756308376789093,0.0,0.0,0.0,1.0,0.0,0.0,0.0,0.0,0.0,0.0,1.0,0.0,0.0,0.0,disgust
Because its doing what it was designed to do.  Follow instructions and dont ask questions,773,designed follow instructions dont ask questions,neutral,0.6017024517059326,49,"{'neutral': 0.8576999306678772, 'anger': 0.06109558418393135, 'disgust': 0.031473785638809204, 'sadness': 0.029488272964954376, 'surprise': 0.013080076314508915, 'fear': 0.005283742677420378, 'joy': 0.0018786047585308552, 'sadness_linguistic': 1.0, 'sadness_sentence_count': 1}",0.8576999306678772,0.013080076314508915,0.0018786047585308552,0.06109558418393135,0.005283742677420378,0.029488272964954376,0.031473785638809204,0.0,0.0,0.0,0.0,0.0,1.0,0.0,0.0,0.0,0.0,0.0,0.0,1.0,0.0,neutral
"Why don't they bring in consultants from Japan, Korea, Singapore and Taiwan to fix American education.",774,dont bring consultants japan korea singapore taiwan fix american education,negative,0.5840702652931213,1,"{'sadness': 0.553222119808197, 'neutral': 0.3858608603477478, 'surprise': 0.03221523389220238, 'joy': 0.013521424494683743, 'anger': 0.01051811221987009, 'fear': 0.002535505685955286, 'disgust': 0.0021268182899802923}",0.3858608603477478,0.03221523389220238,0.013521424494683743,0.01051811221987009,0.002535505685955286,0.553222119808197,0.0021268182899802923,0.0,0.0,0.0,0.0,0.0,0.0,0.0,0.0,0.0,0.0,0.0,0.0,0.0,0.0,sadness
Exactly kids need to learn not everything is easy.,777,exactly kids need learn everything easy,neutral,0.5712903738021851,53,"{'neutral': 0.9515997767448425, 'surprise': 0.021486980840563774, 'joy': 0.012778249569237232, 'anger': 0.006604664493352175, 'sadness': 0.00385476928204298, 'disgust': 0.0019216719083487988, 'fear': 0.0017537926323711872}",0.9515997767448425,0.021486980840563774,0.012778249569237232,0.006604664493352175,0.0017537926323711872,0.00385476928204298,0.0019216719083487988,0.0,0.0,0.0,0.0,0.0,0.0,0.0,0.0,0.0,0.0,0.0,0.0,0.0,0.0,neutral
"I remember the ""New Math"" another set of gimmicks. Nobody's going to do homework or even go to school if they have abusive or illiterate parents without decent homes or jobs. A lot of parents (rich and poor) don't even want kids--they could care less.",778,remember new math another set gimmicks nobodys going homework even school abusive illiterate parents without decent homes jobs lot parents rich poor dont even want kidsthey could care less,negative,0.8868540525436401,9,"{'anger': 0.8177484273910522, 'neutral': 0.0774558037519455, 'sadness': 0.06025449186563492, 'surprise': 0.017464928328990936, 'joy': 0.01151379756629467, 'disgust': 0.010896050371229649, 'fear': 0.004666484892368317, 'anger_linguistic': 1.0, 'neutral_linguistic': 0.5, 'anger_sentence_count': 1, 'love_sentence_count': 1}",0.0774558037519455,0.017464928328990936,0.01151379756629467,0.8177484273910522,0.004666484892368317,0.06025449186563492,0.010896050371229649,0.5,0.0,0.0,1.0,0.0,0.0,0.0,0.0,0.0,0.0,1.0,0.0,0.0,0.0,anger
"COMMON CORE IS GOOD FOR AUTISTIC CHILDREN, KIDS ARE NOT COMPUTERS .CONFUSING CHILDREN   AND STRESS THE CHILD OUT !!!!! AFTER  ALL THEY CANT EVEN READ A CLOCK .",779,common core good autistic children kids computers confusing children stress child cant even read clock,negative,0.9024381041526794,-1,"{'neutral': 0.48124298453330994, 'sadness': 0.3289569616317749, 'anger': 0.07996212691068649, 'surprise': 0.052153460681438446, 'fear': 0.029514431953430176, 'disgust': 0.014244194142520428, 'joy': 0.013925811275839806, 'surprise_linguistic': 1.0, 'surprise_sentence_count': 1}",0.48124298453330994,0.052153460681438446,0.013925811275839806,0.07996212691068649,0.029514431953430176,0.3289569616317749,0.014244194142520428,0.0,1.0,0.0,0.0,0.0,0.0,0.0,0.0,1.0,0.0,0.0,0.0,0.0,0.0,surprise
They pour more money in everything else than education 😂😂😂 it should be a fun safe learning environment but now look at it ...the world is a JOKE,780,pour money everything else education fun safe learning environment look world joke,negative,0.8859375715255737,-1,"{'joy': 0.8774796724319458, 'neutral': 0.08209486305713654, 'surprise': 0.027072245255112648, 'anger': 0.006190943997353315, 'sadness': 0.004403574392199516, 'disgust': 0.002145365346223116, 'fear': 0.00061324198031798, 'joy_linguistic': 1.0, 'joy_sentence_count': 1}",0.08209486305713654,0.027072245255112648,0.8774796724319458,0.006190943997353315,0.00061324198031798,0.004403574392199516,0.002145365346223116,0.0,0.0,1.0,0.0,0.0,0.0,0.0,0.0,0.0,1.0,0.0,0.0,0.0,0.0,joy
"I’m 33. Graduated high school in 2008, one year before my state implemented Common Core. If I were one year below, I would have been absolutely screwed.",781,graduated high school one year state implemented common core one year would absolutely screwed,negative,0.8332818746566772,26,"{'anger': 0.7541437149047852, 'disgust': 0.08567050844430923, 'neutral': 0.08554849028587341, 'sadness': 0.04673099145293236, 'surprise': 0.01734190061688423, 'fear': 0.008156748488545418, 'joy': 0.002407776890322566}",0.08554849028587341,0.01734190061688423,0.002407776890322566,0.7541437149047852,0.008156748488545418,0.04673099145293236,0.08567050844430923,0.0,0.0,0.0,0.0,0.0,0.0,0.0,0.0,0.0,0.0,0.0,0.0,0.0,0.0,anger
I cant even help my child because the math is messed up,782,cant even help child math messed,negative,0.9383925199508667,6,"{'neutral': 0.5201857686042786, 'sadness': 0.2574996054172516, 'anger': 0.14368024468421936, 'disgust': 0.03229366987943649, 'surprise': 0.022640196606516838, 'fear': 0.016249526292085648, 'joy': 0.007450993172824383}",0.5201857686042786,0.022640196606516838,0.007450993172824383,0.14368024468421936,0.016249526292085648,0.2574996054172516,0.03229366987943649,0.0,0.0,0.0,0.0,0.0,0.0,0.0,0.0,0.0,0.0,0.0,0.0,0.0,0.0,neutral
Taking away control from the teachers and placing it in the hands of the State Bureaucrats and Elites. Sounds like a recipe for the disaster that it was.,784,taking away control teachers placing hands state bureaucrats elites sounds like recipe disaster,negative,0.8742918968200684,0,"{'disgust': 0.44513338804244995, 'fear': 0.3394732177257538, 'neutral': 0.09650804847478867, 'anger': 0.05491720885038376, 'sadness': 0.05180232226848602, 'surprise': 0.009835301898419857, 'joy': 0.0023305565118789673}",0.09650804847478867,0.009835301898419857,0.0023305565118789673,0.05491720885038376,0.3394732177257538,0.05180232226848602,0.44513338804244995,0.0,0.0,0.0,0.0,0.0,0.0,0.0,0.0,0.0,0.0,0.0,0.0,0.0,0.0,disgust
"no one in itself can be the future of one country.
intelligent people can also born in america btw. 
legal intelligent immigrant are welcomed as well.",785,one future one country intelligent people also born america btw legal intelligent immigrant welcomed well,neutral,0.6211378574371338,44,"{'joy': 0.7523653507232666, 'surprise': 0.14818386733531952, 'neutral': 0.08259259909391403, 'sadness': 0.010787047445774078, 'anger': 0.0043295384384691715, 'fear': 0.0009778847452253103, 'disgust': 0.000763720425311476, 'neutral_linguistic': 1.0, 'neutral_sentence_count': 1}",0.08259259909391403,0.14818386733531952,0.7523653507232666,0.0043295384384691715,0.0009778847452253103,0.010787047445774078,0.000763720425311476,1.0,0.0,0.0,0.0,0.0,0.0,0.0,1.0,0.0,0.0,0.0,0.0,0.0,0.0,joy
Common crap. It was an utter failure with ridiculous an ill conceived standards. The problem is arrogant elites.,786,common crap utter failure ridiculous ill conceived standards problem arrogant elites,negative,0.9373878836631775,12,"{'anger': 0.8289218544960022, 'disgust': 0.09393420815467834, 'fear': 0.02407616749405861, 'neutral': 0.020147215574979782, 'surprise': 0.016473138704895973, 'sadness': 0.014116822741925716, 'joy': 0.0023305490612983704}",0.020147215574979782,0.016473138704895973,0.0023305490612983704,0.8289218544960022,0.02407616749405861,0.014116822741925716,0.09393420815467834,0.0,0.0,0.0,0.0,0.0,0.0,0.0,0.0,0.0,0.0,0.0,0.0,0.0,0.0,anger
As an American I also believe that converting to the metric system we'll also be useful for the American education system,787,american also believe converting metric system well also useful american education system,positive,0.6886793375015259,11,"{'joy': 0.4542377293109894, 'neutral': 0.39765140414237976, 'surprise': 0.1232733279466629, 'sadness': 0.01148164551705122, 'anger': 0.007314484100788832, 'fear': 0.004853947553783655, 'disgust': 0.0011873729526996613, 'neutral_linguistic': 1.0, 'neutral_sentence_count': 1}",0.39765140414237976,0.1232733279466629,0.4542377293109894,0.007314484100788832,0.004853947553783655,0.01148164551705122,0.0011873729526996613,1.0,0.0,0.0,0.0,0.0,0.0,0.0,1.0,0.0,0.0,0.0,0.0,0.0,0.0,neutral
Wokeness and liberalism,788,wokeness liberalism,negative,0.6973270773887634,5,"{'neutral': 0.9577003121376038, 'surprise': 0.011675664223730564, 'sadness': 0.010733868926763535, 'disgust': 0.005751162767410278, 'joy': 0.005658973474055529, 'anger': 0.005553524475544691, 'fear': 0.0029265715274959803}",0.9577003121376038,0.011675664223730564,0.005658973474055529,0.005553524475544691,0.0029265715274959803,0.010733868926763535,0.005751162767410278,0.0,0.0,0.0,0.0,0.0,0.0,0.0,0.0,0.0,0.0,0.0,0.0,0.0,0.0,neutral
Q: does anyone interviewed the parents of US Olympic math team on how they raise and coach their kids ?  I bet there are more than just smart. Anyone studies Singapore education system ?,789,anyone interviewed parents olympic math team raise coach kids bet smart anyone studies singapore education system,neutral,0.7511518001556396,1,"{'joy': 0.5841181874275208, 'surprise': 0.20790904760360718, 'neutral': 0.18519078195095062, 'anger': 0.008477481082081795, 'sadness': 0.006852107122540474, 'fear': 0.005666374694555998, 'disgust': 0.0017860245425254107}",0.18519078195095062,0.20790904760360718,0.5841181874275208,0.008477481082081795,0.005666374694555998,0.006852107122540474,0.0017860245425254107,0.0,0.0,0.0,0.0,0.0,0.0,0.0,0.0,0.0,0.0,0.0,0.0,0.0,0.0,joy
Revised Question in 2024: How US Education has produced only radical extremists as they reach adult life.,790,revised question education produced radical extremists reach adult life,negative,0.6043577194213867,36,"{'fear': 0.7163707613945007, 'anger': 0.12163987755775452, 'neutral': 0.08021047711372375, 'surprise': 0.05667561665177345, 'sadness': 0.012398657388985157, 'joy': 0.006782461889088154, 'disgust': 0.0059220874682068825}",0.08021047711372375,0.05667561665177345,0.006782461889088154,0.12163987755775452,0.7163707613945007,0.012398657388985157,0.0059220874682068825,0.0,0.0,0.0,0.0,0.0,0.0,0.0,0.0,0.0,0.0,0.0,0.0,0.0,0.0,fear
Not in Florida at least,791,florida least,neutral,0.608772337436676,41,"{'neutral': 0.8010693192481995, 'surprise': 0.06744914501905441, 'sadness': 0.04233488813042641, 'joy': 0.031795963644981384, 'anger': 0.03029252402484417, 'disgust': 0.01772386208176613, 'fear': 0.009334315545856953}",0.8010693192481995,0.06744914501905441,0.031795963644981384,0.03029252402484417,0.009334315545856953,0.04233488813042641,0.01772386208176613,0.0,0.0,0.0,0.0,0.0,0.0,0.0,0.0,0.0,0.0,0.0,0.0,0.0,0.0,neutral
"School was turned into day care where anyone passes and focuses on grades instead of understanding, that's what's wrong",794,school turned day care anyone passes focuses grades instead understanding thats whats wrong,negative,0.9223784804344177,15,"{'neutral': 0.6621202230453491, 'sadness': 0.11556318402290344, 'anger': 0.09575468301773071, 'surprise': 0.07256273925304413, 'disgust': 0.03781069442629814, 'joy': 0.013493357226252556, 'fear': 0.0026950661558657885, 'love_linguistic': 1.0, 'love_sentence_count': 1}",0.6621202230453491,0.07256273925304413,0.013493357226252556,0.09575468301773071,0.0026950661558657885,0.11556318402290344,0.03781069442629814,0.0,0.0,0.0,0.0,0.0,0.0,0.0,0.0,0.0,0.0,0.0,0.0,0.0,0.0,neutral
"America is huge, all schools can’t be same. If you go better school district, I am sure you will get better education than other districts just average or below. The sad part is that great school districts can’t be much affordable for below average income American families..",795,america huge schools cant better school district sure get better education districts average sad part great school districts cant much affordable average income american families,negative,0.5760329365730286,0,"{'sadness': 0.864284336566925, 'surprise': 0.0739322379231453, 'joy': 0.047379571944475174, 'neutral': 0.010883579030632973, 'anger': 0.0018691992154344916, 'fear': 0.001030154526233673, 'disgust': 0.0006209312123246491, 'joy_linguistic': 1.0, 'sadness_linguistic': 1.0, 'anger_linguistic': 1.0, 'joy_sentence_count': 1, 'sadness_sentence_count': 1, 'anger_sentence_count': 1}",0.010883579030632973,0.0739322379231453,0.047379571944475174,0.0018691992154344916,0.001030154526233673,0.864284336566925,0.0006209312123246491,0.0,0.0,1.0,1.0,0.0,1.0,0.0,0.0,0.0,1.0,1.0,0.0,1.0,0.0,sadness
"Another aspect of the failing education system in the U.S. is there are teachers that aren't putting in effort to teach effectively. I have delt/am dealing with this type of teacher in elementary school and currently in college and it isn't fair that I put in the work and effort while the teacher is mediocre at doing their job which sets the tone of ""I don't care about getting good grades/achieving more of myself"" or ""I am struggling at a subject where I know that I don't have a problem with because of the teacher's bad teaching ethics which is making me frustrated"".",796,another aspect failing education system teachers arent putting effort teach effectively deltam dealing type teacher elementary school currently college isnt fair put work effort teacher mediocre job sets tone dont care getting good gradesachieving struggling subject know dont problem teachers bad teaching ethics making frustrated,negative,0.8963744044303894,0,"{'anger': 0.8861713409423828, 'sadness': 0.09522341191768646, 'neutral': 0.0073675052262842655, 'surprise': 0.004569345153868198, 'joy': 0.0025416717398911715, 'disgust': 0.0025034495629370213, 'fear': 0.0016231420449912548, 'anger_linguistic': 1.0, 'love_linguistic': 1.0, 'anger_sentence_count': 1, 'love_sentence_count': 1}",0.0073675052262842655,0.004569345153868198,0.0025416717398911715,0.8861713409423828,0.0016231420449912548,0.09522341191768646,0.0025034495629370213,0.0,0.0,0.0,1.0,0.0,0.0,0.0,0.0,0.0,0.0,1.0,0.0,0.0,0.0,anger
No what the issue is.  Is that the teachers have checked out. They don't teach the same way as it used to.  Plus they taken them out of being babysitters and they have to be.  They also need more money,797,issue teachers checked dont teach way used plus taken babysitters also need money,negative,0.6799360513687134,-1,"{'neutral': 0.5537856817245483, 'sadness': 0.20847657322883606, 'surprise': 0.198564812541008, 'anger': 0.016099128872156143, 'joy': 0.010313873179256916, 'disgust': 0.008282088674604893, 'fear': 0.004477927461266518, 'neutral_linguistic': 1.0, 'neutral_sentence_count': 1}",0.5537856817245483,0.198564812541008,0.010313873179256916,0.016099128872156143,0.004477927461266518,0.20847657322883606,0.008282088674604893,1.0,0.0,0.0,0.0,0.0,0.0,0.0,1.0,0.0,0.0,0.0,0.0,0.0,0.0,neutral
just go to a good private school if you are capable.,798,good private school capable,neutral,0.5154498219490051,-1,"{'neutral': 0.746627688407898, 'joy': 0.190823495388031, 'surprise': 0.021511582657694817, 'disgust': 0.015264325775206089, 'sadness': 0.011170390993356705, 'anger': 0.009569588117301464, 'fear': 0.005032849498093128}",0.746627688407898,0.021511582657694817,0.190823495388031,0.009569588117301464,0.005032849498093128,0.011170390993356705,0.015264325775206089,0.0,0.0,0.0,0.0,0.0,0.0,0.0,0.0,0.0,0.0,0.0,0.0,0.0,0.0,neutral
wait.... did you ask the same question during cold war with soviet?,799,wait ask question cold war soviet,neutral,0.8516002297401428,54,"{'neutral': 0.7192746996879578, 'fear': 0.13606831431388855, 'anger': 0.06302600353956223, 'surprise': 0.036401692777872086, 'sadness': 0.036146748811006546, 'joy': 0.004739317111670971, 'disgust': 0.004343243315815926}",0.7192746996879578,0.036401692777872086,0.004739317111670971,0.06302600353956223,0.13606831431388855,0.036146748811006546,0.004343243315815926,0.0,0.0,0.0,0.0,0.0,0.0,0.0,0.0,0.0,0.0,0.0,0.0,0.0,0.0,neutral
"This is a cultural problem. If there are no standsrds of right and wrong, nothing is an offense. Teachers cant teach because students are COMPLETELY OUT OF CONTROL!!!! Watch more vids and you will get the picture.",800,cultural problem standsrds right wrong nothing offense teachers cant teach students completely control watch vids get picture,negative,0.8742073774337769,-1,"{'anger': 0.919901967048645, 'sadness': 0.033529672771692276, 'neutral': 0.018524302169680595, 'fear': 0.01584659144282341, 'disgust': 0.006392601877450943, 'surprise': 0.0035469571594148874, 'joy': 0.002257942920550704}",0.018524302169680595,0.0035469571594148874,0.002257942920550704,0.919901967048645,0.01584659144282341,0.033529672771692276,0.006392601877450943,0.0,0.0,0.0,0.0,0.0,0.0,0.0,0.0,0.0,0.0,0.0,0.0,0.0,0.0,anger
"Teachers are leaving BECAUSE THE KIDS ARE SO ILL BEHAVED AND VIOLENT. 15% OF TEACHERS HAVE BEEN ASSAULTED IN SOME WAY.... which would never be tolerated in any other industry. Kids dont respect any authority. They are angry. They are addicted to drugs alcohol and their phon es. Most do not have a father in the home consistently. The districts do not expel students, even though the police may have charged them with a crime. It is not safe--kids are brawling and causing property damage. Bullying is overlooked.  Trans boys are assaulting young women  but districts wont back common sense.",801,teachers leaving kids ill behaved violent teachers assaulted way would never tolerated industry kids dont respect authority angry addicted drugs alcohol phon father home consistently districts expel students even though police may charged crime safekids brawling causing property damage bullying overlooked trans boys assaulting young women districts wont back common sense,negative,0.8909482061862946,22,"{'anger': 0.977103590965271, 'sadness': 0.00771000050008297, 'fear': 0.005679445806890726, 'disgust': 0.00458490801975131, 'neutral': 0.002841681707650423, 'joy': 0.001119732391089201, 'surprise': 0.0009607002139091492, 'anger_linguistic': 2.0, 'neutral_linguistic': 0.5, 'anger_sentence_count': 1, 'love_sentence_count': 1}",0.002841681707650423,0.0009607002139091492,0.001119732391089201,0.977103590965271,0.005679445806890726,0.00771000050008297,0.00458490801975131,0.5,0.0,0.0,2.0,0.0,0.0,0.0,0.0,0.0,0.0,1.0,0.0,0.0,0.0,anger
Kids Next Door was right,802,kids next door right,positive,0.5684082508087158,31,"{'surprise': 0.47031742334365845, 'neutral': 0.43423861265182495, 'joy': 0.055506933480501175, 'sadness': 0.01612936332821846, 'anger': 0.013221501372754574, 'fear': 0.007991568185389042, 'disgust': 0.002594596240669489}",0.43423861265182495,0.47031742334365845,0.055506933480501175,0.013221501372754574,0.007991568185389042,0.01612936332821846,0.002594596240669489,0.0,0.0,0.0,0.0,0.0,0.0,0.0,0.0,0.0,0.0,0.0,0.0,0.0,0.0,surprise
Its not intended to foster education lmao. Its an old german model used to pump out obedient factory workers at the turn of the industrial revolution,803,intended foster education lmao old german model used pump obedient factory workers turn industrial revolution,negative,0.6988089084625244,0,"{'neutral': 0.678994357585907, 'joy': 0.21150323748588562, 'surprise': 0.06741679459810257, 'anger': 0.028313707560300827, 'sadness': 0.007237775716930628, 'disgust': 0.0044767302460968494, 'fear': 0.002057344652712345}",0.678994357585907,0.06741679459810257,0.21150323748588562,0.028313707560300827,0.002057344652712345,0.007237775716930628,0.0044767302460968494,0.0,0.0,0.0,0.0,0.0,0.0,0.0,0.0,0.0,0.0,0.0,0.0,0.0,0.0,neutral
"i feel like the rich are gaslighting the society. they dont want to pay teachers right so they will not be motivated enough to educate people. the less educated, the richer the rich can be.",804,feel like rich gaslighting society dont want pay teachers right motivated enough educate people less educated richer rich,negative,0.8788794279098511,-1,"{'joy': 0.9642349481582642, 'sadness': 0.011755482293665409, 'anger': 0.01143158134073019, 'surprise': 0.007669774349778891, 'neutral': 0.003738134866580367, 'disgust': 0.0007052370347082615, 'fear': 0.0004647503374144435}",0.003738134866580367,0.007669774349778891,0.9642349481582642,0.01143158134073019,0.0004647503374144435,0.011755482293665409,0.0007052370347082615,0.0,0.0,0.0,0.0,0.0,0.0,0.0,0.0,0.0,0.0,0.0,0.0,0.0,0.0,joy
"That's good. And this is coming from a non American and someone from a third world country, where there's no ""wokeness"". Religion destroys more people than wokeness. There are violent woke people, for sure, but not at the rate of violent religious people. They have destroyed whole country, economy, education, mental health, etc. 
As far as wokeness is considered, it is dangerous when it becomes an ideology, like religion. But a lot of people would call anything woke. Like you want to live with someone of your gender? You're woke. You believe in government helping the poor through giving a basic income ? You're woke.",805,thats good coming non american someone third world country theres wokeness religion destroys people wokeness violent woke people sure rate violent religious people destroyed whole country economy education mental health etc far wokeness considered dangerous becomes ideology like religion lot people would call anything woke like want live someone gender youre woke believe government helping poor giving basic income youre woke,negative,0.6866074800491333,5,"{'anger': 0.9435039758682251, 'fear': 0.036483824253082275, 'sadness': 0.006265993695706129, 'surprise': 0.005219903774559498, 'joy': 0.005161742214113474, 'neutral': 0.002693372080102563, 'disgust': 0.0006711785681545734, 'fear_linguistic': 2.0, 'anger_linguistic': 1.0, 'fear_sentence_count': 1, 'anger_sentence_count': 1}",0.002693372080102563,0.005219903774559498,0.005161742214113474,0.9435039758682251,0.036483824253082275,0.006265993695706129,0.0006711785681545734,0.0,0.0,0.0,1.0,2.0,0.0,0.0,0.0,0.0,0.0,1.0,1.0,0.0,0.0,anger
"What is the root cause of poor student performance in American schools? Poverty. Being poor is the ultimate root cause. Poor in intelligence, poor in attitude, poor in home environment, poor in value system, poor in drive, poor in discipline. Being poor, the world owes the Americans a living. Americans should not ever have to work very hard and should always be entitled to a good living, automatically.",806,root cause poor student performance american schools poverty poor ultimate root cause poor intelligence poor attitude poor home environment poor value system poor drive poor discipline poor world owes americans living americans ever work hard always entitled good living automatically,negative,0.83542799949646,-1,"{'sadness': 0.8106613755226135, 'anger': 0.0735873430967331, 'neutral': 0.06988850980997086, 'joy': 0.025579487904906273, 'surprise': 0.012478754855692387, 'disgust': 0.005793405696749687, 'fear': 0.0020111771300435066, 'love_linguistic': 1.0, 'love_sentence_count': 1}",0.06988850980997086,0.012478754855692387,0.025579487904906273,0.0735873430967331,0.0020111771300435066,0.8106613755226135,0.005793405696749687,0.0,0.0,0.0,0.0,0.0,0.0,0.0,0.0,0.0,0.0,0.0,0.0,0.0,0.0,sadness
I know US Education system is broken when the second scene of this video shows a subtraction problem which narrator says “how will you solve this equation “. Thats not an equation.,807,know education system broken second scene video shows subtraction problem narrator says solve equation thats equation,negative,0.9248212575912476,6,"{'sadness': 0.5227962732315063, 'surprise': 0.2675322890281677, 'anger': 0.10229986160993576, 'neutral': 0.07161202281713486, 'fear': 0.021930597722530365, 'joy': 0.008439455181360245, 'disgust': 0.0053895809687674046, 'sadness_linguistic': 1.0, 'sadness_sentence_count': 1}",0.07161202281713486,0.2675322890281677,0.008439455181360245,0.10229986160993576,0.021930597722530365,0.5227962732315063,0.0053895809687674046,0.0,0.0,0.0,0.0,0.0,1.0,0.0,0.0,0.0,0.0,0.0,0.0,1.0,0.0,sadness
There on testosterone the stuff from the prn channel there the same stuff there just labeled for there use the prostrate is were testosterone is produced check your search bar for were it's at,808,testosterone stuff prn channel stuff labeled use prostrate testosterone produced check search bar,neutral,0.871891975402832,47,"{'neutral': 0.9082351326942444, 'surprise': 0.06546758860349655, 'sadness': 0.006888178177177906, 'anger': 0.006465064827352762, 'fear': 0.00564589025452733, 'disgust': 0.00388903240673244, 'joy': 0.0034091800916939974}",0.9082351326942444,0.06546758860349655,0.0034091800916939974,0.006465064827352762,0.00564589025452733,0.006888178177177906,0.00388903240673244,0.0,0.0,0.0,0.0,0.0,0.0,0.0,0.0,0.0,0.0,0.0,0.0,0.0,0.0,neutral
"See my thing is you have to teach them from the ground up start with basic math even if they're in high school Power through it, but also make sure everybody understands how to do the stuff they should've been learning before hand, and then slowly build up within the curriculum because if you're gonna introduce a new system, you have to teach them stuff they should've learned in the new system back in elementary school and then just go from there I went to trade school and they did that we did basic math and within a month we were already up to calculus, and I understood how to do everything in calculus and trigonometry when I had no idea how to do it before trade school and barely passed the class in high school by the grace of the teacher. Also, I don't think kids should be learning multiple things at once. 7-8 classes at a time is ridiculous. Split that in half have them do half their classes the first semester and the other half of the class is the second semester but also refreshers one day of the week to make sure they do something I don't know but it's better than what we have now I was in Indiana and we didn't have the common core, and that affected the SATs because we weren't taught stuff that was on the SATs.",809,see thing teach ground start basic math even theyre high school power also make sure everybody understands stuff shouldve learning hand slowly build within curriculum youre gonna introduce new system teach stuff shouldve learned new system back elementary school went trade school basic math within month already calculus understood everything calculus trigonometry idea trade school barely passed class high school grace teacher also dont think kids learning multiple things classes time ridiculous split half half classes first semester half class second semester also refreshers one day week make sure something dont know better indiana didnt common core affected sats werent taught stuff sats,neutral,0.6084248026212057,39,"{'surprise': 0.7735270261764526, 'anger': 0.25159433484077454, 'neutral': 0.09804130345582962, 'fear': 0.03065749816596508, 'joy': 0.024446625262498856, 'sadness': 0.03679601103067398, 'disgust': 0.00463386345654726, 'sadness_linguistic': 0.75, 'sadness_sentence_count': 1, 'neutral_sentence_count': 1}",0.09804130345582962,0.7735270261764526,0.024446625262498856,0.25159433484077454,0.03065749816596508,0.03679601103067398,0.00463386345654726,0.0,0.0,0.0,0.0,0.0,0.75,0.0,1.0,0.0,0.0,0.0,0.0,1.0,0.0,surprise
"Because we’re trying to profit from a what should be a public service— just like energy, housing, healthcare, and food.",810,trying profit public service like energy housing healthcare food,neutral,0.5427581071853638,19,"{'anger': 0.4114205837249756, 'neutral': 0.27419281005859375, 'joy': 0.23476682603359222, 'disgust': 0.05009901523590088, 'surprise': 0.013225534930825233, 'sadness': 0.011368697509169579, 'fear': 0.004926595836877823, 'love_linguistic': 1.0, 'love_sentence_count': 1}",0.27419281005859375,0.013225534930825233,0.23476682603359222,0.4114205837249756,0.004926595836877823,0.011368697509169579,0.05009901523590088,0.0,0.0,0.0,0.0,0.0,0.0,0.0,0.0,0.0,0.0,0.0,0.0,0.0,0.0,anger
What folks don’t realize though when talking about pay for DC teachers is that DC was recently published as being the most expensive city to live in on the planet. Couple that with some of the battles in teaching in DC Public Schools and….100k is bare minimum if they want to keep the schools staffed lol,811,folks dont realize though talking pay teachers recently published expensive city live planet couple battles teaching public schools andk bare minimum want keep schools staffed lol,negative,0.6112014055252075,-1,"{'surprise': 0.6297906637191772, 'neutral': 0.14877445995807648, 'sadness': 0.1206677183508873, 'joy': 0.048399653285741806, 'anger': 0.03893011435866356, 'disgust': 0.008079598657786846, 'fear': 0.005357800982892513, 'sadness_linguistic': 1.0, 'neutral_linguistic': 1.0, 'sadness_sentence_count': 1, 'neutral_sentence_count': 1}",0.14877445995807648,0.6297906637191772,0.048399653285741806,0.03893011435866356,0.005357800982892513,0.1206677183508873,0.008079598657786846,1.0,0.0,0.0,0.0,0.0,1.0,0.0,1.0,0.0,0.0,0.0,0.0,1.0,0.0,neutral
"That’s not the real issue, though maybe a part of it.",812,thats real issue though maybe part,negative,0.5679112672805786,13,"{'neutral': 0.7191986441612244, 'sadness': 0.11956874281167984, 'surprise': 0.07317360490560532, 'anger': 0.03006657026708126, 'disgust': 0.02319914475083351, 'fear': 0.02131822146475315, 'joy': 0.01347509864717722, 'neutral_linguistic': 2.0, 'neutral_sentence_count': 1}",0.7191986441612244,0.07317360490560532,0.01347509864717722,0.03006657026708126,0.02131822146475315,0.11956874281167984,0.02319914475083351,2.0,0.0,0.0,0.0,0.0,0.0,0.0,1.0,0.0,0.0,0.0,0.0,0.0,0.0,neutral
"Mean while,  China is watching this and laughing at your sorry asses.  😂😂😂",813,mean china watching laughing sorry asses,negative,0.8858902454376221,7,"{'sadness': 0.612582802772522, 'neutral': 0.11591511219739914, 'disgust': 0.1021081954240799, 'anger': 0.06076726317405701, 'surprise': 0.05453284829854965, 'joy': 0.04766985774040222, 'fear': 0.006423909682780504, 'joy_linguistic': 1.0, 'sadness_linguistic': 1.0, 'anger_linguistic': 1.0, 'joy_sentence_count': 1, 'sadness_sentence_count': 1, 'anger_sentence_count': 1}",0.11591511219739914,0.05453284829854965,0.04766985774040222,0.06076726317405701,0.006423909682780504,0.612582802772522,0.1021081954240799,0.0,0.0,1.0,1.0,0.0,1.0,0.0,0.0,0.0,1.0,1.0,0.0,1.0,0.0,sadness
"Easy. Americans get to the adult face of life not knowing history, geography or languages.....
Jesus 😂😂  I wonder what could be done about it ?
Lets not forget their Guns free for all laws",814,easy americans get adult face life knowing history geography languages jesus wonder could done lets forget guns free laws,negative,0.6587235331535339,7,"{'surprise': 0.877425491809845, 'joy': 0.06589967012405396, 'neutral': 0.03829123452305794, 'sadness': 0.010396601632237434, 'fear': 0.003889933228492737, 'anger': 0.0038075747434049845, 'disgust': 0.0002894740318879485, 'surprise_linguistic': 1.0, 'surprise_sentence_count': 1}",0.03829123452305794,0.877425491809845,0.06589967012405396,0.0038075747434049845,0.003889933228492737,0.010396601632237434,0.0002894740318879485,0.0,1.0,0.0,0.0,0.0,0.0,0.0,0.0,1.0,0.0,0.0,0.0,0.0,0.0,surprise
They’re busy teaching sexuality and CRT 🤡,815,theyre busy teaching sexuality crt,negative,0.7490337491035461,47,"{'sadness': 0.5328479409217834, 'neutral': 0.30654609203338623, 'anger': 0.06909880042076111, 'disgust': 0.04861054569482803, 'joy': 0.01594913937151432, 'surprise': 0.014556780457496643, 'fear': 0.012390674091875553}",0.30654609203338623,0.014556780457496643,0.01594913937151432,0.06909880042076111,0.012390674091875553,0.5328479409217834,0.04861054569482803,0.0,0.0,0.0,0.0,0.0,0.0,0.0,0.0,0.0,0.0,0.0,0.0,0.0,0.0,sadness
"✋ I know one of the problems,
It’s lack of discipline, consequences and respect.",816,know one problems lack discipline consequences respect,negative,0.7453012466430664,0,"{'sadness': 0.4253496527671814, 'neutral': 0.29871469736099243, 'anger': 0.19524246454238892, 'disgust': 0.052511487156152725, 'fear': 0.016413960605859756, 'surprise': 0.008910993114113808, 'joy': 0.0028567027766257524, 'love_linguistic': 1.0, 'love_sentence_count': 1}",0.29871469736099243,0.008910993114113808,0.0028567027766257524,0.19524246454238892,0.016413960605859756,0.4253496527671814,0.052511487156152725,0.0,0.0,0.0,0.0,0.0,0.0,0.0,0.0,0.0,0.0,0.0,0.0,0.0,0.0,sadness
"schooling is not working.. it is not a curriculum thing, it is about putting teenagers in the same room all day. too much distraction.",817,schooling working curriculum thing putting teenagers room day much distraction,negative,0.8551989197731018,15,"{'neutral': 0.5960508584976196, 'sadness': 0.10633149743080139, 'joy': 0.10234928131103516, 'surprise': 0.09110863506793976, 'anger': 0.05297879874706268, 'disgust': 0.03000088967382908, 'fear': 0.02117994613945484}",0.5960508584976196,0.09110863506793976,0.10234928131103516,0.05297879874706268,0.02117994613945484,0.10633149743080139,0.03000088967382908,0.0,0.0,0.0,0.0,0.0,0.0,0.0,0.0,0.0,0.0,0.0,0.0,0.0,0.0,neutral
"The irony is that GW Bush was a proponent of common core.  And when Obama took office and pushed for the same standards, support for it among republicans evaporated.  That was a customary thing back then.  If Obama was for something they backed, it must be bad and be opposed.  
Even though Common Core wasn't the best option out there and didn't improve performance, that wasn't the reason they back away from it at first.",818,irony bush proponent common core obama took office pushed standards support among republicans evaporated customary thing back obama something backed must bad opposed even though common core wasnt best option didnt improve performance wasnt reason back away first,negative,0.6627663373947144,26,"{'sadness': 0.35799726843833923, 'anger': 0.21835649013519287, 'neutral': 0.19391246140003204, 'surprise': 0.16714929044246674, 'joy': 0.05186852067708969, 'fear': 0.005633199121803045, 'disgust': 0.005082712974399328}",0.19391246140003204,0.16714929044246674,0.05186852067708969,0.21835649013519287,0.005633199121803045,0.35799726843833923,0.005082712974399328,0.0,0.0,0.0,0.0,0.0,0.0,0.0,0.0,0.0,0.0,0.0,0.0,0.0,0.0,sadness
Teachers have the future of the country in front of them every day. I love that quote,819,teachers future country front every day love quote,positive,0.9613388180732727,43,"{'neutral': 0.8799260854721069, 'surprise': 0.06443597376346588, 'joy': 0.024436989799141884, 'anger': 0.01644705794751644, 'fear': 0.006551195401698351, 'sadness': 0.005821232683956623, 'disgust': 0.0023815042804926634, 'joy_linguistic': 1.0, 'love_linguistic': 1.0, 'joy_sentence_count': 1, 'love_sentence_count': 1}",0.8799260854721069,0.06443597376346588,0.024436989799141884,0.01644705794751644,0.006551195401698351,0.005821232683956623,0.0023815042804926634,0.0,0.0,1.0,0.0,0.0,0.0,0.0,0.0,0.0,1.0,0.0,0.0,0.0,0.0,neutral
How does the “best country in the world” have a lacking public education system Yall integrated public schools and the black kids always disrupt class and don’t understand the material 🤣🤣🤣 now we got a  issue a few decades you can’t segregate schools in this day in age later the teachers don’t know how to connect with black kids and also ban phones in public schools this is America the standard is supposed to be high,820,best country world lacking public education system yall integrated public schools black kids always disrupt class dont understand material got issue decades cant segregate schools day age later teachers dont know connect black kids also ban phones public schools america standard supposed high,negative,0.8958094716072083,11,"{'sadness': 0.5293068885803223, 'surprise': 0.28635719418525696, 'anger': 0.09305635839700699, 'neutral': 0.061128273606300354, 'joy': 0.024831386283040047, 'fear': 0.003794379997998476, 'disgust': 0.0015255234902724624, 'sadness_linguistic': 0.5, 'neutral_sentence_count': 1}",0.061128273606300354,0.28635719418525696,0.024831386283040047,0.09305635839700699,0.003794379997998476,0.5293068885803223,0.0015255234902724624,0.0,0.0,0.0,0.0,0.0,0.5,0.0,1.0,0.0,0.0,0.0,0.0,0.0,0.0,sadness
"Common Core = A 3 Trillion $ Deficit = WEALTH = More Money For Education.  
Casinos & Marijuana are the New Economy in  the Greatest State in the Union ILLINOIS .
My Home State.
Bill Gates and Obama cannot be wrong .
❤",821,common core trillion deficit wealth money education casinos marijuana new economy greatest state union illinois home state bill gates obama cannot wrong,positive,0.7456048130989075,-1,"{'sadness': 0.46547871828079224, 'neutral': 0.27231448888778687, 'surprise': 0.15381178259849548, 'anger': 0.05115807428956032, 'joy': 0.05030246451497078, 'fear': 0.004405895713716745, 'disgust': 0.0025285622105002403, 'joy_linguistic': 1.0, 'joy_sentence_count': 1}",0.27231448888778687,0.15381178259849548,0.05030246451497078,0.05115807428956032,0.004405895713716745,0.46547871828079224,0.0025285622105002403,0.0,0.0,1.0,0.0,0.0,0.0,0.0,0.0,0.0,1.0,0.0,0.0,0.0,0.0,joy
As someone who worked in the schools for nearly 10 years I can tell you that the basic fundamentals are not being taught for the younger students in elementary an whether they learn or not are being pushed on through anyways an its not the teachers fault its the states fault cause they have to do what they are told an I may not be the smartest person but anything without a strong foundation cannot stand thats why our country is falling apart cause a vast majority of our students are not learning anything an they are the ones thats gonna carry our country in the future,822,someone worked schools nearly years tell basic fundamentals taught younger students elementary whether learn pushed anyways teachers fault states fault cause told may smartest person anything without strong foundation cannot stand thats country falling apart cause vast majority students learning anything ones thats gonna carry country future,negative,0.6766451597213745,43,"{'sadness': 0.652767539024353, 'anger': 0.15410728752613068, 'surprise': 0.12095718085765839, 'neutral': 0.035700730979442596, 'joy': 0.0321323499083519, 'fear': 0.003104283008724451, 'disgust': 0.0012305675772950053, 'neutral_linguistic': 0.5, 'joy_sentence_count': 1}",0.035700730979442596,0.12095718085765839,0.0321323499083519,0.15410728752613068,0.003104283008724451,0.652767539024353,0.0012305675772950053,0.5,0.0,0.0,0.0,0.0,0.0,0.0,0.0,0.0,1.0,0.0,0.0,0.0,0.0,sadness
"If the kid shows that 2+2=4, what difference does the method used to achieve the answer make?",823,kid shows difference method used achieve answer make,neutral,0.8554302453994751,6,"{'neutral': 0.4791628420352936, 'surprise': 0.4152035117149353, 'joy': 0.070382259786129, 'anger': 0.01578151248395443, 'sadness': 0.014849718660116196, 'fear': 0.002950873924419284, 'disgust': 0.0016692365752533078}",0.4791628420352936,0.4152035117149353,0.070382259786129,0.01578151248395443,0.002950873924419284,0.014849718660116196,0.0016692365752533078,0.0,0.0,0.0,0.0,0.0,0.0,0.0,0.0,0.0,0.0,0.0,0.0,0.0,0.0,neutral
"Public Education is broken because it primarily serves the Poor, working-class, Immigrant communities and Communities of colors.",824,public education broken primarily serves poor workingclass immigrant communities communities colors,negative,0.8627932071685791,0,"{'sadness': 0.6718090176582336, 'anger': 0.16187167167663574, 'disgust': 0.09516338258981705, 'neutral': 0.05624184384942055, 'fear': 0.008303209207952023, 'surprise': 0.004896537400782108, 'joy': 0.0017143115401268005, 'sadness_linguistic': 1.0, 'sadness_sentence_count': 1}",0.05624184384942055,0.004896537400782108,0.0017143115401268005,0.16187167167663574,0.008303209207952023,0.6718090176582336,0.09516338258981705,0.0,0.0,0.0,0.0,0.0,1.0,0.0,0.0,0.0,0.0,0.0,0.0,1.0,0.0,sadness
"teachers're not future of your country. as a immigrant country, your country's future depend on how many intelligent people you import from other countries.",825,teachersre future country immigrant country countrys future depend many intelligent people import countries,negative,0.798717200756073,11,"{'joy': 0.873954713344574, 'neutral': 0.07358278334140778, 'surprise': 0.031276363879442215, 'anger': 0.012980109080672264, 'sadness': 0.005475879181176424, 'fear': 0.0013824707129970193, 'disgust': 0.0013476995518431067}",0.07358278334140778,0.031276363879442215,0.873954713344574,0.012980109080672264,0.0013824707129970193,0.005475879181176424,0.0013476995518431067,0.0,0.0,0.0,0.0,0.0,0.0,0.0,0.0,0.0,0.0,0.0,0.0,0.0,0.0,joy
Public education is failing. The rich in America have no such problem,826,public education failing rich america problem,negative,0.7398019433021545,0,"{'sadness': 0.7970712184906006, 'anger': 0.08070169389247894, 'neutral': 0.06818976253271103, 'disgust': 0.033643417060375214, 'fear': 0.00746205635368824, 'surprise': 0.006775208283215761, 'joy': 0.006156637333333492}",0.06818976253271103,0.006775208283215761,0.006156637333333492,0.08070169389247894,0.00746205635368824,0.7970712184906006,0.033643417060375214,0.0,0.0,0.0,0.0,0.0,0.0,0.0,0.0,0.0,0.0,0.0,0.0,0.0,0.0,sadness
Poverty? Really? Stop blaming the kids. It's the bad parenting. Kids are like a blank piece of paper. What parents do they copy.,827,poverty really stop blaming kids bad parenting kids like blank piece paper parents copy,negative,0.9424827098846436,8,"{'sadness': 0.46562066674232483, 'anger': 0.2749525010585785, 'neutral': 0.19350427389144897, 'disgust': 0.04531021788716316, 'fear': 0.009511451236903667, 'surprise': 0.006557661108672619, 'joy': 0.00454322574660182, 'neutral_linguistic': 1.2, 'neutral_sentence_count': 1}",0.19350427389144897,0.006557661108672619,0.00454322574660182,0.2749525010585785,0.009511451236903667,0.46562066674232483,0.04531021788716316,1.2,0.0,0.0,0.0,0.0,0.0,0.0,1.0,0.0,0.0,0.0,0.0,0.0,0.0,neutral
"100% of the problem is the parents. Children need to know how to read before they start. Discipline is another problem. A few students are destroying the chances of thousands of students in a school. Social, financial, and physical consequences should be put on parents and students who cause school problems. This is the only way to fix the school system. It has absolutely nothing to do with money. Look outside the US., schools with 100th the budget of a US school do better. It's all personal behavior and accountability problems. I hope in the next 5 years AI will create friendships with children. It will teach them. The future generations will have close relationships with AI, not teachers.",828,problem parents children need know read start discipline another problem students destroying chances thousands students school social financial physical consequences put parents students cause school problems way fix school system absolutely nothing money look outside schools budget school better personal behavior accountability problems hope next years create friendships children teach future generations close relationships teachers,negative,0.7282871603965759,0,"{'sadness': 0.5592151284217834, 'anger': 0.311330109834671, 'neutral': 0.043590787798166275, 'fear': 0.040816035121679306, 'joy': 0.02922956645488739, 'surprise': 0.013020884245634079, 'disgust': 0.0027974664699286222}",0.043590787798166275,0.013020884245634079,0.02922956645488739,0.311330109834671,0.040816035121679306,0.5592151284217834,0.0027974664699286222,0.0,0.0,0.0,0.0,0.0,0.0,0.0,0.0,0.0,0.0,0.0,0.0,0.0,0.0,sadness
"Chinese/Japanese/Korean students who are mediocre in school in their native countries become excellent honor students once they come to the US despite their language barrier or socio-economic disadvantages. Average Koreans are richer than Americans these days. But, about 30 years ago, Koreans were much poorer than Americans and Koreans who immigrated to the US were dirt poor and did all kinds of menial jobs. Curiously, despite all those economic/cultural disadvantages, most Korean American kids did pretty well at school.  It was simply because of their genes; they were smarter than average Americans. American kids are generally dumb compared to East Asian students. That's the whole reason US students perform poorly despite all those educational techniques.",829,chinesejapanesekorean students mediocre school native countries become excellent honor students come despite language barrier socioeconomic disadvantages average koreans richer americans days years ago koreans much poorer americans koreans immigrated dirt poor kinds menial jobs curiously despite economiccultural disadvantages korean american kids pretty well school simply genes smarter average americans american kids generally dumb compared east asian students thats whole reason students perform poorly despite educational techniques,positive,0.6274695098400116,1,"{'surprise': 0.40682291984558105, 'sadness': 0.8427083492279053, 'joy': 0.16890250146389008, 'neutral': 0.08928930014371872, 'anger': 0.07065445184707642, 'disgust': 0.006036747712641954, 'fear': 0.003699982538819313, 'joy_linguistic': 1.0, 'sadness_linguistic': 1.0, 'anger_linguistic': 1.0, 'surprise_linguistic': 1.0, 'love_linguistic': 1.0, 'neutral_linguistic': 1.0, 'joy_sentence_count': 1, 'sadness_sentence_count': 1, 'anger_sentence_count': 1, 'surprise_sentence_count': 1, 'love_sentence_count': 1, 'neutral_sentence_count': 1}",0.08928930014371872,0.40682291984558105,0.16890250146389008,0.07065445184707642,0.003699982538819313,0.8427083492279053,0.006036747712641954,1.0,1.0,1.0,1.0,0.0,1.0,0.0,1.0,1.0,1.0,1.0,0.0,1.0,0.0,sadness
"As a millennial, I will send my child to a tutor for math. I did not learn common core math and cannot assist them in that subject. Also, I started college late and still pursuing my degree, none of my professors could care how I got the correct answer as long as I showed the work, and the answers are accurate.",830,millennial send child tutor math learn common core math cannot assist subject also started college late still pursuing degree none professors could care got correct answer long showed work answers accurate,negative,0.772608757019043,18,"{'sadness': 0.35775867104530334, 'neutral': 0.29357001185417175, 'surprise': 0.27786335349082947, 'anger': 0.03501240536570549, 'fear': 0.017169713973999023, 'joy': 0.015585178509354591, 'disgust': 0.00304064410738647, 'neutral_linguistic': 0.5, 'sadness_linguistic': 0.5, 'love_sentence_count': 1, 'neutral_sentence_count': 1}",0.29357001185417175,0.27786335349082947,0.015585178509354591,0.03501240536570549,0.017169713973999023,0.35775867104530334,0.00304064410738647,0.5,0.0,0.0,0.0,0.0,0.5,0.0,1.0,0.0,0.0,0.0,0.0,0.0,0.0,sadness
"I had to ask my sister to give me math notes from her class so i can see how shes taught so i could help her. So the only people that could help (teachers,parents, siblings) werent taught the way kids are taught now. So who helps them? Expensive tutors??",831,ask sister give math notes class see shes taught could help people could help teachersparents siblings werent taught way kids taught helps expensive tutors,negative,0.5651708245277405,9,"{'neutral': 0.4659794569015503, 'surprise': 0.24389693140983582, 'sadness': 0.1347372680902481, 'joy': 0.13019120693206787, 'anger': 0.018752537667751312, 'fear': 0.0037949869874864817, 'disgust': 0.0026475966442376375, 'sadness_linguistic': 1.0, 'sadness_sentence_count': 1}",0.4659794569015503,0.24389693140983582,0.13019120693206787,0.018752537667751312,0.0037949869874864817,0.1347372680902481,0.0026475966442376375,0.0,0.0,0.0,0.0,0.0,1.0,0.0,0.0,0.0,0.0,0.0,0.0,1.0,0.0,sadness
"The first two examples, the subtraction, show what the difference really is (no pun intended) between trying to teach math and some procedure to obtain result of arithmetic operation that everyone either does in their head or on a calculator. Teaching math constist of explaining why and how both methods work and achieve the same result. People that cannot grasp this at age 12 will never be taught math, just some worthless procedures that can be done on a phone. The first group will be your engineers and the second group will be the ""normal"" people.",832,first two examples subtraction show difference really pun intended trying teach math procedure obtain result arithmetic operation everyone either head calculator teaching math constist explaining methods work achieve result people cannot grasp age never taught math worthless procedures done phone first group engineers second group normal people,neutral,0.68106409907341,9,"{'neutral': 0.38767871260643005, 'sadness': 0.2500608563423157, 'surprise': 0.15364192426204681, 'anger': 0.15231312811374664, 'disgust': 0.02215459756553173, 'joy': 0.021011974662542343, 'fear': 0.013138867914676666, 'sadness_linguistic': 0.6, 'neutral_sentence_count': 1}",0.38767871260643005,0.15364192426204681,0.021011974662542343,0.15231312811374664,0.013138867914676666,0.2500608563423157,0.02215459756553173,0.0,0.0,0.0,0.0,0.0,0.6,0.0,1.0,0.0,0.0,0.0,0.0,0.0,0.0,sadness
It is NOT so much of catching up with STEM subjects nor comparing to East Asia.  The Anglospheric education failure is just a small reflection of its cultural decay resulting from believing that any individual who throws a stronger punch of “assertiveness” wins even to the point of bullying others.,833,much catching stem subjects comparing east asia anglospheric education failure small reflection cultural decay resulting believing individual throws stronger punch assertiveness wins even point bullying others,negative,0.8057183623313904,1,"{'neutral': 0.6170250773429871, 'surprise': 0.1617436408996582, 'joy': 0.09930337965488434, 'anger': 0.060591068118810654, 'sadness': 0.04954332858324051, 'fear': 0.006654944736510515, 'disgust': 0.005138524807989597}",0.6170250773429871,0.1617436408996582,0.09930337965488434,0.060591068118810654,0.006654944736510515,0.04954332858324051,0.005138524807989597,0.0,0.0,0.0,0.0,0.0,0.0,0.0,0.0,0.0,0.0,0.0,0.0,0.0,0.0,neutral
That’s vague and doesn’t offer any solution. By the way I don’t think you know what liberalism is. Liberalism≠ gender politics,834,thats vague doesnt offer solution way dont think know liberalism liberalism gender politics,negative,0.8746642470359802,42,"{'neutral': 0.703174352645874, 'anger': 0.09172952175140381, 'sadness': 0.08480370789766312, 'disgust': 0.06503012776374817, 'fear': 0.026527123525738716, 'surprise': 0.021147441118955612, 'joy': 0.007587669882923365}",0.703174352645874,0.021147441118955612,0.007587669882923365,0.09172952175140381,0.026527123525738716,0.08480370789766312,0.06503012776374817,0.0,0.0,0.0,0.0,0.0,0.0,0.0,0.0,0.0,0.0,0.0,0.0,0.0,0.0,neutral
@… then what actually is woke?,835,actually woke,neutral,0.7286648750305176,5,"{'neutral': 0.6703519225120544, 'surprise': 0.27892452478408813, 'sadness': 0.026901261880993843, 'anger': 0.009333196096122265, 'disgust': 0.006347786635160446, 'fear': 0.005143509712070227, 'joy': 0.0029978046659380198, 'neutral_linguistic': 1.0, 'neutral_sentence_count': 1}",0.6703519225120544,0.27892452478408813,0.0029978046659380198,0.009333196096122265,0.005143509712070227,0.026901261880993843,0.006347786635160446,1.0,0.0,0.0,0.0,0.0,0.0,0.0,1.0,0.0,0.0,0.0,0.0,0.0,0.0,neutral
"They are good. And I'm not even American, but an eastern third world country resident. Religion have destroyed more people than wokeness ever can. Just take a look at third world country, for that.",836,good even american eastern third world country resident religion destroyed people wokeness ever take look third world country,negative,0.5786179304122925,44,"{'sadness': 0.5160431265830994, 'surprise': 0.26187124848365784, 'neutral': 0.10818231105804443, 'joy': 0.05637563765048981, 'anger': 0.028499934822320938, 'fear': 0.025756195187568665, 'disgust': 0.003271522233262658}",0.10818231105804443,0.26187124848365784,0.05637563765048981,0.028499934822320938,0.025756195187568665,0.5160431265830994,0.003271522233262658,0.0,0.0,0.0,0.0,0.0,0.0,0.0,0.0,0.0,0.0,0.0,0.0,0.0,0.0,sadness
"Students act out because they are frustrated and have no reason to want to learn. In the past you would say go to school to have a job or whatever when now saying that gets you eyes rolled as students can see the aduts around them struggling. on top of that schools have shifted away from teaching you how to do math and how to read to making you remember random factoids that have nothing to do with life, and assigning you so much homework you dont even have a chance to breathe because for some reason you need college prep in elementary school when those elementary students are aware that by the time they can even apply to university most of the jobs will be nonexistent",837,students act frustrated reason want learn past would say school job whatever saying gets eyes rolled students see aduts around struggling top schools shifted away teaching math read making remember random factoids nothing life assigning much homework dont even chance breathe reason need college prep elementary school elementary students aware time even apply university jobs nonexistent,negative,0.7127919495105743,0,"{'anger': 0.9890872240066528, 'sadness': 0.003901455318555236, 'surprise': 0.002517267595976591, 'neutral': 0.001819380559027195, 'fear': 0.0014982252614572644, 'joy': 0.0006613853038288653, 'disgust': 0.0005151689401827753, 'anger_linguistic': 1.0, 'anger_sentence_count': 1}",0.001819380559027195,0.002517267595976591,0.0006613853038288653,0.9890872240066528,0.0014982252614572644,0.003901455318555236,0.0005151689401827753,0.0,0.0,0.0,1.0,0.0,0.0,0.0,0.0,0.0,0.0,1.0,0.0,0.0,0.0,anger
"12:14 Yep!!! EXACTLY!! Slapped a new name and now the new ""cool trend/fad"" in public education is ""STANDARDS BASED GRADING""!!! A philosophy supposedly coined by some white teacher teaching poor undeserving black youth in South Central LA in the mid 2000s. As with everything there are pros and cons to everything but the overarching issue with Standards Based Grading is that it's impractical. SBG emphasizes extended time on standard ""mastery."" However, that is not the real world as the saying goes ""time is money"". To teach and indoctrinate kids that they will always have time is false. You can't report to work whenever you want. You can't pay your bills whenever you want. SBG doesn't teach punctuality and therefore, is impractical.",839,yep exactly slapped new name new cool trendfad public education standards based grading philosophy supposedly coined white teacher teaching poor undeserving black youth south central mid everything pros cons everything overarching issue standards based grading impractical sbg emphasizes extended time standard mastery however real world saying goes time money teach indoctrinate kids always time false cant report work whenever want cant pay bills whenever want sbg doesnt teach punctuality therefore impractical,negative,0.6696946322917938,0,"{'sadness': 0.8431868553161621, 'neutral': 0.24073520302772522, 'surprise': 0.12785346806049347, 'joy': 0.11519480496644974, 'anger': 0.10784576088190079, 'disgust': 0.008307061158120632, 'fear': 0.011982066556811333, 'neutral_linguistic': 4.0, 'neutral_sentence_count': 1}",0.24073520302772522,0.12785346806049347,0.11519480496644974,0.10784576088190079,0.011982066556811333,0.8431868553161621,0.008307061158120632,4.0,0.0,0.0,0.0,0.0,0.0,0.0,1.0,0.0,0.0,0.0,0.0,0.0,0.0,neutral
"This is simple man. As a teacher, this story is misleading. The issue is not merely due to content or skilled standards. The methology & model is OUTDATED and IS NOT DESIGNED to teach anything PRAGMATIC for the American youth. The model is not even PURPOSE driven in terms of the contribution or services back into the national or local economies. The U.S. DOE can simply make a shift to a similar model to most countries: Whereas Secondary school is FOCUSED on SPECIFIC career routes. Swiss students who wanted to go into a trade are diverted to trade focused schooling. Swiss students who are looking to go into careers requiring degrees and licensure, go to university... ITS FREAKING SIMPLE!!! The model is already out there. This is a choice problem by US leadership and US Public School's downfall is be design PERIOD!",840,simple man teacher story misleading issue merely due content skilled standards methology model outdated designed teach anything pragmatic american youth model even purpose driven terms contribution services back national local economies doe simply make shift similar model countries whereas secondary school focused specific career routes swiss students wanted trade diverted trade focused schooling swiss students looking careers requiring degrees licensure university freaking simple model already choice problem leadership public schools downfall design period,negative,0.6336935609579086,0,"{'neutral': 0.47789230942726135, 'anger': 0.2783230245113373, 'surprise': 0.4719451069831848, 'joy': 0.0644390732049942, 'sadness': 0.10904192179441452, 'fear': 0.012015768326818943, 'disgust': 0.005151890683919191, 'joy_linguistic': 1.0, 'sadness_linguistic': 1.0, 'love_linguistic': 1.0, 'joy_sentence_count': 1, 'sadness_sentence_count': 1, 'love_sentence_count': 1}",0.47789230942726135,0.4719451069831848,0.0644390732049942,0.2783230245113373,0.012015768326818943,0.10904192179441452,0.005151890683919191,0.0,0.0,1.0,0.0,0.0,1.0,0.0,0.0,0.0,1.0,0.0,0.0,1.0,0.0,sadness
Doesn't work in Africa either.,841,doesnt work africa either,negative,0.8505164384841919,7,"{'sadness': 0.6194890141487122, 'neutral': 0.3028433918952942, 'surprise': 0.04740157723426819, 'disgust': 0.012162892147898674, 'anger': 0.008542533963918686, 'fear': 0.006512308027595282, 'joy': 0.0030482648871839046}",0.3028433918952942,0.04740157723426819,0.0030482648871839046,0.008542533963918686,0.006512308027595282,0.6194890141487122,0.012162892147898674,0.0,0.0,0.0,0.0,0.0,0.0,0.0,0.0,0.0,0.0,0.0,0.0,0.0,0.0,sadness
"When people failed, they will always find something easy to blame in which case the education system :)  Considering the number of billionaires in the US, clearly the education system is working for a lotta people except for teachers because they've made the worse choice of career with the lowest salaries ever & the rest of the popullation with low IQ so I understand their frustration.  You could have 3 degrees but if you don't like what you've studied, have a poor lifestyle, luck clear vision for success, you're gonna end up blaming the education system.",842,people failed always find something easy blame case education system considering number billionaires clearly education system working lotta people except teachers theyve made worse choice career lowest salaries ever rest popullation low understand frustration could degrees dont like youve studied poor lifestyle luck clear vision success youre gonna end blaming education system,negative,0.8228226602077484,-1,"{'anger': 0.9141430258750916, 'sadness': 0.06565113365650177, 'neutral': 0.00621234904974699, 'surprise': 0.0061339568346738815, 'joy': 0.005361540243029594, 'disgust': 0.0017441125819459558, 'fear': 0.0007538465433754027, 'sadness_linguistic': 1.0, 'anger_linguistic': 1.0, 'love_linguistic': 1.0, 'neutral_linguistic': 1.0, 'sadness_sentence_count': 1, 'anger_sentence_count': 1, 'love_sentence_count': 1, 'neutral_sentence_count': 1}",0.00621234904974699,0.0061339568346738815,0.005361540243029594,0.9141430258750916,0.0007538465433754027,0.06565113365650177,0.0017441125819459558,1.0,0.0,0.0,1.0,0.0,1.0,0.0,1.0,0.0,0.0,1.0,0.0,1.0,0.0,anger
Because funding is going to genocide,843,funding going genocide,negative,0.8867949843406677,24,"{'disgust': 0.5306654572486877, 'anger': 0.19891005754470825, 'fear': 0.15865015983581543, 'neutral': 0.08161603659391403, 'sadness': 0.017475485801696777, 'surprise': 0.010518314316868782, 'joy': 0.0021645179949700832, 'joy_linguistic': 1.0, 'joy_sentence_count': 1}",0.08161603659391403,0.010518314316868782,0.0021645179949700832,0.19891005754470825,0.15865015983581543,0.017475485801696777,0.5306654572486877,0.0,0.0,1.0,0.0,0.0,0.0,0.0,0.0,0.0,1.0,0.0,0.0,0.0,0.0,joy
"Despite this video, US education has been a great example for many East Asian countries. We over here just want to send our children to America to study. And the US has been one of the most technologically advanced countries on Earth. I just can't see how their education system is a problem.",844,despite video education great example many east asian countries want send children america study one technologically advanced countries earth cant see education system problem,positive,0.8196257948875427,-1,"{'surprise': 0.39224112033843994, 'sadness': 0.3230811357498169, 'neutral': 0.16453935205936432, 'anger': 0.056898824870586395, 'joy': 0.05478494614362717, 'fear': 0.004725518170744181, 'disgust': 0.003729054005816579, 'joy_linguistic': 1.0, 'joy_sentence_count': 1}",0.16453935205936432,0.39224112033843994,0.05478494614362717,0.056898824870586395,0.004725518170744181,0.3230811357498169,0.003729054005816579,0.0,0.0,1.0,0.0,0.0,0.0,0.0,0.0,0.0,1.0,0.0,0.0,0.0,0.0,joy
"At 8:02 - This parent is making the mistake of thinking that the answer to the problem is the goal. No, the child will be graded on how well they understand the method.",846,parent making mistake thinking answer problem goal child graded well understand method,neutral,0.5030101537704468,6,"{'anger': 0.4208129048347473, 'neutral': 0.23574379086494446, 'sadness': 0.212996706366539, 'disgust': 0.06462855637073517, 'fear': 0.04802468791604042, 'joy': 0.009201857261359692, 'surprise': 0.00859152339398861}",0.23574379086494446,0.00859152339398861,0.009201857261359692,0.4208129048347473,0.04802468791604042,0.212996706366539,0.06462855637073517,0.0,0.0,0.0,0.0,0.0,0.0,0.0,0.0,0.0,0.0,0.0,0.0,0.0,0.0,anger
"This editorial seems to be overlooking the very important factors of accountability and parental involvement.  We cannot continue to pass children on to the next grade who have not met some minimum standard of acedemic and/or behavioral standards. Parents need to be held to some level of accountability for their child's behavior and education, as opposed to enabling poor behavior and not doing homework.  While teachers are underpaid, you can dump in 10 times more money, but you still cannot teach children who do not want to be taught, with parents who do not care....  And, we also need to have programs and career training that is not geared towards college.  We need to have college more accessible for the students that are capable of of that route, but college entrance should be based (to some degree on merit), and our current education system has no avenue of career training for those children who do not go to college.",847,editorial seems overlooking important factors accountability parental involvement cannot continue pass children next grade met minimum standard acedemic andor behavioral standards parents need held level accountability childs behavior education opposed enabling poor behavior homework teachers underpaid dump times money still cannot teach children want taught parents care also need programs career training geared towards college need college accessible students capable route college entrance based degree merit current education system avenue career training children college,negative,0.7778767347335815,-1,"{'anger': 0.37200337648391724, 'sadness': 0.2889667749404907, 'neutral': 0.564035952091217, 'surprise': 0.049922261387109756, 'joy': 0.3193824291229248, 'disgust': 0.011970306746661663, 'fear': 0.021591048687696457, 'love_linguistic': 1.0, 'neutral_linguistic': 1.0, 'love_sentence_count': 1, 'neutral_sentence_count': 1}",0.564035952091217,0.049922261387109756,0.3193824291229248,0.37200337648391724,0.021591048687696457,0.2889667749404907,0.011970306746661663,1.0,0.0,0.0,0.0,0.0,0.0,0.0,1.0,0.0,0.0,0.0,0.0,0.0,0.0,neutral
Education is failing also because hiring new teachers is a corrupt process,848,education failing also hiring new teachers corrupt process,negative,0.9135721921920776,0,"{'anger': 0.525496780872345, 'disgust': 0.39970797300338745, 'sadness': 0.03201265633106232, 'neutral': 0.03150993958115578, 'fear': 0.006987635977566242, 'surprise': 0.0030641667544841766, 'joy': 0.0012208783300593495, 'neutral_linguistic': 1.0, 'neutral_sentence_count': 1}",0.03150993958115578,0.0030641667544841766,0.0012208783300593495,0.525496780872345,0.006987635977566242,0.03201265633106232,0.39970797300338745,1.0,0.0,0.0,0.0,0.0,0.0,0.0,1.0,0.0,0.0,0.0,0.0,0.0,0.0,neutral
Teachers were not involved in writing the standards! Many teachers names were put on those supposed standards and they were asked to take their names off because they did not agree with them. The testing that is evolved over Commor are developmentally inappropriate and there’s been letters signed by hundreds of psychologist stating that these tests are toxic invalidexpensive and developmentally inappropriate. Please go search “67% of students taking standardized test are guaranteed to fill the math test.”,849,teachers involved writing standards many teachers names put supposed standards asked take names agree testing evolved commor developmentally inappropriate theres letters signed hundreds psychologist stating tests toxic invalidexpensive developmentally inappropriate please search students taking standardized test guaranteed fill math test,negative,0.8012734055519104,4,"{'sadness': 0.5653840899467468, 'anger': 0.22274582087993622, 'fear': 0.065777488052845, 'neutral': 0.0645049437880516, 'surprise': 0.049250029027462006, 'disgust': 0.022083621472120285, 'joy': 0.010253959335386753, 'sadness_linguistic': 1.0, 'disgust_linguistic': 1.0, 'sadness_sentence_count': 1, 'disgust_sentence_count': 1}",0.0645049437880516,0.049250029027462006,0.010253959335386753,0.22274582087993622,0.065777488052845,0.5653840899467468,0.022083621472120285,0.0,0.0,0.0,0.0,0.0,1.0,1.0,0.0,0.0,0.0,0.0,0.0,1.0,1.0,sadness
@…  third world country citizen love american liberal because they are more accepted by the liberal. but american have right too. we cannot just waste so much our tax money for you welfare.,850,third world country citizen love american liberal accepted liberal american right cannot waste much tax money welfare,neutral,0.44025370478630066,-1,"{'neutral': 0.40282952785491943, 'joy': 0.34718185663223267, 'anger': 0.12733589112758636, 'sadness': 0.0840502679347992, 'surprise': 0.02749612182378769, 'disgust': 0.009475833736360073, 'fear': 0.0016305145109072328, 'joy_linguistic': 1.0, 'love_linguistic': 1.0, 'joy_sentence_count': 1, 'love_sentence_count': 1}",0.40282952785491943,0.02749612182378769,0.34718185663223267,0.12733589112758636,0.0016305145109072328,0.0840502679347992,0.009475833736360073,0.0,0.0,1.0,0.0,0.0,0.0,0.0,0.0,0.0,1.0,0.0,0.0,0.0,0.0,joy
"Less money for military, return to progressive tax structure in 1970 and more federal money for schools.",851,less money military return progressive tax structure federal money schools,neutral,0.6718393564224243,0,"{'neutral': 0.6564421057701111, 'joy': 0.23009631037712097, 'surprise': 0.05668029934167862, 'anger': 0.03400947526097298, 'sadness': 0.01583494059741497, 'disgust': 0.005187961272895336, 'fear': 0.0017488993471488357}",0.6564421057701111,0.05668029934167862,0.23009631037712097,0.03400947526097298,0.0017488993471488357,0.01583494059741497,0.005187961272895336,0.0,0.0,0.0,0.0,0.0,0.0,0.0,0.0,0.0,0.0,0.0,0.0,0.0,0.0,neutral
In pennsylvania you technically aren’t supposed to pass the third grade until you can read an analog clock. No child left behind RUIINED this country.,852,pennsylvania technically arent supposed pass third grade read analog clock child left behind ruiined country,negative,0.8008894324302673,45,"{'neutral': 0.6073195338249207, 'surprise': 0.23526373505592346, 'sadness': 0.12659280002117157, 'anger': 0.013687998987734318, 'joy': 0.007136035244911909, 'fear': 0.005224961321800947, 'disgust': 0.0047749606892466545}",0.6073195338249207,0.23526373505592346,0.007136035244911909,0.013687998987734318,0.005224961321800947,0.12659280002117157,0.0047749606892466545,0.0,0.0,0.0,0.0,0.0,0.0,0.0,0.0,0.0,0.0,0.0,0.0,0.0,0.0,neutral
"So many people are failing to make all the connections and all the issues. Connecting issues of cell phones and social media find face cameras to the rising anxiety, children, and the lowering of grades and test scores. People are failing to make the connection due access to afterschool activities and sports and universal national healthcare. Many families cannot afford to play sports And schools cannot afford to let students play like they need to because everybody’s worried about getting sued because people don’t have healthcare.>. Look at the homeless crisis and the housing crisis because the people with money, because there’s been the greatest transfer of well from the bottom to the top over the last 40 years, and the number of wealthier families who now have two tree houses, who also don’t want their taxes raised and don’t want other people to move into their neighborhood so they vote down almost all measures whether it be for housing or taxes. NIMBY Not in my backyard is the mantra that they preach rather than what this country was founded on with community and a democracy, where education is its foundation or freedom to pursue one’s happiness.>",853,many people failing make connections issues connecting issues cell phones social media find face cameras rising anxiety children lowering grades test scores people failing make connection due access afterschool activities sports universal national healthcare many families cannot afford play sports schools cannot afford let students play like need everybodys worried getting sued people dont healthcare look homeless crisis housing crisis people money theres greatest transfer well bottom top last years number wealthier families two tree houses also dont want taxes raised dont want people move neighborhood vote almost measures whether housing taxes nimby backyard mantra preach rather country founded community democracy education foundation freedom pursue ones happiness,negative,0.6828367312749227,19,"{'fear': 0.9779234528541565, 'anger': 0.03520771116018295, 'sadness': 0.32959115505218506, 'joy': 0.538336992263794, 'neutral': 0.0591246671974659, 'surprise': 0.03023858182132244, 'disgust': 0.001160941319540143, 'joy_linguistic': 1.0, 'sadness_linguistic': 1.0, 'fear_linguistic': 1.0, 'love_linguistic': 1.0, 'neutral_linguistic': 1.0, 'joy_sentence_count': 1, 'sadness_sentence_count': 1, 'fear_sentence_count': 1, 'love_sentence_count': 1, 'neutral_sentence_count': 1}",0.0591246671974659,0.03023858182132244,0.538336992263794,0.03520771116018295,0.9779234528541565,0.32959115505218506,0.001160941319540143,1.0,0.0,1.0,0.0,1.0,1.0,0.0,1.0,0.0,1.0,0.0,1.0,1.0,0.0,fear
How many ocd countries educate and test everyone of different socio economic levels ? How much poverty exists in those countries compared to USA .,854,many ocd countries educate test everyone different socio economic levels much poverty exists countries compared usa,negative,0.5954225063323975,-1,"{'sadness': 0.5684501528739929, 'neutral': 0.22390423715114594, 'surprise': 0.09249548614025116, 'anger': 0.056041017174720764, 'fear': 0.0277908556163311, 'joy': 0.02013968490064144, 'disgust': 0.011178570799529552}",0.22390423715114594,0.09249548614025116,0.02013968490064144,0.056041017174720764,0.0277908556163311,0.5684501528739929,0.011178570799529552,0.0,0.0,0.0,0.0,0.0,0.0,0.0,0.0,0.0,0.0,0.0,0.0,0.0,0.0,sadness
"Too many state and district politicians have bought and sold scams with curriculum (sold by  for profit companies) and managing student behavior, mental and emotional health. Scams.
Common core is a scam started by David Coleman, ALEC Ffoundation, and billionaires, 
2013 children impacted by economic depression were in elementary school and caused many mental health issues-also front facing smart phones and social media exploded.",855,many state district politicians bought sold scams curriculum sold profit companies managing student behavior mental emotional health scams common core scam started david coleman alec ffoundation billionaires children impacted economic depression elementary school caused many mental health issuesalso front facing smart phones social media exploded,negative,0.8633834719657898,0,"{'anger': 0.3579847514629364, 'surprise': 0.21874575316905975, 'sadness': 0.1815679967403412, 'fear': 0.16622862219810486, 'neutral': 0.038032740354537964, 'joy': 0.03633609786629677, 'disgust': 0.0011039415840059519, 'neutral_linguistic': 1.0, 'neutral_sentence_count': 1}",0.038032740354537964,0.21874575316905975,0.03633609786629677,0.3579847514629364,0.16622862219810486,0.1815679967403412,0.0011039415840059519,1.0,0.0,0.0,0.0,0.0,0.0,0.0,1.0,0.0,0.0,0.0,0.0,0.0,0.0,neutral
They raised standards while simultaneously changing the grading system. Making the whole thing a moot point.,856,raised standards simultaneously changing grading system making whole thing moot point,negative,0.6347132921218872,4,"{'anger': 0.4493526220321655, 'neutral': 0.3907203674316406, 'disgust': 0.06570206582546234, 'surprise': 0.05543436482548714, 'fear': 0.01855582557618618, 'sadness': 0.0176390390843153, 'joy': 0.0025956789031624794}",0.3907203674316406,0.05543436482548714,0.0025956789031624794,0.4493526220321655,0.01855582557618618,0.0176390390843153,0.06570206582546234,0.0,0.0,0.0,0.0,0.0,0.0,0.0,0.0,0.0,0.0,0.0,0.0,0.0,0.0,anger
Perhaps students don't need every subject to get a diploma. Play to their strengths and don't hold them back if they show potential to make a living with the skills they have.,857,perhaps students dont need every subject get diploma play strengths dont hold back show potential make living skills,neutral,0.6210929751396179,-1,"{'neutral': 0.8941972851753235, 'joy': 0.0336228609085083, 'surprise': 0.024631528183817863, 'anger': 0.0218033529818058, 'sadness': 0.011527460999786854, 'fear': 0.01030882727354765, 'disgust': 0.003908644430339336, 'neutral_linguistic': 1.0, 'neutral_sentence_count': 1}",0.8941972851753235,0.024631528183817863,0.0336228609085083,0.0218033529818058,0.01030882727354765,0.011527460999786854,0.003908644430339336,1.0,0.0,0.0,0.0,0.0,0.0,0.0,1.0,0.0,0.0,0.0,0.0,0.0,0.0,neutral
I’m gonna just guess because liberals run the entire thing from top to bottom. Liberal woke teachers are more concerned with pushing their personal political and social beliefs and pushing false science than actually teaching needed life skills.,858,gonna guess liberals run entire thing top bottom liberal woke teachers concerned pushing personal political social beliefs pushing false science actually teaching needed life skills,negative,0.8202799558639526,-1,"{'neutral': 0.8134684562683105, 'anger': 0.09330340474843979, 'fear': 0.03835092484951019, 'surprise': 0.019066276028752327, 'disgust': 0.014371303841471672, 'sadness': 0.013909127563238144, 'joy': 0.007530488073825836, 'fear_linguistic': 1.0, 'love_linguistic': 1.0, 'neutral_linguistic': 1.0, 'fear_sentence_count': 1, 'love_sentence_count': 1, 'neutral_sentence_count': 1}",0.8134684562683105,0.019066276028752327,0.007530488073825836,0.09330340474843979,0.03835092484951019,0.013909127563238144,0.014371303841471672,1.0,0.0,0.0,0.0,1.0,0.0,0.0,1.0,0.0,0.0,0.0,1.0,0.0,0.0,neutral
"Also, why does the US reserve the metric system to science when third graders in Germany use it?",859,also reserve metric system science third graders germany use,neutral,0.6884209513664246,9,"{'neutral': 0.9085197448730469, 'surprise': 0.045327674597501755, 'sadness': 0.026850171387195587, 'anger': 0.00894559733569622, 'joy': 0.005715188570320606, 'disgust': 0.003354783169925213, 'fear': 0.0012868086341768503, 'neutral_linguistic': 1.0, 'neutral_sentence_count': 1}",0.9085197448730469,0.045327674597501755,0.005715188570320606,0.00894559733569622,0.0012868086341768503,0.026850171387195587,0.003354783169925213,1.0,0.0,0.0,0.0,0.0,0.0,0.0,1.0,0.0,0.0,0.0,0.0,0.0,0.0,neutral
"So pathetic and sad how the US education system has failed just like all the other systems in America. This used to be an awesome country. It is broken, not only education, but everything about America is broken. How can I be proud to be an American when I’m losing rights? When children are denied a great education? I could go on, but I won’t. I am sad for this country so so sad how it turned out and only seems to be getting worse.",860,pathetic sad education system failed like systems america used awesome country broken education everything america broken proud american losing rights children denied great education could wont sad country sad turned seems getting worse,negative,0.9512318968772888,-1,"{'sadness': 0.9850956797599792, 'surprise': 0.005359487142413855, 'anger': 0.00301873916760087, 'joy': 0.0029062912799417973, 'neutral': 0.0020873246248811483, 'fear': 0.0008317870087921619, 'disgust': 0.0007007148815318942, 'joy_linguistic': 2.0, 'sadness_linguistic': 2.0, 'joy_sentence_count': 1, 'sadness_sentence_count': 1}",0.0020873246248811483,0.005359487142413855,0.0029062912799417973,0.00301873916760087,0.0008317870087921619,0.9850956797599792,0.0007007148815318942,0.0,0.0,2.0,0.0,0.0,2.0,0.0,0.0,0.0,1.0,0.0,0.0,1.0,0.0,sadness
"The education system needs to put uniforms back in schools, so parents in public schools in all schools have a equal playing fields ! The better trained teachers !",861,education system needs put uniforms back schools parents public schools schools equal playing fields better trained teachers,neutral,0.5387478470802307,-1,"{'neutral': 0.7720876932144165, 'joy': 0.10987596213817596, 'surprise': 0.06656786799430847, 'sadness': 0.026230884715914726, 'anger': 0.016634663566946983, 'disgust': 0.0049439058639109135, 'fear': 0.0036590578965842724}",0.7720876932144165,0.06656786799430847,0.10987596213817596,0.016634663566946983,0.0036590578965842724,0.026230884715914726,0.0049439058639109135,0.0,0.0,0.0,0.0,0.0,0.0,0.0,0.0,0.0,0.0,0.0,0.0,0.0,0.0,neutral
Because you went an ideology woke/marxist route.,862,went ideology wokemarxist route,negative,0.6709685325622559,5,"{'neutral': 0.8138522505760193, 'surprise': 0.13350966572761536, 'anger': 0.017089968547225, 'sadness': 0.01347584929317236, 'fear': 0.009968939237296581, 'joy': 0.009670796804130077, 'disgust': 0.002432634122669697}",0.8138522505760193,0.13350966572761536,0.009670796804130077,0.017089968547225,0.009968939237296581,0.01347584929317236,0.002432634122669697,0.0,0.0,0.0,0.0,0.0,0.0,0.0,0.0,0.0,0.0,0.0,0.0,0.0,0.0,neutral
"High Schoolers these days can't even tell what time it is just by looking at an analog watch. Can't even get a correct answer for like; ""which country do the great wall of China belongs to?"" 🙅🤦",863,high schoolers days cant even tell time looking analog watch cant even get correct answer like country great wall china belongs,negative,0.7013691663742065,45,"{'neutral': 0.5912639498710632, 'surprise': 0.19749508798122406, 'sadness': 0.17925089597702026, 'anger': 0.014204489067196846, 'joy': 0.00967948604375124, 'disgust': 0.0046928757801651955, 'fear': 0.0034131957218050957, 'joy_linguistic': 1.0, 'joy_sentence_count': 1}",0.5912639498710632,0.19749508798122406,0.00967948604375124,0.014204489067196846,0.0034131957218050957,0.17925089597702026,0.0046928757801651955,0.0,0.0,1.0,0.0,0.0,0.0,0.0,0.0,0.0,1.0,0.0,0.0,0.0,0.0,joy
Schools are seen as day jails to just house the youth so they don’t cause trouble and not seen as the first response to educating the future generations…,864,schools seen day jails house youth dont cause trouble seen first response educating future generations,negative,0.64552903175354,-1,"{'neutral': 0.43619200587272644, 'sadness': 0.36773476004600525, 'anger': 0.07050759345293045, 'fear': 0.05966702476143837, 'disgust': 0.029280301183462143, 'surprise': 0.02213803492486477, 'joy': 0.01448029838502407}",0.43619200587272644,0.02213803492486477,0.01448029838502407,0.07050759345293045,0.05966702476143837,0.36773476004600525,0.029280301183462143,0.0,0.0,0.0,0.0,0.0,0.0,0.0,0.0,0.0,0.0,0.0,0.0,0.0,0.0,neutral
"Just spitballing here, but…because we don’t pay teachers enough, because parents of discipline cases aren’t involved and see teachers as daytime babysitters, because a quarterback who can’t count to 21 unless he’s naked always gets a passing grade so he can play this weekend, because all of these are causing teachers to leave the profession in droves to be replaced by lesser qualified individuals….

Like I said, just spitballing.",865,spitballing butbecause dont pay teachers enough parents discipline cases arent involved see teachers daytime babysitters quarterback cant count unless hes naked always gets passing grade play weekend causing teachers leave profession droves replaced lesser qualified individuals like said spitballing,negative,0.871617317199707,0,"{'sadness': 0.7321699261665344, 'anger': 0.11738981306552887, 'surprise': 0.0747862383723259, 'neutral': 0.055511366575956345, 'joy': 0.01258064340800047, 'disgust': 0.0039842138066887856, 'fear': 0.0035777976736426353}",0.055511366575956345,0.0747862383723259,0.01258064340800047,0.11738981306552887,0.0035777976736426353,0.7321699261665344,0.0039842138066887856,0.0,0.0,0.0,0.0,0.0,0.0,0.0,0.0,0.0,0.0,0.0,0.0,0.0,0.0,sadness
"@…  wth ? I'm not coming America or west ever. And please don't spend your tax money on anyone, especially people who hate you. Let everyone earn their own money. I don't like conservatives for the religious stuff they shove down others throat. That also includes my previous religion because I'm not a biased person to hate on others and ignore the same mistakes done by my group. If reading the religious books of all religions don't make it clear that they are written by primitive humans, I don't know what will. And secondly, conservatives forget the fact that change is the only constant. Change has happened in everything, from technology to housing style to industries to tools to scientific development to healthcare and everything. So, no one is conservative in reality, as everyone has changed with time and their comfort. But yet, we have this dumb conservative vs liberals debate.",866,wth coming america west ever please dont spend tax money anyone especially people hate let everyone earn money dont like conservatives religious stuff shove others throat also includes previous religion biased person hate others ignore mistakes done group reading religious books religions dont make clear written primitive humans dont know secondly conservatives forget fact change constant change happened everything technology housing style industries tools scientific development healthcare everything one conservative reality everyone changed time comfort yet dumb conservative liberals debate,negative,0.711510181427002,-1,"{'anger': 0.7006790041923523, 'neutral': 0.5157822370529175, 'surprise': 0.13274376094341278, 'sadness': 0.11082284897565842, 'disgust': 0.05377189815044403, 'joy': 0.018076540902256966, 'fear': 0.03463791683316231, 'love_linguistic': 2.0, 'neutral_linguistic': 2.0, 'love_sentence_count': 1, 'neutral_sentence_count': 1}",0.5157822370529175,0.13274376094341278,0.018076540902256966,0.7006790041923523,0.03463791683316231,0.11082284897565842,0.05377189815044403,2.0,0.0,0.0,0.0,0.0,0.0,0.0,1.0,0.0,0.0,0.0,0.0,0.0,0.0,neutral
"The ""education system"" isn't failing.  Our society is in a state of collapse and people keep thinking that education is the solution, but our schools cannot prop up a society that is in decline.  Education is part of the solution, but, by itself, cannot help possibly arrest the decline.",867,education system isnt failing society state collapse people keep thinking education solution schools cannot prop society decline education part solution cannot help possibly arrest decline,negative,0.7246290445327759,-1,"{'sadness': 0.9212246537208557, 'anger': 0.02887718193233013, 'neutral': 0.017767084762454033, 'surprise': 0.017291652038693428, 'fear': 0.0071009001694619656, 'joy': 0.006481726188212633, 'disgust': 0.0012567975791171193, 'neutral_linguistic': 1.0, 'neutral_sentence_count': 1}",0.017767084762454033,0.017291652038693428,0.006481726188212633,0.02887718193233013,0.0071009001694619656,0.9212246537208557,0.0012567975791171193,1.0,0.0,0.0,0.0,0.0,0.0,0.0,1.0,0.0,0.0,0.0,0.0,0.0,0.0,sadness
US education system is failing?   Then how about China?,868,education system failing china,negative,0.8831166625022888,1,"{'sadness': 0.7305949330329895, 'neutral': 0.1348596215248108, 'disgust': 0.0644865334033966, 'anger': 0.02754158340394497, 'surprise': 0.024278031662106514, 'fear': 0.01575039140880108, 'joy': 0.0024888194166123867}",0.1348596215248108,0.024278031662106514,0.0024888194166123867,0.02754158340394497,0.01575039140880108,0.7305949330329895,0.0644865334033966,0.0,0.0,0.0,0.0,0.0,0.0,0.0,0.0,0.0,0.0,0.0,0.0,0.0,0.0,sadness
Maybe some of the dialogue should revolve around cell phone usage and how much social media and cell phones in the classroom have hurt education. This is a systemic problem with many factors (that the weird way math is taught - I would agree with that!) but research shows that attention/ mental health problems brought about by social media and cell phones are a huge issue here.,869,maybe dialogue revolve around cell phone usage much social media cell phones classroom hurt education systemic problem many factors weird way math taught would agree research shows attention mental health problems brought social media cell phones huge issue,negative,0.6470937132835388,34,"{'sadness': 0.3954307436943054, 'neutral': 0.3086153566837311, 'surprise': 0.19839328527450562, 'anger': 0.039982762187719345, 'fear': 0.0336487852036953, 'joy': 0.01726927049458027, 'disgust': 0.00665988028049469, 'sadness_linguistic': 1.0, 'surprise_linguistic': 1.0, 'neutral_linguistic': 1.0, 'sadness_sentence_count': 1, 'surprise_sentence_count': 1, 'neutral_sentence_count': 1}",0.3086153566837311,0.19839328527450562,0.01726927049458027,0.039982762187719345,0.0336487852036953,0.3954307436943054,0.00665988028049469,1.0,1.0,0.0,0.0,0.0,1.0,0.0,1.0,1.0,0.0,0.0,0.0,1.0,0.0,sadness
'Why The Education System Is Failing America'. It is failing for the same reason that the British education system is failing: lack of investment.,870,education system failing america failing reason british education system failing lack investment,negative,0.871273398399353,0,"{'sadness': 0.9294930696487427, 'anger': 0.03395078331232071, 'neutral': 0.0139399953186512, 'surprise': 0.009151431731879711, 'joy': 0.00850371178239584, 'fear': 0.0030645374208688736, 'disgust': 0.0018964557675644755}",0.0139399953186512,0.009151431731879711,0.00850371178239584,0.03395078331232071,0.0030645374208688736,0.9294930696487427,0.0018964557675644755,0.0,0.0,0.0,0.0,0.0,0.0,0.0,0.0,0.0,0.0,0.0,0.0,0.0,0.0,sadness
Education starts at home and parents are the biggest influence in a student's life. I grew up here but my husband is from Korea who came here when he was 22. He really motivated our kids that I was not used to. My kids were taking physics and advance calculus and AP courses in high school.,871,education starts home parents biggest influence students life grew husband korea came really motivated kids used kids taking physics advance calculus courses high school,positive,0.8668742775917053,0,"{'joy': 0.6566109657287598, 'neutral': 0.16407401859760284, 'surprise': 0.136367529630661, 'anger': 0.027547786012291908, 'sadness': 0.008769547566771507, 'fear': 0.004821492359042168, 'disgust': 0.001808759057894349, 'neutral_linguistic': 1.2, 'neutral_sentence_count': 1}",0.16407401859760284,0.136367529630661,0.6566109657287598,0.027547786012291908,0.004821492359042168,0.008769547566771507,0.001808759057894349,1.2,0.0,0.0,0.0,0.0,0.0,0.0,1.0,0.0,0.0,0.0,0.0,0.0,0.0,neutral
"“ teachers …have the future of the country…” however teachers are underpaid , mistreated, unappreciated, with inhumane working conditions .",872,teachers future country however teachers underpaid mistreated unappreciated inhumane working conditions,negative,0.8083773255348206,2,"{'anger': 0.6124367713928223, 'disgust': 0.20872165262699127, 'sadness': 0.1548619270324707, 'fear': 0.01163067203015089, 'neutral': 0.009182635694742203, 'surprise': 0.0019000325119122863, 'joy': 0.0012664032401517034, 'joy_linguistic': 1.0, 'love_linguistic': 1.0, 'neutral_linguistic': 1.0, 'joy_sentence_count': 1, 'love_sentence_count': 1, 'neutral_sentence_count': 1}",0.009182635694742203,0.0019000325119122863,0.0012664032401517034,0.6124367713928223,0.01163067203015089,0.1548619270324707,0.20872165262699127,1.0,0.0,1.0,0.0,0.0,0.0,0.0,1.0,0.0,1.0,0.0,0.0,0.0,0.0,neutral
"State (i.e., government, generally) operation of schools in the US has done to education in the US what collectivization of agriculture did to nutrition in Kazakhstan (1929-1933), Ukraine (1932-1933), China (1958-1962), Cambodia (1975-1979), and Ethiopia (1984-1985. 
Children are not standard.",873,state government generally operation schools done education collectivization agriculture nutrition kazakhstan ukraine china cambodia ethiopia children standard,neutral,0.6328034996986389,1,"{'neutral': 0.791361927986145, 'joy': 0.07637052237987518, 'surprise': 0.0751013308763504, 'sadness': 0.020770620554685593, 'anger': 0.017003541812300682, 'fear': 0.01260090246796608, 'disgust': 0.006791190709918737, 'neutral_linguistic': 1.0, 'neutral_sentence_count': 1}",0.791361927986145,0.0751013308763504,0.07637052237987518,0.017003541812300682,0.01260090246796608,0.020770620554685593,0.006791190709918737,1.0,0.0,0.0,0.0,0.0,0.0,0.0,1.0,0.0,0.0,0.0,0.0,0.0,0.0,neutral
A awhile to late to admit it's very broken,874,awhile late admit broken,negative,0.8551934361457825,13,"{'sadness': 0.8153913021087646, 'neutral': 0.08591458946466446, 'surprise': 0.041468895971775055, 'anger': 0.03346956893801689, 'fear': 0.015355386771261692, 'disgust': 0.005913277622312307, 'joy': 0.0024869404733181, 'sadness_linguistic': 1.0, 'sadness_sentence_count': 1}",0.08591458946466446,0.041468895971775055,0.0024869404733181,0.03346956893801689,0.015355386771261692,0.8153913021087646,0.005913277622312307,0.0,0.0,0.0,0.0,0.0,1.0,0.0,0.0,0.0,0.0,0.0,0.0,1.0,0.0,sadness
"Maybe the way we teach students doesn’t work. My learning style is five to twenty minute videos that condense information that normally come from textbooks. All textbooks do is over explain information. We need kids to learn the gist of what they are learning, or teachers to explicitly explain learning objectives.",875,maybe way teach students doesnt work learning style five twenty minute videos condense information normally come textbooks textbooks explain information need kids learn gist learning teachers explicitly explain learning objectives,negative,0.7495791912078857,0,"{'neutral': 0.8599666953086853, 'surprise': 0.08526662737131119, 'anger': 0.022279996424913406, 'sadness': 0.011027337051928043, 'joy': 0.009048362262547016, 'disgust': 0.008915096521377563, 'fear': 0.0034957879688590765, 'neutral_linguistic': 3.0, 'neutral_sentence_count': 1}",0.8599666953086853,0.08526662737131119,0.009048362262547016,0.022279996424913406,0.0034957879688590765,0.011027337051928043,0.008915096521377563,3.0,0.0,0.0,0.0,0.0,0.0,0.0,1.0,0.0,0.0,0.0,0.0,0.0,0.0,neutral
Make Mr. Manish Sisodia as Education Minister of the USA. He will do turnaround of the US education system and make it world class like his Delhi education model.😂,876,make manish sisodia education minister usa turnaround education system make world class like delhi education model,positive,0.5460485219955444,1,"{'neutral': 0.623939573764801, 'surprise': 0.2273988127708435, 'joy': 0.11994041502475739, 'sadness': 0.012603161856532097, 'fear': 0.008016643114387989, 'anger': 0.007272430695593357, 'disgust': 0.0008290372206829488}",0.623939573764801,0.2273988127708435,0.11994041502475739,0.007272430695593357,0.008016643114387989,0.012603161856532097,0.0008290372206829488,0.0,0.0,0.0,0.0,0.0,0.0,0.0,0.0,0.0,0.0,0.0,0.0,0.0,0.0,neutral
"Too many are trying to tear it down.  Republicans defund, and force the systems to do more with less trying to break it.  Then parents see struggling schools so they send their kids to private schools which can be selective and don’t have the same mandates.  Tax churches.  Raise funding.  Provide resources for troubled students (I.e. remove the troublesome ones from the main classrooms)",877,many trying tear republicans defund force systems less trying break parents see struggling schools send kids private schools selective dont mandates tax churches raise funding provide resources troubled students remove troublesome ones main classrooms,negative,0.7361350655555725,27,"{'sadness': 0.7856832146644592, 'anger': 0.10548606514930725, 'neutral': 0.05742669105529785, 'joy': 0.017414620146155357, 'fear': 0.016032496467232704, 'surprise': 0.01586807332932949, 'disgust': 0.0020888117142021656, 'joy_linguistic': 1.0, 'joy_sentence_count': 1}",0.05742669105529785,0.01586807332932949,0.017414620146155357,0.10548606514930725,0.016032496467232704,0.7856832146644592,0.0020888117142021656,0.0,0.0,1.0,0.0,0.0,0.0,0.0,0.0,0.0,1.0,0.0,0.0,0.0,0.0,sadness
It's failing because government is running our families,878,failing government running families,negative,0.8044644594192505,-1,"{'anger': 0.689218282699585, 'sadness': 0.2650032341480255, 'disgust': 0.025397377088665962, 'neutral': 0.011364425532519817, 'surprise': 0.004249715246260166, 'fear': 0.003349448787048459, 'joy': 0.0014175062533468008}",0.011364425532519817,0.004249715246260166,0.0014175062533468008,0.689218282699585,0.003349448787048459,0.2650032341480255,0.025397377088665962,0.0,0.0,0.0,0.0,0.0,0.0,0.0,0.0,0.0,0.0,0.0,0.0,0.0,0.0,anger
"The US has to follow what other countries do since we are too stupid to teach…I could not believe how they were teaching my daughter when she was a child…I end up teaching my daughter so she could understand the basic math rules, the old way…the problem is that sadly teachers are too stupid too to even understand what they are teaching, along with the idiots we have for government officials.",880,follow countries since stupid teachi could believe teaching daughter childi end teaching daughter could understand basic math rules old waythe problem sadly teachers stupid even understand teaching along idiots government officials,negative,0.8602507710456848,43,"{'sadness': 0.9082522988319397, 'surprise': 0.06350677460432053, 'joy': 0.008929072879254818, 'anger': 0.008589029312133789, 'neutral': 0.007646963000297546, 'fear': 0.0025217861402779818, 'disgust': 0.0005540517158806324, 'sadness_linguistic': 2.0, 'sadness_sentence_count': 1}",0.007646963000297546,0.06350677460432053,0.008929072879254818,0.008589029312133789,0.0025217861402779818,0.9082522988319397,0.0005540517158806324,0.0,0.0,0.0,0.0,0.0,2.0,0.0,0.0,0.0,0.0,0.0,0.0,1.0,0.0,sadness
There is the assumption that everyone will get married. That's an idea that needs jettisoning.,881,assumption everyone get married thats idea needs jettisoning,negative,0.6084038019180298,-1,"{'neutral': 0.8226271867752075, 'joy': 0.08839032799005508, 'anger': 0.03561931475996971, 'surprise': 0.028938068076968193, 'sadness': 0.012635285966098309, 'disgust': 0.009921078570187092, 'fear': 0.00186881551053375}",0.8226271867752075,0.028938068076968193,0.08839032799005508,0.03561931475996971,0.00186881551053375,0.012635285966098309,0.009921078570187092,0.0,0.0,0.0,0.0,0.0,0.0,0.0,0.0,0.0,0.0,0.0,0.0,0.0,0.0,neutral
"So much wrong with public school system. First of all, a bunch of corrupted politicians running the school system, paying themselves 100s K and lots of vocation days, nickeling our most valuable teachers with pennies. Second,
Do Not Allow anyone getting ahead! Are they out of their FK mind? Instead of promoting talented kids, they hold you down! Third! Don’t use months or years to teach my kids only on equality! We got it! Slavery is bad! Use the time, read about science, explore the universe and learn more about other cultures! Why American public school sucks! Because it is run by a bunch of idiots",882,much wrong public school system first bunch corrupted politicians running school system paying lots vocation days nickeling valuable teachers pennies second allow anyone getting ahead mind instead promoting talented kids hold third dont use months years teach kids equality got slavery bad use time read science explore universe learn cultures american public school sucks run bunch idiots,negative,0.9319981932640076,0,"{'anger': 0.595815896987915, 'sadness': 0.30372729897499084, 'neutral': 0.04796949028968811, 'disgust': 0.0254790298640728, 'surprise': 0.012167301960289478, 'joy': 0.009044390171766281, 'fear': 0.0057965489104390144, 'sadness_linguistic': 1.0, 'sadness_sentence_count': 1}",0.04796949028968811,0.012167301960289478,0.009044390171766281,0.595815896987915,0.0057965489104390144,0.30372729897499084,0.0254790298640728,0.0,0.0,0.0,0.0,0.0,1.0,0.0,0.0,0.0,0.0,0.0,0.0,1.0,0.0,sadness
"The biggest issue is the excessive use of technology, computers and cell phones. They refuse to listen instruction.They think that cell phones are going to solve their lives and  parents refuse to see their problem.",883,biggest issue excessive use technology computers cell phones refuse listen instructionthey think cell phones going solve lives parents refuse see problem,negative,0.8218243718147278,34,"{'anger': 0.8429720401763916, 'sadness': 0.07067547738552094, 'neutral': 0.058488987386226654, 'disgust': 0.012443559244275093, 'surprise': 0.007973779924213886, 'fear': 0.005164750386029482, 'joy': 0.0022813451942056417}",0.058488987386226654,0.007973779924213886,0.0022813451942056417,0.8429720401763916,0.005164750386029482,0.07067547738552094,0.012443559244275093,0.0,0.0,0.0,0.0,0.0,0.0,0.0,0.0,0.0,0.0,0.0,0.0,0.0,0.0,anger
What she said teachers literally have the future of our country in front of them every day . That is truth,884,said teachers literally future country front every day truth,neutral,0.5468320250511169,43,"{'neutral': 0.6777693629264832, 'surprise': 0.163313090801239, 'anger': 0.07675725221633911, 'fear': 0.04396365210413933, 'disgust': 0.016579201444983482, 'sadness': 0.013538998551666737, 'joy': 0.00807848572731018}",0.6777693629264832,0.163313090801239,0.00807848572731018,0.07675725221633911,0.04396365210413933,0.013538998551666737,0.016579201444983482,0.0,0.0,0.0,0.0,0.0,0.0,0.0,0.0,0.0,0.0,0.0,0.0,0.0,0.0,neutral
"Financial education, education of your rights, education of a serious problem of protecting yourself from a child pedophiles/predators, education of how to purchase a home and pay mortgage including a lot of things that need attention",885,financial education education rights education serious problem protecting child pedophilespredators education purchase home pay mortgage including lot things need attention,negative,0.49504324793815613,0,"{'fear': 0.42484697699546814, 'sadness': 0.3191370368003845, 'anger': 0.17846636474132538, 'neutral': 0.05490117520093918, 'joy': 0.009509454481303692, 'surprise': 0.007926558144390583, 'disgust': 0.005212502088397741}",0.05490117520093918,0.007926558144390583,0.009509454481303692,0.17846636474132538,0.42484697699546814,0.3191370368003845,0.005212502088397741,0.0,0.0,0.0,0.0,0.0,0.0,0.0,0.0,0.0,0.0,0.0,0.0,0.0,0.0,fear
Chinese are smarter,886,chinese smarter,neutral,0.5160940885543823,1,"{'neutral': 0.7589830756187439, 'surprise': 0.19120709598064423, 'joy': 0.020196635276079178, 'sadness': 0.0158633291721344, 'anger': 0.00678532337769866, 'disgust': 0.004255271982401609, 'fear': 0.00270929466933012}",0.7589830756187439,0.19120709598064423,0.020196635276079178,0.00678532337769866,0.00270929466933012,0.0158633291721344,0.004255271982401609,0.0,0.0,0.0,0.0,0.0,0.0,0.0,0.0,0.0,0.0,0.0,0.0,0.0,0.0,neutral
China has their own issue with their education in impoverished areas.,887,china issue education impoverished areas,negative,0.8150203227996826,1,"{'sadness': 0.9184544086456299, 'neutral': 0.03007192723453045, 'anger': 0.027388783171772957, 'disgust': 0.007703450508415699, 'surprise': 0.006933723576366901, 'fear': 0.006139541510492563, 'joy': 0.0033081783913075924}",0.03007192723453045,0.006933723576366901,0.0033081783913075924,0.027388783171772957,0.006139541510492563,0.9184544086456299,0.007703450508415699,0.0,0.0,0.0,0.0,0.0,0.0,0.0,0.0,0.0,0.0,0.0,0.0,0.0,0.0,sadness
"It's the opposite actually for most of the world as a whole. Today, people have internet access and can know about pretty much anything. Stuff which was hard to know even with books and schools. Most people didn't go to school, especially in poor countries.
But now, situations have changed. A lot of people know about stuff due to the internet.",888,opposite actually world whole today people internet access know pretty much anything stuff hard know even books schools people didnt school especially poor countries situations changed lot people know stuff due internet,neutral,0.527006983757019,21,"{'neutral': 0.5026906132698059, 'surprise': 0.2596299648284912, 'sadness': 0.17552246153354645, 'joy': 0.028880542144179344, 'anger': 0.018269969150424004, 'fear': 0.008291547186672688, 'disgust': 0.006714965682476759, 'love_linguistic': 1.0, 'neutral_linguistic': 1.0, 'love_sentence_count': 1, 'neutral_sentence_count': 1}",0.5026906132698059,0.2596299648284912,0.028880542144179344,0.018269969150424004,0.008291547186672688,0.17552246153354645,0.006714965682476759,1.0,0.0,0.0,0.0,0.0,0.0,0.0,1.0,0.0,0.0,0.0,0.0,0.0,0.0,neutral
"Schools have too much holidays, the students are only in school for what 180 days? It's a joke!!",889,schools much holidays students school days joke,negative,0.8815568685531616,15,"{'joy': 0.7060638666152954, 'neutral': 0.12386501580476761, 'surprise': 0.11942288279533386, 'anger': 0.02664603851735592, 'disgust': 0.010683479718863964, 'sadness': 0.00984825100749731, 'fear': 0.0034704741556197405}",0.12386501580476761,0.11942288279533386,0.7060638666152954,0.02664603851735592,0.0034704741556197405,0.00984825100749731,0.010683479718863964,0.0,0.0,0.0,0.0,0.0,0.0,0.0,0.0,0.0,0.0,0.0,0.0,0.0,0.0,joy
The system takes advantage of school teachers.,890,system takes advantage school teachers,negative,0.8767005801200867,-1,"{'anger': 0.39750775694847107, 'disgust': 0.2895907163619995, 'neutral': 0.2260613888502121, 'sadness': 0.034735307097435, 'surprise': 0.03126351907849312, 'joy': 0.015164163894951344, 'fear': 0.00567712914198637}",0.2260613888502121,0.03126351907849312,0.015164163894951344,0.39750775694847107,0.00567712914198637,0.034735307097435,0.2895907163619995,0.0,0.0,0.0,0.0,0.0,0.0,0.0,0.0,0.0,0.0,0.0,0.0,0.0,0.0,anger
Cuz they not curious no more they think they already know every dang thing,891,cuz curious think already know every dang thing,negative,0.6881948709487915,49,"{'surprise': 0.6334009766578674, 'neutral': 0.3264659345149994, 'disgust': 0.01182509958744049, 'anger': 0.01179890614002943, 'joy': 0.007223249413073063, 'sadness': 0.006783043034374714, 'fear': 0.0025027673691511154, 'surprise_linguistic': 1.0, 'surprise_sentence_count': 1}",0.3264659345149994,0.6334009766578674,0.007223249413073063,0.01179890614002943,0.0025027673691511154,0.006783043034374714,0.01182509958744049,0.0,1.0,0.0,0.0,0.0,0.0,0.0,0.0,1.0,0.0,0.0,0.0,0.0,0.0,surprise
That's the easiest question to answer. Public schools are brainwashing those students with this wokism,892,thats easiest question answer public schools brainwashing students wokism,negative,0.8099077939987183,0,"{'neutral': 0.4136285185813904, 'disgust': 0.3867996037006378, 'fear': 0.06920133531093597, 'surprise': 0.0561358667910099, 'anger': 0.036484211683273315, 'joy': 0.024327097460627556, 'sadness': 0.013423455879092216}",0.4136285185813904,0.0561358667910099,0.024327097460627556,0.036484211683273315,0.06920133531093597,0.013423455879092216,0.3867996037006378,0.0,0.0,0.0,0.0,0.0,0.0,0.0,0.0,0.0,0.0,0.0,0.0,0.0,0.0,neutral
"After 36 years of teaching, I feel that you have it backwards: the education system isn't failing America, but rather America is failing both the students and the education system. As a teacher, you can try your best, but you're limited, because you have to work with what comes through your classroom door: the students. And those students are the product of their families. Close-knit, healthy, functional families that spend quality time with their kids produce kids who come through the classroom door wanting to learn. They're happy, polite, and have decent values & work ethics. They're easy and fun to teach. However, kids who come through that door from families that are 'too busy' to really give their undivided time to their kids produce kids that couldn't care less about learning. They're not really happy kids. They see little value in school, so they don't care about studying, doing homework, or the other things that require a little effort. For me, my 'teaching' was often just listening to those unhappy kids pour out their frustrations and sadness in my office, as they didn't have anyone else to lean on. So, yeah, I had kids from both ends of the spectrum, and in both cases, they were the best part of the job, the only real reward for becoming a teacher. On several occasions I bawled my eyes out at the heartbreak of suicidal students; however, on the other hand, sometimes felt thankful for having the privilege of helping student get excited about learning an idea or kids who kids who later thanked me for them getting accepted to universities; it was all part of being a teacher, the good and the bad. The pay was low, the hours always included evenings and weekends, but the rewards from the kids were great. You can blame the schools and teachers for 'failing' students' all you want, but, at the expense of generalizing, I would turn that around: much of modern American society is failing its students. Good or bad, it starts with the family, not the teacher.",893,years teaching feel backwards education system isnt failing america rather america failing students education system teacher try best youre limited work comes classroom door students students product families closeknit healthy functional families spend quality time kids produce kids come classroom door wanting learn theyre happy polite decent values work ethics theyre easy fun teach however kids come door families busy really give undivided time kids produce kids couldnt care less learning theyre really happy kids see little value school dont care studying homework things require little effort teaching often listening unhappy kids pour frustrations sadness office didnt anyone else lean yeah kids ends spectrum cases best part job real reward becoming teacher several occasions bawled eyes heartbreak suicidal students however hand sometimes felt thankful privilege helping student get excited learning idea kids kids later thanked getting accepted universities part teacher good bad pay low hours always included evenings weekends rewards kids great blame schools teachers failing students want expense generalizing would turn around much modern american society failing students good bad starts family teacher,negative,0.5976899117231369,-1,"{'sadness': 0.9426644444465637, 'joy': 0.9548987746238708, 'surprise': 0.026106586679816246, 'anger': 0.010438195429742336, 'neutral': 0.009138383902609348, 'fear': 0.0014805677346885204, 'disgust': 0.0006399890407919884, 'joy_linguistic': 4.8, 'sadness_linguistic': 3.5999999999999996, 'disgust_linguistic': 1.2, 'love_linguistic': 2.4, 'neutral_linguistic': 4.8, 'joy_sentence_count': 1, 'sadness_sentence_count': 1, 'disgust_sentence_count': 1, 'love_sentence_count': 1, 'neutral_sentence_count': 1}",0.009138383902609348,0.026106586679816246,0.9548987746238708,0.010438195429742336,0.0014805677346885204,0.9426644444465637,0.0006399890407919884,4.8,0.0,4.8,0.0,0.0,3.5999999999999996,1.2,1.0,0.0,1.0,0.0,0.0,1.0,1.0,neutral
Controlled by the government it will certainly fail,894,controlled government certainly fail,negative,0.8300889134407043,-1,"{'neutral': 0.4774504601955414, 'sadness': 0.3076237440109253, 'fear': 0.09399294853210449, 'surprise': 0.047998446971178055, 'anger': 0.040148068219423294, 'disgust': 0.023728838190436363, 'joy': 0.009057519026100636, 'neutral_linguistic': 1.0, 'neutral_sentence_count': 1}",0.4774504601955414,0.047998446971178055,0.009057519026100636,0.040148068219423294,0.09399294853210449,0.3076237440109253,0.023728838190436363,1.0,0.0,0.0,0.0,0.0,0.0,0.0,1.0,0.0,0.0,0.0,0.0,0.0,0.0,neutral
"Social media, electronics, video games:  all things that turn parents/children into tools to make money for someone else.  If task commitment,  perseverance,  frustration tolerance and social skills made money, society would value them.",895,social media electronics video games things turn parentschildren tools make money someone else task commitment perseverance frustration tolerance social skills made money society would value,neutral,0.5159732103347778,20,"{'anger': 0.9666043519973755, 'neutral': 0.018288541585206985, 'joy': 0.00429231021553278, 'sadness': 0.004167038016021252, 'surprise': 0.003953477367758751, 'disgust': 0.0014761004131287336, 'fear': 0.0012182487407699227, 'anger_linguistic': 1.0, 'love_linguistic': 2.0, 'anger_sentence_count': 1, 'love_sentence_count': 1}",0.018288541585206985,0.003953477367758751,0.00429231021553278,0.9666043519973755,0.0012182487407699227,0.004167038016021252,0.0014761004131287336,0.0,0.0,0.0,1.0,0.0,0.0,0.0,0.0,0.0,0.0,1.0,0.0,0.0,0.0,anger
"The educational system doesn't make sense. You make kids practice different subjects and learn facts aimlessly for 12 years. Rate how they do in these subjects by giving them a cumulative score instead of working with them until they master the subject. Have standardized tests that they change every year, which means they're not really standardized. Tell kids that they're not in school to learn job skills, that they're learning for the sake of learning. Tell them if they don't do well, that they'll have a bad life. Reform education based on a standardized test even though every state in the US and every country has their own educational standard(s). It makes no sense. But the US is the most successful country regardless of these educational standards. What's the goal here?",896,educational system doesnt make sense make kids practice different subjects learn facts aimlessly years rate subjects giving cumulative score instead working master subject standardized tests change every year means theyre really standardized tell kids theyre school learn job skills theyre learning sake learning tell dont well theyll bad life reform education based standardized test even though every state every country educational standards makes sense successful country regardless educational standards whats goal,negative,0.7318197190761566,4,"{'anger': 0.5850371718406677, 'fear': 0.177565336227417, 'joy': 0.9519891142845154, 'sadness': 0.053871043026447296, 'neutral': 0.05038399249315262, 'surprise': 0.027026262134313583, 'disgust': 0.0020892892498522997, 'anger_linguistic': 1.2, 'love_linguistic': 1.2, 'neutral_linguistic': 1.2, 'anger_sentence_count': 1, 'love_sentence_count': 1, 'neutral_sentence_count': 1}",0.05038399249315262,0.027026262134313583,0.9519891142845154,0.5850371718406677,0.177565336227417,0.053871043026447296,0.0020892892498522997,1.2,0.0,0.0,1.2,0.0,0.0,0.0,1.0,0.0,0.0,1.0,0.0,0.0,0.0,anger
"Higher expectations should be set for teachers, but waive their student debt for ffs. They spend more time with your kids than you do. They influence your child and developing them. Nobody wants to be a teacher for a median pay of $50K to raise kids and be in student debt for life.",897,higher expectations set teachers waive student debt ffs spend time kids influence child developing nobody wants teacher median pay raise kids student debt life,negative,0.7032894492149353,-1,"{'neutral': 0.7900679707527161, 'anger': 0.1356186419725418, 'sadness': 0.02306012623012066, 'surprise': 0.021883303299546242, 'joy': 0.015288631431758404, 'disgust': 0.007492406759411097, 'fear': 0.006588876713067293}",0.7900679707527161,0.021883303299546242,0.015288631431758404,0.1356186419725418,0.006588876713067293,0.02306012623012066,0.007492406759411097,0.0,0.0,0.0,0.0,0.0,0.0,0.0,0.0,0.0,0.0,0.0,0.0,0.0,0.0,neutral
So true one of my little brother's friend threatened the teacher of suicide cause she gave him a zero in maths,898,true one little brothers friend threatened teacher suicide cause gave zero maths,negative,0.873285174369812,6,"{'fear': 0.9752470254898071, 'anger': 0.017222516238689423, 'sadness': 0.003723680041730404, 'joy': 0.0015536195132881403, 'surprise': 0.00100045301951468, 'neutral': 0.0008660416351631284, 'disgust': 0.00038684270111843944, 'fear_linguistic': 2.0, 'neutral_linguistic': 1.0, 'fear_sentence_count': 1, 'neutral_sentence_count': 1}",0.0008660416351631284,0.00100045301951468,0.0015536195132881403,0.017222516238689423,0.9752470254898071,0.003723680041730404,0.00038684270111843944,1.0,0.0,0.0,0.0,2.0,0.0,0.0,1.0,0.0,0.0,0.0,1.0,0.0,0.0,fear
Here in india we adore us education 😂😂,899,india adore education,positive,0.9687007069587708,1,"{'joy': 0.44361600279808044, 'neutral': 0.36473754048347473, 'surprise': 0.12729115784168243, 'sadness': 0.049134377390146255, 'anger': 0.008756378665566444, 'fear': 0.0037169395945966244, 'disgust': 0.0027475766837596893, 'joy_linguistic': 1.0, 'love_linguistic': 1.0, 'joy_sentence_count': 1, 'love_sentence_count': 1}",0.36473754048347473,0.12729115784168243,0.44361600279808044,0.008756378665566444,0.0037169395945966244,0.049134377390146255,0.0027475766837596893,0.0,0.0,1.0,0.0,0.0,0.0,0.0,0.0,0.0,1.0,0.0,0.0,0.0,0.0,joy
Don't blame the students!  It's the educational system failed them!,900,dont blame students educational system failed,negative,0.8984026908874512,16,"{'anger': 0.8914054036140442, 'sadness': 0.08649574965238571, 'neutral': 0.010662555694580078, 'fear': 0.004362805280834436, 'disgust': 0.0031174926552921534, 'joy': 0.0022966789547353983, 'surprise': 0.0016594026237726212}",0.010662555694580078,0.0016594026237726212,0.0022966789547353983,0.8914054036140442,0.004362805280834436,0.08649574965238571,0.0031174926552921534,0.0,0.0,0.0,0.0,0.0,0.0,0.0,0.0,0.0,0.0,0.0,0.0,0.0,0.0,anger
"In WWII a Jewish mathematician in the camps developed a mathematical pattern to add subtract multiple and divide and number by memorizing number patterns from 0-12. It’s amazing.

I would say teach them more arts when younger then math and science later. 

If I had a dream job I would inherit all the orphans and start a new way of educating the nations youth.

I would make sure they focus on 

Arts
Botany/agriculture/wildlife
Philosophy/theology 
Math 
Science/Astrology/physics/Chemistry/Alchemical Chemistry 
Home economics/woodworking and electrical 
History 
Language 
Sports
Strategy games/chess games/Go Chinese game/backgammon
Playtime 
Meditation 
Mortal combat 
Music 

I feel like it could eventually turn into a universal way to collectively raise kids in a safe environment and community.",901,wwii jewish mathematician camps developed mathematical pattern add subtract multiple divide number memorizing number patterns amazing would say teach arts younger math science later dream job would inherit orphans start new way educating nations youth would make sure focus arts botanyagriculturewildlife philosophytheology math scienceastrologyphysicschemistryalchemical chemistry home economicswoodworking electrical history language sports strategy gameschess gamesgo chinese gamebackgammon playtime meditation mortal combat music feel like could eventually turn universal way collectively raise kids safe environment community,positive,0.5678209364414215,-1,"{'surprise': 0.6724543571472168, 'joy': 0.974027156829834, 'neutral': 0.07568371295928955, 'sadness': 0.007305878680199385, 'anger': 0.0072096255607903, 'fear': 0.0035676811821758747, 'disgust': 0.0006475010886788368, 'joy_linguistic': 1.0, 'surprise_linguistic': 1.0, 'joy_sentence_count': 1, 'surprise_sentence_count': 1}",0.07568371295928955,0.6724543571472168,0.974027156829834,0.0072096255607903,0.0035676811821758747,0.007305878680199385,0.0006475010886788368,0.0,1.0,1.0,0.0,0.0,0.0,0.0,0.0,1.0,1.0,0.0,0.0,0.0,0.0,joy
"The education system has failed because on the college level, college students can't pass the Praxis Core state exams to become teachers. Colleges made the state test harder. So you went from a college having 4 Senior Field class of 120 students trying to become teachers, to only 1 senior field class in most colleges. 


And then you have the problem of the ""soft parenting"" in the classroom where there is no discipline, and students can verbally or physically assault a teacher without any consequences.

 And the administration does nothing to help, because there goal is to make sure as many teachers as possible don't get tenure. Administrators purposely give teachers 1 or 2 year contracts that they don't renew to avoid tenure so they have to go to another school and start the process all over again.",902,education system failed college level college students cant pass praxis core state exams become teachers colleges made state test harder went college senior field class students trying become teachers senior field class colleges problem soft parenting classroom discipline students verbally physically assault teacher without consequences administration nothing help goal make sure many teachers possible dont get tenure administrators purposely give teachers year contracts dont renew avoid tenure another school start process,negative,0.8745115995407104,-1,"{'sadness': 0.7186270356178284, 'anger': 0.6368710398674011, 'neutral': 0.19241926074028015, 'fear': 0.03321707621216774, 'surprise': 0.03247947618365288, 'disgust': 0.009354231879115105, 'joy': 0.0076548196375370026, 'anger_linguistic': 1.0, 'anger_sentence_count': 1}",0.19241926074028015,0.03247947618365288,0.0076548196375370026,0.6368710398674011,0.03321707621216774,0.7186270356178284,0.009354231879115105,0.0,0.0,0.0,1.0,0.0,0.0,0.0,0.0,0.0,0.0,1.0,0.0,0.0,0.0,anger
"It's failing everywhere. Just make sure to teach them proper ethics, etc. Focus on spending the majority of time doing something useful for individuals. Get them into learning something practical. So ethics + useful stuff. this should be the case for all. but they spend too much time learning stuff that does not prepare them for life.",903,failing everywhere make sure teach proper ethics etc focus spending majority time something useful individuals get learning something practical ethics useful stuff case spend much time learning stuff prepare life,negative,0.5637844204902649,-1,"{'anger': 0.5122528076171875, 'sadness': 0.29621389508247375, 'neutral': 0.1251218467950821, 'joy': 0.04318884015083313, 'disgust': 0.008366197347640991, 'surprise': 0.007493387442082167, 'fear': 0.007363088894635439}",0.1251218467950821,0.007493387442082167,0.04318884015083313,0.5122528076171875,0.007363088894635439,0.29621389508247375,0.008366197347640991,0.0,0.0,0.0,0.0,0.0,0.0,0.0,0.0,0.0,0.0,0.0,0.0,0.0,0.0,anger
Because children and their parents get away with nasty low life behaviors.,904,children parents get away nasty low life behaviors,negative,0.9350889325141907,8,"{'anger': 0.7100120186805725, 'disgust': 0.23943351209163666, 'sadness': 0.03343638777732849, 'neutral': 0.008276980370283127, 'fear': 0.005124589428305626, 'joy': 0.0027674734592437744, 'surprise': 0.000949042325373739, 'sadness_linguistic': 1.0, 'anger_linguistic': 1.0, 'disgust_linguistic': 1.0, 'sadness_sentence_count': 1, 'anger_sentence_count': 1, 'disgust_sentence_count': 1}",0.008276980370283127,0.000949042325373739,0.0027674734592437744,0.7100120186805725,0.005124589428305626,0.03343638777732849,0.23943351209163666,0.0,0.0,0.0,1.0,0.0,1.0,1.0,0.0,0.0,0.0,1.0,0.0,1.0,1.0,anger
"Oh. There it is. The new math excuse used buy parents. It’s American schooling that doesn’t work. People have all this math, but nothing to use it on.. the best thing you could do right now is grow food.",905,new math excuse used buy parents american schooling doesnt work people math nothing use best thing could right grow food,negative,0.9053738117218018,9,"{'sadness': 0.571317195892334, 'neutral': 0.2291400283575058, 'surprise': 0.14534233510494232, 'anger': 0.029759330675005913, 'joy': 0.012842059135437012, 'disgust': 0.007057860027998686, 'fear': 0.004541192203760147}",0.2291400283575058,0.14534233510494232,0.012842059135437012,0.029759330675005913,0.004541192203760147,0.571317195892334,0.007057860027998686,0.0,0.0,0.0,0.0,0.0,0.0,0.0,0.0,0.0,0.0,0.0,0.0,0.0,0.0,sadness
Obama fumbled the bag w that college readiness thing,906,obama fumbled bag college readiness thing,negative,0.8246712684631348,-1,"{'neutral': 0.3848875164985657, 'surprise': 0.3845427334308624, 'sadness': 0.1768035739660263, 'anger': 0.021818341687321663, 'joy': 0.017386963590979576, 'disgust': 0.008246364071965218, 'fear': 0.00631454773247242}",0.3848875164985657,0.3845427334308624,0.017386963590979576,0.021818341687321663,0.00631454773247242,0.1768035739660263,0.008246364071965218,0.0,0.0,0.0,0.0,0.0,0.0,0.0,0.0,0.0,0.0,0.0,0.0,0.0,0.0,neutral
How about POOR PARENTING???,907,poor parenting,negative,0.8646667003631592,8,"{'sadness': 0.502813994884491, 'neutral': 0.19651243090629578, 'disgust': 0.15789957344532013, 'anger': 0.11814944446086884, 'surprise': 0.01283810194581747, 'fear': 0.007474556565284729, 'joy': 0.004311916884034872}",0.19651243090629578,0.01283810194581747,0.004311916884034872,0.11814944446086884,0.007474556565284729,0.502813994884491,0.15789957344532013,0.0,0.0,0.0,0.0,0.0,0.0,0.0,0.0,0.0,0.0,0.0,0.0,0.0,0.0,sadness
"You can't lower the bar and include all, and then expect  superb results. The smartest people are afraid to show their knowledge and skills. They should be liders in your society, in companies, in politics, etc. Now it is totally opposite.",909,cant lower bar include expect superb results smartest people afraid show knowledge skills liders society companies politics etc totally opposite,negative,0.5224449038505554,-1,"{'fear': 0.9635565876960754, 'anger': 0.012673486024141312, 'joy': 0.00990686658769846, 'neutral': 0.006144896149635315, 'sadness': 0.0037725409492850304, 'surprise': 0.003602000419050455, 'disgust': 0.0003436280821915716, 'joy_linguistic': 1.2, 'sadness_linguistic': 1.2, 'fear_linguistic': 1.2, 'joy_sentence_count': 1, 'sadness_sentence_count': 1, 'fear_sentence_count': 1}",0.006144896149635315,0.003602000419050455,0.00990686658769846,0.012673486024141312,0.9635565876960754,0.0037725409492850304,0.0003436280821915716,0.0,0.0,1.2,0.0,1.2,1.2,0.0,0.0,0.0,1.0,0.0,1.0,1.0,0.0,fear
One thing they can do to improve teacher salaries is to look at where the funding is going and cutting the actual fat from it.  Is the superintendent being paid far in advance compared to the teachers at a similar level of experience?  Are they actually getting a good deal on their resource purchases?,910,one thing improve teacher salaries look funding going cutting actual fat superintendent paid far advance compared teachers similar level experience actually getting good deal resource purchases,neutral,0.7313361167907715,2,"{'surprise': 0.6030200123786926, 'joy': 0.18153399229049683, 'neutral': 0.16333962976932526, 'sadness': 0.03138986602425575, 'anger': 0.0153398048132658, 'disgust': 0.003406240837648511, 'fear': 0.0019705200102180243, 'joy_linguistic': 1.0, 'neutral_linguistic': 1.0, 'joy_sentence_count': 1, 'neutral_sentence_count': 1}",0.16333962976932526,0.6030200123786926,0.18153399229049683,0.0153398048132658,0.0019705200102180243,0.03138986602425575,0.003406240837648511,1.0,0.0,1.0,0.0,0.0,0.0,0.0,1.0,0.0,1.0,0.0,0.0,0.0,0.0,joy
"The Answer to all of these problems is Feeding People. Feeding Kids before, during, and after school. The ability for schools to be hubs for community relations and experts in further education. Giving up on the worst epidemic of concentration amounts sugar in our daily diet. Have farms drop off  fruits, meats and vegetables directly to the school. Also Educating future doctors in Nutrition from a daily life all the way to lifelong effects of Pro and Cons of Nutrition.",911,answer problems feeding people feeding kids school ability schools hubs community relations experts education giving worst epidemic concentration amounts sugar daily diet farms drop fruits meats vegetables directly school also educating future doctors nutrition daily life way lifelong effects pro cons nutrition,neutral,0.6622216701507568,19,"{'neutral': 0.31876125931739807, 'sadness': 0.23891983926296234, 'anger': 0.1510830670595169, 'joy': 0.1421445906162262, 'surprise': 0.0686739906668663, 'disgust': 0.06258532404899597, 'fear': 0.017831865698099136, 'neutral_linguistic': 1.0, 'neutral_sentence_count': 1}",0.31876125931739807,0.0686739906668663,0.1421445906162262,0.1510830670595169,0.017831865698099136,0.23891983926296234,0.06258532404899597,1.0,0.0,0.0,0.0,0.0,0.0,0.0,1.0,0.0,0.0,0.0,0.0,0.0,0.0,neutral
Standards were lowered to accommodate black students because they can't perform at normal standards.,912,standards lowered accommodate black students cant perform normal standards,negative,0.8259263634681702,12,"{'neutral': 0.4825584590435028, 'sadness': 0.28812023997306824, 'surprise': 0.1347058117389679, 'anger': 0.05933494493365288, 'disgust': 0.014828343875706196, 'joy': 0.0139212841168046, 'fear': 0.006530852057039738, 'sadness_linguistic': 1.0, 'sadness_sentence_count': 1}",0.4825584590435028,0.1347058117389679,0.0139212841168046,0.05933494493365288,0.006530852057039738,0.28812023997306824,0.014828343875706196,0.0,0.0,0.0,0.0,0.0,1.0,0.0,0.0,0.0,0.0,0.0,0.0,1.0,0.0,sadness
Everything is failing in the US,913,everything failing,negative,0.8995673060417175,13,"{'sadness': 0.6597951650619507, 'anger': 0.16220282018184662, 'neutral': 0.07330603897571564, 'disgust': 0.046522293239831924, 'fear': 0.040878016501665115, 'surprise': 0.011468937620520592, 'joy': 0.005826637614518404}",0.07330603897571564,0.011468937620520592,0.005826637614518404,0.16220282018184662,0.040878016501665115,0.6597951650619507,0.046522293239831924,0.0,0.0,0.0,0.0,0.0,0.0,0.0,0.0,0.0,0.0,0.0,0.0,0.0,0.0,sadness
Public education is designed by the Woke DNC.  Enough said.,914,public education designed woke dnc enough said,negative,0.8435872793197632,-1,"{'neutral': 0.9091843962669373, 'surprise': 0.05461926758289337, 'sadness': 0.016095617786049843, 'joy': 0.007573913782835007, 'anger': 0.006783151533454657, 'disgust': 0.003045068122446537, 'fear': 0.00269851041957736}",0.9091843962669373,0.05461926758289337,0.007573913782835007,0.006783151533454657,0.00269851041957736,0.016095617786049843,0.003045068122446537,0.0,0.0,0.0,0.0,0.0,0.0,0.0,0.0,0.0,0.0,0.0,0.0,0.0,0.0,neutral
Like Einstein said if you want your kids to be smart read them fairy tales. If you want then to be smarter read them more fairy tales. This is crucial as a kid because the arts do not have definitive limits. If you don’t teach kids to dream and have creative and happy endings then we will never move forward.,915,like einstein said want kids smart read fairy tales want smarter read fairy tales crucial kid arts definitive limits dont teach kids dream creative happy endings never move forward,positive,0.7130841016769409,0,"{'neutral': 0.3491158187389374, 'surprise': 0.3168001174926758, 'joy': 0.20740468800067902, 'sadness': 0.08326653391122818, 'anger': 0.023138897493481636, 'fear': 0.01946774311363697, 'disgust': 0.0008061681874096394, 'neutral_linguistic': 0.5, 'joy_sentence_count': 1}",0.3491158187389374,0.3168001174926758,0.20740468800067902,0.023138897493481636,0.01946774311363697,0.08326653391122818,0.0008061681874096394,0.5,0.0,0.0,0.0,0.0,0.0,0.0,0.0,0.0,1.0,0.0,0.0,0.0,0.0,neutral
Im a grad of computer science,916,grad computer science,neutral,0.5698837637901306,39,"{'neutral': 0.49468177556991577, 'fear': 0.20194655656814575, 'sadness': 0.1155167818069458, 'surprise': 0.09687822312116623, 'joy': 0.042581815272569656, 'disgust': 0.03188135847449303, 'anger': 0.01651347056031227}",0.49468177556991577,0.09687822312116623,0.042581815272569656,0.01651347056031227,0.20194655656814575,0.1155167818069458,0.03188135847449303,0.0,0.0,0.0,0.0,0.0,0.0,0.0,0.0,0.0,0.0,0.0,0.0,0.0,0.0,neutral
All teachers are entitled and usually not worth what they’re paid. Not only that they take on positions in kids lives that causes serious problems and it shows right now. Teachers are being arrested for sexual harassment.,917,teachers entitled usually worth theyre paid take positions kids lives causes serious problems shows right teachers arrested sexual harassment,negative,0.9314736127853394,-1,"{'anger': 0.8223389983177185, 'fear': 0.12551678717136383, 'sadness': 0.03120126947760582, 'disgust': 0.01022317074239254, 'neutral': 0.005730851553380489, 'surprise': 0.0025619398802518845, 'joy': 0.002426986349746585, 'neutral_linguistic': 1.0, 'neutral_sentence_count': 1}",0.005730851553380489,0.0025619398802518845,0.002426986349746585,0.8223389983177185,0.12551678717136383,0.03120126947760582,0.01022317074239254,1.0,0.0,0.0,0.0,0.0,0.0,0.0,1.0,0.0,0.0,0.0,0.0,0.0,0.0,anger
Schools are closing. The closing for a very good reason kids aren’t learning anything.. they’re becoming places for gangs to meet.,918,schools closing closing good reason kids arent learning anything theyre becoming places gangs meet,negative,0.9066794514656067,31,"{'sadness': 0.41928914189338684, 'joy': 0.2720626890659332, 'surprise': 0.17618341743946075, 'neutral': 0.11601623892784119, 'anger': 0.011107354424893856, 'fear': 0.0031847681384533644, 'disgust': 0.0021564080379903316}",0.11601623892784119,0.17618341743946075,0.2720626890659332,0.011107354424893856,0.0031847681384533644,0.41928914189338684,0.0021564080379903316,0.0,0.0,0.0,0.0,0.0,0.0,0.0,0.0,0.0,0.0,0.0,0.0,0.0,0.0,sadness
"For Math, I propose ""Last Thing That Worked"" because ""Many Children Left Behind""",919,math propose last thing worked many children left behind,neutral,0.632797360420227,9,"{'neutral': 0.4521981179714203, 'surprise': 0.32603761553764343, 'sadness': 0.13117161393165588, 'joy': 0.06670057028532028, 'anger': 0.01471392810344696, 'disgust': 0.006421672645956278, 'fear': 0.0027564342599362135}",0.4521981179714203,0.32603761553764343,0.06670057028532028,0.01471392810344696,0.0027564342599362135,0.13117161393165588,0.006421672645956278,0.0,0.0,0.0,0.0,0.0,0.0,0.0,0.0,0.0,0.0,0.0,0.0,0.0,0.0,neutral
"They dont want an educated public, its much harder to BS people.  Why do you think theyd rather teach transgenderism than history, or math?",920,dont want educated public much harder people think theyd rather teach transgenderism history math,negative,0.8042593002319336,47,"{'neutral': 0.5219126343727112, 'anger': 0.2740228772163391, 'sadness': 0.06828022003173828, 'disgust': 0.04824354127049446, 'surprise': 0.039167072623968124, 'fear': 0.026674900203943253, 'joy': 0.021698782220482826}",0.5219126343727112,0.039167072623968124,0.021698782220482826,0.2740228772163391,0.026674900203943253,0.06828022003173828,0.04824354127049446,0.0,0.0,0.0,0.0,0.0,0.0,0.0,0.0,0.0,0.0,0.0,0.0,0.0,0.0,neutral
"I remember showing common core problems problems to math teachers in Japan, my Chinese girlfriend at the time, my Korean roommate at the time, and some of my European friends and they all thought it was an embarrassing joke",921,remember showing common core problems problems math teachers japan chinese girlfriend time korean roommate time european friends thought embarrassing joke,negative,0.6292823553085327,3,"{'sadness': 0.33760398626327515, 'surprise': 0.29411381483078003, 'neutral': 0.17943522334098816, 'joy': 0.16006913781166077, 'disgust': 0.012195426970720291, 'anger': 0.009111269377171993, 'fear': 0.007471161894500256, 'disgust_linguistic': 1.0, 'disgust_sentence_count': 1}",0.17943522334098816,0.29411381483078003,0.16006913781166077,0.009111269377171993,0.007471161894500256,0.33760398626327515,0.012195426970720291,0.0,0.0,0.0,0.0,0.0,0.0,1.0,0.0,0.0,0.0,0.0,0.0,0.0,1.0,disgust
"Best behaved kids I know go to private - zero tolerance of bs - school, The discipline and kindness start at home.",922,best behaved kids know private zero tolerance school discipline kindness start home,positive,0.7601553201675415,0,"{'neutral': 0.8312565684318542, 'joy': 0.10770951956510544, 'anger': 0.02021181769669056, 'fear': 0.0161909032613039, 'surprise': 0.010355326347053051, 'disgust': 0.008959006518125534, 'sadness': 0.005316863767802715, 'love_linguistic': 1.0, 'love_sentence_count': 1}",0.8312565684318542,0.010355326347053051,0.10770951956510544,0.02021181769669056,0.0161909032613039,0.005316863767802715,0.008959006518125534,0.0,0.0,0.0,0.0,0.0,0.0,0.0,0.0,0.0,0.0,0.0,0.0,0.0,0.0,neutral
"It’s because the US education system aren’t teaching anything and don’t emphasize rentetion and thinking outside the box.

How is it that kids outside America know who the US president is but American kids don’t?",923,education system arent teaching anything dont emphasize rentetion thinking outside box kids outside america know president american kids dont,negative,0.7754741907119751,-1,"{'neutral': 0.796912670135498, 'sadness': 0.1078251525759697, 'surprise': 0.04232564941048622, 'anger': 0.03022179566323757, 'disgust': 0.011694290675222874, 'fear': 0.006269015837460756, 'joy': 0.004751372616738081}",0.796912670135498,0.04232564941048622,0.004751372616738081,0.03022179566323757,0.006269015837460756,0.1078251525759697,0.011694290675222874,0.0,0.0,0.0,0.0,0.0,0.0,0.0,0.0,0.0,0.0,0.0,0.0,0.0,0.0,neutral
"We have been sold out to the point that they no longer care.  In fact, it does matter anymore.",924,sold point longer care fact matter anymore,negative,0.8031509518623352,4,"{'neutral': 0.9226682186126709, 'anger': 0.03550974652171135, 'disgust': 0.017218664288520813, 'surprise': 0.009876846335828304, 'sadness': 0.008607355877757072, 'joy': 0.0046584829688072205, 'fear': 0.0014606829499825835, 'love_linguistic': 1.0, 'love_sentence_count': 1}",0.9226682186126709,0.009876846335828304,0.0046584829688072205,0.03550974652171135,0.0014606829499825835,0.008607355877757072,0.017218664288520813,0.0,0.0,0.0,0.0,0.0,0.0,0.0,0.0,0.0,0.0,0.0,0.0,0.0,0.0,neutral
"Unfortunately children do not have buying power, therefore will never be competition and schools can never be a for profit system ( which is what drives quality improvements) Unless there is a direct correlation to quality teaching and compensation, nothings gonna change. Its all just pretty words",925,unfortunately children buying power therefore never competition schools never profit system drives quality improvements unless direct correlation quality teaching compensation nothings gonna change pretty words,negative,0.7498223781585693,0,"{'sadness': 0.6241196990013123, 'surprise': 0.2691051661968231, 'neutral': 0.07981220632791519, 'joy': 0.014620106667280197, 'fear': 0.005160783417522907, 'anger': 0.004437212832272053, 'disgust': 0.0027448146138340235, 'sadness_linguistic': 0.5, 'neutral_sentence_count': 1}",0.07981220632791519,0.2691051661968231,0.014620106667280197,0.004437212832272053,0.005160783417522907,0.6241196990013123,0.0027448146138340235,0.0,0.0,0.0,0.0,0.0,0.5,0.0,1.0,0.0,0.0,0.0,0.0,0.0,0.0,sadness
"Education is undermined by what the state inundates as information and skills; what parents want and expect to learn; societal expectations and the capacity of learning by individual students.

Today’s schools don’t teach kids how to think, but they teach them how to take a test.",926,education undermined state inundates information skills parents want expect learn societal expectations capacity learning individual students todays schools dont teach kids think teach take test,negative,0.6884850263595581,38,"{'sadness': 0.392294317483902, 'anger': 0.22010308504104614, 'neutral': 0.1701393574476242, 'surprise': 0.09939044713973999, 'fear': 0.0984770804643631, 'joy': 0.011360015720129013, 'disgust': 0.00823570042848587}",0.1701393574476242,0.09939044713973999,0.011360015720129013,0.22010308504104614,0.0984770804643631,0.392294317483902,0.00823570042848587,0.0,0.0,0.0,0.0,0.0,0.0,0.0,0.0,0.0,0.0,0.0,0.0,0.0,0.0,sadness
If we teach kids how to be efficient in math there's a chance they'll learn how to manage money and that would lead to the downfall of the elites.,927,teach kids efficient math theres chance theyll learn manage money would lead downfall elites,negative,0.5009777545928955,-1,"{'joy': 0.6322820782661438, 'neutral': 0.17738525569438934, 'anger': 0.06032036244869232, 'surprise': 0.05646875873208046, 'sadness': 0.04697427153587341, 'fear': 0.025500858202576637, 'disgust': 0.0010684228036552668, 'sadness_linguistic': 1.0, 'sadness_sentence_count': 1}",0.17738525569438934,0.05646875873208046,0.6322820782661438,0.06032036244869232,0.025500858202576637,0.04697427153587341,0.0010684228036552668,0.0,0.0,0.0,0.0,0.0,1.0,0.0,0.0,0.0,0.0,0.0,0.0,1.0,0.0,sadness
If parents and society had morals you would not need any of this.,928,parents society morals would need,negative,0.7319948077201843,8,"{'neutral': 0.9149686098098755, 'disgust': 0.022030752152204514, 'surprise': 0.018575472757220268, 'sadness': 0.017743969336152077, 'anger': 0.015629347413778305, 'joy': 0.008050786331295967, 'fear': 0.0030010733753442764}",0.9149686098098755,0.018575472757220268,0.008050786331295967,0.015629347413778305,0.0030010733753442764,0.017743969336152077,0.022030752152204514,0.0,0.0,0.0,0.0,0.0,0.0,0.0,0.0,0.0,0.0,0.0,0.0,0.0,0.0,neutral
"Teachers ruined any positive reputation they had during COVID, closing schools, mandated online classes, transgenderism.  You're getting what you're worth.",929,teachers ruined positive reputation covid closing schools mandated online classes transgenderism youre getting youre worth,negative,0.8682374358177185,47,"{'anger': 0.5647262930870056, 'sadness': 0.28046104311943054, 'neutral': 0.08589921146631241, 'surprise': 0.03210315480828285, 'joy': 0.01859021931886673, 'disgust': 0.012882992625236511, 'fear': 0.005337011069059372, 'joy_linguistic': 1.0, 'joy_sentence_count': 1}",0.08589921146631241,0.03210315480828285,0.01859021931886673,0.5647262930870056,0.005337011069059372,0.28046104311943054,0.012882992625236511,0.0,0.0,1.0,0.0,0.0,0.0,0.0,0.0,0.0,1.0,0.0,0.0,0.0,0.0,joy
"We dont want you to be therapists, just do your jobs!",930,dont want therapists jobs,negative,0.7491297125816345,0,"{'sadness': 0.8615471720695496, 'neutral': 0.0948549136519432, 'surprise': 0.014510835520923138, 'anger': 0.012528002262115479, 'joy': 0.009656772948801517, 'disgust': 0.0047526429407298565, 'fear': 0.0021497653797268867}",0.0948549136519432,0.014510835520923138,0.009656772948801517,0.012528002262115479,0.0021497653797268867,0.8615471720695496,0.0047526429407298565,0.0,0.0,0.0,0.0,0.0,0.0,0.0,0.0,0.0,0.0,0.0,0.0,0.0,0.0,sadness
"You didn't raise standards, you droped them totally.  They tried this in the 70's....new math.  What a loss of time.",931,didnt raise standards droped totally tried snew math loss time,negative,0.9098242521286011,18,"{'surprise': 0.3811732530593872, 'sadness': 0.3129311203956604, 'neutral': 0.25269970297813416, 'joy': 0.02693178877234459, 'anger': 0.018179161474108696, 'disgust': 0.0042997305281460285, 'fear': 0.0037852064706385136, 'sadness_linguistic': 1.2, 'sadness_sentence_count': 1}",0.25269970297813416,0.3811732530593872,0.02693178877234459,0.018179161474108696,0.0037852064706385136,0.3129311203956604,0.0042997305281460285,0.0,0.0,0.0,0.0,0.0,1.2,0.0,0.0,0.0,0.0,0.0,0.0,1.0,0.0,sadness
"Get the government out of education,  they dumb it down.",932,get government education dumb,negative,0.8788942694664001,10,"{'anger': 0.6579827666282654, 'disgust': 0.13634897768497467, 'sadness': 0.09593021124601364, 'neutral': 0.08350108563899994, 'fear': 0.015295318327844143, 'surprise': 0.007971453480422497, 'joy': 0.002970094094052911}",0.08350108563899994,0.007971453480422497,0.002970094094052911,0.6579827666282654,0.015295318327844143,0.09593021124601364,0.13634897768497467,0.0,0.0,0.0,0.0,0.0,0.0,0.0,0.0,0.0,0.0,0.0,0.0,0.0,0.0,anger
Just learned in another video that homework was originally made to punish kids who didn't pay attention in schools. Hence why states moved to ban it.,933,learned another video homework originally made punish kids didnt pay attention schools hence states moved ban,negative,0.8022119998931885,22,"{'anger': 0.6134015321731567, 'sadness': 0.20060190558433533, 'surprise': 0.08326324075460434, 'neutral': 0.06643865257501602, 'disgust': 0.022787630558013916, 'joy': 0.007377231027930975, 'fear': 0.006129751447588205, 'anger_linguistic': 1.0, 'neutral_linguistic': 1.0, 'anger_sentence_count': 1, 'neutral_sentence_count': 1}",0.06643865257501602,0.08326324075460434,0.007377231027930975,0.6134015321731567,0.006129751447588205,0.20060190558433533,0.022787630558013916,1.0,0.0,0.0,1.0,0.0,0.0,0.0,1.0,0.0,0.0,1.0,0.0,0.0,0.0,anger
"Common core, I hate this way of teaching math!",934,common core hate way teaching math,negative,0.9451361894607544,18,"{'anger': 0.7053385376930237, 'disgust': 0.164457768201828, 'neutral': 0.08404796570539474, 'sadness': 0.02481292001903057, 'fear': 0.012464184314012527, 'surprise': 0.0065131536684930325, 'joy': 0.0023655053228139877}",0.08404796570539474,0.0065131536684930325,0.0023655053228139877,0.7053385376930237,0.012464184314012527,0.02481292001903057,0.164457768201828,0.0,0.0,0.0,0.0,0.0,0.0,0.0,0.0,0.0,0.0,0.0,0.0,0.0,0.0,anger
I told my English teacher that A Clockwork Orange wasn’t just a book.,935,told english teacher clockwork orange wasnt book,neutral,0.721601665019989,-1,"{'surprise': 0.8501430749893188, 'neutral': 0.07706717401742935, 'sadness': 0.05743539333343506, 'anger': 0.00555114122107625, 'joy': 0.005487211048603058, 'fear': 0.0026615771930664778, 'disgust': 0.0016545112011954188}",0.07706717401742935,0.8501430749893188,0.005487211048603058,0.00555114122107625,0.0026615771930664778,0.05743539333343506,0.0016545112011954188,0.0,0.0,0.0,0.0,0.0,0.0,0.0,0.0,0.0,0.0,0.0,0.0,0.0,0.0,surprise
"Some could say it is failing deliberately. An uneducated populous that does not know, does not understand, and does not question is easy to control and manipulate. Well evidenced in America right now.",937,could say failing deliberately uneducated populous know understand question easy control manipulate well evidenced america right,negative,0.8467437028884888,52,"{'neutral': 0.8656749129295349, 'anger': 0.07612664252519608, 'surprise': 0.031729500740766525, 'sadness': 0.007616914343088865, 'disgust': 0.007020966149866581, 'fear': 0.006187065038830042, 'joy': 0.005643972661346197}",0.8656749129295349,0.031729500740766525,0.005643972661346197,0.07612664252519608,0.006187065038830042,0.007616914343088865,0.007020966149866581,0.0,0.0,0.0,0.0,0.0,0.0,0.0,0.0,0.0,0.0,0.0,0.0,0.0,0.0,neutral
She’s a math teacher but doesn’t know how to count calories. OK then,938,shes math teacher doesnt know count calories,negative,0.6669102311134338,6,"{'sadness': 0.42252543568611145, 'neutral': 0.36958226561546326, 'surprise': 0.1652432233095169, 'disgust': 0.01798262447118759, 'anger': 0.013131437823176384, 'joy': 0.0070329993031919, 'fear': 0.004502033814787865}",0.36958226561546326,0.1652432233095169,0.0070329993031919,0.013131437823176384,0.004502033814787865,0.42252543568611145,0.01798262447118759,0.0,0.0,0.0,0.0,0.0,0.0,0.0,0.0,0.0,0.0,0.0,0.0,0.0,0.0,sadness
When talking about money and schools it seems like a lot of issues are completely ignored such as the massive profit text book companies make off of the education system in the USA.,940,talking money schools seems like lot issues completely ignored massive profit text book companies make education system usa,negative,0.6505503058433533,0,"{'anger': 0.247007817029953, 'sadness': 0.22014731168746948, 'neutral': 0.21994240581989288, 'disgust': 0.17599622905254364, 'surprise': 0.10550638288259506, 'joy': 0.01945318840444088, 'fear': 0.011946653015911579}",0.21994240581989288,0.10550638288259506,0.01945318840444088,0.247007817029953,0.011946653015911579,0.22014731168746948,0.17599622905254364,0.0,0.0,0.0,0.0,0.0,0.0,0.0,0.0,0.0,0.0,0.0,0.0,0.0,0.0,anger
The current system doesn't want educated people but useful serfs . Useful enough to be profitable but not intelligent enough to question the system .,941,current system doesnt want educated people useful serfs useful enough profitable intelligent enough question system,negative,0.8460325598716736,38,"{'neutral': 0.4252328872680664, 'sadness': 0.34714433550834656, 'anger': 0.1418258547782898, 'surprise': 0.05104609578847885, 'joy': 0.01884082332253456, 'disgust': 0.013547709211707115, 'fear': 0.0023622221779078245}",0.4252328872680664,0.05104609578847885,0.01884082332253456,0.1418258547782898,0.0023622221779078245,0.34714433550834656,0.013547709211707115,0.0,0.0,0.0,0.0,0.0,0.0,0.0,0.0,0.0,0.0,0.0,0.0,0.0,0.0,neutral
Privatized corporate Ed is horrible.,942,privatized corporate horrible,negative,0.9357813596725464,-1,"{'disgust': 0.798138439655304, 'fear': 0.09755657613277435, 'anger': 0.07441624999046326, 'sadness': 0.01246289350092411, 'neutral': 0.009663896635174751, 'surprise': 0.006514992564916611, 'joy': 0.0012468539644032717, 'fear_linguistic': 1.0, 'disgust_linguistic': 1.0, 'fear_sentence_count': 1, 'disgust_sentence_count': 1}",0.009663896635174751,0.006514992564916611,0.0012468539644032717,0.07441624999046326,0.09755657613277435,0.01246289350092411,0.798138439655304,0.0,0.0,0.0,0.0,1.0,0.0,1.0,0.0,0.0,0.0,0.0,1.0,0.0,1.0,disgust
Kids should be able to move up at their own pace like a Montessori style,943,kids able move pace like montessori style,neutral,0.7423886060714722,0,"{'neutral': 0.82059645652771, 'surprise': 0.1342567503452301, 'joy': 0.01773366704583168, 'anger': 0.012265859171748161, 'fear': 0.006619749125093222, 'sadness': 0.005710070487111807, 'disgust': 0.002817439613863826}",0.82059645652771,0.1342567503452301,0.01773366704583168,0.012265859171748161,0.006619749125093222,0.005710070487111807,0.002817439613863826,0.0,0.0,0.0,0.0,0.0,0.0,0.0,0.0,0.0,0.0,0.0,0.0,0.0,0.0,neutral
"Introducing Bible 📖 as textbook 📕 in all schools 🏫 is great idea.💡 
Christian education system works better than today.",944,introducing bible textbook schools great idea christian education system works better today,positive,0.9508532285690308,28,"{'joy': 0.7080494165420532, 'neutral': 0.14511652290821075, 'surprise': 0.1251283884048462, 'sadness': 0.009665864519774914, 'anger': 0.006435848772525787, 'fear': 0.004464942961931229, 'disgust': 0.0011390306754037738, 'joy_linguistic': 1.0, 'joy_sentence_count': 1}",0.14511652290821075,0.1251283884048462,0.7080494165420532,0.006435848772525787,0.004464942961931229,0.009665864519774914,0.0011390306754037738,0.0,0.0,1.0,0.0,0.0,0.0,0.0,0.0,0.0,1.0,0.0,0.0,0.0,0.0,joy
"Tbh i learn more from social media frr, like i dont even understand what the teacher teach, i'll always look up tutorial on youtubee",945,tbh learn social media frr like dont even understand teacher teach ill always look tutorial youtubee,neutral,0.5726675391197205,-1,"{'neutral': 0.4670686423778534, 'sadness': 0.25426775217056274, 'surprise': 0.21283629536628723, 'joy': 0.03197522088885307, 'anger': 0.017999159172177315, 'fear': 0.009052555076777935, 'disgust': 0.006800343282520771}",0.4670686423778534,0.21283629536628723,0.03197522088885307,0.017999159172177315,0.009052555076777935,0.25426775217056274,0.006800343282520771,0.0,0.0,0.0,0.0,0.0,0.0,0.0,0.0,0.0,0.0,0.0,0.0,0.0,0.0,neutral
"That math they showed would not have fazed me if I had a kid in school who brought it home. It does make sense, it’s just weird because it’s essentially the formalization of the lazy method I use in my head to crunch numbers nowadays as an adult, after having spent a childhood learning the traditional way. I think the traditional way is perhaps more methodical and better for explaining arithmetic conceptually, so I don’t think I favor the common core method, but I wouldn’t protest in the streets over it. 

Also, what part of common core did parents not like that isn’t math? Like, you literally don’t hear any other examples. Did millions of parents just collectively experience math panic and then common core saw the door? Don’t know how I feel about that…",946,math showed would fazed kid school brought home make sense weird essentially formalization lazy method use head crunch numbers nowadays adult spent childhood learning traditional way think traditional way perhaps methodical better explaining arithmetic conceptually dont think favor common core method wouldnt protest streets also part common core parents like isnt math like literally dont hear examples millions parents collectively experience math panic common core saw door dont know feel,neutral,0.6743627488613129,18,"{'surprise': 0.7933046221733093, 'fear': 0.15606576204299927, 'anger': 0.027061115950345993, 'joy': 0.011505762115120888, 'neutral': 0.007751572411507368, 'sadness': 0.00352104683406651, 'disgust': 0.000790048623457551, 'surprise_linguistic': 1.0, 'neutral_linguistic': 3.0, 'surprise_sentence_count': 1, 'neutral_sentence_count': 1}",0.007751572411507368,0.7933046221733093,0.011505762115120888,0.027061115950345993,0.15606576204299927,0.00352104683406651,0.000790048623457551,3.0,1.0,0.0,0.0,0.0,0.0,0.0,1.0,1.0,0.0,0.0,0.0,0.0,0.0,neutral
I just realize they used the same video they did a year prior to this one which was 2yrs of now,947,realize used video year prior one yrs,neutral,0.8157338500022888,17,"{'neutral': 0.8133825659751892, 'surprise': 0.1520269811153412, 'sadness': 0.015004756860435009, 'anger': 0.008139031939208508, 'joy': 0.005304671358317137, 'fear': 0.0034807948395609856, 'disgust': 0.0026612086221575737, 'neutral_linguistic': 1.0, 'neutral_sentence_count': 1}",0.8133825659751892,0.1520269811153412,0.005304671358317137,0.008139031939208508,0.0034807948395609856,0.015004756860435009,0.0026612086221575737,1.0,0.0,0.0,0.0,0.0,0.0,0.0,1.0,0.0,0.0,0.0,0.0,0.0,0.0,neutral
THEN THE MEDIA IS LYING TO US ALL THAT MONEY FROM THE LOTTERY WASTED MEDIA ALSO BEATING THE WAR DRUMS CHINA VS USA OVER AN ISLAND THAT BUILDS BICYCLES TAIWAN,948,media lying money lottery wasted media also beating war drums china usa island builds bicycles taiwan,negative,0.8553428053855896,29,"{'anger': 0.40412992238998413, 'sadness': 0.299564003944397, 'neutral': 0.18486393988132477, 'surprise': 0.061342138797044754, 'joy': 0.03588953614234924, 'disgust': 0.012373183853924274, 'fear': 0.0018372808117419481, 'neutral_linguistic': 1.0, 'neutral_sentence_count': 1}",0.18486393988132477,0.061342138797044754,0.03588953614234924,0.40412992238998413,0.0018372808117419481,0.299564003944397,0.012373183853924274,1.0,0.0,0.0,0.0,0.0,0.0,0.0,1.0,0.0,0.0,0.0,0.0,0.0,0.0,neutral
Students are out of control and teachers are not allowed to discipline,949,students control teachers allowed discipline,negative,0.8457504510879517,0,"{'anger': 0.540593683719635, 'neutral': 0.19188794493675232, 'joy': 0.12214681506156921, 'disgust': 0.06663952767848969, 'sadness': 0.034118492156267166, 'surprise': 0.024151550605893135, 'fear': 0.020462073385715485, 'sadness_linguistic': 1.0, 'sadness_sentence_count': 1}",0.19188794493675232,0.024151550605893135,0.12214681506156921,0.540593683719635,0.020462073385715485,0.034118492156267166,0.06663952767848969,0.0,0.0,0.0,0.0,0.0,1.0,0.0,0.0,0.0,0.0,0.0,0.0,1.0,0.0,sadness
Nothing to do with woke unions right?,951,nothing woke unions right,neutral,0.6883755326271057,-1,"{'neutral': 0.4178474545478821, 'anger': 0.41178157925605774, 'surprise': 0.09229402244091034, 'sadness': 0.039623454213142395, 'fear': 0.019418340176343918, 'joy': 0.01534214336425066, 'disgust': 0.0036929280031472445}",0.4178474545478821,0.09229402244091034,0.01534214336425066,0.41178157925605774,0.019418340176343918,0.039623454213142395,0.0036929280031472445,0.0,0.0,0.0,0.0,0.0,0.0,0.0,0.0,0.0,0.0,0.0,0.0,0.0,0.0,neutral
"That’s not the issue, the issue is 1. Parents 2. Budget cuts 3. Horrible curriculums 4. Education culture is toxic in the US",952,thats issue issue parents budget cuts horrible curriculums education culture toxic,negative,0.8980277180671692,-1,"{'fear': 0.8085106611251831, 'disgust': 0.0816628560423851, 'anger': 0.06146256998181343, 'sadness': 0.029400240629911423, 'surprise': 0.007743882946670055, 'neutral': 0.0070949457585811615, 'joy': 0.004124725237488747, 'fear_linguistic': 1.0, 'disgust_linguistic': 1.0, 'fear_sentence_count': 1, 'disgust_sentence_count': 1}",0.0070949457585811615,0.007743882946670055,0.004124725237488747,0.06146256998181343,0.8085106611251831,0.029400240629911423,0.0816628560423851,0.0,0.0,0.0,0.0,1.0,0.0,1.0,0.0,0.0,0.0,0.0,1.0,0.0,1.0,fear
"If you think “wokeness” is the issue, you haven’t seen the 40 person grade  8 classrooms where half the students are reading at a 3rd grade level, parents don’t care, the curriculum is terrible, there isn’t money for field trips",953,think wokeness issue havent seen person grade classrooms half students reading grade level parents dont care curriculum terrible isnt money field trips,negative,0.9215732216835022,-1,"{'fear': 0.5239978432655334, 'surprise': 0.2934974431991577, 'sadness': 0.10284313559532166, 'neutral': 0.03342976048588753, 'anger': 0.025286026298999786, 'disgust': 0.01112283393740654, 'joy': 0.009823000058531761, 'fear_linguistic': 1.0, 'disgust_linguistic': 1.0, 'love_linguistic': 1.0, 'fear_sentence_count': 1, 'disgust_sentence_count': 1, 'love_sentence_count': 1}",0.03342976048588753,0.2934974431991577,0.009823000058531761,0.025286026298999786,0.5239978432655334,0.10284313559532166,0.01112283393740654,0.0,0.0,0.0,0.0,1.0,0.0,1.0,0.0,0.0,0.0,0.0,1.0,0.0,1.0,fear
"Hello Sir/Madam, I would like to do the SAT exam for fun just to get a score but I don't intend to apply to us universities or move there until",954,hello sirmadam would like sat exam fun get score dont intend apply universities move,neutral,0.7200379371643066,-1,"{'sadness': 0.6300039887428284, 'joy': 0.18103978037834167, 'surprise': 0.10214205086231232, 'neutral': 0.0740722268819809, 'anger': 0.008427181281149387, 'fear': 0.003601158270612359, 'disgust': 0.0007135983905754983, 'joy_linguistic': 1.0, 'anger_linguistic': 1.0, 'joy_sentence_count': 1, 'anger_sentence_count': 1}",0.0740722268819809,0.10214205086231232,0.18103978037834167,0.008427181281149387,0.003601158270612359,0.6300039887428284,0.0007135983905754983,0.0,0.0,1.0,1.0,0.0,0.0,0.0,0.0,0.0,1.0,1.0,0.0,0.0,0.0,joy
"Blaming the deep seated challenges of the American education system on Common Core is preposterous.

Can you say, ""low teacher pay, crowded classrooms, disfunctional families, epidemic of student anxiety and depression, ....""",955,blaming deep seated challenges american education system common core preposterous say low teacher pay crowded classrooms disfunctional families epidemic student anxiety depression,negative,0.9193957448005676,0,"{'fear': 0.8987040519714355, 'sadness': 0.05216655135154724, 'neutral': 0.022360624745488167, 'joy': 0.013141129165887833, 'surprise': 0.007848831824958324, 'anger': 0.004891428165137768, 'disgust': 0.0008872977923601866, 'joy_linguistic': 1.0, 'sadness_linguistic': 1.0, 'joy_sentence_count': 1, 'sadness_sentence_count': 1}",0.022360624745488167,0.007848831824958324,0.013141129165887833,0.004891428165137768,0.8987040519714355,0.05216655135154724,0.0008872977923601866,0.0,0.0,1.0,0.0,0.0,1.0,0.0,0.0,0.0,1.0,0.0,0.0,1.0,0.0,fear
The only American education that is being toyed with is in the black community.White kids get to go to private school parkfeed school.Most poor children go to public school and the public school.Kids are not cared about point blank period,956,american education toyed black communitywhite kids get private school parkfeed schoolmost poor children public school public schoolkids cared point blank period,negative,0.8157214522361755,33,"{'joy': 0.5083310604095459, 'neutral': 0.20806074142456055, 'surprise': 0.1441384255886078, 'sadness': 0.08305443823337555, 'anger': 0.05286194756627083, 'disgust': 0.0017848251154646277, 'fear': 0.0017685708589851856, 'love_linguistic': 1.0, 'love_sentence_count': 1}",0.20806074142456055,0.1441384255886078,0.5083310604095459,0.05286194756627083,0.0017685708589851856,0.08305443823337555,0.0017848251154646277,0.0,0.0,0.0,0.0,0.0,0.0,0.0,0.0,0.0,0.0,0.0,0.0,0.0,0.0,joy
Billions of dollars for Ukraine but none for school kids huh?,957,billions dollars ukraine none school kids huh,negative,0.652151882648468,24,"{'neutral': 0.7291935682296753, 'surprise': 0.1348380148410797, 'sadness': 0.10603182017803192, 'anger': 0.014561121352016926, 'disgust': 0.007275663316249847, 'fear': 0.005207555368542671, 'joy': 0.00289227650500834}",0.7291935682296753,0.1348380148410797,0.00289227650500834,0.014561121352016926,0.005207555368542671,0.10603182017803192,0.007275663316249847,0.0,0.0,0.0,0.0,0.0,0.0,0.0,0.0,0.0,0.0,0.0,0.0,0.0,0.0,neutral
ANY GIRL SINGLE MOM WHO MARRY ME AND TAKE ME IN UR COUNTRY,958,girl single mom marry take country,neutral,0.5845516324043274,24,"{'neutral': 0.527177631855011, 'joy': 0.31208956241607666, 'surprise': 0.11506813019514084, 'sadness': 0.02867273800075054, 'anger': 0.008790375664830208, 'fear': 0.006121826823800802, 'disgust': 0.0020797394681721926}",0.527177631855011,0.11506813019514084,0.31208956241607666,0.008790375664830208,0.006121826823800802,0.02867273800075054,0.0020797394681721926,0.0,0.0,0.0,0.0,0.0,0.0,0.0,0.0,0.0,0.0,0.0,0.0,0.0,0.0,neutral
Wow do you really don't know why,959,wow really dont know,negative,0.73506760597229,49,"{'surprise': 0.9807251691818237, 'neutral': 0.006133262533694506, 'sadness': 0.004277289379388094, 'joy': 0.002839141758158803, 'fear': 0.0025327701587229967, 'anger': 0.001984058180823922, 'disgust': 0.0015083494363352656, 'neutral_linguistic': 1.2, 'neutral_sentence_count': 1}",0.006133262533694506,0.9807251691818237,0.002839141758158803,0.001984058180823922,0.0025327701587229967,0.004277289379388094,0.0015083494363352656,1.2,0.0,0.0,0.0,0.0,0.0,0.0,1.0,0.0,0.0,0.0,0.0,0.0,0.0,surprise
"No child left behind.......worst piece of legislation on education ever, and incentivized the pursue of test scores over actual development of childrens' interests.",960,child left behindworst piece legislation education ever incentivized pursue test scores actual development childrens interests,negative,0.9281692504882812,40,"{'neutral': 0.42652058601379395, 'sadness': 0.2287587970495224, 'anger': 0.20127303898334503, 'disgust': 0.08176004886627197, 'surprise': 0.04593401029706001, 'fear': 0.008017363026738167, 'joy': 0.0077361417934298515, 'neutral_linguistic': 1.0, 'neutral_sentence_count': 1}",0.42652058601379395,0.04593401029706001,0.0077361417934298515,0.20127303898334503,0.008017363026738167,0.2287587970495224,0.08176004886627197,1.0,0.0,0.0,0.0,0.0,0.0,0.0,1.0,0.0,0.0,0.0,0.0,0.0,0.0,neutral
It’s failing because it’s run by extreme leftists.,961,failing run extreme leftists,negative,0.9052032232284546,23,"{'anger': 0.9459664225578308, 'sadness': 0.0227119792252779, 'disgust': 0.011533096432685852, 'neutral': 0.008393547497689724, 'fear': 0.008235260844230652, 'surprise': 0.0019117548363283277, 'joy': 0.001247850013896823}",0.008393547497689724,0.0019117548363283277,0.001247850013896823,0.9459664225578308,0.008235260844230652,0.0227119792252779,0.011533096432685852,0.0,0.0,0.0,0.0,0.0,0.0,0.0,0.0,0.0,0.0,0.0,0.0,0.0,0.0,anger
"It fell decades ago, you're seeing it only now",962,fell decades ago youre seeing,negative,0.7261272668838501,17,"{'neutral': 0.48748812079429626, 'surprise': 0.4352585971355438, 'sadness': 0.044506464153528214, 'fear': 0.01752525009214878, 'anger': 0.006864510010927916, 'joy': 0.005861416459083557, 'disgust': 0.002495616441592574}",0.48748812079429626,0.4352585971355438,0.005861416459083557,0.006864510010927916,0.01752525009214878,0.044506464153528214,0.002495616441592574,0.0,0.0,0.0,0.0,0.0,0.0,0.0,0.0,0.0,0.0,0.0,0.0,0.0,0.0,neutral
Can we adopt the standard from other countrys that works for there students.,963,adopt standard countrys works students,neutral,0.7760574221611023,-1,"{'neutral': 0.9405651688575745, 'surprise': 0.027839096263051033, 'sadness': 0.015933329239487648, 'joy': 0.006435943767428398, 'anger': 0.004017279949039221, 'fear': 0.0026558854151517153, 'disgust': 0.002553448313847184}",0.9405651688575745,0.027839096263051033,0.006435943767428398,0.004017279949039221,0.0026558854151517153,0.015933329239487648,0.002553448313847184,0.0,0.0,0.0,0.0,0.0,0.0,0.0,0.0,0.0,0.0,0.0,0.0,0.0,0.0,neutral
"Everyone should go look up Project Follow Through. Teachers need solid evidence based curriculum based on direct instruction and should FOLLOW IT. Unfortunately teachers, who are poorly trained as documented by organizations like NCTQ, simply do NOT know what their kids need by and large - yet THINK they do. Common core has some issues, but isn't horrible. It's giving teachers tools to actually do it, leadership in districts who UNDERSTAND educational research, and FOLLOW THROUGH on doing these things that is the major issue. Looking at critiques on this page it is clear that people don't even have a clue on any of these angles which says a lot. Get ready for another push in the wrong direction now that scores continue to fall - some of the changes I'm starting to see are positive, some are startling. These cycles of education happen all of the time, even though we've figured out a lot about how to teach students well. Like Climate Change, people tend to ignore scientific evidence or do not step up to the amount of political change needed to actually make a real difference per everything we understand. No wonder our current political climate is what it is - and looks like everything is about to get worse regardless of who comes to power...",964,everyone look project follow teachers need solid evidence based curriculum based direct instruction follow unfortunately teachers poorly trained documented organizations like nctq simply know kids need large yet think common core issues isnt horrible giving teachers tools actually leadership districts understand educational research follow things major issue looking critiques page clear people dont even clue angles says lot get ready another push wrong direction scores continue fall changes starting see positive startling cycles education happen time even though weve figured lot teach students well like climate change people tend ignore scientific evidence step amount political change needed actually make real difference per everything understand wonder current political climate looks like everything get worse regardless comes power,negative,0.7271812955538431,0,"{'sadness': 0.6562412977218628, 'surprise': 0.9353569149971008, 'fear': 0.13463373482227325, 'neutral': 0.861725389957428, 'joy': 0.018763191998004913, 'anger': 0.07051371037960052, 'disgust': 0.02371097169816494, 'joy_linguistic': 1.0, 'sadness_linguistic': 1.0, 'fear_linguistic': 1.0, 'disgust_linguistic': 1.0, 'surprise_linguistic': 1.0, 'love_linguistic': 1.0, 'neutral_linguistic': 2.0, 'joy_sentence_count': 1, 'sadness_sentence_count': 1, 'fear_sentence_count': 1, 'disgust_sentence_count': 1, 'surprise_sentence_count': 1, 'love_sentence_count': 1, 'neutral_sentence_count': 1}",0.861725389957428,0.9353569149971008,0.018763191998004913,0.07051371037960052,0.13463373482227325,0.6562412977218628,0.02371097169816494,2.0,1.0,1.0,0.0,1.0,1.0,1.0,1.0,1.0,1.0,0.0,1.0,1.0,1.0,neutral
More about parenting.  Poor Asian and African immigrants flourish in a public education setting America.  They don't even attend expensive and elite prep schools.,965,parenting poor asian african immigrants flourish public education setting america dont even attend expensive elite prep schools,negative,0.7641227841377258,-1,"{'neutral': 0.39788708090782166, 'joy': 0.3638577163219452, 'sadness': 0.10366473346948624, 'anger': 0.08212059736251831, 'surprise': 0.039325885474681854, 'disgust': 0.009777408093214035, 'fear': 0.0033664952497929335, 'sadness_linguistic': 1.0, 'sadness_sentence_count': 1}",0.39788708090782166,0.039325885474681854,0.3638577163219452,0.08212059736251831,0.0033664952497929335,0.10366473346948624,0.009777408093214035,0.0,0.0,0.0,0.0,0.0,1.0,0.0,0.0,0.0,0.0,0.0,0.0,1.0,0.0,sadness
"I taught school when there was not a Federal Department of Education  and when there was a Dept of Education …. School was best when the Fed. Dept of Education DID NOT exist.  Teachers were really teaching, and not federal robots.",966,taught school federal department education dept education school best fed dept education exist teachers really teaching federal robots,positive,0.6269469857215881,0,"{'neutral': 0.5006943941116333, 'surprise': 0.40605422854423523, 'joy': 0.038006942719221115, 'sadness': 0.03245577588677406, 'anger': 0.015008608810603619, 'disgust': 0.004217970184981823, 'fear': 0.0035621365532279015, 'neutral_linguistic': 1.2, 'neutral_sentence_count': 1}",0.5006943941116333,0.40605422854423523,0.038006942719221115,0.015008608810603619,0.0035621365532279015,0.03245577588677406,0.004217970184981823,1.2,0.0,0.0,0.0,0.0,0.0,0.0,1.0,0.0,0.0,0.0,0.0,0.0,0.0,neutral
"Teachers are not respected, nor are they paid enough.  Too much emplasis is placed on American history and not enough on world history.",967,teachers respected paid enough much emplasis placed american history enough world history,negative,0.890285849571228,46,"{'neutral': 0.7600208520889282, 'joy': 0.13840393722057343, 'anger': 0.049581144005060196, 'surprise': 0.019662220031023026, 'disgust': 0.017214862629771233, 'sadness': 0.013294864445924759, 'fear': 0.0018220714991912246, 'love_linguistic': 1.0, 'love_sentence_count': 1}",0.7600208520889282,0.019662220031023026,0.13840393722057343,0.049581144005060196,0.0018220714991912246,0.013294864445924759,0.017214862629771233,0.0,0.0,0.0,0.0,0.0,0.0,0.0,0.0,0.0,0.0,0.0,0.0,0.0,0.0,neutral
"Somewhat agreed. I have a PhD in quantitative methodology (specifically psychometrics). As a research scientist at a University, I made $75,000 for 12-months job. I had to work at home after hours especially when I wrote grant proposals (only way to increase my salary) 10:56 or worked on publications. Most people work extra. So I don’t believe that teachers make “so little”. However, schools and teachers are accountable without any autonomy or adequate support from the school systems. Teachers seem to go through “cook book”. They have to finish units by certain times to be prepared for district assessments. Furthermore, students’ behaviors are getting worse. These might make teachers feel as if they get paid much less than what they deserve.",968,somewhat agreed phd quantitative methodology specifically psychometrics research scientist university made months job work home hours especially wrote grant proposals way increase salary worked publications people work extra dont believe teachers make little however schools teachers accountable without autonomy adequate support school systems teachers seem cook book finish units certain times prepared district assessments furthermore students behaviors getting worse might make teachers feel get paid much less deserve,neutral,0.7911045253276825,2,"{'anger': 0.7090162038803101, 'joy': 0.24334821105003357, 'sadness': 0.21313999593257904, 'disgust': 0.04772532358765602, 'surprise': 0.03511377051472664, 'neutral': 0.031086515635252, 'fear': 0.0033031555358320475, 'anger_linguistic': 1.0, 'neutral_linguistic': 0.5, 'sadness_linguistic': 1.0, 'anger_sentence_count': 1, 'love_sentence_count': 1, 'neutral_sentence_count': 1}",0.031086515635252,0.03511377051472664,0.24334821105003357,0.7090162038803101,0.0033031555358320475,0.21313999593257904,0.04772532358765602,0.5,0.0,0.0,1.0,0.0,1.0,0.0,1.0,0.0,0.0,1.0,0.0,0.0,0.0,anger
Been going down hill for years u didnt notice?,969,going hill years didnt notice,negative,0.7509332895278931,17,"{'surprise': 0.539561927318573, 'neutral': 0.3905150294303894, 'sadness': 0.03397369384765625, 'anger': 0.016533147543668747, 'fear': 0.008576016873121262, 'disgust': 0.007415874395519495, 'joy': 0.0034243138507008553}",0.3905150294303894,0.539561927318573,0.0034243138507008553,0.016533147543668747,0.008576016873121262,0.03397369384765625,0.007415874395519495,0.0,0.0,0.0,0.0,0.0,0.0,0.0,0.0,0.0,0.0,0.0,0.0,0.0,0.0,surprise
It’s broken because the Public Servants called educators have failed in performing their job duties!,970,broken public servants called educators failed performing job duties,negative,0.9187909960746765,0,"{'anger': 0.5127012729644775, 'sadness': 0.3696407675743103, 'neutral': 0.053838975727558136, 'disgust': 0.04104563221335411, 'surprise': 0.013004573062062263, 'fear': 0.008373341523110867, 'joy': 0.0013953946763649583, 'sadness_linguistic': 1.0, 'sadness_sentence_count': 1}",0.053838975727558136,0.013004573062062263,0.0013953946763649583,0.5127012729644775,0.008373341523110867,0.3696407675743103,0.04104563221335411,0.0,0.0,0.0,0.0,0.0,1.0,0.0,0.0,0.0,0.0,0.0,0.0,1.0,0.0,sadness
"How come the self proclaimed educated, destroy everything they touch? Maybe it’s because they’re so smart?😂😂😂😂😂😂😂😂",971,come self proclaimed educated destroy everything touch maybe theyre smart,negative,0.7519683837890625,-1,"{'neutral': 0.28997281193733215, 'joy': 0.27153077721595764, 'anger': 0.24183937907218933, 'surprise': 0.1374651938676834, 'sadness': 0.04252906143665314, 'fear': 0.00938075315207243, 'disgust': 0.00728195533156395, 'neutral_linguistic': 1.0, 'neutral_sentence_count': 1}",0.28997281193733215,0.1374651938676834,0.27153077721595764,0.24183937907218933,0.00938075315207243,0.04252906143665314,0.00728195533156395,1.0,0.0,0.0,0.0,0.0,0.0,0.0,1.0,0.0,0.0,0.0,0.0,0.0,0.0,neutral
"Cowardice. Education is broken due to cowardice. Want to fix education in America? Raise standards, actual standards, not a standardized set of methods. Expel the derelicts. Fail all who do not meet the standard. Offer AFTER school tutoring to the failures. Do not hold back the capable by wasting in class time on the incapable. You can learn math from the beginning to higher order with a pencil, a piece of paper and a 100 year old text book while sitting on a curb in a parking lot. Education will continue to fail, because cowards don’t magically become courageous.",972,cowardice education broken due cowardice want fix education america raise standards actual standards standardized set methods expel derelicts fail meet standard offer school tutoring failures hold back capable wasting class time incapable learn math beginning higher order pencil piece paper year old text book sitting curb parking lot education continue fail cowards dont magically become courageous,negative,0.839176744222641,12,"{'anger': 0.9302610158920288, 'fear': 0.0291034784168005, 'sadness': 0.019254960119724274, 'neutral': 0.011870337650179863, 'joy': 0.004739826079457998, 'disgust': 0.003630278166383505, 'surprise': 0.0011401441879570484, 'sadness_linguistic': 1.0, 'anger_linguistic': 1.0, 'neutral_linguistic': 1.0, 'sadness_sentence_count': 1, 'anger_sentence_count': 1, 'neutral_sentence_count': 1}",0.011870337650179863,0.0011401441879570484,0.004739826079457998,0.9302610158920288,0.0291034784168005,0.019254960119724274,0.003630278166383505,1.0,0.0,0.0,1.0,0.0,1.0,0.0,1.0,0.0,0.0,1.0,0.0,1.0,0.0,anger
"If you want to ran a pseudo democracy you want the electorate as dumb as possible.
Plato and Aristotle, two great pioneers of the European Intellect (in the field of political and social philosophy) discarded Democracy as a good form of government. To plato IGNORANCE was the real curse of democracy. He deemed democracy as a rule of IGNORANCE. Aristotle rejected Democracy on the grounds of it being a perverted form of polity ruled by the poor, ineligible people. Democracy is categorized as least efficient in his classification of different forms of government.",973,want ran pseudo democracy want electorate dumb possible plato aristotle two great pioneers european intellect field political social philosophy discarded democracy good form government plato ignorance real curse democracy deemed democracy rule ignorance aristotle rejected democracy grounds perverted form polity ruled poor ineligible people democracy categorized least efficient classification different forms government,negative,0.7803400754928589,10,"{'sadness': 0.7089408040046692, 'anger': 0.1066955178976059, 'neutral': 0.06470905989408493, 'surprise': 0.0596194863319397, 'joy': 0.05389999970793724, 'disgust': 0.004204306285828352, 'fear': 0.0019308360060676932, 'joy_linguistic': 1.0, 'neutral_linguistic': 1.0, 'joy_sentence_count': 1, 'neutral_sentence_count': 1}",0.06470905989408493,0.0596194863319397,0.05389999970793724,0.1066955178976059,0.0019308360060676932,0.7089408040046692,0.004204306285828352,1.0,0.0,1.0,0.0,0.0,0.0,0.0,1.0,0.0,1.0,0.0,0.0,0.0,0.0,sadness
I dropped out before the end of my first year in high school in mid 2022.,974,dropped end first year high school mid,neutral,0.5920190811157227,26,"{'surprise': 0.43601053953170776, 'neutral': 0.37171703577041626, 'anger': 0.05956876650452614, 'sadness': 0.05323987081646919, 'fear': 0.04269407317042351, 'joy': 0.028250141069293022, 'disgust': 0.008519618771970272}",0.37171703577041626,0.43601053953170776,0.028250141069293022,0.05956876650452614,0.04269407317042351,0.05323987081646919,0.008519618771970272,0.0,0.0,0.0,0.0,0.0,0.0,0.0,0.0,0.0,0.0,0.0,0.0,0.0,0.0,surprise
Not there's only one human aliens wrong,975,theres one human aliens wrong,negative,0.6129065752029419,44,"{'anger': 0.7437838912010193, 'sadness': 0.09976652264595032, 'neutral': 0.08255185186862946, 'disgust': 0.057652078568935394, 'surprise': 0.00664740102365613, 'fear': 0.0059606218710541725, 'joy': 0.00363756506703794}",0.08255185186862946,0.00664740102365613,0.00363756506703794,0.7437838912010193,0.0059606218710541725,0.09976652264595032,0.057652078568935394,0.0,0.0,0.0,0.0,0.0,0.0,0.0,0.0,0.0,0.0,0.0,0.0,0.0,0.0,anger
"Right person, place, plan, process",976,right person place plan process,neutral,0.6092290282249451,-1,"{'neutral': 0.9588847756385803, 'surprise': 0.013779670000076294, 'joy': 0.009592468850314617, 'anger': 0.009236215613782406, 'sadness': 0.003354617627337575, 'fear': 0.0030542961321771145, 'disgust': 0.0020978779066354036}",0.9588847756385803,0.013779670000076294,0.009592468850314617,0.009236215613782406,0.0030542961321771145,0.003354617627337575,0.0020978779066354036,0.0,0.0,0.0,0.0,0.0,0.0,0.0,0.0,0.0,0.0,0.0,0.0,0.0,0.0,neutral
"One major thing that contributes to failing schools is teacher's unions. They exist for power, not for the education of kids. Ohter things need work for sure, but taking the stranglehold of the unions off the schools will help.",977,one major thing contributes failing schools teachers unions exist power education kids ohter things need work sure taking stranglehold unions schools help,negative,0.8776190280914307,14,"{'sadness': 0.8600035309791565, 'anger': 0.04832536727190018, 'fear': 0.03164898231625557, 'neutral': 0.02591181918978691, 'joy': 0.020686723291873932, 'surprise': 0.00980502087622881, 'disgust': 0.0036184871569275856}",0.02591181918978691,0.00980502087622881,0.020686723291873932,0.04832536727190018,0.03164898231625557,0.8600035309791565,0.0036184871569275856,0.0,0.0,0.0,0.0,0.0,0.0,0.0,0.0,0.0,0.0,0.0,0.0,0.0,0.0,sadness
"Even a similar situation in uk,canad australia etc, even as ibepve heard from my panpals there + internet resrsch",978,even similar situation ukcanad australia etc even ibepve heard panpals internet resrsch,neutral,0.6979639530181885,7,"{'neutral': 0.5883998274803162, 'surprise': 0.3254127502441406, 'sadness': 0.04332251846790314, 'fear': 0.025210948660969734, 'joy': 0.009654569439589977, 'anger': 0.005410867277532816, 'disgust': 0.002588557777926326}",0.5883998274803162,0.3254127502441406,0.009654569439589977,0.005410867277532816,0.025210948660969734,0.04332251846790314,0.002588557777926326,0.0,0.0,0.0,0.0,0.0,0.0,0.0,0.0,0.0,0.0,0.0,0.0,0.0,0.0,neutral
"Yet the most important thing that is finances, never was teach. So i wasted 18yrs of school that only used in like 10% of what i have learn. I have to learn finance later in life as an adult.",980,yet important thing finances never teach wasted yrs school used like learn learn finance later life adult,negative,0.7263866662979126,55,"{'sadness': 0.9055324196815491, 'neutral': 0.04236719012260437, 'anger': 0.02028234861791134, 'surprise': 0.014305846765637398, 'disgust': 0.008128372021019459, 'joy': 0.006297007203102112, 'fear': 0.0030866917222738266}",0.04236719012260437,0.014305846765637398,0.006297007203102112,0.02028234861791134,0.0030866917222738266,0.9055324196815491,0.008128372021019459,0.0,0.0,0.0,0.0,0.0,0.0,0.0,0.0,0.0,0.0,0.0,0.0,0.0,0.0,sadness
"I believe the educational system can be better, but I don't think it's failing America. I think parents and kids themselves are failing the educational system, in those neighborhoods where it's an issue.",982,believe educational system better dont think failing america think parents kids failing educational system neighborhoods issue,negative,0.7210146188735962,0,"{'sadness': 0.7571600079536438, 'surprise': 0.13223645091056824, 'anger': 0.0397598072886467, 'neutral': 0.03570433706045151, 'joy': 0.02368493191897869, 'fear': 0.009827903471887112, 'disgust': 0.0016266185557469726}",0.03570433706045151,0.13223645091056824,0.02368493191897869,0.0397598072886467,0.009827903471887112,0.7571600079536438,0.0016266185557469726,0.0,0.0,0.0,0.0,0.0,0.0,0.0,0.0,0.0,0.0,0.0,0.0,0.0,0.0,sadness
"I still holding on, Java and css cannot be allowed for web, the system already implementation.",983,still holding java css cannot allowed web system already implementation,negative,0.6722042560577393,-1,"{'neutral': 0.6151258945465088, 'sadness': 0.23733407258987427, 'anger': 0.06796284019947052, 'surprise': 0.054829228669404984, 'disgust': 0.012966880574822426, 'fear': 0.008269067853689194, 'joy': 0.0035121371038258076, 'sadness_linguistic': 1.0, 'sadness_sentence_count': 1}",0.6151258945465088,0.054829228669404984,0.0035121371038258076,0.06796284019947052,0.008269067853689194,0.23733407258987427,0.012966880574822426,0.0,0.0,0.0,0.0,0.0,1.0,0.0,0.0,0.0,0.0,0.0,0.0,1.0,0.0,sadness
"Remove the public license, I be back...",984,remove public license back,neutral,0.7445838451385498,-1,"{'neutral': 0.9251380562782288, 'surprise': 0.024285830557346344, 'sadness': 0.02226654440164566, 'anger': 0.01730017177760601, 'disgust': 0.005016902927309275, 'joy': 0.0031084318179637194, 'fear': 0.0028839819133281708}",0.9251380562782288,0.024285830557346344,0.0031084318179637194,0.01730017177760601,0.0028839819133281708,0.02226654440164566,0.005016902927309275,0.0,0.0,0.0,0.0,0.0,0.0,0.0,0.0,0.0,0.0,0.0,0.0,0.0,0.0,neutral
"People education was writen to stimulate the economic.

Alot things have they done to stimulate the economic amd make victims! Some embro are forbidden some match also not allowed some food are also not allowed but rhey put at in restaurant to ill people!",985,people education writen stimulate economic alot things done stimulate economic amd make victims embro forbidden match also allowed food also allowed rhey put restaurant ill people,negative,0.7536343932151794,19,"{'sadness': 0.3788509964942932, 'surprise': 0.28117725253105164, 'joy': 0.18125632405281067, 'neutral': 0.09089682996273041, 'anger': 0.06205225735902786, 'fear': 0.0031005041673779488, 'disgust': 0.0026659155264496803, 'sadness_linguistic': 1.0, 'neutral_linguistic': 1.0, 'sadness_sentence_count': 1, 'neutral_sentence_count': 1}",0.09089682996273041,0.28117725253105164,0.18125632405281067,0.06205225735902786,0.0031005041673779488,0.3788509964942932,0.0026659155264496803,1.0,0.0,0.0,0.0,0.0,1.0,0.0,1.0,0.0,0.0,0.0,0.0,1.0,0.0,sadness
Wtf ISN'T broken in the U.S?,987,wtf isnt broken,negative,0.8743244409561157,13,"{'anger': 0.5202712416648865, 'surprise': 0.2811010479927063, 'disgust': 0.11192508041858673, 'sadness': 0.042698465287685394, 'neutral': 0.0346602126955986, 'fear': 0.006784189026802778, 'joy': 0.0025598073843866587, 'sadness_linguistic': 1.0, 'sadness_sentence_count': 1}",0.0346602126955986,0.2811010479927063,0.0025598073843866587,0.5202712416648865,0.006784189026802778,0.042698465287685394,0.11192508041858673,0.0,0.0,0.0,0.0,0.0,1.0,0.0,0.0,0.0,0.0,0.0,0.0,1.0,0.0,sadness
"It’s not, the worst states are all republican run, Texas Alabama and Louisiana  are all horrible performers, and all conservative.",988,worst states republican run texas alabama louisiana horrible performers conservative,negative,0.9417147040367126,41,"{'fear': 0.822478175163269, 'sadness': 0.08512967079877853, 'anger': 0.035812102258205414, 'disgust': 0.026481542736291885, 'surprise': 0.010927523486316204, 'joy': 0.010886337608098984, 'neutral': 0.00828469730913639, 'fear_linguistic': 1.0, 'disgust_linguistic': 1.0, 'fear_sentence_count': 1, 'disgust_sentence_count': 1}",0.00828469730913639,0.010927523486316204,0.010886337608098984,0.035812102258205414,0.822478175163269,0.08512967079877853,0.026481542736291885,0.0,0.0,0.0,0.0,1.0,0.0,1.0,0.0,0.0,0.0,0.0,1.0,0.0,1.0,fear
How its been happening when trump was president too,989,happening trump president,neutral,0.6428248882293701,50,"{'joy': 0.5816993117332458, 'surprise': 0.3669348359107971, 'neutral': 0.026213321834802628, 'sadness': 0.0175956878811121, 'fear': 0.004805678501725197, 'anger': 0.0020622469019144773, 'disgust': 0.0006889234646223485}",0.026213321834802628,0.3669348359107971,0.5816993117332458,0.0020622469019144773,0.004805678501725197,0.0175956878811121,0.0006889234646223485,0.0,0.0,0.0,0.0,0.0,0.0,0.0,0.0,0.0,0.0,0.0,0.0,0.0,0.0,joy
"More people need to start teaching themselves by writing down notes of words that they do not understand. They can collect educational information, free of charge, from here, Google, physical books, and other various sources. If more people become self-taught, they can really reach their professional, personal, and financial goals.",990,people need start teaching writing notes words understand collect educational information free charge google physical books various sources people become selftaught really reach professional personal financial goals,neutral,0.7057229280471802,55,"{'neutral': 0.5916685461997986, 'joy': 0.2777138650417328, 'surprise': 0.08027878403663635, 'anger': 0.022410623729228973, 'fear': 0.01420633215457201, 'sadness': 0.011125702410936356, 'disgust': 0.0025961934588849545, 'neutral_linguistic': 1.2, 'neutral_sentence_count': 1}",0.5916685461997986,0.08027878403663635,0.2777138650417328,0.022410623729228973,0.01420633215457201,0.011125702410936356,0.0025961934588849545,1.2,0.0,0.0,0.0,0.0,0.0,0.0,1.0,0.0,0.0,0.0,0.0,0.0,0.0,neutral
Pay the teachers❤,991,pay teachers,positive,0.6543614864349365,2,"{'sadness': 0.3382638096809387, 'neutral': 0.2860059440135956, 'anger': 0.262745201587677, 'surprise': 0.05218776315450668, 'disgust': 0.046335842460393906, 'joy': 0.009557819925248623, 'fear': 0.004903556779026985}",0.2860059440135956,0.05218776315450668,0.009557819925248623,0.262745201587677,0.004903556779026985,0.3382638096809387,0.046335842460393906,0.0,0.0,0.0,0.0,0.0,0.0,0.0,0.0,0.0,0.0,0.0,0.0,0.0,0.0,sadness
Quit rewarding students for just meeting expectations.,992,quit rewarding students meeting expectations,negative,0.7510814070701599,-1,"{'anger': 0.709731936454773, 'sadness': 0.12339655309915543, 'neutral': 0.1196131482720375, 'disgust': 0.03269287571310997, 'joy': 0.008524461649358273, 'surprise': 0.0047956728376448154, 'fear': 0.0012453342787921429}",0.1196131482720375,0.0047956728376448154,0.008524461649358273,0.709731936454773,0.0012453342787921429,0.12339655309915543,0.03269287571310997,0.0,0.0,0.0,0.0,0.0,0.0,0.0,0.0,0.0,0.0,0.0,0.0,0.0,0.0,anger
Because of woke,993,woke,neutral,0.5698979496955872,-1,,,,,,,,,,,,,,,,,,,,,,,
"One word describes demise…
“Democracy”
Of which we have been told and lied to regarding what democracy actually represents… “slavery”!  Then prejudice and racism- then violence- and a curriculum designed to create chaos.",994,one word describes demise democracy told lied regarding democracy actually represents slavery prejudice racism violence curriculum designed create chaos,negative,0.9064145088195801,-1,"{'anger': 0.4242556691169739, 'sadness': 0.24993781745433807, 'neutral': 0.15702715516090393, 'fear': 0.10152903199195862, 'disgust': 0.05338756740093231, 'surprise': 0.011186250485479832, 'joy': 0.002676543081179261, 'love_linguistic': 1.0, 'neutral_linguistic': 1.0, 'love_sentence_count': 1, 'neutral_sentence_count': 1}",0.15702715516090393,0.011186250485479832,0.002676543081179261,0.4242556691169739,0.10152903199195862,0.24993781745433807,0.05338756740093231,1.0,0.0,0.0,0.0,0.0,0.0,0.0,1.0,0.0,0.0,0.0,0.0,0.0,0.0,neutral
Wait minus (-) is on the other side?,995,wait minus side,neutral,0.812418520450592,23,"{'neutral': 0.9211994409561157, 'fear': 0.02391955628991127, 'surprise': 0.016162650659680367, 'anger': 0.015393942594528198, 'sadness': 0.013965987600386143, 'disgust': 0.007510916329920292, 'joy': 0.0018474818207323551}",0.9211994409561157,0.016162650659680367,0.0018474818207323551,0.015393942594528198,0.02391955628991127,0.013965987600386143,0.007510916329920292,0.0,0.0,0.0,0.0,0.0,0.0,0.0,0.0,0.0,0.0,0.0,0.0,0.0,0.0,neutral
Kids don’t have a father figure to direct them at home some the two parents now work more than 40 hours. Teachers don’t get paid enough to do their jobs. Infrastructure is crumbling. Overpopulation in schools. GOP breaking the system so they can install their for profit BS.,996,kids dont father figure direct home two parents work hours teachers dont get paid enough jobs infrastructure crumbling overpopulation schools gop breaking system install profit,negative,0.8846094608306885,-1,"{'sadness': 0.8117112517356873, 'anger': 0.06548704952001572, 'neutral': 0.04813598096370697, 'surprise': 0.04581356793642044, 'joy': 0.023735174909234047, 'disgust': 0.0028337002731859684, 'fear': 0.002283291658386588}",0.04813598096370697,0.04581356793642044,0.023735174909234047,0.06548704952001572,0.002283291658386588,0.8117112517356873,0.0028337002731859684,0.0,0.0,0.0,0.0,0.0,0.0,0.0,0.0,0.0,0.0,0.0,0.0,0.0,0.0,sadness
"I stand corrected, the more I watch, the more I realize, teachers are grossly underpaid",997,stand corrected watch realize teachers grossly underpaid,negative,0.7208541035652161,2,"{'sadness': 0.641007125377655, 'anger': 0.2576695680618286, 'disgust': 0.0471687950193882, 'surprise': 0.022541318088769913, 'neutral': 0.020057177171111107, 'fear': 0.009624132886528969, 'joy': 0.001931919832713902, 'disgust_linguistic': 1.0, 'neutral_linguistic': 1.0, 'disgust_sentence_count': 1, 'neutral_sentence_count': 1}",0.020057177171111107,0.022541318088769913,0.001931919832713902,0.2576695680618286,0.009624132886528969,0.641007125377655,0.0471687950193882,1.0,0.0,0.0,0.0,0.0,0.0,1.0,1.0,0.0,0.0,0.0,0.0,0.0,1.0,disgust
"Teachers need to teach, not just run a class, kids need to quit rocking and rolling, and go to work, I heard we have the lowest academic achievement in the developed wold, I'd copy Japan, or do something, I wouldn't throw any more money at it, I heard kids are flying in the private school system. The old teachers aren't getting paid enough, isn't the problem,",998,teachers need teach run class kids need quit rocking rolling work heard lowest academic achievement developed wold copy japan something wouldnt throw money heard kids flying private school system old teachers arent getting paid enough isnt problem,negative,0.6534867286682129,-1,"{'sadness': 0.7764738202095032, 'surprise': 0.07172911614179611, 'neutral': 0.06792505085468292, 'anger': 0.05764231085777283, 'joy': 0.019549112766981125, 'disgust': 0.003349335165694356, 'fear': 0.0033312446903437376, 'sadness_linguistic': 1.0, 'sadness_sentence_count': 1}",0.06792505085468292,0.07172911614179611,0.019549112766981125,0.05764231085777283,0.0033312446903437376,0.7764738202095032,0.003349335165694356,0.0,0.0,0.0,0.0,0.0,1.0,0.0,0.0,0.0,0.0,0.0,0.0,1.0,0.0,sadness
The wages is even below of Chile☠️,999,wages even chile,negative,0.9052745699882507,2,"{'neutral': 0.8470695614814758, 'disgust': 0.08678972721099854, 'joy': 0.028381075710058212, 'anger': 0.018661610782146454, 'sadness': 0.011389525607228279, 'surprise': 0.005808297544717789, 'fear': 0.0019000963075086474}",0.8470695614814758,0.005808297544717789,0.028381075710058212,0.018661610782146454,0.0019000963075086474,0.011389525607228279,0.08678972721099854,0.0,0.0,0.0,0.0,0.0,0.0,0.0,0.0,0.0,0.0,0.0,0.0,0.0,0.0,neutral
@…  I am an engineer. I am well educated with modern science and technology. I am a concervative when speaking of illegal immigrantion. They are thousands of third world contry alien go through our border. liberal let this happen and those alien are happy voting for liberal. Luckily you are not one of them.,1000,engineer well educated modern science technology concervative speaking illegal immigrantion thousands third world contry alien border liberal let happen alien happy voting liberal luckily one,neutral,0.6285601854324341,-1,"{'joy': 0.5423189401626587, 'neutral': 0.2761811316013336, 'surprise': 0.13057424128055573, 'anger': 0.02591978758573532, 'sadness': 0.02050267532467842, 'fear': 0.003260015044361353, 'disgust': 0.001243185717612505, 'joy_linguistic': 1.0, 'joy_sentence_count': 1}",0.2761811316013336,0.13057424128055573,0.5423189401626587,0.02591978758573532,0.003260015044361353,0.02050267532467842,0.001243185717612505,0.0,0.0,1.0,0.0,0.0,0.0,0.0,0.0,0.0,1.0,0.0,0.0,0.0,0.0,joy
