comment_text,original_line,clean_text,sentiment,confidence,topic,emotions,neutral,surprise,joy,anger,sadness,disgust,fear,neutral_linguistic,surprise_linguistic,joy_linguistic,anger_linguistic,sadness_linguistic,disgust_linguistic,fear_linguistic,neutral_sentence_count,surprise_sentence_count,joy_sentence_count,anger_sentence_count,sadness_sentence_count,disgust_sentence_count,fear_sentence_count,dominant_emotion
"Why does Finland have the best education system?

It actually treats kids like kids.",1,finland best education system actually treats kids like kids,positive,0.7131696343421936,0,"{'neutral': 0.7801632881164551, 'surprise': 0.10060634464025497, 'joy': 0.0885973572731018, 'anger': 0.011692848987877369, 'sadness': 0.011192595586180687, 'disgust': 0.006378136575222015, 'fear': 0.0013694269582629204, 'neutral_linguistic': 1.0, 'neutral_sentence_count': 1}",0.7801632881164551,0.10060634464025497,0.0885973572731018,0.011692848987877369,0.011192595586180687,0.006378136575222015,0.0013694269582629204,1.0,0.0,0.0,0.0,0.0,0.0,0.0,1.0,0.0,0.0,0.0,0.0,0.0,0.0,neutral
this video makes me wanna restart life in Finland,2,video makes wanna restart life finland,negative,0.5743047595024109,8,"{'neutral': 0.48034241795539856, 'sadness': 0.3079289495944977, 'surprise': 0.13361786305904388, 'joy': 0.05719895660877228, 'anger': 0.01051402185112238, 'fear': 0.007929105311632156, 'disgust': 0.0024686772376298904}",0.48034241795539856,0.13361786305904388,0.05719895660877228,0.01051402185112238,0.3079289495944977,0.0024686772376298904,0.007929105311632156,0.0,0.0,0.0,0.0,0.0,0.0,0.0,0.0,0.0,0.0,0.0,0.0,0.0,0.0,neutral
Teachers in US fail to realize that cramming a whole lot of info and homework into students destroys their desire to learn anything,3,teachers fail realize cramming whole lot info homework students destroys desire learn anything,negative,0.784904956817627,3,"{'neutral': 0.31702300906181335, 'sadness': 0.2736053466796875, 'anger': 0.19680510461330414, 'surprise': 0.111069455742836, 'disgust': 0.049428656697273254, 'fear': 0.036471787840127945, 'joy': 0.015596644021570683, 'neutral_linguistic': 1.0, 'neutral_sentence_count': 1}",0.31702300906181335,0.111069455742836,0.015596644021570683,0.19680510461330414,0.2736053466796875,0.049428656697273254,0.036471787840127945,1.0,0.0,0.0,0.0,0.0,0.0,0.0,1.0,0.0,0.0,0.0,0.0,0.0,0.0,neutral
I hope my teachers got this in their  yt recommend,4,hope teachers got recommend,neutral,0.6408839225769043,4,"{'neutral': 0.6959838271141052, 'joy': 0.21261681616306305, 'surprise': 0.05683472380042076, 'sadness': 0.02430751733481884, 'anger': 0.0049935271963477135, 'disgust': 0.00350372726097703, 'fear': 0.0017598819686099887}",0.6959838271141052,0.05683472380042076,0.21261681616306305,0.0049935271963477135,0.02430751733481884,0.00350372726097703,0.0017598819686099887,0.0,0.0,0.0,0.0,0.0,0.0,0.0,0.0,0.0,0.0,0.0,0.0,0.0,0.0,neutral
Am I the only one who hate when Americans brag about being #1 ??,5,one hate americans brag,negative,0.8639731407165527,5,"{'anger': 0.7928062677383423, 'disgust': 0.10004071891307831, 'neutral': 0.056118451058864594, 'joy': 0.022927289828658104, 'sadness': 0.020185166969895363, 'surprise': 0.00543959392234683, 'fear': 0.0024826093576848507}",0.056118451058864594,0.00543959392234683,0.022927289828658104,0.7928062677383423,0.020185166969895363,0.10004071891307831,0.0024826093576848507,0.0,0.0,0.0,0.0,0.0,0.0,0.0,0.0,0.0,0.0,0.0,0.0,0.0,0.0,anger
The education system is the U.S. isn't changing. I now realize that,6,education system isnt changing realize,negative,0.5330867767333984,1,"{'neutral': 0.6442043781280518, 'surprise': 0.18915720283985138, 'sadness': 0.11250589042901993, 'anger': 0.02065229043364525, 'disgust': 0.014865543693304062, 'fear': 0.010880040004849434, 'joy': 0.007734636776149273, 'neutral_linguistic': 1.0, 'neutral_sentence_count': 1}",0.6442043781280518,0.18915720283985138,0.007734636776149273,0.02065229043364525,0.11250589042901993,0.014865543693304062,0.010880040004849434,1.0,0.0,0.0,0.0,0.0,0.0,0.0,1.0,0.0,0.0,0.0,0.0,0.0,0.0,neutral
Only Americans think America is great.,7,americans think america great,positive,0.39839285612106323,5,"{'neutral': 0.4928549528121948, 'surprise': 0.25146323442459106, 'joy': 0.21693803369998932, 'sadness': 0.019553659483790398, 'anger': 0.012526054866611958, 'fear': 0.0057482048869132996, 'disgust': 0.0009158711181953549, 'joy_linguistic': 1.0, 'joy_sentence_count': 1}",0.4928549528121948,0.25146323442459106,0.21693803369998932,0.012526054866611958,0.019553659483790398,0.0009158711181953549,0.0057482048869132996,0.0,0.0,1.0,0.0,0.0,0.0,0.0,0.0,0.0,1.0,0.0,0.0,0.0,0.0,joy
"Asian parents: Finland how you so smart nah?
Finland: no homework and less school time.
Asian parents: WTF!!!",8,asian parents finland smart nah finland homework less school time asian parents wtf,neutral,0.4597972333431244,0,"{'surprise': 0.3495651185512543, 'anger': 0.33020687103271484, 'sadness': 0.16238312423229218, 'neutral': 0.07203926891088486, 'fear': 0.032961174845695496, 'disgust': 0.02786748670041561, 'joy': 0.024976925924420357}",0.07203926891088486,0.3495651185512543,0.024976925924420357,0.33020687103271484,0.16238312423229218,0.02786748670041561,0.032961174845695496,0.0,0.0,0.0,0.0,0.0,0.0,0.0,0.0,0.0,0.0,0.0,0.0,0.0,0.0,surprise
The school system: were gonna pretend that we didn’t see this,9,school system gonna pretend didnt see,negative,0.7519429326057434,1,"{'disgust': 0.3143262565135956, 'anger': 0.29890143871307373, 'neutral': 0.259067565202713, 'surprise': 0.05888782814145088, 'sadness': 0.044957514852285385, 'fear': 0.011972975917160511, 'joy': 0.011886459775269032}",0.259067565202713,0.05888782814145088,0.011886459775269032,0.29890143871307373,0.044957514852285385,0.3143262565135956,0.011972975917160511,0.0,0.0,0.0,0.0,0.0,0.0,0.0,0.0,0.0,0.0,0.0,0.0,0.0,0.0,disgust
"There are usually 2 things:

US can not:
1. Listen Without Defending
2. Speak Without Defending.
3. Stop poking their filthy, corrupt and evil governmental nose in peaceful matters of other countries",10,usually things listen without defending speak without defending stop poking filthy corrupt evil governmental nose peaceful matters countries,negative,0.8010212779045105,-1,"{'anger': 0.8082567453384399, 'disgust': 0.16659954190254211, 'neutral': 0.010283016599714756, 'sadness': 0.007982131093740463, 'fear': 0.005050754174590111, 'joy': 0.0009262546664103866, 'surprise': 0.0009015236864797771, 'fear_linguistic': 1.0, 'sadness_linguistic': 0.5, 'fear_sentence_count': 1, 'neutral_sentence_count': 1}",0.010283016599714756,0.0009015236864797771,0.0009262546664103866,0.8082567453384399,0.007982131093740463,0.16659954190254211,0.005050754174590111,0.0,0.0,0.0,0.0,0.5,0.0,1.0,1.0,0.0,0.0,0.0,0.0,0.0,1.0,anger
Me and the boys gonna buy an airplane and go to Finland.,11,boys gonna buy airplane finland,neutral,0.7535250186920166,0,"{'neutral': 0.7649877667427063, 'surprise': 0.10254024714231491, 'joy': 0.05728510394692421, 'sadness': 0.04174596816301346, 'anger': 0.018339352682232857, 'disgust': 0.010466577485203743, 'fear': 0.00463496707379818}",0.7649877667427063,0.10254024714231491,0.05728510394692421,0.018339352682232857,0.04174596816301346,0.010466577485203743,0.00463496707379818,0.0,0.0,0.0,0.0,0.0,0.0,0.0,0.0,0.0,0.0,0.0,0.0,0.0,0.0,neutral
"American schools are dependent of their state, not their entire country, so that point is irrelevant",12,american schools dependent state entire country point irrelevant,negative,0.5042892098426819,1,"{'neutral': 0.46390441060066223, 'surprise': 0.1833808422088623, 'anger': 0.1580384522676468, 'sadness': 0.1410667449235916, 'fear': 0.020264534279704094, 'disgust': 0.018501052632927895, 'joy': 0.014844055287539959}",0.46390441060066223,0.1833808422088623,0.014844055287539959,0.1580384522676468,0.1410667449235916,0.018501052632927895,0.020264534279704094,0.0,0.0,0.0,0.0,0.0,0.0,0.0,0.0,0.0,0.0,0.0,0.0,0.0,0.0,neutral
"I really wish we would consider more of the Fin's ideas on education. We teach our kids to study  to get that perfect job with a big pay check instead of teaching them to find themselves respect themselves and find what makes them happy. Money doesn't buy happiness...neither does stuff that is pushed on us every minute of the day. Fin's have far less stuff than we do, smaller homes, ride bikes everywhere and are far happier than we are.  We need to sit up and pay attention. Some change wouldn't hurt us at all especially with the school system in the USA!",13,really wish would consider fins ideas education teach kids study get perfect job big pay check instead teaching find respect find makes happy money doesnt buy happinessneither stuff pushed every minute day fins far less stuff smaller homes ride bikes everywhere far happier need sit pay attention change wouldnt hurt especially school system usa,neutral,0.5292604267597198,-1,"{'sadness': 0.4600655138492584, 'joy': 0.3030771315097809, 'surprise': 0.19546467065811157, 'neutral': 0.033017128705978394, 'anger': 0.0056996773928403854, 'fear': 0.0021556562278419733, 'disgust': 0.0005202622851356864, 'joy_linguistic': 1.2, 'sadness_linguistic': 1.2, 'love_linguistic': 2.4, 'neutral_linguistic': 1.2, 'joy_sentence_count': 1, 'sadness_sentence_count': 1, 'love_sentence_count': 1, 'neutral_sentence_count': 1}",0.033017128705978394,0.19546467065811157,0.3030771315097809,0.0056996773928403854,0.4600655138492584,0.0005202622851356864,0.0021556562278419733,1.2,0.0,1.2,0.0,1.2,0.0,0.0,1.0,0.0,1.0,0.0,1.0,0.0,0.0,sadness
"Bro I got 2 yrs of school left and every minute feels like an hour I hate the education system and I wish it was more like Finland's, so far I'm really hating school with a passion",14,bro got yrs school left every minute feels like hour hate education system wish like finlands far really hating school passion,negative,0.9545286893844604,-1,"{'anger': 0.5527092218399048, 'sadness': 0.3712073266506195, 'surprise': 0.029681479558348656, 'neutral': 0.020282428711652756, 'joy': 0.015013016760349274, 'disgust': 0.007206995505839586, 'fear': 0.003899590577930212, 'love_linguistic': 1.2, 'neutral_linguistic': 1.2, 'love_sentence_count': 1, 'neutral_sentence_count': 1}",0.020282428711652756,0.029681479558348656,0.015013016760349274,0.5527092218399048,0.3712073266506195,0.007206995505839586,0.003899590577930212,1.2,0.0,0.0,0.0,0.0,0.0,0.0,1.0,0.0,0.0,0.0,0.0,0.0,0.0,neutral
I want to kill myself,15,want kill,negative,0.8035392165184021,-1,,,,,,,,,,,,,,,,,,,,,,,
"me: i want in Finland

my Dad: well son. if you want go to Finland, have a good grades 

OOF",16,want finland dad well son want finland good grades oof,positive,0.5402929186820984,0,"{'neutral': 0.46062588691711426, 'joy': 0.3069656193256378, 'surprise': 0.11670911312103271, 'sadness': 0.09996985644102097, 'anger': 0.01141563430428505, 'disgust': 0.002341359155252576, 'fear': 0.001972569851204753}",0.46062588691711426,0.11670911312103271,0.3069656193256378,0.01141563430428505,0.09996985644102097,0.002341359155252576,0.001972569851204753,0.0,0.0,0.0,0.0,0.0,0.0,0.0,0.0,0.0,0.0,0.0,0.0,0.0,0.0,neutral
The number of people does not matter at all,17,number people matter,negative,0.47899097204208374,6,"{'neutral': 0.6546284556388855, 'surprise': 0.16057772934436798, 'anger': 0.10454723984003067, 'joy': 0.03714851662516594, 'sadness': 0.02484143152832985, 'disgust': 0.010286044329404831, 'fear': 0.007970538921654224}",0.6546284556388855,0.16057772934436798,0.03714851662516594,0.10454723984003067,0.02484143152832985,0.010286044329404831,0.007970538921654224,0.0,0.0,0.0,0.0,0.0,0.0,0.0,0.0,0.0,0.0,0.0,0.0,0.0,0.0,neutral
"Because American public schools isn't learning. It's memorizing and forgetting the day after you take that test. It's a really outdated system founded in the industrial revolution, which was basically what school is today: Listen, work, repeat. I wouldn't call that education.",18,american public schools isnt learning memorizing forgetting day take test really outdated system founded industrial revolution basically school today listen work repeat wouldnt call education,negative,0.8850553631782532,1,"{'sadness': 0.3837532103061676, 'neutral': 0.2995481789112091, 'surprise': 0.25483420491218567, 'anger': 0.03517622873187065, 'joy': 0.010440530255436897, 'fear': 0.0102377375587821, 'disgust': 0.006009929347783327, 'neutral_linguistic': 2.4, 'neutral_sentence_count': 1}",0.2995481789112091,0.25483420491218567,0.010440530255436897,0.03517622873187065,0.3837532103061676,0.006009929347783327,0.0102377375587821,2.4,0.0,0.0,0.0,0.0,0.0,0.0,1.0,0.0,0.0,0.0,0.0,0.0,0.0,neutral
"There is also free lunch! And u can choose languages to learn if u want! I can speak Swedish, English, French, Germany and Japanese, bc I have choosed them, but it also means I need to go to exrta classes. But u don't have to choose any language if u want. But Swedish u must to learn.  But one bad thing in Finland is that it's hard to make new friends. People are isolated and nobody speak eachother in public. But I don't mind, I like that.",19,also free lunch choose languages learn want speak swedish english french germany japanese choosed also means need exrta classes dont choose language want swedish must learn one bad thing finland hard make new friends people isolated nobody speak eachother public dont mind like,positive,0.5034779906272888,7,"{'sadness': 0.4417584538459778, 'joy': 0.22441525757312775, 'neutral': 0.21998398005962372, 'surprise': 0.09569095075130463, 'anger': 0.014943440444767475, 'fear': 0.001866054255515337, 'disgust': 0.0013417811132967472, 'anger_linguistic': 1.0, 'sadness_linguistic': 0.5, 'anger_sentence_count': 1, 'neutral_sentence_count': 1}",0.21998398005962372,0.09569095075130463,0.22441525757312775,0.014943440444767475,0.4417584538459778,0.0013417811132967472,0.001866054255515337,0.0,0.0,0.0,1.0,0.5,0.0,0.0,1.0,0.0,0.0,1.0,0.0,0.0,0.0,sadness
Dude finland has 2 weekend days and most less work hours life is very peaceful there and that's all i need we don't need big mnc's to say we are proud that we made that huh,20,dude finland weekend days less work hours life peaceful thats need dont need big mncs say proud made huh,positive,0.8303757905960083,-1,"{'joy': 0.9446262717247009, 'neutral': 0.024134904146194458, 'sadness': 0.016635168343782425, 'surprise': 0.010650308802723885, 'anger': 0.002774741966277361, 'disgust': 0.0009374712826684117, 'fear': 0.0002411826280876994, 'anger_linguistic': 1.0, 'anger_sentence_count': 1}",0.024134904146194458,0.010650308802723885,0.9446262717247009,0.002774741966277361,0.016635168343782425,0.0009374712826684117,0.0002411826280876994,0.0,0.0,0.0,1.0,0.0,0.0,0.0,0.0,0.0,0.0,1.0,0.0,0.0,0.0,joy
Socialist countries are way smarter than capitalist countries.,21,socialist countries way smarter capitalist countries,neutral,0.4311458468437195,14,"{'neutral': 0.5609453320503235, 'joy': 0.24760651588439941, 'anger': 0.08422382920980453, 'surprise': 0.06960780918598175, 'sadness': 0.016819631680846214, 'disgust': 0.014911944046616554, 'fear': 0.005884919315576553}",0.5609453320503235,0.06960780918598175,0.24760651588439941,0.08422382920980453,0.016819631680846214,0.014911944046616554,0.005884919315576553,0.0,0.0,0.0,0.0,0.0,0.0,0.0,0.0,0.0,0.0,0.0,0.0,0.0,0.0,neutral
Welp  I'm moving my  Ass to finland,22,welp moving ass finland,neutral,0.4531644582748413,0,"{'neutral': 0.8424484729766846, 'surprise': 0.09781649708747864, 'sadness': 0.023978793993592262, 'joy': 0.021250473335385323, 'anger': 0.0074905334040522575, 'disgust': 0.003672946011647582, 'fear': 0.0033423439599573612}",0.8424484729766846,0.09781649708747864,0.021250473335385323,0.0074905334040522575,0.023978793993592262,0.003672946011647582,0.0033423439599573612,0.0,0.0,0.0,0.0,0.0,0.0,0.0,0.0,0.0,0.0,0.0,0.0,0.0,0.0,neutral
"Ah yes, finland....




The country where school is cool......







HELLO, I WOULD LIKE TO BUY A PLANE TICKET TO FINLAND",23,yes finland country school cool hello would like buy plane ticket finland,positive,0.852043092250824,0,"{'neutral': 0.38032394647598267, 'joy': 0.3730787932872772, 'surprise': 0.21591119468212128, 'sadness': 0.021645324304699898, 'anger': 0.00462558725848794, 'fear': 0.0033007573802024126, 'disgust': 0.0011143689043819904}",0.38032394647598267,0.21591119468212128,0.3730787932872772,0.00462558725848794,0.021645324304699898,0.0011143689043819904,0.0033007573802024126,0.0,0.0,0.0,0.0,0.0,0.0,0.0,0.0,0.0,0.0,0.0,0.0,0.0,0.0,neutral
Some of the comments are dry I can’t even find anything funny 😔,24,comments dry cant even find anything funny,negative,0.9350208640098572,37,"{'neutral': 0.48381638526916504, 'surprise': 0.34763774275779724, 'sadness': 0.10731533169746399, 'disgust': 0.02408486045897007, 'anger': 0.023530609905719757, 'joy': 0.012015705928206444, 'fear': 0.0015994248678907752, 'joy_linguistic': 1.0, 'joy_sentence_count': 1}",0.48381638526916504,0.34763774275779724,0.012015705928206444,0.023530609905719757,0.10731533169746399,0.02408486045897007,0.0015994248678907752,0.0,0.0,1.0,0.0,0.0,0.0,0.0,0.0,0.0,1.0,0.0,0.0,0.0,0.0,joy
"3:13 completely agree

Before test: time to cram everything in my brain

Test: let it all out

After test: what was the topic again?",25,completely agree test time cram everything brain test let test topic,neutral,0.6566347479820251,29,"{'neutral': 0.8956242799758911, 'anger': 0.03758547082543373, 'surprise': 0.027641531080007553, 'fear': 0.016187800094485283, 'disgust': 0.008061221800744534, 'joy': 0.00806006882339716, 'sadness': 0.006839699111878872}",0.8956242799758911,0.027641531080007553,0.00806006882339716,0.03758547082543373,0.006839699111878872,0.008061221800744534,0.016187800094485283,0.0,0.0,0.0,0.0,0.0,0.0,0.0,0.0,0.0,0.0,0.0,0.0,0.0,0.0,neutral
"I am a primary teacher in Indonesia.
I hope I can lean from Finnish teacher.",26,primary teacher indonesia hope lean finnish teacher,neutral,0.7724156975746155,0,"{'joy': 0.7715390920639038, 'neutral': 0.15751318633556366, 'surprise': 0.04987114295363426, 'sadness': 0.010618445463478565, 'fear': 0.0075977700762450695, 'anger': 0.002112084301188588, 'disgust': 0.0007483234512619674}",0.15751318633556366,0.04987114295363426,0.7715390920639038,0.002112084301188588,0.010618445463478565,0.0007483234512619674,0.0075977700762450695,0.0,0.0,0.0,0.0,0.0,0.0,0.0,0.0,0.0,0.0,0.0,0.0,0.0,0.0,joy
"Watching this as Finnish person:
""What the f.. You actually have metal detectors in schools?""",27,watching finnish person actually metal detectors schools,neutral,0.5171001553535461,-1,"{'surprise': 0.598911702632904, 'fear': 0.15220299363136292, 'neutral': 0.14465662837028503, 'sadness': 0.03271910548210144, 'joy': 0.029141563922166824, 'disgust': 0.023230290040373802, 'anger': 0.01913772150874138, 'neutral_linguistic': 1.0, 'neutral_sentence_count': 1}",0.14465662837028503,0.598911702632904,0.029141563922166824,0.01913772150874138,0.03271910548210144,0.023230290040373802,0.15220299363136292,1.0,0.0,0.0,0.0,0.0,0.0,0.0,1.0,0.0,0.0,0.0,0.0,0.0,0.0,neutral
"I go to school in Finland

We get homework hours worth of it

My current homeroom teacher is lazy and incompetent 

And school starts too early 

Schools in Finland are not as good as everyone says they are",28,school finland get homework hours worth current homeroom teacher lazy incompetent school starts early schools finland good everyone says,negative,0.9055677056312561,0,"{'neutral': 0.36062532663345337, 'joy': 0.2633070945739746, 'sadness': 0.20304913818836212, 'surprise': 0.1293889284133911, 'anger': 0.035256922245025635, 'disgust': 0.004492118023335934, 'fear': 0.00388050707988441}",0.36062532663345337,0.1293889284133911,0.2633070945739746,0.035256922245025635,0.20304913818836212,0.004492118023335934,0.00388050707988441,0.0,0.0,0.0,0.0,0.0,0.0,0.0,0.0,0.0,0.0,0.0,0.0,0.0,0.0,neutral
Finland here I come,29,finland come,positive,0.5523003339767456,0,"{'neutral': 0.7902776598930359, 'surprise': 0.1437261402606964, 'joy': 0.03552299737930298, 'sadness': 0.018728451803326607, 'fear': 0.006489484570920467, 'anger': 0.004189928062260151, 'disgust': 0.001065251650288701}",0.7902776598930359,0.1437261402606964,0.03552299737930298,0.004189928062260151,0.018728451803326607,0.001065251650288701,0.006489484570920467,0.0,0.0,0.0,0.0,0.0,0.0,0.0,0.0,0.0,0.0,0.0,0.0,0.0,0.0,neutral
"The failure with the global education system is its standardization
There's a sensitive lack of cognitive learning in our pedagogical approach. 
Take, for instance, Maths. How many kids don't like maths?  I used to hate maths, of all subjects, It was my Achilles' heel but that's mostly due to my teachers. Once I've found of its many practical usages, it became my forte.

How to trigger the desire to learn?
Giving children enough time to enjoy their life. We're driven to enjoy things that don't last long and get bored with things that last too long.


Also, knowledge is meaningless without a good understanding of its usefulness.
The moment a kid says 'hey this is helpful' that's the click he needs to be willing to learn more.",30,failure global education system standardization theres sensitive lack cognitive learning pedagogical approach take instance maths many kids dont like maths used hate maths subjects achilles heel thats mostly due teachers ive found many practical usages became forte trigger desire learn giving children enough time enjoy life driven enjoy things dont last long get bored things last long also knowledge meaningless without good understanding usefulness moment kid says hey helpful thats click needs willing learn,negative,0.5659729689359665,1,"{'sadness': 0.7016801834106445, 'joy': 0.11987673491239548, 'anger': 0.10365886986255646, 'surprise': 0.04966462403535843, 'neutral': 0.01926613599061966, 'fear': 0.004688543733209372, 'disgust': 0.0011649663792923093, 'neutral_linguistic': 1.0, 'anger_linguistic': 1.0, 'sadness_linguistic': 0.5, 'joy_sentence_count': 1, 'anger_sentence_count': 1, 'neutral_sentence_count': 1}",0.01926613599061966,0.04966462403535843,0.11987673491239548,0.10365886986255646,0.7016801834106445,0.0011649663792923093,0.004688543733209372,1.0,0.0,0.0,1.0,0.5,0.0,0.0,1.0,0.0,1.0,1.0,0.0,0.0,0.0,sadness
Findland is actually a capitalist country,31,findland actually capitalist country,negative,0.6491497159004211,14,"{'surprise': 0.44960203766822815, 'neutral': 0.42758283019065857, 'sadness': 0.039803195744752884, 'anger': 0.03643972799181938, 'joy': 0.02396301180124283, 'disgust': 0.014451482333242893, 'fear': 0.008157748728990555, 'neutral_linguistic': 1.0, 'neutral_sentence_count': 1}",0.42758283019065857,0.44960203766822815,0.02396301180124283,0.03643972799181938,0.039803195744752884,0.014451482333242893,0.008157748728990555,1.0,0.0,0.0,0.0,0.0,0.0,0.0,1.0,0.0,0.0,0.0,0.0,0.0,0.0,neutral
"more than 2000 arrogant, narcissistic, evil mean spirited teachers don’t like this video.",32,arrogant narcissistic evil mean spirited teachers dont like video,negative,0.9108700752258301,30,"{'anger': 0.9516652822494507, 'disgust': 0.02400975301861763, 'neutral': 0.011294796131551266, 'sadness': 0.005252831149846315, 'joy': 0.003907101694494486, 'fear': 0.0029564059805125, 'surprise': 0.0009136917651630938, 'fear_linguistic': 1.0, 'anger_linguistic': 1.0, 'fear_sentence_count': 1, 'anger_sentence_count': 1}",0.011294796131551266,0.0009136917651630938,0.003907101694494486,0.9516652822494507,0.005252831149846315,0.02400975301861763,0.0029564059805125,0.0,0.0,0.0,1.0,0.0,0.0,1.0,0.0,0.0,0.0,1.0,0.0,0.0,1.0,anger
Cries in Indian student,33,cries indian student,neutral,0.4940362572669983,2,"{'anger': 0.643308162689209, 'sadness': 0.2882820665836334, 'neutral': 0.03151412308216095, 'disgust': 0.027395792305469513, 'surprise': 0.005451729986816645, 'joy': 0.002795169362798333, 'fear': 0.0012528973165899515}",0.03151412308216095,0.005451729986816645,0.002795169362798333,0.643308162689209,0.2882820665836334,0.027395792305469513,0.0012528973165899515,0.0,0.0,0.0,0.0,0.0,0.0,0.0,0.0,0.0,0.0,0.0,0.0,0.0,0.0,anger
The police officer attacking the student is shocking just to watch.,35,police officer attacking student shocking watch,negative,0.9167094230651855,19,"{'fear': 0.8044227957725525, 'anger': 0.09748233109712601, 'surprise': 0.07389038801193237, 'disgust': 0.015226351097226143, 'sadness': 0.004443529061973095, 'joy': 0.002461488824337721, 'neutral': 0.0020730632822960615, 'disgust_linguistic': 1.0, 'disgust_sentence_count': 1}",0.0020730632822960615,0.07389038801193237,0.002461488824337721,0.09748233109712601,0.004443529061973095,0.015226351097226143,0.8044227957725525,0.0,0.0,0.0,0.0,0.0,1.0,0.0,0.0,0.0,0.0,0.0,0.0,1.0,0.0,fear
"Teachers in Finland spend fewer hours at school each day and spend less time in classrooms than American teachers. Teachers use the extra time to build curriculums and assess their students. Children spend far more time playing outside, even in the depths of winter. Homework is minimal. 
Nice!",37,teachers finland spend fewer hours school day spend less time classrooms american teachers teachers use extra time build curriculums assess students children spend far time playing outside even depths winter homework minimal nice,neutral,0.5150343179702759,0,"{'neutral': 0.33453983068466187, 'sadness': 0.21304239332675934, 'joy': 0.20752692222595215, 'surprise': 0.16138936579227448, 'anger': 0.05015518143773079, 'fear': 0.031719692051410675, 'disgust': 0.0016265861922875047}",0.33453983068466187,0.16138936579227448,0.20752692222595215,0.05015518143773079,0.21304239332675934,0.0016265861922875047,0.031719692051410675,0.0,0.0,0.0,0.0,0.0,0.0,0.0,0.0,0.0,0.0,0.0,0.0,0.0,0.0,neutral
Wtf was at 4:00 ....,38,wtf,negative,0.6518864631652832,-1,,,,,,,,,,,,,,,,,,,,,,,
"THE ENTIRE PLANET'S EDUCATION SYSTEM IS WRONG AND EVIL.
Everything are easy to learn and understand, anybody can, the problem that is making learning difficult is not the math or the science, but its the evil education system of this planet, because everything is based upon pushing, rushing, forcing and cruelty .
But if everything is taught with patience, anybody can and will learn and with pleasure too, not with pain.
Our entire education system is the ""system of pain and hell"".
How I hate this planet's education systems, and why is it that students must do homework after 8 hours of school? that is ridiculous. so then what is the stupid school for? everything should be taught in school, there should be no such stupid thing called ""homework"" , and why are school hours so long? 8 hours per day? oh, my God, that is a tormenting hell. How I hate it all and you.",39,entire planets education system wrong evil everything easy learn understand anybody problem making learning difficult math science evil education system planet everything based upon pushing rushing forcing cruelty everything taught patience anybody learn pleasure pain entire education system system pain hell hate planets education systems students must homework hours school ridiculous stupid school everything taught school stupid thing called homework school hours long hours per day god tormenting hell hate,negative,0.8999719023704529,35,"{'anger': 0.9597296118736267, 'sadness': 0.015260889194905758, 'disgust': 0.009841914288699627, 'fear': 0.005409729201346636, 'joy': 0.003931419458240271, 'neutral': 0.003903572913259268, 'surprise': 0.0019228348974138498, 'sadness_linguistic': 1.0, 'fear_linguistic': 1.0, 'anger_linguistic': 1.0, 'sadness_sentence_count': 1, 'fear_sentence_count': 1, 'anger_sentence_count': 1}",0.003903572913259268,0.0019228348974138498,0.003931419458240271,0.9597296118736267,0.015260889194905758,0.009841914288699627,0.005409729201346636,0.0,0.0,0.0,1.0,1.0,0.0,1.0,0.0,0.0,0.0,1.0,1.0,0.0,1.0,anger
Bruh my friend told me that finland is the best school in the world and it has a playstation on it and he said it was fun,40,bruh friend told finland best school world playstation said fun,positive,0.9753302931785583,-1,"{'joy': 0.6957980990409851, 'surprise': 0.208036407828331, 'neutral': 0.07568098604679108, 'sadness': 0.013270961120724678, 'anger': 0.00512831611558795, 'fear': 0.001075227279216051, 'disgust': 0.0010100064100697637, 'joy_linguistic': 1.0, 'joy_sentence_count': 1}",0.07568098604679108,0.208036407828331,0.6957980990409851,0.00512831611558795,0.013270961120724678,0.0010100064100697637,0.001075227279216051,0.0,0.0,1.0,0.0,0.0,0.0,0.0,0.0,0.0,1.0,0.0,0.0,0.0,0.0,joy
"I'm from Finland and I hear a lot about how great the school system is, and don't get me wrong we have a bit shorter school days but Finland also has the highest amount of suicides, and yes, it's also called ""the happiest country in the world""
Doesn't make sense, right?
It's because in Finland you're taught that complaining is instantly bad and that you're ungrateful or something if you complain even if it's for a good reason.
So when people ask Finnish students if they're happy they'll reply with something like ""yea it's nice I guess"" or ""I like to see my friends at school!"" 
But this is often fake.
Ofcourse this is not always the case but this happens alot so I wouldn't say that Finland has the best school system in the world or that it's the happiest country in the world.

This is just my opinion, it's not meant to offend anyone.",41,finland hear lot great school system dont get wrong bit shorter school days finland also highest amount suicides yes also called happiest country world doesnt make sense right finland youre taught complaining instantly bad youre ungrateful something complain even good reason people ask finnish students theyre happy theyll reply something like yea nice guess like see friends school often fake ofcourse always case happens alot wouldnt say finland best school system world happiest country world opinion meant offend anyone,positive,0.5090861916542053,-1,"{'sadness': 0.5884077548980713, 'joy': 0.23846057057380676, 'anger': 0.9823495745658875, 'surprise': 0.06449469923973083, 'neutral': 0.021811002865433693, 'disgust': 0.0037956563755869865, 'fear': 0.0011593707604333758, 'joy_linguistic': 2.0, 'anger_linguistic': 1.0, 'neutral_linguistic': 2.0, 'joy_sentence_count': 1, 'anger_sentence_count': 1, 'neutral_sentence_count': 1}",0.021811002865433693,0.06449469923973083,0.23846057057380676,0.9823495745658875,0.5884077548980713,0.0037956563755869865,0.0011593707604333758,2.0,0.0,2.0,1.0,0.0,0.0,0.0,1.0,0.0,1.0,1.0,0.0,0.0,0.0,joy
I'm super exited because I'm doing an exchange program over to finland in my junior year my mom did the same thing and I'm staying with the same family she did!,42,super exited exchange program finland junior year mom thing staying family,positive,0.9819341897964478,0,"{'neutral': 0.4276955723762512, 'surprise': 0.3215418756008148, 'joy': 0.1558133214712143, 'sadness': 0.0851505696773529, 'anger': 0.004960872698575258, 'fear': 0.003234440227970481, 'disgust': 0.0016032985877245665}",0.4276955723762512,0.3215418756008148,0.1558133214712143,0.004960872698575258,0.0851505696773529,0.0016032985877245665,0.003234440227970481,0.0,0.0,0.0,0.0,0.0,0.0,0.0,0.0,0.0,0.0,0.0,0.0,0.0,0.0,neutral
So finish schools actually care about the students,43,finish schools actually care students,neutral,0.6398133635520935,3,"{'neutral': 0.634052574634552, 'surprise': 0.17257316410541534, 'joy': 0.09212490171194077, 'sadness': 0.05907699465751648, 'anger': 0.028767043724656105, 'disgust': 0.007240917067974806, 'fear': 0.006164477672427893, 'love_linguistic': 1.0, 'neutral_linguistic': 1.0, 'love_sentence_count': 1, 'neutral_sentence_count': 1}",0.634052574634552,0.17257316410541534,0.09212490171194077,0.028767043724656105,0.05907699465751648,0.007240917067974806,0.006164477672427893,1.0,0.0,0.0,0.0,0.0,0.0,0.0,1.0,0.0,0.0,0.0,0.0,0.0,0.0,neutral
No matter how much I fantasize - is that even a word?- I'll still be stuck at the school I'm in... No point in feeling bad abt me being here... Instead.. I should feel positive towards where I am now cuz it will hardly ever change... So.. Why not enjoy it while it lasts.. Why not achieve my parents dreams and make them feel better.. Ofc I won't depend on the marks.. But I must admit.. I can't change the world around me... Ill go by their rules for now.. Get a good grade I hope.. Just in case I couldn't achieve my real dream.. -being a scientist or programmer-.. No matter how bad I speak abt my school... It won't change.. So... Ill try my best at it and think of it as a challenge 😊 yall should do the same,44,matter much fantasize even word ill still stuck school point feeling bad abt instead feel positive towards cuz hardly ever change enjoy lasts achieve parents dreams make feel better ofc wont depend marks must admit cant change world around ill rules get good grade hope case couldnt achieve real dream scientist programmer matter bad speak abt school wont change ill try best think challenge yall,negative,0.6463030874729156,33,"{'sadness': 0.7070968151092529, 'joy': 0.25955379009246826, 'anger': 0.020493702962994576, 'surprise': 0.005102390423417091, 'neutral': 0.004554453305900097, 'disgust': 0.0024880089331418276, 'fear': 0.000710820488166064, 'neutral_linguistic': 1.5, 'sadness_linguistic': 0.5, 'joy_sentence_count': 1, 'neutral_sentence_count': 1}",0.004554453305900097,0.005102390423417091,0.25955379009246826,0.020493702962994576,0.7070968151092529,0.0024880089331418276,0.000710820488166064,1.5,0.0,0.0,0.0,0.5,0.0,0.0,1.0,0.0,1.0,0.0,0.0,0.0,0.0,neutral
Why aren’t all education systems like this ??,45,arent education systems like,negative,0.6294124126434326,1,"{'neutral': 0.8997098803520203, 'surprise': 0.030883081257343292, 'disgust': 0.026239711791276932, 'anger': 0.015064322389662266, 'sadness': 0.01392583828419447, 'fear': 0.010574464686214924, 'joy': 0.003602726384997368}",0.8997098803520203,0.030883081257343292,0.003602726384997368,0.015064322389662266,0.01392583828419447,0.026239711791276932,0.010574464686214924,0.0,0.0,0.0,0.0,0.0,0.0,0.0,0.0,0.0,0.0,0.0,0.0,0.0,0.0,neutral
All countries education system need to learn from Finland's education system,46,countries education system need learn finlands education system,neutral,0.5777938961982727,0,"{'neutral': 0.8397960662841797, 'surprise': 0.0731000080704689, 'sadness': 0.04365868493914604, 'fear': 0.01556995790451765, 'joy': 0.014311320148408413, 'anger': 0.009945916943252087, 'disgust': 0.0036180373281240463}",0.8397960662841797,0.0731000080704689,0.014311320148408413,0.009945916943252087,0.04365868493914604,0.0036180373281240463,0.01556995790451765,0.0,0.0,0.0,0.0,0.0,0.0,0.0,0.0,0.0,0.0,0.0,0.0,0.0,0.0,neutral
"Indians:- come to our country 
Where study is a punishment

If Indians go to Finland then all failed children will be a topper
Finland has such a nice education
System",47,indians come country study punishment indians finland failed children topper finland nice education system,negative,0.48665210604667664,0,"{'sadness': 0.8125066757202148, 'anger': 0.0927806869149208, 'neutral': 0.04712584987282753, 'surprise': 0.02030635066330433, 'disgust': 0.015706980600953102, 'joy': 0.006833840161561966, 'fear': 0.004739679861813784}",0.04712584987282753,0.02030635066330433,0.006833840161561966,0.0927806869149208,0.8125066757202148,0.015706980600953102,0.004739679861813784,0.0,0.0,0.0,0.0,0.0,0.0,0.0,0.0,0.0,0.0,0.0,0.0,0.0,0.0,sadness
"Finland is excactly like Bernie Sanders is saying. 
Finland is a Nordic country. Norway, Denmark, Finland, Sweden, and Iceland. 
It is a welfare and prosperous country with high standard of living. 
World economic Forum conference in Switzerland Davos ranked Finland The best country 2019. Finland is on The top almost on every aspect. Everyone can Google it. The list is long. 
World happines index report and UN ranked Finland The happiest country 2018, 2019, 2020 and 2021 for The same reasons. 
All The Nordic countries are on the top ten.",48,finland excactly like bernie sanders saying finland nordic country norway denmark finland sweden iceland welfare prosperous country high standard living world economic forum conference switzerland davos ranked finland best country finland top almost every aspect everyone google list long world happines index report ranked finland happiest country reasons nordic countries top ten,positive,0.8129963576793671,0,"{'joy': 0.9469607472419739, 'surprise': 0.03025977686047554, 'neutral': 0.013463274575769901, 'sadness': 0.005759977735579014, 'anger': 0.0024206116795539856, 'disgust': 0.0007432116544805467, 'fear': 0.000392438581911847}",0.013463274575769901,0.03025977686047554,0.9469607472419739,0.0024206116795539856,0.005759977735579014,0.0007432116544805467,0.000392438581911847,0.0,0.0,0.0,0.0,0.0,0.0,0.0,0.0,0.0,0.0,0.0,0.0,0.0,0.0,joy
"Total silence? Finland produced Nokia.
Also, USA and Finland have historical difference, USA is what it is not just because of education. But education provides Finland to be the best it can be and USA education is preventing USA to be even better than it is.",49,total silence finland produced nokia also usa finland historical difference usa education education provides finland best usa education preventing usa even better,neutral,0.5627737641334534,0,"{'sadness': 0.5780502557754517, 'neutral': 0.1713314652442932, 'joy': 0.07702352106571198, 'surprise': 0.07684607803821564, 'anger': 0.06499393284320831, 'fear': 0.0264807790517807, 'disgust': 0.0052739595994353294, 'neutral_linguistic': 1.0, 'neutral_sentence_count': 1}",0.1713314652442932,0.07684607803821564,0.07702352106571198,0.06499393284320831,0.5780502557754517,0.0052739595994353294,0.0264807790517807,1.0,0.0,0.0,0.0,0.0,0.0,0.0,1.0,0.0,0.0,0.0,0.0,0.0,0.0,neutral
You said they get triple the recess my school does not even have recess,50,said get triple recess school even recess,negative,0.5790746212005615,3,"{'neutral': 0.6255003809928894, 'sadness': 0.13213858008384705, 'surprise': 0.1083051785826683, 'joy': 0.09151925146579742, 'anger': 0.027555139735341072, 'disgust': 0.012510716915130615, 'fear': 0.0024707671254873276}",0.6255003809928894,0.1083051785826683,0.09151925146579742,0.027555139735341072,0.13213858008384705,0.012510716915130615,0.0024707671254873276,0.0,0.0,0.0,0.0,0.0,0.0,0.0,0.0,0.0,0.0,0.0,0.0,0.0,0.0,neutral
India sucks even America,52,india sucks even america,negative,0.9147728681564331,32,"{'disgust': 0.37634995579719543, 'anger': 0.3411077857017517, 'sadness': 0.18526312708854675, 'neutral': 0.07151857018470764, 'surprise': 0.01912771165370941, 'fear': 0.004253766033798456, 'joy': 0.0023791708517819643}",0.07151857018470764,0.01912771165370941,0.0023791708517819643,0.3411077857017517,0.18526312708854675,0.37634995579719543,0.004253766033798456,0.0,0.0,0.0,0.0,0.0,0.0,0.0,0.0,0.0,0.0,0.0,0.0,0.0,0.0,disgust
Mark Armage I assume you are joking,53,mark armage assume joking,neutral,0.7724358439445496,23,"{'neutral': 0.5672813057899475, 'joy': 0.38815730810165405, 'surprise': 0.01527081523090601, 'anger': 0.015212785452604294, 'disgust': 0.00881622638553381, 'sadness': 0.0042525590397417545, 'fear': 0.001009058440104127}",0.5672813057899475,0.01527081523090601,0.38815730810165405,0.015212785452604294,0.0042525590397417545,0.00881622638553381,0.001009058440104127,0.0,0.0,0.0,0.0,0.0,0.0,0.0,0.0,0.0,0.0,0.0,0.0,0.0,0.0,neutral
Awesome school system in world no doubt,54,awesome school system world doubt,positive,0.9734455943107605,11,"{'fear': 0.6534448266029358, 'surprise': 0.22337445616722107, 'joy': 0.05619239807128906, 'neutral': 0.030917132273316383, 'anger': 0.018813256174325943, 'disgust': 0.011076824739575386, 'sadness': 0.006181076634675264, 'joy_linguistic': 1.0, 'fear_linguistic': 1.0, 'joy_sentence_count': 1, 'fear_sentence_count': 1}",0.030917132273316383,0.22337445616722107,0.05619239807128906,0.018813256174325943,0.006181076634675264,0.011076824739575386,0.6534448266029358,0.0,0.0,1.0,0.0,0.0,0.0,1.0,0.0,0.0,1.0,0.0,0.0,0.0,1.0,fear
"makes one cry,  and happy for them, cos most of our eastern families, have to shout , beat and nearly kill the kids and force learning by pure fear, OK we got no 1/2/3 but we stress out ,burn out,  and tied , build up passive aggressive + less creativeness.....look back many can qualify as child abuse. my sibling are lawyer and accountant, but all retired early due stress out and they hate their jobs, its purely for the better earnings, beat in to them by parent",55,makes one cry happy cos eastern families shout beat nearly kill kids force learning pure fear got stress burn tied build passive aggressive less creativenesslook back many qualify child abuse sibling lawyer accountant retired early due stress hate jobs purely better earnings beat parent,negative,0.774221658706665,31,"{'joy': 0.7594262957572937, 'sadness': 0.09631218016147614, 'anger': 0.05168718472123146, 'surprise': 0.045656606554985046, 'neutral': 0.03699970617890358, 'fear': 0.00946286041289568, 'disgust': 0.00045512939686886966, 'joy_linguistic': 1.0, 'sadness_linguistic': 1.0, 'anger_linguistic': 1.0, 'joy_sentence_count': 1, 'sadness_sentence_count': 1, 'anger_sentence_count': 1}",0.03699970617890358,0.045656606554985046,0.7594262957572937,0.05168718472123146,0.09631218016147614,0.00045512939686886966,0.00946286041289568,0.0,0.0,1.0,1.0,1.0,0.0,0.0,0.0,0.0,1.0,1.0,1.0,0.0,0.0,joy
We could do it here in the US.  But I guess we would rather contribute more and more to the defense budget.,56,could guess would rather contribute defense budget,neutral,0.6238763332366943,40,"{'neutral': 0.8370281457901001, 'anger': 0.04166390746831894, 'joy': 0.03943566977977753, 'sadness': 0.030457977205514908, 'surprise': 0.025073237717151642, 'disgust': 0.01775320991873741, 'fear': 0.008587866090238094}",0.8370281457901001,0.025073237717151642,0.03943566977977753,0.04166390746831894,0.030457977205514908,0.01775320991873741,0.008587866090238094,0.0,0.0,0.0,0.0,0.0,0.0,0.0,0.0,0.0,0.0,0.0,0.0,0.0,0.0,neutral
cos Finland not full of religious people.,57,cos finland full religious people,neutral,0.7438291907310486,0,"{'neutral': 0.877761721611023, 'surprise': 0.07550285756587982, 'joy': 0.021487746387720108, 'sadness': 0.012851236388087273, 'anger': 0.0075225066393613815, 'disgust': 0.002751900814473629, 'fear': 0.0021220126654952765}",0.877761721611023,0.07550285756587982,0.021487746387720108,0.0075225066393613815,0.012851236388087273,0.002751900814473629,0.0021220126654952765,0.0,0.0,0.0,0.0,0.0,0.0,0.0,0.0,0.0,0.0,0.0,0.0,0.0,0.0,neutral
Maybe the Finish teachers treat the students with respect and don’t resort to punishment. The teachers gain respect by not being like jailers which creates a learning environment.,58,maybe finish teachers treat students respect dont resort punishment teachers gain respect like jailers creates learning environment,neutral,0.6726372241973877,4,"{'neutral': 0.6815351247787476, 'anger': 0.18904337286949158, 'disgust': 0.0439298041164875, 'sadness': 0.035173993557691574, 'joy': 0.034054599702358246, 'surprise': 0.013584308326244354, 'fear': 0.0026787826791405678, 'love_linguistic': 1.0, 'neutral_linguistic': 1.0, 'love_sentence_count': 1, 'neutral_sentence_count': 1}",0.6815351247787476,0.013584308326244354,0.034054599702358246,0.18904337286949158,0.035173993557691574,0.0439298041164875,0.0026787826791405678,1.0,0.0,0.0,0.0,0.0,0.0,0.0,1.0,0.0,0.0,0.0,0.0,0.0,0.0,neutral
You have police cops in American schools. WTF?!,59,police cops american schools wtf,negative,0.9056464433670044,19,"{'anger': 0.8078421354293823, 'disgust': 0.13812632858753204, 'surprise': 0.021221177652478218, 'fear': 0.010779479518532753, 'sadness': 0.010351903736591339, 'neutral': 0.009874897077679634, 'joy': 0.0018039203714579344}",0.009874897077679634,0.021221177652478218,0.0018039203714579344,0.8078421354293823,0.010351903736591339,0.13812632858753204,0.010779479518532753,0.0,0.0,0.0,0.0,0.0,0.0,0.0,0.0,0.0,0.0,0.0,0.0,0.0,0.0,anger
"0:32 How is Korean 2nd? Korean students are miserable with all the pressure, fight for a slot in top university. Not to mention the bullies.",60,korean korean students miserable pressure fight slot top university mention bullies,negative,0.9294305443763733,39,"{'sadness': 0.9816453456878662, 'neutral': 0.0066530355252325535, 'joy': 0.003508145920932293, 'disgust': 0.002701898105442524, 'anger': 0.0024143222253769636, 'fear': 0.002026207046583295, 'surprise': 0.0010510841384530067, 'sadness_linguistic': 1.0, 'sadness_sentence_count': 1}",0.0066530355252325535,0.0010510841384530067,0.003508145920932293,0.0024143222253769636,0.9816453456878662,0.002701898105442524,0.002026207046583295,0.0,0.0,0.0,0.0,1.0,0.0,0.0,0.0,0.0,0.0,0.0,1.0,0.0,0.0,sadness
"3:57-4:04 
What the f was that",61,,negative,0.48665332794189453,-1,,,,,,,,,,,,,,,,,,,,,,,
"it's not right to say that Finland didn't produce anything. They produced:
* Linux - by Linus Torvald
* Nokia - i believe they paved the way for our modern user friendly phones
* Erwise - the very first browser with a GUI (graphical user interface) which paved the way for our modern browsers now
* Heart rate monitor
* IRC (Internet Relay Chat) 
* SMS
and many more.

""There are more things in heaven and earth, Horacio, than are dreamt of in your philosophy."" - Hamlet by William Shakespeare

The world isn't constrained to what YOU only know. Remember, the world doesn't revolve around you.",62,right say finland didnt produce anything produced linux linus torvald nokia believe paved way modern user friendly phones erwise first browser gui graphical user interface paved way modern browsers heart rate monitor irc internet relay chat sms many things heaven earth horacio dreamt philosophy hamlet william shakespeare world isnt constrained know remember world doesnt revolve around,neutral,0.7229651510715485,9,"{'surprise': 0.4177348017692566, 'sadness': 0.2812688648700714, 'neutral': 0.24128086864948273, 'joy': 0.04705703258514404, 'anger': 0.00934511236846447, 'fear': 0.002396704163402319, 'disgust': 0.0009165849769487977}",0.24128086864948273,0.4177348017692566,0.04705703258514404,0.00934511236846447,0.2812688648700714,0.0009165849769487977,0.002396704163402319,0.0,0.0,0.0,0.0,0.0,0.0,0.0,0.0,0.0,0.0,0.0,0.0,0.0,0.0,surprise
"Capitalist country with socialist systems ...
Governament housing for homless .... social security payments ... free education  , ... No private schools .. Free food in schools ... equal health care for everyone ....those are purely SOCIALIST  models  mixed with caputalist core system ....",63,capitalist country socialist systems governament housing homless social security payments free education private schools free food schools equal health care everyone purely socialist models mixed caputalist core system,neutral,0.6167398691177368,14,"{'joy': 0.5757415294647217, 'neutral': 0.31475523114204407, 'anger': 0.06457246094942093, 'surprise': 0.01581714302301407, 'sadness': 0.012763598002493382, 'disgust': 0.012670480646193027, 'fear': 0.0036795674823224545, 'love_linguistic': 1.0, 'love_sentence_count': 1}",0.31475523114204407,0.01581714302301407,0.5757415294647217,0.06457246094942093,0.012763598002493382,0.012670480646193027,0.0036795674823224545,0.0,0.0,0.0,0.0,0.0,0.0,0.0,0.0,0.0,0.0,0.0,0.0,0.0,0.0,joy
"A good school system listens to the students' needs and changes whenever it needs to. The US school system barely does any of those. I want to start a national movement to change all the school systems for a temporary time, and receive feedback. I think this would work, considering our school system is already bad anyways, so why not try a better one, even for a week?",64,good school system listens students needs changes whenever needs school system barely want start national movement change school systems temporary time receive feedback think would work considering school system already bad anyways try better one even week,negative,0.4885968565940857,16,"{'neutral': 0.8696372509002686, 'surprise': 0.05376607924699783, 'joy': 0.02764417789876461, 'sadness': 0.023142393678426743, 'anger': 0.020374713465571404, 'disgust': 0.003763929707929492, 'fear': 0.0016714566154405475}",0.8696372509002686,0.05376607924699783,0.02764417789876461,0.020374713465571404,0.023142393678426743,0.003763929707929492,0.0016714566154405475,0.0,0.0,0.0,0.0,0.0,0.0,0.0,0.0,0.0,0.0,0.0,0.0,0.0,0.0,neutral
INDIA's education system is world's worst system,65,indias education system worlds worst system,negative,0.947298526763916,1,"{'disgust': 0.5414205193519592, 'sadness': 0.22489383816719055, 'anger': 0.11603055149316788, 'neutral': 0.06380168348550797, 'fear': 0.025869565084576607, 'surprise': 0.02454206719994545, 'joy': 0.003441812936216593}",0.06380168348550797,0.02454206719994545,0.003441812936216593,0.11603055149316788,0.22489383816719055,0.5414205193519592,0.025869565084576607,0.0,0.0,0.0,0.0,0.0,0.0,0.0,0.0,0.0,0.0,0.0,0.0,0.0,0.0,disgust
"Alright yalll pack our bags, we movin to Finland",66,alright yalll pack bags movin finland,neutral,0.783019483089447,0,"{'neutral': 0.801498293876648, 'joy': 0.1045069471001625, 'surprise': 0.04087156802415848, 'sadness': 0.03669307753443718, 'anger': 0.010461023077368736, 'fear': 0.0037668643053621054, 'disgust': 0.0022021736949682236}",0.801498293876648,0.04087156802415848,0.1045069471001625,0.010461023077368736,0.03669307753443718,0.0022021736949682236,0.0037668643053621054,0.0,0.0,0.0,0.0,0.0,0.0,0.0,0.0,0.0,0.0,0.0,0.0,0.0,0.0,neutral
Finland only has 5.8 Million people and the USA has 330 Million people,67,finland million people usa million people,neutral,0.7348400950431824,0,"{'neutral': 0.48574313521385193, 'surprise': 0.3176461160182953, 'joy': 0.1003657653927803, 'sadness': 0.0791933462023735, 'anger': 0.010650692507624626, 'fear': 0.004289018921554089, 'disgust': 0.0021119355224072933}",0.48574313521385193,0.3176461160182953,0.1003657653927803,0.010650692507624626,0.0791933462023735,0.0021119355224072933,0.004289018921554089,0.0,0.0,0.0,0.0,0.0,0.0,0.0,0.0,0.0,0.0,0.0,0.0,0.0,0.0,neutral
"I can't believe they passed S Koreea👏
I know how hard is school for koreans 😭",68,cant believe passed koreea know hard school koreans,positive,0.6732802987098694,21,"{'surprise': 0.6667692065238953, 'neutral': 0.25134050846099854, 'sadness': 0.03559236228466034, 'joy': 0.025845319032669067, 'anger': 0.01033975649625063, 'fear': 0.006958275102078915, 'disgust': 0.0031545409001410007}",0.25134050846099854,0.6667692065238953,0.025845319032669067,0.01033975649625063,0.03559236228466034,0.0031545409001410007,0.006958275102078915,0.0,0.0,0.0,0.0,0.0,0.0,0.0,0.0,0.0,0.0,0.0,0.0,0.0,0.0,surprise
"Leave america ....
See India. Worst education system with focus only and only on marks .
Being an Indian , I know it sucks 😫😫😫😫😭😭😭😭",69,leave america see india worst education system focus marks indian know sucks,negative,0.9412034749984741,2,"{'sadness': 0.878426730632782, 'anger': 0.06045836582779884, 'disgust': 0.02856912650167942, 'neutral': 0.016728771850466728, 'surprise': 0.009110663086175919, 'fear': 0.0034692867193371058, 'joy': 0.003237108001485467}",0.016728771850466728,0.009110663086175919,0.003237108001485467,0.06045836582779884,0.878426730632782,0.02856912650167942,0.0034692867193371058,0.0,0.0,0.0,0.0,0.0,0.0,0.0,0.0,0.0,0.0,0.0,0.0,0.0,0.0,sadness
Watching this during my online class😂,70,watching online class,neutral,0.7685907483100891,30,"{'neutral': 0.49792858958244324, 'joy': 0.25731712579727173, 'surprise': 0.166526198387146, 'sadness': 0.03419644758105278, 'fear': 0.020208992063999176, 'anger': 0.014583416283130646, 'disgust': 0.009239301085472107}",0.49792858958244324,0.166526198387146,0.25731712579727173,0.014583416283130646,0.03419644758105278,0.009239301085472107,0.020208992063999176,0.0,0.0,0.0,0.0,0.0,0.0,0.0,0.0,0.0,0.0,0.0,0.0,0.0,0.0,neutral
mean while in India smart= start study when you are not born to crack Jee and memorise 12 years of information in a 1 month,71,mean india smart start study born crack jee memorise years information month,neutral,0.6603108048439026,2,"{'neutral': 0.7189894318580627, 'surprise': 0.12392091751098633, 'joy': 0.083869569003582, 'anger': 0.0334467887878418, 'sadness': 0.029686661437153816, 'fear': 0.007760950829833746, 'disgust': 0.0023255834821611643, 'anger_linguistic': 1.0, 'anger_sentence_count': 1}",0.7189894318580627,0.12392091751098633,0.083869569003582,0.0334467887878418,0.029686661437153816,0.0023255834821611643,0.007760950829833746,0.0,0.0,0.0,1.0,0.0,0.0,0.0,0.0,0.0,0.0,1.0,0.0,0.0,0.0,neutral
"Finnish education system makes the Greek one look like ...mediaval trash.I saw a video and ,yes,I cried of envy and inferiority complex",72,finnish education system makes greek one look like mediaval trashi saw video yesi cried envy inferiority complex,negative,0.9406028985977173,0,"{'surprise': 0.40844008326530457, 'joy': 0.2613369822502136, 'anger': 0.15032485127449036, 'neutral': 0.09893912822008133, 'sadness': 0.07301322370767593, 'fear': 0.005066953133791685, 'disgust': 0.002878777915611863}",0.09893912822008133,0.40844008326530457,0.2613369822502136,0.15032485127449036,0.07301322370767593,0.002878777915611863,0.005066953133791685,0.0,0.0,0.0,0.0,0.0,0.0,0.0,0.0,0.0,0.0,0.0,0.0,0.0,0.0,surprise
"I found you again, yet another delusional all caps nonsense sentence. I bet you never even passed the 8th grade, pathetic.",73,found yet another delusional caps nonsense sentence bet never even passed grade pathetic,negative,0.94240403175354,34,"{'disgust': 0.3305077850818634, 'neutral': 0.3215857148170471, 'sadness': 0.18842601776123047, 'anger': 0.09836608916521072, 'surprise': 0.03646567091345787, 'fear': 0.018750455230474472, 'joy': 0.005898181349039078}",0.3215857148170471,0.03646567091345787,0.005898181349039078,0.09836608916521072,0.18842601776123047,0.3305077850818634,0.018750455230474472,0.0,0.0,0.0,0.0,0.0,0.0,0.0,0.0,0.0,0.0,0.0,0.0,0.0,0.0,disgust
"Just like the Soviet education system. My parents always say that they too had much less homework and learned all kinds of fun stuff at school from cooking to hand-crafting. Plus there were no standarised tests. To get admitted to a university, you would have to stand in front of several teachers, pick a random card from a box and answer the question either orally or written.",74,like soviet education system parents always say much less homework learned kinds fun stuff school cooking handcrafting plus standarised tests get admitted university would stand front several teachers pick random card box answer question either orally written,neutral,0.505341649055481,0,"{'joy': 0.8164281845092773, 'surprise': 0.08561783283948898, 'neutral': 0.08283298462629318, 'anger': 0.008264904841780663, 'sadness': 0.0046346355229616165, 'fear': 0.0011240419698879123, 'disgust': 0.001097395783290267, 'joy_linguistic': 1.0, 'joy_sentence_count': 1}",0.08283298462629318,0.08561783283948898,0.8164281845092773,0.008264904841780663,0.0046346355229616165,0.001097395783290267,0.0011240419698879123,0.0,0.0,1.0,0.0,0.0,0.0,0.0,0.0,0.0,1.0,0.0,0.0,0.0,0.0,joy
"Nope. Even as an ""American"" I hate it when Americans obnoxiously brags about being number 1 over and over.",75,nope even american hate americans obnoxiously brags number,negative,0.8885677456855774,5,"{'anger': 0.8533410429954529, 'disgust': 0.060036275535821915, 'neutral': 0.058501310646533966, 'sadness': 0.01086925994604826, 'fear': 0.010273059830069542, 'joy': 0.004134895745664835, 'surprise': 0.00284431385807693}",0.058501310646533966,0.00284431385807693,0.004134895745664835,0.8533410429954529,0.01086925994604826,0.060036275535821915,0.010273059830069542,0.0,0.0,0.0,0.0,0.0,0.0,0.0,0.0,0.0,0.0,0.0,0.0,0.0,0.0,anger
At my school the kids with low grades are just the ones expected to fail.,76,school kids low grades ones expected fail,negative,0.8246971368789673,29,"{'sadness': 0.6805322170257568, 'neutral': 0.0854703038930893, 'fear': 0.07723970711231232, 'surprise': 0.06406033784151077, 'anger': 0.055801622569561005, 'disgust': 0.01924312487244606, 'joy': 0.01765274815261364, 'sadness_linguistic': 1.0, 'sadness_sentence_count': 1}",0.0854703038930893,0.06406033784151077,0.01765274815261364,0.055801622569561005,0.6805322170257568,0.01924312487244606,0.07723970711231232,0.0,0.0,0.0,0.0,1.0,0.0,0.0,0.0,0.0,0.0,0.0,1.0,0.0,0.0,sadness
Finland gives a chance to students to love themselves,77,finland gives chance students love,positive,0.6112553477287292,0,"{'joy': 0.7434537410736084, 'neutral': 0.18422970175743103, 'surprise': 0.05781031399965286, 'sadness': 0.007962440140545368, 'anger': 0.003816544311121106, 'fear': 0.0016088077099993825, 'disgust': 0.0011184221366420388, 'joy_linguistic': 1.0, 'love_linguistic': 1.0, 'joy_sentence_count': 1, 'love_sentence_count': 1}",0.18422970175743103,0.05781031399965286,0.7434537410736084,0.003816544311121106,0.007962440140545368,0.0011184221366420388,0.0016088077099993825,0.0,0.0,1.0,0.0,0.0,0.0,0.0,0.0,0.0,1.0,0.0,0.0,0.0,0.0,joy
"“Awful heavy music” sir, you are wrong. I now invite you to politely piss off
Edit:spelling",78,awful heavy music sir wrong invite politely piss editspelling,negative,0.9335856437683105,25,"{'fear': 0.7012546062469482, 'anger': 0.21881936490535736, 'sadness': 0.053232911974191666, 'surprise': 0.013770482502877712, 'neutral': 0.006983570754528046, 'disgust': 0.004187647718936205, 'joy': 0.0017515085637569427, 'fear_linguistic': 1.0, 'disgust_linguistic': 1.0, 'fear_sentence_count': 1, 'disgust_sentence_count': 1}",0.006983570754528046,0.013770482502877712,0.0017515085637569427,0.21881936490535736,0.053232911974191666,0.004187647718936205,0.7012546062469482,0.0,0.0,0.0,0.0,0.0,1.0,1.0,0.0,0.0,0.0,0.0,0.0,1.0,1.0,fear
"This guy has an agenda. As soon as he said less immigrant students was “Donald Trump’s dream” I knew this was going to be a commercial for socialism.
All Trump ever said about immigrants is that they should come legally and not hate America.",80,guy agenda soon said less immigrant students donald trumps dream knew going commercial socialism trump ever said immigrants come legally hate america,negative,0.7968699932098389,-1,"{'anger': 0.3895437717437744, 'neutral': 0.29819363355636597, 'surprise': 0.16137467324733734, 'sadness': 0.05144847184419632, 'fear': 0.050544623285532, 'joy': 0.0422610305249691, 'disgust': 0.0066337576135993}",0.29819363355636597,0.16137467324733734,0.0422610305249691,0.3895437717437744,0.05144847184419632,0.0066337576135993,0.050544623285532,0.0,0.0,0.0,0.0,0.0,0.0,0.0,0.0,0.0,0.0,0.0,0.0,0.0,0.0,anger
"0:27 ""awful heavy metal music"" excuse me sir, you've got an research error right there",81,awful heavy metal music excuse sir youve got research error right,negative,0.902474045753479,25,"{'fear': 0.9356837868690491, 'anger': 0.020429234951734543, 'sadness': 0.01859602890908718, 'surprise': 0.014822530560195446, 'neutral': 0.005953000858426094, 'joy': 0.0027379454113543034, 'disgust': 0.0017775496235117316, 'fear_linguistic': 1.0, 'disgust_linguistic': 1.0, 'fear_sentence_count': 1, 'disgust_sentence_count': 1}",0.005953000858426094,0.014822530560195446,0.0027379454113543034,0.020429234951734543,0.01859602890908718,0.0017775496235117316,0.9356837868690491,0.0,0.0,0.0,0.0,0.0,1.0,1.0,0.0,0.0,0.0,0.0,0.0,1.0,1.0,fear
TRUE THO here they treat us like fuckin adults,83,true tho treat like fuckin adults,negative,0.8826074004173279,-1,"{'anger': 0.6902834177017212, 'disgust': 0.19853441417217255, 'neutral': 0.04803271219134331, 'sadness': 0.03270479664206505, 'fear': 0.011535071767866611, 'joy': 0.01081672590225935, 'surprise': 0.008092842996120453, 'neutral_linguistic': 1.0, 'neutral_sentence_count': 1}",0.04803271219134331,0.008092842996120453,0.01081672590225935,0.6902834177017212,0.03270479664206505,0.19853441417217255,0.011535071767866611,1.0,0.0,0.0,0.0,0.0,0.0,0.0,1.0,0.0,0.0,0.0,0.0,0.0,0.0,anger
"I am from india.
Here our education system is worst in the world.",84,india education system worst world,negative,0.8956946730613708,2,"{'disgust': 0.41732627153396606, 'sadness': 0.30766916275024414, 'anger': 0.178498312830925, 'neutral': 0.05340183898806572, 'fear': 0.02039802074432373, 'surprise': 0.020273910835385323, 'joy': 0.0024324406404048204}",0.05340183898806572,0.020273910835385323,0.0024324406404048204,0.178498312830925,0.30766916275024414,0.41732627153396606,0.02039802074432373,0.0,0.0,0.0,0.0,0.0,0.0,0.0,0.0,0.0,0.0,0.0,0.0,0.0,0.0,disgust
"I hope that the younger generation fights for this in the future. To have a better quality of time for our family, friends, and ourselves. Including a wholesome education for everyone!",85,hope younger generation fights future better quality time family friends including wholesome education everyone,positive,0.8638861179351807,35,"{'joy': 0.749251663684845, 'neutral': 0.2121020257472992, 'sadness': 0.019347520545125008, 'surprise': 0.010834751650691032, 'anger': 0.005157392006367445, 'disgust': 0.00208050524815917, 'fear': 0.0012261011870577931}",0.2121020257472992,0.010834751650691032,0.749251663684845,0.005157392006367445,0.019347520545125008,0.00208050524815917,0.0012261011870577931,0.0,0.0,0.0,0.0,0.0,0.0,0.0,0.0,0.0,0.0,0.0,0.0,0.0,0.0,joy
"School kids in Finland don't attack each other either.

That's how they can get away, with a more efficient education.

And that's also why problem kids (Bullies) have to be separated, from the other students.

I've seen it firsthand, with the Elementary School kids today. 

The Bullies will never change (regardless of their age). And everyone else is paying for it.",86,school kids finland dont attack either thats get away efficient education thats also problem kids bullies separated students ive seen firsthand elementary school kids today bullies never change regardless age everyone else paying,negative,0.5369774103164673,-1,"{'anger': 0.4793035686016083, 'sadness': 0.38452890515327454, 'joy': 0.03838508576154709, 'fear': 0.037279531359672546, 'surprise': 0.031014012172818184, 'neutral': 0.028426997363567352, 'disgust': 0.0010619356762617826, 'neutral_linguistic': 0.5, 'sadness_linguistic': 0.5, 'love_sentence_count': 1, 'neutral_sentence_count': 1}",0.028426997363567352,0.031014012172818184,0.03838508576154709,0.4793035686016083,0.38452890515327454,0.0010619356762617826,0.037279531359672546,0.5,0.0,0.0,0.0,0.5,0.0,0.0,1.0,0.0,0.0,0.0,0.0,0.0,0.0,sadness
"Who wants to take me to finland? 
I really wanna learn but school here in the Philippines is so boring and dumb.",87,wants take finland really wanna learn school philippines boring dumb,negative,0.8083407878875732,0,"{'sadness': 0.8862051367759705, 'neutral': 0.054286111146211624, 'joy': 0.02420968748629093, 'surprise': 0.017184490337967873, 'anger': 0.012373016215860844, 'disgust': 0.003878217190504074, 'fear': 0.0018633452709764242, 'neutral_linguistic': 1.2, 'neutral_sentence_count': 1}",0.054286111146211624,0.017184490337967873,0.02420968748629093,0.012373016215860844,0.8862051367759705,0.003878217190504074,0.0018633452709764242,1.2,0.0,0.0,0.0,0.0,0.0,0.0,1.0,0.0,0.0,0.0,0.0,0.0,0.0,sadness
And also they learn 3 language,88,also learn language,neutral,0.5584461092948914,22,"{'neutral': 0.9312509298324585, 'surprise': 0.026537258177995682, 'joy': 0.016638534143567085, 'sadness': 0.016300339251756668, 'disgust': 0.003344631288200617, 'fear': 0.00331258587539196, 'anger': 0.0026155852247029543, 'neutral_linguistic': 1.0, 'neutral_sentence_count': 1}",0.9312509298324585,0.026537258177995682,0.016638534143567085,0.0026155852247029543,0.016300339251756668,0.003344631288200617,0.00331258587539196,1.0,0.0,0.0,0.0,0.0,0.0,0.0,1.0,0.0,0.0,0.0,0.0,0.0,0.0,neutral
"@…  bruh he literally just said ""what"" and you call him a lazy thinker",89,bruh literally said call lazy thinker,negative,0.7838379740715027,-1,"{'anger': 0.4095766544342041, 'neutral': 0.3837019205093384, 'disgust': 0.16661348938941956, 'sadness': 0.019566645845770836, 'surprise': 0.014142654836177826, 'fear': 0.0034520903136581182, 'joy': 0.0029465227853506804}",0.3837019205093384,0.014142654836177826,0.0029465227853506804,0.4095766544342041,0.019566645845770836,0.16661348938941956,0.0034520903136581182,0.0,0.0,0.0,0.0,0.0,0.0,0.0,0.0,0.0,0.0,0.0,0.0,0.0,0.0,anger
"i saw a documentary that finland's school café are run by students and they have foods that look good and actually they might taste good. They can get what they want on the café for free and sit down with their friends. They also spend 4 hours a day on school, which is my dream. They also dont have too much homework. just a good amount of homework.",90,saw documentary finlands school café run students foods look good actually might taste good get want café free sit friends also spend hours day school dream also dont much homework good amount homework,positive,0.8335627317428589,0,"{'joy': 0.4899366497993469, 'surprise': 0.3933130204677582, 'neutral': 0.09522603452205658, 'sadness': 0.016705850139260292, 'anger': 0.0027807815931737423, 'fear': 0.0014087840681895614, 'disgust': 0.0006288621807470918, 'neutral_linguistic': 2.0, 'neutral_sentence_count': 1}",0.09522603452205658,0.3933130204677582,0.4899366497993469,0.0027807815931737423,0.016705850139260292,0.0006288621807470918,0.0014087840681895614,2.0,0.0,0.0,0.0,0.0,0.0,0.0,1.0,0.0,0.0,0.0,0.0,0.0,0.0,neutral
I’m Finnish and I get paid to go to university.,91,finnish get paid university,neutral,0.7288253903388977,0,"{'neutral': 0.8032962083816528, 'surprise': 0.08527300506830215, 'sadness': 0.051114924252033234, 'joy': 0.0406884104013443, 'anger': 0.01377020962536335, 'disgust': 0.0032731767278164625, 'fear': 0.0025840625166893005}",0.8032962083816528,0.08527300506830215,0.0406884104013443,0.01377020962536335,0.051114924252033234,0.0032731767278164625,0.0025840625166893005,0.0,0.0,0.0,0.0,0.0,0.0,0.0,0.0,0.0,0.0,0.0,0.0,0.0,0.0,neutral
I think the main reason is that there population isnt high so they can focus on education wholely because the probably dont have as much students as   most countries do which is why they focus alot on it,92,think main reason population isnt high focus education wholely probably dont much students countries focus alot,neutral,0.5646066069602966,1,"{'sadness': 0.3323637843132019, 'neutral': 0.29939818382263184, 'surprise': 0.21749264001846313, 'joy': 0.10674018412828445, 'anger': 0.0329752117395401, 'fear': 0.005600754637271166, 'disgust': 0.00542924040928483, 'neutral_linguistic': 1.0, 'neutral_sentence_count': 1}",0.29939818382263184,0.21749264001846313,0.10674018412828445,0.0329752117395401,0.3323637843132019,0.00542924040928483,0.005600754637271166,1.0,0.0,0.0,0.0,0.0,0.0,0.0,1.0,0.0,0.0,0.0,0.0,0.0,0.0,neutral
My priv school only want good scores to show off and make everyone go to our school,93,priv school want good scores show make everyone school,positive,0.4793633818626404,45,"{'joy': 0.706653892993927, 'neutral': 0.14834630489349365, 'surprise': 0.09871214628219604, 'anger': 0.027077576145529747, 'sadness': 0.013589638285338879, 'fear': 0.004023456014692783, 'disgust': 0.0015969440573826432}",0.14834630489349365,0.09871214628219604,0.706653892993927,0.027077576145529747,0.013589638285338879,0.0015969440573826432,0.004023456014692783,0.0,0.0,0.0,0.0,0.0,0.0,0.0,0.0,0.0,0.0,0.0,0.0,0.0,0.0,joy
"i try to understand what if some kids arent good at schools results and wont get top jobs? we easterners biggest fear is life of poverty, lowly jobs that people will laugh and look-down on you, thats why our parent will push beat and cheat all sort to get near top jobs",94,try understand kids arent good schools results wont get top jobs easterners biggest fear life poverty lowly jobs people laugh lookdown thats parent push beat cheat sort get near top jobs,negative,0.7844363451004028,-1,"{'fear': 0.8561891913414001, 'sadness': 0.08985801786184311, 'joy': 0.03343801200389862, 'anger': 0.013229540549218655, 'neutral': 0.004716332536190748, 'surprise': 0.0020709584932774305, 'disgust': 0.0004979257355444133, 'joy_linguistic': 1.0, 'sadness_linguistic': 2.0, 'joy_sentence_count': 1, 'sadness_sentence_count': 1}",0.004716332536190748,0.0020709584932774305,0.03343801200389862,0.013229540549218655,0.08985801786184311,0.0004979257355444133,0.8561891913414001,0.0,0.0,1.0,0.0,2.0,0.0,0.0,0.0,0.0,1.0,0.0,1.0,0.0,0.0,sadness
"I hate when they say 

Kids in Africa don’t even have school 

I under stand it’s better than nothing but it’s still doesn’t mean our life’s don’t matter",96,hate say kids africa dont even school stand better nothing still doesnt mean lifes dont matter,negative,0.8320364356040955,0,"{'anger': 0.6838569045066833, 'sadness': 0.13794229924678802, 'neutral': 0.09161932021379471, 'disgust': 0.04650864005088806, 'joy': 0.03202444314956665, 'surprise': 0.004758108872920275, 'fear': 0.003290249267593026, 'anger_linguistic': 1.0, 'anger_sentence_count': 1}",0.09161932021379471,0.004758108872920275,0.03202444314956665,0.6838569045066833,0.13794229924678802,0.04650864005088806,0.003290249267593026,0.0,0.0,0.0,1.0,0.0,0.0,0.0,0.0,0.0,0.0,1.0,0.0,0.0,0.0,anger
I really think u Are wrong,97,really think wrong,negative,0.6714256405830383,20,"{'anger': 0.6347336173057556, 'neutral': 0.12028837203979492, 'sadness': 0.10414756089448929, 'surprise': 0.09972690045833588, 'fear': 0.01797427237033844, 'disgust': 0.017050957307219505, 'joy': 0.006078287959098816, 'neutral_linguistic': 1.2, 'neutral_sentence_count': 1}",0.12028837203979492,0.09972690045833588,0.006078287959098816,0.6347336173057556,0.10414756089448929,0.017050957307219505,0.01797427237033844,1.2,0.0,0.0,0.0,0.0,0.0,0.0,1.0,0.0,0.0,0.0,0.0,0.0,0.0,neutral
The US just left the chat,98,left chat,neutral,0.7768802642822266,-1,,,,,,,,,,,,,,,,,,,,,,,
"No homework until highschool? What country is that... we have had homework since the first day. Finnish high schools are just like American High Schools... just start a bit later. We do tens of courses a year and required minimum of 75 courses in 2.5 years which is 30 courses a year. I'm here sitting on my pile of homework and you are stating that we rarely get assigned any? 😄👍

Also there is no going slowly in high school or above anymore. Middle school yes sure, but in High School you do 1 course in 6 weeks and then a test week. 1 course is 1 book. 1 book has tens of chapters hundreds of pages... in history for example you go through tens of pages a lesson",99,homework highschool country homework since first day finnish high schools like american high schools start bit later tens courses year required minimum courses years courses year sitting pile homework stating rarely get assigned also going slowly high school anymore middle school yes sure high school course weeks test week course book book tens chapters hundreds pages history example tens pages lesson,neutral,0.6736253499984741,0,"{'surprise': 0.3359709084033966, 'neutral': 0.25525328516960144, 'sadness': 0.1589737832546234, 'joy': 0.11822028458118439, 'anger': 0.08592472225427628, 'fear': 0.043775856494903564, 'disgust': 0.001881117350421846, 'sadness_linguistic': 0.75, 'sadness_sentence_count': 1, 'neutral_sentence_count': 1}",0.25525328516960144,0.3359709084033966,0.11822028458118439,0.08592472225427628,0.1589737832546234,0.001881117350421846,0.043775856494903564,0.0,0.0,0.0,0.0,0.75,0.0,0.0,1.0,0.0,0.0,0.0,1.0,0.0,0.0,sadness
"@…  Google CEO isn't even an American dude... The reason all of these tech giants are ""american"" is because USA policies allows big companies to pay much much less taxes then other countries. Also, i would argue that it's much more important having an educated youth then having a big private company (or a couple of them) that pretty much control all the money in one country. :)",100,google ceo isnt even american dude reason tech giants american usa policies allows big companies pay much much less taxes countries also would argue much important educated youth big private company couple pretty much control money one country,neutral,0.6140594482421875,10,"{'surprise': 0.5329999327659607, 'neutral': 0.32291775941848755, 'joy': 0.0541960671544075, 'anger': 0.04797900840640068, 'sadness': 0.034273047000169754, 'disgust': 0.0041069453582167625, 'fear': 0.003527251072227955, 'sadness_linguistic': 1.0, 'neutral_linguistic': 1.0, 'sadness_sentence_count': 1, 'neutral_sentence_count': 1}",0.32291775941848755,0.5329999327659607,0.0541960671544075,0.04797900840640068,0.034273047000169754,0.0041069453582167625,0.003527251072227955,1.0,0.0,0.0,0.0,1.0,0.0,0.0,1.0,0.0,0.0,0.0,1.0,0.0,0.0,neutral
Teachers in the US are bombarded with new materials and teaching standards with no time to master the strategies they need.  As of summer 2020 parents appreciate teachers more but not for their teaching qualifications. Parents were horrified that teachers would not be supervising their children everyday. Parents also have come to appreciate that they must train their children to be ready to pay attention and be good learners. This is one benefit of the COVID-19 school closures; parents have become partners in Distance OnLine Teaching.,101,teachers bombarded new materials teaching standards time master strategies need summer parents appreciate teachers teaching qualifications parents horrified teachers would supervising children everyday parents also come appreciate must train children ready pay attention good learners one benefit covid school closures parents become partners distance online teaching,negative,0.6812704801559448,4,"{'fear': 0.9875780940055847, 'anger': 0.0055528730154037476, 'joy': 0.0026714790146797895, 'surprise': 0.001630215672776103, 'sadness': 0.0015010683564469218, 'disgust': 0.0005654517444781959, 'neutral': 0.0005008485168218613, 'joy_linguistic': 1.0, 'fear_linguistic': 1.0, 'love_linguistic': 1.0, 'neutral_linguistic': 1.0, 'joy_sentence_count': 1, 'fear_sentence_count': 1, 'love_sentence_count': 1, 'neutral_sentence_count': 1}",0.0005008485168218613,0.001630215672776103,0.0026714790146797895,0.0055528730154037476,0.0015010683564469218,0.0005654517444781959,0.9875780940055847,1.0,0.0,1.0,0.0,0.0,0.0,1.0,1.0,0.0,1.0,0.0,0.0,0.0,1.0,fear
"If I went to school in Finland, I would be getting As and Bs",102,went school finland would getting,neutral,0.5408454537391663,0,"{'neutral': 0.39908578991889954, 'surprise': 0.30720481276512146, 'sadness': 0.23452456295490265, 'joy': 0.032790664583444595, 'anger': 0.014313772320747375, 'fear': 0.0070657930336892605, 'disgust': 0.005014658905565739}",0.39908578991889954,0.30720481276512146,0.032790664583444595,0.014313772320747375,0.23452456295490265,0.005014658905565739,0.0070657930336892605,0.0,0.0,0.0,0.0,0.0,0.0,0.0,0.0,0.0,0.0,0.0,0.0,0.0,0.0,neutral
"At the beginning of 7th grade, we iterate over everything we've learnt in 1-6th grade briefly before continuing to new subjects.",103,beginning grade iterate everything weve learnt grade briefly continuing new subjects,neutral,0.8103989958763123,-1,"{'neutral': 0.9013219475746155, 'fear': 0.032324064522981644, 'joy': 0.019378283992409706, 'surprise': 0.018696103245019913, 'anger': 0.016897091642022133, 'disgust': 0.006113186478614807, 'sadness': 0.005269250366836786}",0.9013219475746155,0.018696103245019913,0.019378283992409706,0.016897091642022133,0.005269250366836786,0.006113186478614807,0.032324064522981644,0.0,0.0,0.0,0.0,0.0,0.0,0.0,0.0,0.0,0.0,0.0,0.0,0.0,0.0,neutral
"""Well Finland is so homogenouzzz"" and stuff.
The American system is the most undemocratic system in the western world.

You can't even elect ANYTHING by a direct, democtratic election. 
Just search for direct election, where the people actually has a vote.",104,well finland homogenouzzz stuff american system undemocratic system western world cant even elect anything direct democtratic election search direct election people actually vote,negative,0.9277812838554382,14,"{'neutral': 0.6321693658828735, 'anger': 0.17292024195194244, 'surprise': 0.09269027411937714, 'sadness': 0.04858514294028282, 'joy': 0.03239087387919426, 'disgust': 0.016080433502793312, 'fear': 0.005163657013326883, 'neutral_linguistic': 1.0, 'neutral_sentence_count': 1}",0.6321693658828735,0.09269027411937714,0.03239087387919426,0.17292024195194244,0.04858514294028282,0.016080433502793312,0.005163657013326883,1.0,0.0,0.0,0.0,0.0,0.0,0.0,1.0,0.0,0.0,0.0,0.0,0.0,0.0,neutral
"Just because it works in Finland, doesn't mean it would work in every other countries. Every country has different perspective about their  education system and they only choose which seems to be perfect for their educational environment. It's just like a wild animals and pets. You don't treat  both of them similarly. 

edit - so many unexperienced losers  and no braniners replying here, but likes says it all. :))",105,works finland doesnt mean would work every countries every country different perspective education system choose seems perfect educational environment like wild animals pets dont treat similarly edit many unexperienced losers braniners replying likes says,neutral,0.5109751224517822,0,"{'neutral': 0.45034918189048767, 'surprise': 0.4086977541446686, 'joy': 0.08887600153684616, 'sadness': 0.04108068346977234, 'anger': 0.007538391277194023, 'fear': 0.0026494525372982025, 'disgust': 0.0008085360750555992, 'anger_linguistic': 1.0, 'anger_sentence_count': 1}",0.45034918189048767,0.4086977541446686,0.08887600153684616,0.007538391277194023,0.04108068346977234,0.0008085360750555992,0.0026494525372982025,0.0,0.0,0.0,1.0,0.0,0.0,0.0,0.0,0.0,0.0,1.0,0.0,0.0,0.0,anger
"@…  That's all you got? You have to call everyone else commies, because your country is drowning in student debt.",106,thats got call everyone else commies country drowning student debt,negative,0.9401190280914307,15,"{'neutral': 0.5189051032066345, 'sadness': 0.2729004919528961, 'surprise': 0.09599516540765762, 'joy': 0.062480464577674866, 'anger': 0.029649116098880768, 'disgust': 0.014221708290278912, 'fear': 0.005847946275025606}",0.5189051032066345,0.09599516540765762,0.062480464577674866,0.029649116098880768,0.2729004919528961,0.014221708290278912,0.005847946275025606,0.0,0.0,0.0,0.0,0.0,0.0,0.0,0.0,0.0,0.0,0.0,0.0,0.0,0.0,neutral
"Well said
(Coming from a Finn)",107,well said coming finn,positive,0.8875694870948792,0,"{'neutral': 0.7255154848098755, 'surprise': 0.09445618093013763, 'sadness': 0.08670971542596817, 'joy': 0.08083835989236832, 'fear': 0.007097985129803419, 'anger': 0.003804457141086459, 'disgust': 0.0015778272645547986}",0.7255154848098755,0.09445618093013763,0.08083835989236832,0.003804457141086459,0.08670971542596817,0.0015778272645547986,0.007097985129803419,0.0,0.0,0.0,0.0,0.0,0.0,0.0,0.0,0.0,0.0,0.0,0.0,0.0,0.0,neutral
"Academically, Americans are lazy.",108,academically americans lazy,negative,0.8093935251235962,1,"{'sadness': 0.6545782685279846, 'neutral': 0.24188753962516785, 'surprise': 0.041014526039361954, 'anger': 0.03470529988408089, 'joy': 0.019084269180893898, 'disgust': 0.007367548532783985, 'fear': 0.0013625951251015067}",0.24188753962516785,0.041014526039361954,0.019084269180893898,0.03470529988408089,0.6545782685279846,0.007367548532783985,0.0013625951251015067,0.0,0.0,0.0,0.0,0.0,0.0,0.0,0.0,0.0,0.0,0.0,0.0,0.0,0.0,sadness
Wait what why is Korea number 2 in efficient edu systems? I thought Korea has the worst edu system as a Korean student. Korea is crazy and makes all students compete each other. I envy Finnish students,109,wait korea number efficient edu systems thought korea worst edu system korean student korea crazy makes students compete envy finnish students,negative,0.9239693880081177,-1,"{'surprise': 0.40767720341682434, 'neutral': 0.3054955005645752, 'anger': 0.17137783765792847, 'joy': 0.047762975096702576, 'sadness': 0.04465273767709732, 'fear': 0.021023662760853767, 'disgust': 0.0020100849214941263}",0.3054955005645752,0.40767720341682434,0.047762975096702576,0.17137783765792847,0.04465273767709732,0.0020100849214941263,0.021023662760853767,0.0,0.0,0.0,0.0,0.0,0.0,0.0,0.0,0.0,0.0,0.0,0.0,0.0,0.0,surprise
The problem in America starts in the home and it's brought to the classroom.,110,problem america starts home brought classroom,negative,0.9028204679489136,3,"{'neutral': 0.5742979645729065, 'surprise': 0.2425873726606369, 'sadness': 0.10739394277334213, 'fear': 0.042972274124622345, 'joy': 0.016829760745167732, 'anger': 0.01292527187615633, 'disgust': 0.002993444912135601}",0.5742979645729065,0.2425873726606369,0.016829760745167732,0.01292527187615633,0.10739394277334213,0.002993444912135601,0.042972274124622345,0.0,0.0,0.0,0.0,0.0,0.0,0.0,0.0,0.0,0.0,0.0,0.0,0.0,0.0,neutral
Flaweless moon  - your English is better than the President of the United States.,111,flaweless moon english better president united states,negative,0.898707926273346,-1,"{'joy': 0.5936241149902344, 'surprise': 0.24357426166534424, 'neutral': 0.08130622655153275, 'fear': 0.04435531795024872, 'sadness': 0.019198574125766754, 'anger': 0.01614256761968136, 'disgust': 0.0017989722546190023}",0.08130622655153275,0.24357426166534424,0.5936241149902344,0.01614256761968136,0.019198574125766754,0.0017989722546190023,0.04435531795024872,0.0,0.0,0.0,0.0,0.0,0.0,0.0,0.0,0.0,0.0,0.0,0.0,0.0,0.0,joy
abdulahi mohamud  because people made it that way by media.,112,abdulahi mohamud people made way media,neutral,0.6732867956161499,27,"{'neutral': 0.5235703587532043, 'surprise': 0.42208534479141235, 'sadness': 0.022032128646969795, 'joy': 0.014927045442163944, 'anger': 0.011733874678611755, 'disgust': 0.0030835845973342657, 'fear': 0.0025676549412310123, 'anger_linguistic': 1.0, 'anger_sentence_count': 1}",0.5235703587532043,0.42208534479141235,0.014927045442163944,0.011733874678611755,0.022032128646969795,0.0030835845973342657,0.0025676549412310123,0.0,0.0,0.0,1.0,0.0,0.0,0.0,0.0,0.0,0.0,1.0,0.0,0.0,0.0,anger
"What this report does not talk about:
--Finland is an homogenous society, they do not have the reams of immigrants who cannot speak the language in the way that an American school does
--Finland does not have the type of poverty that the US has or the disparity gap.
--Finland's education is not politicized as it is in America
After having said the above, please tell me what Finland contributes to the world!
Who runs to study at a university in Finland?",113,report talk finland homogenous society reams immigrants cannot speak language way american school finland type poverty disparity gap finlands education politicized america said please tell finland contributes world runs study university finland,neutral,0.701278030872345,0,"{'sadness': 0.4251176118850708, 'neutral': 0.21816977858543396, 'surprise': 0.18369166553020477, 'joy': 0.09332329034805298, 'anger': 0.06668031960725784, 'fear': 0.01167846005409956, 'disgust': 0.001338919741101563}",0.21816977858543396,0.18369166553020477,0.09332329034805298,0.06668031960725784,0.4251176118850708,0.001338919741101563,0.01167846005409956,0.0,0.0,0.0,0.0,0.0,0.0,0.0,0.0,0.0,0.0,0.0,0.0,0.0,0.0,sadness
And all schools get treated equally. How is it paid? Taxes. Yes that evil word America. Somehow a country with barely any increase in taxes is doing better than your shithole.,114,schools get treated equally paid taxes yes evil word america somehow country barely increase taxes better shithole,negative,0.8223841786384583,1,"{'anger': 0.48976820707321167, 'sadness': 0.20272742211818695, 'joy': 0.13047081232070923, 'neutral': 0.07400646805763245, 'disgust': 0.06766936182975769, 'surprise': 0.02836410515010357, 'fear': 0.006993647664785385, 'fear_linguistic': 1.0, 'fear_sentence_count': 1}",0.07400646805763245,0.02836410515010357,0.13047081232070923,0.48976820707321167,0.20272742211818695,0.06766936182975769,0.006993647664785385,0.0,0.0,0.0,0.0,0.0,0.0,1.0,0.0,0.0,0.0,0.0,0.0,0.0,1.0,fear
Man forget America,115,man forget america,negative,0.621082603931427,5,"{'neutral': 0.511483371257782, 'sadness': 0.2576504647731781, 'surprise': 0.19029070436954498, 'joy': 0.028753207996487617, 'anger': 0.0059274714440107346, 'fear': 0.0039658616296947, 'disgust': 0.0019288725452497602}",0.511483371257782,0.19029070436954498,0.028753207996487617,0.0059274714440107346,0.2576504647731781,0.0019288725452497602,0.0039658616296947,0.0,0.0,0.0,0.0,0.0,0.0,0.0,0.0,0.0,0.0,0.0,0.0,0.0,0.0,neutral
"People concerned about America, 
Then India 🤣🤣🤣🤣🤣🤣🤣",116,people concerned america india,negative,0.5526634454727173,32,"{'fear': 0.4754628837108612, 'neutral': 0.3044604957103729, 'sadness': 0.1288473755121231, 'anger': 0.040286362171173096, 'surprise': 0.03800313547253609, 'joy': 0.008949866518378258, 'disgust': 0.003989937249571085, 'fear_linguistic': 1.0, 'love_linguistic': 1.0, 'fear_sentence_count': 1, 'love_sentence_count': 1}",0.3044604957103729,0.03800313547253609,0.008949866518378258,0.040286362171173096,0.1288473755121231,0.003989937249571085,0.4754628837108612,0.0,0.0,0.0,0.0,0.0,0.0,1.0,0.0,0.0,0.0,0.0,0.0,0.0,1.0,fear
Bruh I’m stuck wit trash school and 10 min recess  and trash lunch,117,bruh stuck wit trash school min recess trash lunch,negative,0.9459052085876465,3,"{'neutral': 0.4624505639076233, 'disgust': 0.31592532992362976, 'anger': 0.09949091821908951, 'sadness': 0.07698746770620346, 'surprise': 0.024298593401908875, 'joy': 0.01197054423391819, 'fear': 0.008876577019691467}",0.4624505639076233,0.024298593401908875,0.01197054423391819,0.09949091821908951,0.07698746770620346,0.31592532992362976,0.008876577019691467,0.0,0.0,0.0,0.0,0.0,0.0,0.0,0.0,0.0,0.0,0.0,0.0,0.0,0.0,neutral
"You are all silly, Finland isn’t real.",118,silly finland isnt real,negative,0.8190211653709412,0,"{'surprise': 0.500963568687439, 'sadness': 0.2701506018638611, 'neutral': 0.20722359418869019, 'joy': 0.009913952089846134, 'anger': 0.005857683718204498, 'fear': 0.0035876689944416285, 'disgust': 0.002302976557984948, 'neutral_linguistic': 1.0, 'neutral_sentence_count': 1}",0.20722359418869019,0.500963568687439,0.009913952089846134,0.005857683718204498,0.2701506018638611,0.002302976557984948,0.0035876689944416285,1.0,0.0,0.0,0.0,0.0,0.0,0.0,1.0,0.0,0.0,0.0,0.0,0.0,0.0,neutral
It's the whole system,120,whole system,negative,0.5130171179771423,16,"{'neutral': 0.5642172694206238, 'surprise': 0.28949445486068726, 'sadness': 0.06496894359588623, 'anger': 0.040107183158397675, 'disgust': 0.02351183257997036, 'joy': 0.009323435835540295, 'fear': 0.008376888930797577}",0.5642172694206238,0.28949445486068726,0.009323435835540295,0.040107183158397675,0.06496894359588623,0.02351183257997036,0.008376888930797577,0.0,0.0,0.0,0.0,0.0,0.0,0.0,0.0,0.0,0.0,0.0,0.0,0.0,0.0,neutral
Should I move to Finland?👀 for college/university,121,move finland collegeuniversity,neutral,0.9325404763221741,0,"{'neutral': 0.8019285202026367, 'surprise': 0.07234981656074524, 'joy': 0.048481836915016174, 'sadness': 0.029802368953824043, 'fear': 0.025319362059235573, 'anger': 0.019954241812229156, 'disgust': 0.0021638311445713043}",0.8019285202026367,0.07234981656074524,0.048481836915016174,0.019954241812229156,0.029802368953824043,0.0021638311445713043,0.025319362059235573,0.0,0.0,0.0,0.0,0.0,0.0,0.0,0.0,0.0,0.0,0.0,0.0,0.0,0.0,neutral
yeah when I'm actually done with this stupid mind breaking school of mine I'll just go and school in Finland cause dang i envy them,122,yeah actually done stupid mind breaking school mine ill school finland cause dang envy,negative,0.8622216582298279,0,"{'anger': 0.4924125373363495, 'sadness': 0.4214094579219818, 'neutral': 0.0291739609092474, 'joy': 0.023257652297616005, 'surprise': 0.019416823983192444, 'disgust': 0.011747792363166809, 'fear': 0.0025817640125751495, 'neutral_linguistic': 1.0, 'neutral_sentence_count': 1}",0.0291739609092474,0.019416823983192444,0.023257652297616005,0.4924125373363495,0.4214094579219818,0.011747792363166809,0.0025817640125751495,1.0,0.0,0.0,0.0,0.0,0.0,0.0,1.0,0.0,0.0,0.0,0.0,0.0,0.0,neutral
"claps in Canadian :,)",123,claps canadian,positive,0.9550236463546753,-1,"{'neutral': 0.862442135810852, 'surprise': 0.08363509178161621, 'sadness': 0.0282910093665123, 'joy': 0.019961852580308914, 'anger': 0.003175362478941679, 'disgust': 0.0014713514829054475, 'fear': 0.001023176941089332}",0.862442135810852,0.08363509178161621,0.019961852580308914,0.003175362478941679,0.0282910093665123,0.0014713514829054475,0.001023176941089332,0.0,0.0,0.0,0.0,0.0,0.0,0.0,0.0,0.0,0.0,0.0,0.0,0.0,0.0,neutral
"You are not proving USA system is good, you are only proving it's better than in India.",124,proving usa system good proving better india,negative,0.4720754623413086,32,"{'joy': 0.720976710319519, 'neutral': 0.18588049709796906, 'surprise': 0.049114856868982315, 'anger': 0.026862673461437225, 'sadness': 0.01250577624887228, 'fear': 0.0031578976195305586, 'disgust': 0.0015016522957012057}",0.18588049709796906,0.049114856868982315,0.720976710319519,0.026862673461437225,0.01250577624887228,0.0015016522957012057,0.0031578976195305586,0.0,0.0,0.0,0.0,0.0,0.0,0.0,0.0,0.0,0.0,0.0,0.0,0.0,0.0,joy
"No it's not, a lot of young university students committed suicide because of the stress that the University gives",125,lot young university students committed suicide stress university gives,negative,0.8410095572471619,21,"{'sadness': 0.796132504940033, 'anger': 0.10701242834329605, 'neutral': 0.050661858171224594, 'surprise': 0.017637604847550392, 'fear': 0.016024691984057426, 'joy': 0.0069475979544222355, 'disgust': 0.005583323538303375}",0.050661858171224594,0.017637604847550392,0.0069475979544222355,0.10701242834329605,0.796132504940033,0.005583323538303375,0.016024691984057426,0.0,0.0,0.0,0.0,0.0,0.0,0.0,0.0,0.0,0.0,0.0,0.0,0.0,0.0,sadness
Indian system is the worst.I am depressed,127,indian system worsti depressed,negative,0.9497253894805908,2,"{'sadness': 0.963100790977478, 'anger': 0.015031947754323483, 'disgust': 0.008992870338261127, 'neutral': 0.004455409944057465, 'surprise': 0.0034219243098050356, 'fear': 0.0029552048072218895, 'joy': 0.0020418877247720957, 'sadness_linguistic': 1.0, 'sadness_sentence_count': 1}",0.004455409944057465,0.0034219243098050356,0.0020418877247720957,0.015031947754323483,0.963100790977478,0.008992870338261127,0.0029552048072218895,0.0,0.0,0.0,0.0,1.0,0.0,0.0,0.0,0.0,0.0,0.0,1.0,0.0,0.0,sadness
He looks like a certain Twitch politics man 😀,128,looks like certain twitch politics man,neutral,0.6473866105079651,8,"{'neutral': 0.5835314989089966, 'surprise': 0.347567617893219, 'sadness': 0.016095932573080063, 'disgust': 0.015220530331134796, 'fear': 0.013764383271336555, 'anger': 0.013300512917339802, 'joy': 0.010519584640860558}",0.5835314989089966,0.347567617893219,0.010519584640860558,0.013300512917339802,0.016095932573080063,0.015220530331134796,0.013764383271336555,0.0,0.0,0.0,0.0,0.0,0.0,0.0,0.0,0.0,0.0,0.0,0.0,0.0,0.0,neutral
Yay! 😃😃😃😃 The Finns are the best! 😃😃😃😃👍👍👍🇫🇮🇫🇮🇫🇮🇫🇮 Screw all the boring shit about we English always yacking on about wor monarchy! 😝😝😝 I want them do do a documentary about all you totally awesome lovely Finns! 😃😃😃😃🇫🇮🇫🇮🇫🇮🇫🇮,129,yay finns best screw boring shit english always yacking wor monarchy want documentary totally awesome lovely finns,positive,0.9789051413536072,7,"{'joy': 0.8421823382377625, 'neutral': 0.05758098512887955, 'surprise': 0.04465546831488609, 'sadness': 0.044583044946193695, 'anger': 0.008471242152154446, 'disgust': 0.0017521895933896303, 'fear': 0.0007747873314656317, 'joy_linguistic': 2.4, 'love_linguistic': 2.4, 'joy_sentence_count': 1, 'love_sentence_count': 1}",0.05758098512887955,0.04465546831488609,0.8421823382377625,0.008471242152154446,0.044583044946193695,0.0017521895933896303,0.0007747873314656317,0.0,0.0,2.4,0.0,0.0,0.0,0.0,0.0,0.0,1.0,0.0,0.0,0.0,0.0,joy
Reason 6: idiots educate idiots to call the USA america.,130,reason idiots educate idiots call usa america,negative,0.8751747012138367,5,"{'anger': 0.5284077525138855, 'neutral': 0.3878045380115509, 'surprise': 0.022420471534132957, 'disgust': 0.020068148151040077, 'sadness': 0.018031112849712372, 'fear': 0.014314943924546242, 'joy': 0.008952988311648369}",0.3878045380115509,0.022420471534132957,0.008952988311648369,0.5284077525138855,0.018031112849712372,0.020068148151040077,0.014314943924546242,0.0,0.0,0.0,0.0,0.0,0.0,0.0,0.0,0.0,0.0,0.0,0.0,0.0,0.0,anger
Tf did that kid do for the cop to manhandle him like that?  Complete bullshit.,131,kid cop manhandle like complete bullshit,negative,0.9352105855941772,19,"{'disgust': 0.49452441930770874, 'anger': 0.4616588354110718, 'neutral': 0.024599840864539146, 'sadness': 0.00819404236972332, 'fear': 0.007206828333437443, 'surprise': 0.0024856480304151773, 'joy': 0.0013303078012540936}",0.024599840864539146,0.0024856480304151773,0.0013303078012540936,0.4616588354110718,0.00819404236972332,0.49452441930770874,0.007206828333437443,0.0,0.0,0.0,0.0,0.0,0.0,0.0,0.0,0.0,0.0,0.0,0.0,0.0,0.0,disgust
Thank you and I live in Finland,132,thank live finland,positive,0.9299821257591248,0,"{'joy': 0.5204882621765137, 'surprise': 0.2449086755514145, 'neutral': 0.20347662270069122, 'sadness': 0.022665448486804962, 'anger': 0.0065070148557424545, 'fear': 0.0011786345858126879, 'disgust': 0.0007753280224278569}",0.20347662270069122,0.2449086755514145,0.5204882621765137,0.0065070148557424545,0.022665448486804962,0.0007753280224278569,0.0011786345858126879,0.0,0.0,0.0,0.0,0.0,0.0,0.0,0.0,0.0,0.0,0.0,0.0,0.0,0.0,joy
The only brand i know is Nokia. Dont know what 's the best educated people doing ..,133,brand know nokia dont know best educated people,negative,0.6865077018737793,9,"{'neutral': 0.47127148509025574, 'surprise': 0.3785456418991089, 'sadness': 0.12262021750211716, 'joy': 0.010740322060883045, 'anger': 0.007642366923391819, 'fear': 0.006601723376661539, 'disgust': 0.0025782266166061163}",0.47127148509025574,0.3785456418991089,0.010740322060883045,0.007642366923391819,0.12262021750211716,0.0025782266166061163,0.006601723376661539,0.0,0.0,0.0,0.0,0.0,0.0,0.0,0.0,0.0,0.0,0.0,0.0,0.0,0.0,neutral
"Friendly reminder, it's not a competition❤️ Love from Finland🇫🇮",135,friendly reminder competition love finland,positive,0.8841759562492371,0,"{'neutral': 0.637141227722168, 'joy': 0.24417120218276978, 'surprise': 0.0773111954331398, 'sadness': 0.030218837782740593, 'anger': 0.007144440431147814, 'fear': 0.0020587234757840633, 'disgust': 0.0019542863592505455, 'joy_linguistic': 1.0, 'love_linguistic': 1.0, 'joy_sentence_count': 1, 'love_sentence_count': 1}",0.637141227722168,0.0773111954331398,0.24417120218276978,0.007144440431147814,0.030218837782740593,0.0019542863592505455,0.0020587234757840633,0.0,0.0,1.0,0.0,0.0,0.0,0.0,0.0,0.0,1.0,0.0,0.0,0.0,0.0,joy
What did that kid do to have the cop get him like that?,136,kid cop get like,negative,0.8556356430053711,19,"{'neutral': 0.8550259470939636, 'surprise': 0.052168671041727066, 'anger': 0.03214629366993904, 'joy': 0.03020106628537178, 'disgust': 0.013822697103023529, 'sadness': 0.011788946576416492, 'fear': 0.0048463731072843075}",0.8550259470939636,0.052168671041727066,0.03020106628537178,0.03214629366993904,0.011788946576416492,0.013822697103023529,0.0048463731072843075,0.0,0.0,0.0,0.0,0.0,0.0,0.0,0.0,0.0,0.0,0.0,0.0,0.0,0.0,neutral
"From korea. I had to stay at school from 8 to 12, for 16 hours a day.. When I was a highschool student.",137,korea stay school hours day highschool student,neutral,0.8854422569274902,21,"{'neutral': 0.5878557562828064, 'joy': 0.19077090919017792, 'surprise': 0.1320856660604477, 'sadness': 0.07393011450767517, 'anger': 0.01018150057643652, 'fear': 0.0031620466616004705, 'disgust': 0.002013958990573883}",0.5878557562828064,0.1320856660604477,0.19077090919017792,0.01018150057643652,0.07393011450767517,0.002013958990573883,0.0031620466616004705,0.0,0.0,0.0,0.0,0.0,0.0,0.0,0.0,0.0,0.0,0.0,0.0,0.0,0.0,neutral
Philippines' education system. Every test is almost like the teacher wants you to enumerate stuffs and they always give useless homeworks.,138,philippines education system every test almost like teacher wants enumerate stuffs always give useless homeworks,negative,0.9147759675979614,-1,"{'anger': 0.41509687900543213, 'neutral': 0.2529659569263458, 'disgust': 0.1845005452632904, 'sadness': 0.10935348272323608, 'surprise': 0.024112068116664886, 'fear': 0.011448360979557037, 'joy': 0.002522649010643363}",0.2529659569263458,0.024112068116664886,0.002522649010643363,0.41509687900543213,0.10935348272323608,0.1845005452632904,0.011448360979557037,0.0,0.0,0.0,0.0,0.0,0.0,0.0,0.0,0.0,0.0,0.0,0.0,0.0,0.0,anger
"Why the heck don't we have this around the world, in that way, everyone would be smart",139,heck dont around world way everyone would smart,negative,0.6816188097000122,24,"{'surprise': 0.5520055294036865, 'neutral': 0.3326632082462311, 'sadness': 0.0465526320040226, 'anger': 0.028529822826385498, 'joy': 0.017535706982016563, 'disgust': 0.013893155381083488, 'fear': 0.008819946087896824}",0.3326632082462311,0.5520055294036865,0.017535706982016563,0.028529822826385498,0.0465526320040226,0.013893155381083488,0.008819946087896824,0.0,0.0,0.0,0.0,0.0,0.0,0.0,0.0,0.0,0.0,0.0,0.0,0.0,0.0,surprise
What's wrong with 3:58?,140,whats wrong,negative,0.6793187856674194,-1,"{'anger': 0.8803369998931885, 'sadness': 0.05839190259575844, 'disgust': 0.03269949555397034, 'neutral': 0.020505813881754875, 'fear': 0.004621001426130533, 'surprise': 0.002496521221473813, 'joy': 0.0009483066387474537}",0.020505813881754875,0.002496521221473813,0.0009483066387474537,0.8803369998931885,0.05839190259575844,0.03269949555397034,0.004621001426130533,0.0,0.0,0.0,0.0,0.0,0.0,0.0,0.0,0.0,0.0,0.0,0.0,0.0,0.0,anger
I wonder if there could be really without any standardize test? is that practical? and how you inspire students to learn?only by interest ?,141,wonder could really without standardize test practical inspire students learnonly interest,neutral,0.8171033263206482,29,"{'surprise': 0.916969358921051, 'neutral': 0.04417004436254501, 'sadness': 0.016549739986658096, 'joy': 0.007466754410415888, 'anger': 0.007421104237437248, 'fear': 0.006827831733971834, 'disgust': 0.0005952342762611806, 'surprise_linguistic': 1.2, 'sadness_linguistic': 0.6, 'surprise_sentence_count': 1, 'neutral_sentence_count': 1}",0.04417004436254501,0.916969358921051,0.007466754410415888,0.007421104237437248,0.016549739986658096,0.0005952342762611806,0.006827831733971834,0.0,1.2,0.0,0.0,0.6,0.0,0.0,1.0,1.0,0.0,0.0,0.0,0.0,0.0,surprise
"And also, in Finland you HAVE to go to school for 9 years, you can't drop out before that",142,also finland school years cant drop,neutral,0.7469989657402039,0,"{'sadness': 0.7058387398719788, 'neutral': 0.1727125346660614, 'surprise': 0.09789767861366272, 'joy': 0.014705386944115162, 'anger': 0.005512164440006018, 'fear': 0.0016746328910812736, 'disgust': 0.001658880733884871, 'neutral_linguistic': 1.0, 'neutral_sentence_count': 1}",0.1727125346660614,0.09789767861366272,0.014705386944115162,0.005512164440006018,0.7058387398719788,0.001658880733884871,0.0016746328910812736,1.0,0.0,0.0,0.0,0.0,0.0,0.0,1.0,0.0,0.0,0.0,0.0,0.0,0.0,neutral
"@…  No, no, no. I think you're getting the wrong idea here. Your comment made no sense whatsoever that even a person with 160+ IQ wouldn't understand it. Well it's not like I expect you to understand this comment either.",143,think youre getting wrong idea comment made sense whatsoever even person wouldnt understand well like expect understand comment either,negative,0.8919762969017029,17,"{'surprise': 0.639289140701294, 'sadness': 0.13752463459968567, 'anger': 0.12508997321128845, 'neutral': 0.06852074712514877, 'disgust': 0.016791149973869324, 'joy': 0.007537596859037876, 'fear': 0.005246766842901707, 'anger_linguistic': 1.0, 'anger_sentence_count': 1}",0.06852074712514877,0.639289140701294,0.007537596859037876,0.12508997321128845,0.13752463459968567,0.016791149973869324,0.005246766842901707,0.0,0.0,0.0,1.0,0.0,0.0,0.0,0.0,0.0,0.0,1.0,0.0,0.0,0.0,anger
I would appreciate the info much better if you didn’t bashed USA. You should therefore moved to Finland,144,would appreciate info much better didnt bashed usa therefore moved finland,negative,0.576799750328064,0,"{'sadness': 0.3512054681777954, 'joy': 0.2763281762599945, 'neutral': 0.1729087382555008, 'surprise': 0.12779447436332703, 'anger': 0.06770622730255127, 'fear': 0.002418712479993701, 'disgust': 0.001638285699300468, 'joy_linguistic': 1.0, 'love_linguistic': 1.0, 'neutral_linguistic': 1.0, 'joy_sentence_count': 1, 'love_sentence_count': 1, 'neutral_sentence_count': 1}",0.1729087382555008,0.12779447436332703,0.2763281762599945,0.06770622730255127,0.3512054681777954,0.001638285699300468,0.002418712479993701,1.0,0.0,1.0,0.0,0.0,0.0,0.0,1.0,0.0,1.0,0.0,0.0,0.0,0.0,joy
Mexican education is better than American,145,mexican education better american,positive,0.6186787486076355,2,"{'neutral': 0.45908084511756897, 'joy': 0.30343493819236755, 'surprise': 0.1962144672870636, 'sadness': 0.03303545340895653, 'fear': 0.004136269446462393, 'anger': 0.003116607666015625, 'disgust': 0.000981374061666429}",0.45908084511756897,0.1962144672870636,0.30343493819236755,0.003116607666015625,0.03303545340895653,0.000981374061666429,0.004136269446462393,0.0,0.0,0.0,0.0,0.0,0.0,0.0,0.0,0.0,0.0,0.0,0.0,0.0,0.0,neutral
"Kudos to Finland.  I agree Finland is a peaceful, well-managed country and nobody has anything bad to say about it.  However, how has its education system benefited the world?  How has it enriched our society, what are the contributions of the generations of Finns who have graduated from their school system?",146,kudos finland agree finland peaceful wellmanaged country nobody anything bad say however education system benefited world enriched society contributions generations finns graduated school system,positive,0.8732855319976807,0,"{'joy': 0.8397438526153564, 'neutral': 0.08260250091552734, 'sadness': 0.029981842264533043, 'surprise': 0.02262698858976364, 'anger': 0.021374130621552467, 'disgust': 0.003131794510409236, 'fear': 0.0005389244179241359, 'sadness_linguistic': 0.5, 'neutral_sentence_count': 1}",0.08260250091552734,0.02262698858976364,0.8397438526153564,0.021374130621552467,0.029981842264533043,0.003131794510409236,0.0005389244179241359,0.0,0.0,0.0,0.0,0.5,0.0,0.0,1.0,0.0,0.0,0.0,0.0,0.0,0.0,joy
Awful metal music ?! Boy all metal is good metal !!,147,awful metal music boy metal good metal,negative,0.8992515802383423,25,"{'fear': 0.8632784485816956, 'joy': 0.06682336330413818, 'surprise': 0.028257247060537338, 'sadness': 0.021881703287363052, 'anger': 0.009136809036135674, 'neutral': 0.007479539141058922, 'disgust': 0.003142822999507189, 'fear_linguistic': 1.0, 'disgust_linguistic': 1.0, 'fear_sentence_count': 1, 'disgust_sentence_count': 1}",0.007479539141058922,0.028257247060537338,0.06682336330413818,0.009136809036135674,0.021881703287363052,0.003142822999507189,0.8632784485816956,0.0,0.0,0.0,0.0,0.0,1.0,1.0,0.0,0.0,0.0,0.0,0.0,1.0,1.0,fear
No child left behind did the exact opposite of what it name was,148,child left behind exact opposite name,negative,0.6368041038513184,31,"{'neutral': 0.8134862184524536, 'surprise': 0.10034231096506119, 'sadness': 0.05201344937086105, 'joy': 0.011160757392644882, 'anger': 0.01054349448531866, 'disgust': 0.00899605080485344, 'fear': 0.003457767656072974}",0.8134862184524536,0.10034231096506119,0.011160757392644882,0.01054349448531866,0.05201344937086105,0.00899605080485344,0.003457767656072974,0.0,0.0,0.0,0.0,0.0,0.0,0.0,0.0,0.0,0.0,0.0,0.0,0.0,0.0,neutral
"""Literally"" NO child gets left behind? Hyperbole much? Very, very doubtful, in this absoluteness.",149,literally child gets left behind hyperbole much doubtful absoluteness,negative,0.7741266489028931,31,"{'fear': 0.7763005495071411, 'neutral': 0.14634910225868225, 'sadness': 0.02406255342066288, 'anger': 0.022915661334991455, 'surprise': 0.01514387596398592, 'disgust': 0.012482789345085621, 'joy': 0.002745586447417736, 'fear_linguistic': 1.0, 'fear_sentence_count': 1}",0.14634910225868225,0.01514387596398592,0.002745586447417736,0.022915661334991455,0.02406255342066288,0.012482789345085621,0.7763005495071411,0.0,0.0,0.0,0.0,0.0,0.0,1.0,0.0,0.0,0.0,0.0,0.0,0.0,1.0,fear
I wish I move to Finland but I can't due to my parents don't have enough money for it to get better education.,150,wish move finland cant due parents dont enough money get better education,negative,0.826571524143219,0,"{'sadness': 0.9304134845733643, 'surprise': 0.031626105308532715, 'neutral': 0.02834347076714039, 'anger': 0.003927529323846102, 'joy': 0.0037688843440264463, 'fear': 0.0011320668272674084, 'disgust': 0.0007884798687882721}",0.02834347076714039,0.031626105308532715,0.0037688843440264463,0.003927529323846102,0.9304134845733643,0.0007884798687882721,0.0011320668272674084,0.0,0.0,0.0,0.0,0.0,0.0,0.0,0.0,0.0,0.0,0.0,0.0,0.0,0.0,sadness
"People over here talking about how usa education system sucks.






Jee: let me introduce myself.",151,people talking usa education system sucks jee let introduce,negative,0.6789757013320923,1,"{'sadness': 0.6834427714347839, 'anger': 0.1516367793083191, 'disgust': 0.06518717110157013, 'neutral': 0.04100685939192772, 'surprise': 0.03825341910123825, 'joy': 0.014471525326371193, 'fear': 0.006001461762934923}",0.04100685939192772,0.03825341910123825,0.014471525326371193,0.1516367793083191,0.6834427714347839,0.06518717110157013,0.006001461762934923,0.0,0.0,0.0,0.0,0.0,0.0,0.0,0.0,0.0,0.0,0.0,0.0,0.0,0.0,sadness
The world greatest schooling system and Canada also,152,world greatest schooling system canada also,positive,0.9254755973815918,1,"{'neutral': 0.537719190120697, 'surprise': 0.33075466752052307, 'joy': 0.0978156328201294, 'sadness': 0.025902120396494865, 'anger': 0.0039044686127454042, 'fear': 0.0021828599274158478, 'disgust': 0.0017210851656273007, 'joy_linguistic': 1.0, 'neutral_linguistic': 1.0, 'joy_sentence_count': 1, 'neutral_sentence_count': 1}",0.537719190120697,0.33075466752052307,0.0978156328201294,0.0039044686127454042,0.025902120396494865,0.0017210851656273007,0.0021828599274158478,1.0,0.0,1.0,0.0,0.0,0.0,0.0,1.0,0.0,1.0,0.0,0.0,0.0,0.0,neutral
3:57 That's Terrible. How brutal even education Institution is.,153,thats terrible brutal even education institution,negative,0.952014148235321,11,"{'fear': 0.5230185389518738, 'disgust': 0.31808698177337646, 'anger': 0.11382818222045898, 'sadness': 0.027741247788071632, 'surprise': 0.01029201690107584, 'neutral': 0.005774790421128273, 'joy': 0.0012582119088619947, 'fear_linguistic': 1.0, 'anger_linguistic': 1.0, 'disgust_linguistic': 1.0, 'fear_sentence_count': 1, 'anger_sentence_count': 1, 'disgust_sentence_count': 1}",0.005774790421128273,0.01029201690107584,0.0012582119088619947,0.11382818222045898,0.027741247788071632,0.31808698177337646,0.5230185389518738,0.0,0.0,0.0,1.0,0.0,1.0,1.0,0.0,0.0,0.0,1.0,0.0,1.0,1.0,fear
I wish I studied there,154,wish studied,neutral,0.5223860740661621,33,"{'neutral': 0.6922067999839783, 'sadness': 0.1749645173549652, 'surprise': 0.09257809817790985, 'joy': 0.025950979441404343, 'fear': 0.006933801807463169, 'disgust': 0.004627569578588009, 'anger': 0.002738162875175476}",0.6922067999839783,0.09257809817790985,0.025950979441404343,0.002738162875175476,0.1749645173549652,0.004627569578588009,0.006933801807463169,0.0,0.0,0.0,0.0,0.0,0.0,0.0,0.0,0.0,0.0,0.0,0.0,0.0,0.0,neutral
"Interesting: maybe if America taught reading writing and arithmetic instead of CRT and sex education, maybe just maybe we could produce students.

Good vid!!",155,interesting maybe america taught reading writing arithmetic instead crt sex education maybe maybe could produce students good vid,positive,0.6781901717185974,1,"{'neutral': 0.738127589225769, 'surprise': 0.1898571252822876, 'joy': 0.043771613389253616, 'sadness': 0.016732696443796158, 'anger': 0.006396251264959574, 'disgust': 0.0031966972164809704, 'fear': 0.0019180175149813294, 'neutral_linguistic': 1.0, 'neutral_sentence_count': 1}",0.738127589225769,0.1898571252822876,0.043771613389253616,0.006396251264959574,0.016732696443796158,0.0031966972164809704,0.0019180175149813294,1.0,0.0,0.0,0.0,0.0,0.0,0.0,1.0,0.0,0.0,0.0,0.0,0.0,0.0,neutral
laughs in middle eastern,156,laughs middle eastern,neutral,0.7371495366096497,-1,"{'neutral': 0.85807865858078, 'surprise': 0.047294892370700836, 'sadness': 0.03836400806903839, 'joy': 0.03239520639181137, 'anger': 0.01309421006590128, 'disgust': 0.009483917616307735, 'fear': 0.0012890090001747012, 'joy_linguistic': 1.0, 'joy_sentence_count': 1}",0.85807865858078,0.047294892370700836,0.03239520639181137,0.01309421006590128,0.03836400806903839,0.009483917616307735,0.0012890090001747012,0.0,0.0,1.0,0.0,0.0,0.0,0.0,0.0,0.0,1.0,0.0,0.0,0.0,0.0,neutral
"because america is good at promoting through their use of social media, tv , movies etc. It just has a prestigious name. Regardless, whatever college you go to is bound to get you whatever job you were seeking. All these colleges are for show low key. Why pay thousands of more dollars just for reputation when you can get the same degree cheaper, at a community college or less prestigious university? Plus your peers in the less prestigious unis/colleges are bound to not be as ""smart"" as society puts a lable on them so you can work extra hard or relatively hard and still get marks easier versus being sorrounded by a bunch of bishes who were competive since they were young",157,america good promoting use social media movies etc prestigious name regardless whatever college bound get whatever job seeking colleges show low key pay thousands dollars reputation get degree cheaper community college less prestigious university plus peers less prestigious uniscolleges bound smart society puts lable work extra hard relatively hard still get marks easier versus sorrounded bunch bishes competive since young,neutral,0.5395093262195587,28,"{'joy': 0.925484299659729, 'neutral': 0.03003806620836258, 'surprise': 0.026862964034080505, 'anger': 0.010276755318045616, 'sadness': 0.005538583267480135, 'fear': 0.0009786281734704971, 'disgust': 0.0008207538048736751, 'sadness_linguistic': 1.0, 'love_linguistic': 1.0, 'sadness_sentence_count': 1, 'love_sentence_count': 1}",0.03003806620836258,0.026862964034080505,0.925484299659729,0.010276755318045616,0.005538583267480135,0.0008207538048736751,0.0009786281734704971,0.0,0.0,0.0,0.0,1.0,0.0,0.0,0.0,0.0,0.0,0.0,1.0,0.0,0.0,joy
@…  I mean the guy is a Trump supporter why continue arguing with him lmao The fact that he think quality of life can be measured by GDP says it all.,158,mean guy trump supporter continue arguing lmao fact think quality life measured gdp says,negative,0.8417244553565979,18,"{'anger': 0.6226381659507751, 'neutral': 0.23553843796253204, 'sadness': 0.07581343501806259, 'disgust': 0.04046027362346649, 'surprise': 0.0153299979865551, 'joy': 0.006910691037774086, 'fear': 0.0033089860808104277, 'anger_linguistic': 1.0, 'anger_sentence_count': 1}",0.23553843796253204,0.0153299979865551,0.006910691037774086,0.6226381659507751,0.07581343501806259,0.04046027362346649,0.0033089860808104277,0.0,0.0,0.0,1.0,0.0,0.0,0.0,0.0,0.0,0.0,1.0,0.0,0.0,0.0,anger
"Actually, Finnish system was built up, it did not appear overnight. It takes time to change any system and cultural attitude, but if you never start, nothing changes.",159,actually finnish system built appear overnight takes time change system cultural attitude never start nothing changes,neutral,0.5279237627983093,0,"{'neutral': 0.8467698097229004, 'anger': 0.05879439041018486, 'surprise': 0.058018505573272705, 'sadness': 0.015483599156141281, 'fear': 0.008469853550195694, 'joy': 0.0062459250912070274, 'disgust': 0.006217858288437128, 'sadness_linguistic': 0.5, 'neutral_sentence_count': 1}",0.8467698097229004,0.058018505573272705,0.0062459250912070274,0.05879439041018486,0.015483599156141281,0.006217858288437128,0.008469853550195694,0.0,0.0,0.0,0.0,0.5,0.0,0.0,1.0,0.0,0.0,0.0,0.0,0.0,0.0,neutral
"Worst education system is here........ 
Competition after Competition 'Exams after Exams'Tests after Tests. 
In a fact I live my half life in Examination centre and another half in class rooms.",160,worst education system competition competition exams examstests tests fact live half life examination centre another half class rooms,negative,0.8847758173942566,29,"{'disgust': 0.44263142347335815, 'sadness': 0.2480251044034958, 'anger': 0.18501530587673187, 'neutral': 0.07225964218378067, 'fear': 0.02148481272161007, 'surprise': 0.021327482536435127, 'joy': 0.0092562735080719}",0.07225964218378067,0.021327482536435127,0.0092562735080719,0.18501530587673187,0.2480251044034958,0.44263142347335815,0.02148481272161007,0.0,0.0,0.0,0.0,0.0,0.0,0.0,0.0,0.0,0.0,0.0,0.0,0.0,0.0,disgust
"Wow, so that is what you can get when everyone just respect each other.",161,wow get everyone respect,positive,0.7385579347610474,-1,"{'surprise': 0.9655712842941284, 'neutral': 0.01132886577397585, 'joy': 0.010683400556445122, 'sadness': 0.005039048381149769, 'anger': 0.004639057442545891, 'disgust': 0.001609837869182229, 'fear': 0.0011285311775282025, 'love_linguistic': 1.0, 'love_sentence_count': 1}",0.01132886577397585,0.9655712842941284,0.010683400556445122,0.004639057442545891,0.005039048381149769,0.001609837869182229,0.0011285311775282025,0.0,0.0,0.0,0.0,0.0,0.0,0.0,0.0,0.0,0.0,0.0,0.0,0.0,0.0,surprise
I hope every indian gets it,162,hope every indian gets,neutral,0.5646411180496216,41,"{'neutral': 0.8107358813285828, 'joy': 0.14468678832054138, 'surprise': 0.020579151809215546, 'sadness': 0.01286978367716074, 'anger': 0.004982500337064266, 'disgust': 0.0047031911090016365, 'fear': 0.0014426949201151729}",0.8107358813285828,0.020579151809215546,0.14468678832054138,0.004982500337064266,0.01286978367716074,0.0047031911090016365,0.0014426949201151729,0.0,0.0,0.0,0.0,0.0,0.0,0.0,0.0,0.0,0.0,0.0,0.0,0.0,0.0,neutral
"Lmao he mentioned Trump once.
Also I don't really think you need people from Finland actually saying how things are there. What is gonna change? Are they going to argue against proven statistics?
Also I don't see anything bad in pulling younger audience to watch his video and the rest of your argument was pretty much nonsense.",163,lmao mentioned trump also dont really think need people finland actually saying things gonna change going argue proven statistics also dont see anything bad pulling younger audience watch video rest argument pretty much nonsense,negative,0.7468461990356445,0,"{'neutral': 0.5312291979789734, 'surprise': 0.3243573009967804, 'sadness': 0.06300289183855057, 'anger': 0.041155532002449036, 'joy': 0.02142440900206566, 'disgust': 0.013684635050594807, 'fear': 0.005146001931279898, 'neutral_linguistic': 3.5999999999999996, 'neutral_sentence_count': 1}",0.5312291979789734,0.3243573009967804,0.02142440900206566,0.041155532002449036,0.06300289183855057,0.013684635050594807,0.005146001931279898,3.5999999999999996,0.0,0.0,0.0,0.0,0.0,0.0,1.0,0.0,0.0,0.0,0.0,0.0,0.0,neutral
"For Americans, changing the teacher qualifications level to the same as required in Finland (master's degree in education), will take decades - including fighting the strong resistance by teachers unions.",164,americans changing teacher qualifications level required finland masters degree education take decades including fighting strong resistance teachers unions,negative,0.5253356099128723,0,"{'neutral': 0.6273171305656433, 'anger': 0.21440570056438446, 'fear': 0.0738782063126564, 'joy': 0.03766218572854996, 'surprise': 0.023324716836214066, 'sadness': 0.01871538534760475, 'disgust': 0.004696678835898638}",0.6273171305656433,0.023324716836214066,0.03766218572854996,0.21440570056438446,0.01871538534760475,0.004696678835898638,0.0738782063126564,0.0,0.0,0.0,0.0,0.0,0.0,0.0,0.0,0.0,0.0,0.0,0.0,0.0,0.0,neutral
it’s really funny seeing hasan in a video like this after years of only watching his streams,165,really funny seeing hasan video like years watching streams,positive,0.8630470633506775,27,"{'surprise': 0.5957226753234863, 'joy': 0.38022708892822266, 'neutral': 0.012581808492541313, 'sadness': 0.004636895842850208, 'anger': 0.0033383374102413654, 'fear': 0.0019045969238504767, 'disgust': 0.0015886276960372925, 'joy_linguistic': 1.2, 'neutral_linguistic': 1.2, 'joy_sentence_count': 1, 'neutral_sentence_count': 1}",0.012581808492541313,0.5957226753234863,0.38022708892822266,0.0033383374102413654,0.004636895842850208,0.0015886276960372925,0.0019045969238504767,1.2,0.0,1.2,0.0,0.0,0.0,0.0,1.0,0.0,1.0,0.0,0.0,0.0,0.0,joy
ClarksonsinUSA finland has a population of 5.5 million whilst the u.s 329 million. You really aren’t helping the American stereotype. Also Nokia still remains to this day the most sold phone brand in the world,167,clarksonsinusa finland population million whilst million really arent helping american stereotype also nokia still remains day sold phone brand world,negative,0.4725581705570221,9,"{'surprise': 0.6325356960296631, 'neutral': 0.2011794000864029, 'joy': 0.09321824461221695, 'sadness': 0.05463896319270134, 'anger': 0.01362857036292553, 'fear': 0.0035098535008728504, 'disgust': 0.0012892636004835367, 'neutral_linguistic': 2.4, 'neutral_sentence_count': 1}",0.2011794000864029,0.6325356960296631,0.09321824461221695,0.01362857036292553,0.05463896319270134,0.0012892636004835367,0.0035098535008728504,2.4,0.0,0.0,0.0,0.0,0.0,0.0,1.0,0.0,0.0,0.0,0.0,0.0,0.0,neutral
School has been turned into work rather than an everyday activity that is to be enjoyed.,168,school turned work rather everyday activity enjoyed,negative,0.5706607699394226,3,"{'joy': 0.9638779759407043, 'neutral': 0.018000155687332153, 'surprise': 0.009765456430613995, 'sadness': 0.005237085744738579, 'anger': 0.0017302141059190035, 'disgust': 0.0010447415988892317, 'fear': 0.00034437040449120104, 'joy_linguistic': 2.0, 'joy_sentence_count': 1}",0.018000155687332153,0.009765456430613995,0.9638779759407043,0.0017302141059190035,0.005237085744738579,0.0010447415988892317,0.00034437040449120104,0.0,0.0,2.0,0.0,0.0,0.0,0.0,0.0,0.0,1.0,0.0,0.0,0.0,0.0,joy
"It starts with a strong family and discipline, look at the top five schools systems, what else do these countries have in common, hmm. Kitos.",169,starts strong family discipline look top five schools systems else countries common hmm kitos,neutral,0.7386475205421448,4,"{'neutral': 0.5365225672721863, 'surprise': 0.3230459988117218, 'joy': 0.10440083593130112, 'sadness': 0.022500013932585716, 'anger': 0.008573982864618301, 'fear': 0.0031865702476352453, 'disgust': 0.0017699943855404854}",0.5365225672721863,0.3230459988117218,0.10440083593130112,0.008573982864618301,0.022500013932585716,0.0017699943855404854,0.0031865702476352453,0.0,0.0,0.0,0.0,0.0,0.0,0.0,0.0,0.0,0.0,0.0,0.0,0.0,0.0,neutral
When I have kids imma move to finland,170,kids imma move finland,neutral,0.7368531823158264,0,"{'neutral': 0.7384496927261353, 'joy': 0.13772329688072205, 'surprise': 0.07594171911478043, 'sadness': 0.039214760065078735, 'anger': 0.00554622383788228, 'fear': 0.00204668240621686, 'disgust': 0.0010776882991194725}",0.7384496927261353,0.07594171911478043,0.13772329688072205,0.00554622383788228,0.039214760065078735,0.0010776882991194725,0.00204668240621686,0.0,0.0,0.0,0.0,0.0,0.0,0.0,0.0,0.0,0.0,0.0,0.0,0.0,0.0,neutral
by now I'm almost finished with school but I'd move there just to let my children live school without stress or anxiety. I wouldn't want them to go through what I have. Italian school is just too much 😣😣,171,almost finished school move let children live school without stress anxiety wouldnt want italian school much,negative,0.6451389789581299,3,"{'fear': 0.6172815561294556, 'joy': 0.16934829950332642, 'sadness': 0.09890284389257431, 'neutral': 0.048020582646131516, 'surprise': 0.0456480011343956, 'anger': 0.020193185657262802, 'disgust': 0.000605613284278661}",0.048020582646131516,0.0456480011343956,0.16934829950332642,0.020193185657262802,0.09890284389257431,0.000605613284278661,0.6172815561294556,0.0,0.0,0.0,0.0,0.0,0.0,0.0,0.0,0.0,0.0,0.0,0.0,0.0,0.0,fear
"We don't have high schools here in Finland, We have 9 mandatory years while America has 12. We have Lukio which is similar to American high school but not mandatory and only 3 years. I'm pretty sure he was talking about the mandatory part ""peruskoulu"" and during that i rarely got homework because its not mandatory to give any like in america. Im pretty sure he meant it like that. Its very hard to compare our system to Americas system because its so different. Mä oon Keravalta btw.",172,dont high schools finland mandatory years america lukio similar american high school mandatory years pretty sure talking mandatory part peruskoulu rarely got homework mandatory give like america pretty sure meant like hard compare system americas system different oon keravalta btw,neutral,0.7165582776069641,0,"{'surprise': 0.35337552428245544, 'neutral': 0.30385899543762207, 'sadness': 0.2594360113143921, 'joy': 0.06554439663887024, 'anger': 0.012150517664849758, 'fear': 0.0038572964258491993, 'disgust': 0.0017772370483726263, 'anger_linguistic': 1.0, 'anger_sentence_count': 1}",0.30385899543762207,0.35337552428245544,0.06554439663887024,0.012150517664849758,0.2594360113143921,0.0017772370483726263,0.0038572964258491993,0.0,0.0,0.0,1.0,0.0,0.0,0.0,0.0,0.0,0.0,1.0,0.0,0.0,0.0,anger
It also helps that their population is so low,173,also helps population low,positive,0.7127446532249451,16,"{'neutral': 0.7114577889442444, 'joy': 0.16312414407730103, 'sadness': 0.06014752760529518, 'anger': 0.024265173822641373, 'surprise': 0.017949474975466728, 'disgust': 0.013151135295629501, 'fear': 0.009904873557388783, 'sadness_linguistic': 1.0, 'neutral_linguistic': 1.0, 'sadness_sentence_count': 1, 'neutral_sentence_count': 1}",0.7114577889442444,0.017949474975466728,0.16312414407730103,0.024265173822641373,0.06014752760529518,0.013151135295629501,0.009904873557388783,1.0,0.0,0.0,0.0,1.0,0.0,0.0,1.0,0.0,0.0,0.0,1.0,0.0,0.0,neutral
i love how ironic this is 0:03 because america is a continent and not a country.,174,love ironic america continent country,positive,0.4475816786289215,5,"{'surprise': 0.39897578954696655, 'neutral': 0.3879619538784027, 'joy': 0.1501910537481308, 'sadness': 0.05302438139915466, 'anger': 0.007036510389298201, 'disgust': 0.0016116758342832327, 'fear': 0.0011986269382759929, 'joy_linguistic': 1.0, 'love_linguistic': 1.0, 'joy_sentence_count': 1, 'love_sentence_count': 1}",0.3879619538784027,0.39897578954696655,0.1501910537481308,0.007036510389298201,0.05302438139915466,0.0016116758342832327,0.0011986269382759929,0.0,0.0,1.0,0.0,0.0,0.0,0.0,0.0,0.0,1.0,0.0,0.0,0.0,0.0,joy
shame for USA and my nation-which 2020 denied kids free laptops.,175,shame usa nationwhich denied kids free laptops,negative,0.9419371485710144,-1,"{'sadness': 0.6835880279541016, 'surprise': 0.1235053613781929, 'anger': 0.1174042746424675, 'disgust': 0.03988906368613243, 'neutral': 0.027553627267479897, 'joy': 0.004287439398467541, 'fear': 0.0037722017150372267}",0.027553627267479897,0.1235053613781929,0.004287439398467541,0.1174042746424675,0.6835880279541016,0.03988906368613243,0.0037722017150372267,0.0,0.0,0.0,0.0,0.0,0.0,0.0,0.0,0.0,0.0,0.0,0.0,0.0,0.0,sadness
But how do they handle bullying? How often do they not ignore the actual bullies and punish the victim?,176,handle bullying often ignore actual bullies punish victim,negative,0.7933793663978577,39,"{'anger': 0.6263149380683899, 'neutral': 0.14054268598556519, 'disgust': 0.13279637694358826, 'fear': 0.068106509745121, 'sadness': 0.028115667402744293, 'joy': 0.0022884896025061607, 'surprise': 0.0018352719489485025, 'neutral_linguistic': 2.0, 'neutral_sentence_count': 1}",0.14054268598556519,0.0018352719489485025,0.0022884896025061607,0.6263149380683899,0.028115667402744293,0.13279637694358826,0.068106509745121,2.0,0.0,0.0,0.0,0.0,0.0,0.0,1.0,0.0,0.0,0.0,0.0,0.0,0.0,neutral
America focuses on business too much while nordic countries are more about the people,177,america focuses business much nordic countries people,negative,0.5260774493217468,0,"{'neutral': 0.5848008990287781, 'surprise': 0.20866884291172028, 'sadness': 0.10708150267601013, 'fear': 0.05236021801829338, 'joy': 0.030572058632969856, 'anger': 0.011507118120789528, 'disgust': 0.005009337328374386}",0.5848008990287781,0.20866884291172028,0.030572058632969856,0.011507118120789528,0.10708150267601013,0.005009337328374386,0.05236021801829338,0.0,0.0,0.0,0.0,0.0,0.0,0.0,0.0,0.0,0.0,0.0,0.0,0.0,0.0,neutral
"ClarksonsinUSA dude, why do you get so mad so easily. No one would say anything about you if you were more open minded and understanding instead of shouting USA, USA, USA. Also what does this have to do with barbarians and romans. Us Fins don’t have a bad history with the us, and now i would assume that you think that anything that isn’t the U.S is China, Mexico, or Russia.",178,clarksonsinusa dude get mad easily one would say anything open minded understanding instead shouting usa usa usa also barbarians romans fins dont bad history would assume think anything isnt china mexico russia,negative,0.9061353802680969,-1,"{'anger': 0.9475952982902527, 'neutral': 0.02232966013252735, 'surprise': 0.0136960344389081, 'sadness': 0.007293093949556351, 'fear': 0.003930074628442526, 'joy': 0.0026721779722720385, 'disgust': 0.0024836892262101173, 'anger_linguistic': 1.0, 'neutral_linguistic': 1.0, 'anger_sentence_count': 1, 'neutral_sentence_count': 1}",0.02232966013252735,0.0136960344389081,0.0026721779722720385,0.9475952982902527,0.007293093949556351,0.0024836892262101173,0.003930074628442526,1.0,0.0,0.0,1.0,0.0,0.0,0.0,1.0,0.0,0.0,1.0,0.0,0.0,0.0,anger
"USA should not improve their education system.

The reasons are obvious.

- D.Trump
Lets Make Trump president Again",179,usa improve education system reasons obvious dtrump lets make trump president,negative,0.7418175339698792,1,"{'joy': 0.5286059379577637, 'neutral': 0.296071320772171, 'surprise': 0.09529224038124084, 'sadness': 0.05975823849439621, 'anger': 0.014025917276740074, 'fear': 0.004984848201274872, 'disgust': 0.0012614444131031632}",0.296071320772171,0.09529224038124084,0.5286059379577637,0.014025917276740074,0.05975823849439621,0.0012614444131031632,0.004984848201274872,0.0,0.0,0.0,0.0,0.0,0.0,0.0,0.0,0.0,0.0,0.0,0.0,0.0,0.0,joy
Is this the long lost Jonas brother?,180,long lost jonas brother,neutral,0.8698341250419617,42,"{'sadness': 0.9400302171707153, 'neutral': 0.036718495190143585, 'surprise': 0.017139853909611702, 'joy': 0.0025360623840242624, 'fear': 0.0013399983290582895, 'disgust': 0.0012608568649739027, 'anger': 0.0009744912385940552}",0.036718495190143585,0.017139853909611702,0.0025360623840242624,0.0009744912385940552,0.9400302171707153,0.0012608568649739027,0.0013399983290582895,0.0,0.0,0.0,0.0,0.0,0.0,0.0,0.0,0.0,0.0,0.0,0.0,0.0,0.0,sadness
"You're toxic and arrogant, yet judge others' intellect. Troll.",181,youre toxic arrogant yet judge others intellect troll,negative,0.9233920574188232,13,"{'anger': 0.9018088579177856, 'disgust': 0.05295904725790024, 'neutral': 0.01720483973622322, 'fear': 0.010089402087032795, 'surprise': 0.0077003976330161095, 'sadness': 0.0067922077141702175, 'joy': 0.003445315407589078}",0.01720483973622322,0.0077003976330161095,0.003445315407589078,0.9018088579177856,0.0067922077141702175,0.05295904725790024,0.010089402087032795,0.0,0.0,0.0,0.0,0.0,0.0,0.0,0.0,0.0,0.0,0.0,0.0,0.0,0.0,anger
"I' fuckinh crying right now, watching this before an exam tomorrow, I want to transfer to Finland😭",182,fuckinh crying right watching exam tomorrow want transfer finland,negative,0.8919243216514587,-1,"{'sadness': 0.5203137993812561, 'anger': 0.2754729688167572, 'surprise': 0.07890517264604568, 'joy': 0.047055039554834366, 'neutral': 0.046700265258550644, 'disgust': 0.023180056363344193, 'fear': 0.008372748270630836, 'sadness_linguistic': 1.0, 'sadness_sentence_count': 1}",0.046700265258550644,0.07890517264604568,0.047055039554834366,0.2754729688167572,0.5203137993812561,0.023180056363344193,0.008372748270630836,0.0,0.0,0.0,0.0,1.0,0.0,0.0,0.0,0.0,0.0,0.0,1.0,0.0,0.0,sadness
The “socialist “ society the GOP are so afraid of.,183,socialist society gop afraid,negative,0.7888510823249817,14,"{'fear': 0.9911407828330994, 'neutral': 0.002720142249017954, 'sadness': 0.0022301804274320602, 'anger': 0.0012647188268601894, 'surprise': 0.001219158060848713, 'joy': 0.0008526474703103304, 'disgust': 0.0005726015078835189, 'fear_linguistic': 1.0, 'fear_sentence_count': 1}",0.002720142249017954,0.001219158060848713,0.0008526474703103304,0.0012647188268601894,0.0022301804274320602,0.0005726015078835189,0.9911407828330994,0.0,0.0,0.0,0.0,0.0,0.0,1.0,0.0,0.0,0.0,0.0,0.0,0.0,1.0,fear
You forget to mention the most important reason: Finland has mostly Finnish people.,184,forget mention important reason finland mostly finnish people,neutral,0.6220269203186035,0,"{'neutral': 0.7749834060668945, 'surprise': 0.09234330803155899, 'anger': 0.05914847180247307, 'sadness': 0.04814932867884636, 'disgust': 0.01081033144146204, 'joy': 0.010327953845262527, 'fear': 0.004237217362970114}",0.7749834060668945,0.09234330803155899,0.010327953845262527,0.05914847180247307,0.04814932867884636,0.01081033144146204,0.004237217362970114,0.0,0.0,0.0,0.0,0.0,0.0,0.0,0.0,0.0,0.0,0.0,0.0,0.0,0.0,neutral
"It
Hasn't
Changed
In
S O 
L O N G",185,hasnt changed,neutral,0.4891607463359833,-1,"{'neutral': 0.6658883094787598, 'surprise': 0.1616799235343933, 'sadness': 0.13526347279548645, 'disgust': 0.017026275396347046, 'anger': 0.011309864930808544, 'fear': 0.0052894423715770245, 'joy': 0.0035427086986601353}",0.6658883094787598,0.1616799235343933,0.0035427086986601353,0.011309864930808544,0.13526347279548645,0.017026275396347046,0.0052894423715770245,0.0,0.0,0.0,0.0,0.0,0.0,0.0,0.0,0.0,0.0,0.0,0.0,0.0,0.0,neutral
"@…  You asked what they produced. Past tense. And they are still in Finland, no matter who ownes them. Also, USA are country with size of the continent, you can only compare Finland with one region of US, not whole US.
I saw your account, interesting stuff there, but that's have nothing to do with Finland. My account is empty because I'm not interested in making content.",186,asked produced past tense still finland matter ownes also usa country size continent compare finland one region whole saw account interesting stuff thats nothing finland account empty interested making content,neutral,0.5907248854637146,0,"{'surprise': 0.5127357840538025, 'neutral': 0.3352629840373993, 'joy': 0.08802229911088943, 'sadness': 0.03340710699558258, 'anger': 0.025606973096728325, 'fear': 0.0040496597066521645, 'disgust': 0.0009152143611572683, 'neutral_linguistic': 0.5, 'sadness_linguistic': 0.5, 'joy_sentence_count': 1, 'neutral_sentence_count': 1}",0.3352629840373993,0.5127357840538025,0.08802229911088943,0.025606973096728325,0.03340710699558258,0.0009152143611572683,0.0040496597066521645,0.5,0.0,0.0,0.0,0.5,0.0,0.0,1.0,0.0,1.0,0.0,0.0,0.0,0.0,neutral
"Another thing is they dont put the same thing in the all students head like people have diffrent Dreams. For example:someone want to be doctor but other want to be mechanic but schools put the same thing in both of their head 
But Finland have is diffrent. Instead of asking their job after 9 years of education they ask in the start of the education and teach them exactly what they need for the job not entire math or not entire anything else",187,another thing dont put thing students head like people diffrent dreams examplesomeone want doctor want mechanic schools put thing head finland diffrent instead asking job years education ask start education teach exactly need job entire math entire anything else,neutral,0.6938204169273376,1,"{'neutral': 0.46518775820732117, 'surprise': 0.25990357995033264, 'sadness': 0.1141715794801712, 'anger': 0.10044720768928528, 'joy': 0.0297271516174078, 'fear': 0.02544168010354042, 'disgust': 0.005121082998812199}",0.46518775820732117,0.25990357995033264,0.0297271516174078,0.10044720768928528,0.1141715794801712,0.005121082998812199,0.02544168010354042,0.0,0.0,0.0,0.0,0.0,0.0,0.0,0.0,0.0,0.0,0.0,0.0,0.0,0.0,neutral
"I legit said ""Excuse me, what?"" when I see 3:57
 Maybe it's because I never live in America that I don't understand but such a sight is simply unthinkable for me. What did that student even do that earn such a treatment? Committing a massacre?",188,legit said excuse see maybe never live america dont understand sight simply unthinkable student even earn treatment committing massacre,negative,0.8697683811187744,-1,"{'fear': 0.953331708908081, 'surprise': 0.028812211006879807, 'anger': 0.009427198208868504, 'neutral': 0.002594288671389222, 'sadness': 0.0024621670600026846, 'disgust': 0.0020179026760160923, 'joy': 0.001354583422653377, 'sadness_linguistic': 0.5, 'neutral_sentence_count': 1}",0.002594288671389222,0.028812211006879807,0.001354583422653377,0.009427198208868504,0.0024621670600026846,0.0020179026760160923,0.953331708908081,0.0,0.0,0.0,0.0,0.5,0.0,0.0,1.0,0.0,0.0,0.0,0.0,0.0,0.0,fear
Finnish people are very lucky to live in their country. 😢 But it's sad for me that I'm living in a country where marks and money bother but education almost useless .,189,finnish people lucky live country sad living country marks money bother education almost useless,negative,0.8516587615013123,0,"{'sadness': 0.9594391584396362, 'surprise': 0.02313101850450039, 'joy': 0.007031288929283619, 'neutral': 0.007008246146142483, 'anger': 0.002307652961462736, 'fear': 0.0006285995477810502, 'disgust': 0.00045405811397358775, 'sadness_linguistic': 1.0, 'sadness_sentence_count': 1}",0.007008246146142483,0.02313101850450039,0.007031288929283619,0.002307652961462736,0.9594391584396362,0.00045405811397358775,0.0006285995477810502,0.0,0.0,0.0,0.0,1.0,0.0,0.0,0.0,0.0,0.0,0.0,1.0,0.0,0.0,sadness
"Why then does the USA produce the titans of tech,Amazon/Google/Apple/Tesla/Intel/Microsoft/AMD/etc????  And Finnland has produced?? Total Silence! 
And why are the majority of top universities American??? :)",190,usa produce titans techamazongoogleappleteslaintelmicrosoftamdetc finnland produced total silence majority top universities american,negative,0.6578255295753479,0,"{'neutral': 0.4744260609149933, 'sadness': 0.2488204687833786, 'surprise': 0.12857753038406372, 'fear': 0.048968832939863205, 'anger': 0.04815708473324776, 'joy': 0.04392775148153305, 'disgust': 0.007122236303985119}",0.4744260609149933,0.12857753038406372,0.04392775148153305,0.04815708473324776,0.2488204687833786,0.007122236303985119,0.048968832939863205,0.0,0.0,0.0,0.0,0.0,0.0,0.0,0.0,0.0,0.0,0.0,0.0,0.0,0.0,neutral
"@…  Sure, GDP per capita is much better than counting companies and I do prefer it. But, as I said before, GDP is a result of many factors, education being only one of them. How can you prove that Finland with US education wouldn't drop or that USA with Finnish education wouldn't be better?",191,sure gdp per capita much better counting companies prefer said gdp result many factors education one prove finland education wouldnt drop usa finnish education wouldnt better,positive,0.5913100242614746,0,"{'neutral': 0.395141065120697, 'joy': 0.32223743200302124, 'surprise': 0.17891909182071686, 'sadness': 0.07198917865753174, 'anger': 0.02567577362060547, 'fear': 0.004151442088186741, 'disgust': 0.001886070822365582}",0.395141065120697,0.17891909182071686,0.32223743200302124,0.02567577362060547,0.07198917865753174,0.001886070822365582,0.004151442088186741,0.0,0.0,0.0,0.0,0.0,0.0,0.0,0.0,0.0,0.0,0.0,0.0,0.0,0.0,neutral
"That is a little silly. This is an educational system we are talking about, not some hobby idea that sounds fun for someone but would not work for others. Sure there are cultural differences that can have a create doubts and negative thinking in individuals, but making changes now can easily provide a better future for the american education system and for the newer generations of children. We all know that all is utterly garbage right now",192,little silly educational system talking hobby idea sounds fun someone would work others sure cultural differences create doubts negative thinking individuals making changes easily provide better future american education system newer generations children know utterly garbage right,negative,0.8570114374160767,1,"{'joy': 0.7825311422348022, 'neutral': 0.12279190123081207, 'surprise': 0.03649336099624634, 'anger': 0.03348885849118233, 'fear': 0.01444951631128788, 'sadness': 0.005450008437037468, 'disgust': 0.004795291926711798, 'joy_linguistic': 1.2, 'fear_linguistic': 1.2, 'joy_sentence_count': 1, 'fear_sentence_count': 1}",0.12279190123081207,0.03649336099624634,0.7825311422348022,0.03348885849118233,0.005450008437037468,0.004795291926711798,0.01444951631128788,0.0,0.0,1.2,0.0,0.0,0.0,1.2,0.0,0.0,1.0,0.0,0.0,0.0,1.0,joy
"In Australia we overload the students......yes, less is more !",193,australia overload studentsyes less,negative,0.5678446888923645,-1,"{'neutral': 0.4843672513961792, 'sadness': 0.27696025371551514, 'surprise': 0.18315547704696655, 'anger': 0.023701220750808716, 'joy': 0.015182790346443653, 'fear': 0.008381279185414314, 'disgust': 0.008251792751252651}",0.4843672513961792,0.18315547704696655,0.015182790346443653,0.023701220750808716,0.27696025371551514,0.008251792751252651,0.008381279185414314,0.0,0.0,0.0,0.0,0.0,0.0,0.0,0.0,0.0,0.0,0.0,0.0,0.0,0.0,neutral
"The whole reason it's not changing here, or slightly changing--but for the worse, is because the way it is now it makes the most money possible for the people controlling everything
And we all know that anyone will do anything for a quick buck or to retain power/a position
It's all about that sweet sweet green $$$$",194,whole reason changing slightly changingbut worse way makes money possible people controlling everything know anyone anything quick buck retain powera position sweet sweet green,negative,0.5495907664299011,16,"{'anger': 0.8708668351173401, 'disgust': 0.09807427227497101, 'sadness': 0.01364175882190466, 'fear': 0.007372984662652016, 'neutral': 0.0041547720320522785, 'joy': 0.0035993484780192375, 'surprise': 0.0022899238392710686}",0.0041547720320522785,0.0022899238392710686,0.0035993484780192375,0.8708668351173401,0.01364175882190466,0.09807427227497101,0.007372984662652016,0.0,0.0,0.0,0.0,0.0,0.0,0.0,0.0,0.0,0.0,0.0,0.0,0.0,0.0,anger
Is this guy hasanabi on twitch?,195,guy hasanabi twitch,neutral,0.9458430409431458,27,"{'neutral': 0.8792020082473755, 'surprise': 0.07059333473443985, 'sadness': 0.017572598531842232, 'joy': 0.015050857327878475, 'anger': 0.007665091659873724, 'fear': 0.007360088638961315, 'disgust': 0.002556060440838337}",0.8792020082473755,0.07059333473443985,0.015050857327878475,0.007665091659873724,0.017572598531842232,0.002556060440838337,0.007360088638961315,0.0,0.0,0.0,0.0,0.0,0.0,0.0,0.0,0.0,0.0,0.0,0.0,0.0,0.0,neutral
So they play on easy mode,197,play easy mode,neutral,0.7739697694778442,8,"{'neutral': 0.7950990796089172, 'surprise': 0.10101819038391113, 'joy': 0.08506892621517181, 'sadness': 0.010695039294660091, 'anger': 0.005228593945503235, 'fear': 0.001486151129938662, 'disgust': 0.001403964008204639}",0.7950990796089172,0.10101819038391113,0.08506892621517181,0.005228593945503235,0.010695039294660091,0.001403964008204639,0.001486151129938662,0.0,0.0,0.0,0.0,0.0,0.0,0.0,0.0,0.0,0.0,0.0,0.0,0.0,0.0,neutral
"y'all can't take criticism, that's why the education is bad",198,yall cant take criticism thats education bad,negative,0.9115999341011047,-1,"{'sadness': 0.6458372473716736, 'neutral': 0.1266031712293625, 'anger': 0.11137451231479645, 'surprise': 0.04977813735604286, 'joy': 0.033694665879011154, 'disgust': 0.030418364331126213, 'fear': 0.0022939229384064674}",0.1266031712293625,0.04977813735604286,0.033694665879011154,0.11137451231479645,0.6458372473716736,0.030418364331126213,0.0022939229384064674,0.0,0.0,0.0,0.0,0.0,0.0,0.0,0.0,0.0,0.0,0.0,0.0,0.0,0.0,sadness
I can’t agree with all of this,199,cant agree,negative,0.8842341899871826,-1,"{'neutral': 0.8349542021751404, 'sadness': 0.049900930374860764, 'joy': 0.03806550055742264, 'surprise': 0.03600585460662842, 'anger': 0.029169797897338867, 'disgust': 0.00993332825601101, 'fear': 0.0019703565631061792}",0.8349542021751404,0.03600585460662842,0.03806550055742264,0.029169797897338867,0.049900930374860764,0.00993332825601101,0.0019703565631061792,0.0,0.0,0.0,0.0,0.0,0.0,0.0,0.0,0.0,0.0,0.0,0.0,0.0,0.0,neutral
"This is not true. Swedish is still highly required language despite that its need among employers has decreased from 65% to 50%. Swedish is most needed in the service sector, less in industrial jobs. However, in areas where there is a lot of Nordic co-operation, such as the financial sector, as many as 80% of companies emphasized the need for the Swedish.",200,true swedish still highly required language despite need among employers decreased swedish needed service sector less industrial jobs however areas lot nordic cooperation financial sector many companies emphasized need swedish,neutral,0.6373960971832275,7,"{'sadness': 0.3872511088848114, 'joy': 0.21377301216125488, 'neutral': 0.2099592238664627, 'surprise': 0.15802212059497833, 'anger': 0.02208864502608776, 'fear': 0.007670402526855469, 'disgust': 0.0012354992795735598, 'neutral_linguistic': 2.4, 'neutral_sentence_count': 1}",0.2099592238664627,0.15802212059497833,0.21377301216125488,0.02208864502608776,0.3872511088848114,0.0012354992795735598,0.007670402526855469,2.4,0.0,0.0,0.0,0.0,0.0,0.0,1.0,0.0,0.0,0.0,0.0,0.0,0.0,neutral
"Coming from a Finn: Luckily, most prople to go to high school or a vocational school. After that, people will apply to university or upper vocational school WHERE the students learn how to do their job. It's weird to expect that a student who just graduated would know how to already do a job without training. In Finland school is about finding yourself, growing as a person and a citizen and giving information which can be applied to different aspects of studies, work or life.",202,coming finn luckily prople high school vocational school people apply university upper vocational school students learn job weird expect student graduated would know already job without training finland school finding growing person citizen giving information applied different aspects studies work life,neutral,0.6802514791488647,0,"{'surprise': 0.8106757402420044, 'joy': 0.11841192841529846, 'neutral': 0.05117153003811836, 'sadness': 0.010296779684722424, 'anger': 0.004836333449929953, 'fear': 0.004021769389510155, 'disgust': 0.0005859739612787962, 'surprise_linguistic': 1.0, 'surprise_sentence_count': 1}",0.05117153003811836,0.8106757402420044,0.11841192841529846,0.004836333449929953,0.010296779684722424,0.0005859739612787962,0.004021769389510155,0.0,1.0,0.0,0.0,0.0,0.0,0.0,0.0,1.0,0.0,0.0,0.0,0.0,0.0,surprise
true.....and btw i am also from india who is in 9th grade and suffering now....,204,trueand btw also india grade suffering,negative,0.6982484459877014,2,"{'sadness': 0.9371727705001831, 'neutral': 0.031272415071725845, 'surprise': 0.01641209051012993, 'joy': 0.005074039101600647, 'disgust': 0.0036062446888536215, 'anger': 0.0033727167174220085, 'fear': 0.0030898163095116615, 'sadness_linguistic': 1.0, 'neutral_linguistic': 2.0, 'sadness_sentence_count': 1, 'neutral_sentence_count': 1}",0.031272415071725845,0.01641209051012993,0.005074039101600647,0.0033727167174220085,0.9371727705001831,0.0036062446888536215,0.0030898163095116615,2.0,0.0,0.0,0.0,1.0,0.0,0.0,1.0,0.0,0.0,0.0,1.0,0.0,0.0,sadness
@…  I didn't say that there were no good parts🙂,205,didnt say good parts,neutral,0.6464913487434387,36,"{'sadness': 0.6449950933456421, 'neutral': 0.21186460554599762, 'surprise': 0.1186770498752594, 'disgust': 0.007561409380286932, 'anger': 0.0070815677754580975, 'joy': 0.0060035609640181065, 'fear': 0.0038167161401361227}",0.21186460554599762,0.1186770498752594,0.0060035609640181065,0.0070815677754580975,0.6449950933456421,0.007561409380286932,0.0038167161401361227,0.0,0.0,0.0,0.0,0.0,0.0,0.0,0.0,0.0,0.0,0.0,0.0,0.0,0.0,sadness
Dude I choked on my spit when I saw Hasan,206,dude choked spit saw hasan,negative,0.8316466808319092,27,"{'disgust': 0.7185626029968262, 'neutral': 0.11581963300704956, 'anger': 0.1091468557715416, 'fear': 0.026409702375531197, 'sadness': 0.018793832510709763, 'surprise': 0.008801388554275036, 'joy': 0.0024659871123731136}",0.11581963300704956,0.008801388554275036,0.0024659871123731136,0.1091468557715416,0.018793832510709763,0.7185626029968262,0.026409702375531197,0.0,0.0,0.0,0.0,0.0,0.0,0.0,0.0,0.0,0.0,0.0,0.0,0.0,0.0,disgust
Where the Restart button?,207,restart button,neutral,0.8593937754631042,8,"{'neutral': 0.8762640357017517, 'surprise': 0.07688840478658676, 'anger': 0.014079011045396328, 'sadness': 0.011694589629769325, 'disgust': 0.011657025665044785, 'fear': 0.007248117122799158, 'joy': 0.0021688207052648067}",0.8762640357017517,0.07688840478658676,0.0021688207052648067,0.014079011045396328,0.011694589629769325,0.011657025665044785,0.007248117122799158,0.0,0.0,0.0,0.0,0.0,0.0,0.0,0.0,0.0,0.0,0.0,0.0,0.0,0.0,neutral
Ive lived in Finland and it was wonderful!!!!I got transferred back to Amerikkka right in time for Fascist Trump's election in 2016.....,208,ive lived finland wonderfuli got transferred back amerikkka right time fascist trumps election,positive,0.8533630967140198,0,"{'joy': 0.6606146693229675, 'surprise': 0.16017355024814606, 'neutral': 0.0920056626200676, 'sadness': 0.06587879359722137, 'anger': 0.014525756239891052, 'fear': 0.006245293654501438, 'disgust': 0.0005562452715821564, 'joy_linguistic': 1.0, 'surprise_linguistic': 1.0, 'love_linguistic': 1.0, 'joy_sentence_count': 1, 'surprise_sentence_count': 1, 'love_sentence_count': 1}",0.0920056626200676,0.16017355024814606,0.6606146693229675,0.014525756239891052,0.06587879359722137,0.0005562452715821564,0.006245293654501438,0.0,1.0,1.0,0.0,0.0,0.0,0.0,0.0,1.0,1.0,0.0,0.0,0.0,0.0,joy
"Guys, Im Chinese, so umm yeah, America is paradise.",209,guys chinese umm yeah america paradise,positive,0.8417186737060547,5,"{'surprise': 0.3868912160396576, 'neutral': 0.3375244438648224, 'joy': 0.23708917200565338, 'sadness': 0.031274739652872086, 'anger': 0.0038708774372935295, 'fear': 0.0017361058853566647, 'disgust': 0.0016133846947923303}",0.3375244438648224,0.3868912160396576,0.23708917200565338,0.0038708774372935295,0.031274739652872086,0.0016133846947923303,0.0017361058853566647,0.0,0.0,0.0,0.0,0.0,0.0,0.0,0.0,0.0,0.0,0.0,0.0,0.0,0.0,surprise
USA #1?? 😂😂😂😂😂😂😂 In polluting the Earth?……Strip clubs?,210,usa polluting earthstrip clubs,negative,0.8695082068443298,-1,"{'neutral': 0.321261465549469, 'sadness': 0.24289920926094055, 'anger': 0.22736862301826477, 'surprise': 0.09411453455686569, 'disgust': 0.06528034806251526, 'joy': 0.033149488270282745, 'fear': 0.015926361083984375}",0.321261465549469,0.09411453455686569,0.033149488270282745,0.22736862301826477,0.24289920926094055,0.06528034806251526,0.015926361083984375,0.0,0.0,0.0,0.0,0.0,0.0,0.0,0.0,0.0,0.0,0.0,0.0,0.0,0.0,neutral
"If you can’t figure it out:
The only way assuring his 2020 presidency, Trump needs the voters not to get too smart..",211,cant figure way assuring presidency trump needs voters get smart,neutral,0.6353453993797302,12,"{'neutral': 0.8369143009185791, 'anger': 0.06193458288908005, 'surprise': 0.0393233448266983, 'joy': 0.027846278622746468, 'sadness': 0.022184953093528748, 'disgust': 0.006129825487732887, 'fear': 0.005666794255375862}",0.8369143009185791,0.0393233448266983,0.027846278622746468,0.06193458288908005,0.022184953093528748,0.006129825487732887,0.005666794255375862,0.0,0.0,0.0,0.0,0.0,0.0,0.0,0.0,0.0,0.0,0.0,0.0,0.0,0.0,neutral
"Mark Armage oh, poor pal. Hmm I wonder why the Finnish students score so much higher than the u.s students. You for sure aren’t a good example of a smart American student.",212,mark armage poor pal hmm wonder finnish students score much higher students sure arent good example smart american student,negative,0.9010917544364929,-1,"{'surprise': 0.8775641918182373, 'joy': 0.060138218104839325, 'neutral': 0.03216645121574402, 'sadness': 0.02601548656821251, 'anger': 0.0023450579028576612, 'fear': 0.0013394283596426249, 'disgust': 0.00043117182212881744, 'surprise_linguistic': 1.0, 'surprise_sentence_count': 1}",0.03216645121574402,0.8775641918182373,0.060138218104839325,0.0023450579028576612,0.02601548656821251,0.00043117182212881744,0.0013394283596426249,0.0,1.0,0.0,0.0,0.0,0.0,0.0,0.0,1.0,0.0,0.0,0.0,0.0,0.0,surprise
"Corruption, population,worse education system,lack of communication between teachers and students and parents higher expections.",213,corruption populationworse education systemlack communication teachers students parents higher expections,negative,0.8909271955490112,4,"{'anger': 0.7449990510940552, 'disgust': 0.14114229381084442, 'sadness': 0.08998195081949234, 'fear': 0.010958370752632618, 'neutral': 0.00799227599054575, 'joy': 0.002957289107143879, 'surprise': 0.0019687535241246223}",0.00799227599054575,0.0019687535241246223,0.002957289107143879,0.7449990510940552,0.08998195081949234,0.14114229381084442,0.010958370752632618,0.0,0.0,0.0,0.0,0.0,0.0,0.0,0.0,0.0,0.0,0.0,0.0,0.0,0.0,anger
USA is not number one in everything!,214,usa number one everything,negative,0.6879094839096069,5,"{'neutral': 0.8469159007072449, 'surprise': 0.07920066267251968, 'fear': 0.022375617176294327, 'sadness': 0.01699250563979149, 'anger': 0.016638418659567833, 'joy': 0.010624953545629978, 'disgust': 0.007251914124935865}",0.8469159007072449,0.07920066267251968,0.010624953545629978,0.016638418659567833,0.01699250563979149,0.007251914124935865,0.022375617176294327,0.0,0.0,0.0,0.0,0.0,0.0,0.0,0.0,0.0,0.0,0.0,0.0,0.0,0.0,neutral
"Just because math works for that iNtElLiGeNt girl in my class, doesn't mean it would work for me.",215,math works intelligent girl class doesnt mean would work,negative,0.7457740306854248,1,"{'neutral': 0.8631409406661987, 'surprise': 0.05738763138651848, 'joy': 0.04588615149259567, 'anger': 0.014033976010978222, 'disgust': 0.010199147276580334, 'sadness': 0.00853762961924076, 'fear': 0.0008145385072566569, 'anger_linguistic': 1.0, 'anger_sentence_count': 1}",0.8631409406661987,0.05738763138651848,0.04588615149259567,0.014033976010978222,0.00853762961924076,0.010199147276580334,0.0008145385072566569,0.0,0.0,0.0,1.0,0.0,0.0,0.0,0.0,0.0,0.0,1.0,0.0,0.0,0.0,neutral
You're not number one in ANYTHING. Oh sorry prison population. Etc etc,217,youre number one anything sorry prison population etc etc,negative,0.8774656653404236,-1,"{'sadness': 0.8907110691070557, 'neutral': 0.05735550820827484, 'anger': 0.016613557934761047, 'disgust': 0.015184991993010044, 'surprise': 0.01160508580505848, 'joy': 0.004516405053436756, 'fear': 0.004013387951999903, 'sadness_linguistic': 1.0, 'sadness_sentence_count': 1}",0.05735550820827484,0.01160508580505848,0.004516405053436756,0.016613557934761047,0.8907110691070557,0.015184991993010044,0.004013387951999903,0.0,0.0,0.0,0.0,1.0,0.0,0.0,0.0,0.0,0.0,0.0,1.0,0.0,0.0,sadness
"@…  man,we Indian's have a very primitive education system,where you mug up all things and vomit it in exam,At least these things don't happen in Us",218,manwe indians primitive education systemwhere mug things vomit examat least things dont happen,negative,0.9085209369659424,2,"{'disgust': 0.5502826571464539, 'anger': 0.19717714190483093, 'neutral': 0.1725618988275528, 'sadness': 0.03679004684090614, 'fear': 0.026911146938800812, 'joy': 0.008515927940607071, 'surprise': 0.007761272136121988}",0.1725618988275528,0.007761272136121988,0.008515927940607071,0.19717714190483093,0.03679004684090614,0.5502826571464539,0.026911146938800812,0.0,0.0,0.0,0.0,0.0,0.0,0.0,0.0,0.0,0.0,0.0,0.0,0.0,0.0,disgust
"The difference in funding in US schools is, to an extent, a myth.  In NY State, for example, one of the highest funded districts is a large city district (not NYC) based on per pupil spending, while two affluent suburbs of the same district are 1st and 10th lowest.
Also in NYS, a masters degree is required, but the system won't trust them to actually do their job.
The difference is a small homogenous country, a commitment to education from parents and society, and a philosophy that everyone passes, no matter what.",219,difference funding schools extent myth state example one highest funded districts large city district nyc based per pupil spending two affluent suburbs district lowest also nys masters degree required system wont trust actually job difference small homogenous country commitment education parents society philosophy everyone passes matter,neutral,0.6216912865638733,-1,"{'joy': 0.5125341415405273, 'neutral': 0.32177427411079407, 'surprise': 0.09342703968286514, 'sadness': 0.027808282524347305, 'anger': 0.024465909227728844, 'fear': 0.017035579308867455, 'disgust': 0.0029547580052167177, 'joy_linguistic': 1.0, 'sadness_linguistic': 1.0, 'love_linguistic': 1.0, 'neutral_linguistic': 2.0, 'joy_sentence_count': 1, 'sadness_sentence_count': 1, 'love_sentence_count': 1, 'neutral_sentence_count': 1}",0.32177427411079407,0.09342703968286514,0.5125341415405273,0.024465909227728844,0.027808282524347305,0.0029547580052167177,0.017035579308867455,2.0,0.0,1.0,0.0,1.0,0.0,0.0,1.0,0.0,1.0,0.0,1.0,0.0,0.0,neutral
Mark Armage it just happens to be the global leader of education. Maybe we aren’t “ overly privileged idiots”.,220,mark armage happens global leader education maybe arent overly privileged idiots,positive,0.5316171646118164,23,"{'neutral': 0.6016532182693481, 'surprise': 0.3357153534889221, 'sadness': 0.042372941970825195, 'joy': 0.008805987425148487, 'anger': 0.006896070670336485, 'fear': 0.002537778113037348, 'disgust': 0.002018688479438424, 'disgust_linguistic': 1.0, 'neutral_linguistic': 1.0, 'disgust_sentence_count': 1, 'neutral_sentence_count': 1}",0.6016532182693481,0.3357153534889221,0.008805987425148487,0.006896070670336485,0.042372941970825195,0.002018688479438424,0.002537778113037348,1.0,0.0,0.0,0.0,0.0,1.0,0.0,1.0,0.0,0.0,0.0,0.0,1.0,0.0,neutral
That's because u haven't tried our schools,221,thats havent tried schools,negative,0.6915068626403809,11,"{'neutral': 0.7079363465309143, 'surprise': 0.1768491268157959, 'sadness': 0.07625177502632141, 'joy': 0.019231228157877922, 'disgust': 0.008741087280213833, 'anger': 0.008454371243715286, 'fear': 0.0025360987056046724}",0.7079363465309143,0.1768491268157959,0.019231228157877922,0.008454371243715286,0.07625177502632141,0.008741087280213833,0.0025360987056046724,0.0,0.0,0.0,0.0,0.0,0.0,0.0,0.0,0.0,0.0,0.0,0.0,0.0,0.0,neutral
"If they lead in education, that must mean they haven't classified math as racist",222,lead education must mean havent classified math racist,neutral,0.6261751055717468,6,"{'anger': 0.4709274470806122, 'neutral': 0.3020106256008148, 'disgust': 0.17171362042427063, 'fear': 0.026519078761339188, 'sadness': 0.016891654580831528, 'surprise': 0.010351898148655891, 'joy': 0.0015856397803872824, 'anger_linguistic': 1.0, 'anger_sentence_count': 1}",0.3020106256008148,0.010351898148655891,0.0015856397803872824,0.4709274470806122,0.016891654580831528,0.17171362042427063,0.026519078761339188,0.0,0.0,0.0,1.0,0.0,0.0,0.0,0.0,0.0,0.0,1.0,0.0,0.0,0.0,anger
Me after graduating high school: I go to Finland,223,graduating high school finland,neutral,0.7459264397621155,0,"{'fear': 0.3989739716053009, 'neutral': 0.26526281237602234, 'sadness': 0.11324574798345566, 'joy': 0.09982091188430786, 'anger': 0.04895704984664917, 'surprise': 0.046215176582336426, 'disgust': 0.02752428688108921}",0.26526281237602234,0.046215176582336426,0.09982091188430786,0.04895704984664917,0.11324574798345566,0.02752428688108921,0.3989739716053009,0.0,0.0,0.0,0.0,0.0,0.0,0.0,0.0,0.0,0.0,0.0,0.0,0.0,0.0,fear
"@…  sorry but the most green card applicants ain't coming from the developed countries. Most of the applicants are from third world countries where their economic situation is awful and since the US is English speaking, that's one of the biggest reason anyone wants to go there. Ah and btw obviously it's easy to have the biggest world economy when your own country is 28 times bigger than that of Germany.",224,sorry green card applicants aint coming developed countries applicants third world countries economic situation awful since english speaking thats one biggest reason anyone wants btw obviously easy biggest world economy country times bigger germany,negative,0.757128119468689,15,"{'sadness': 0.8600746393203735, 'surprise': 0.05630671605467796, 'fear': 0.03154024854302406, 'disgust': 0.026300786063075066, 'anger': 0.009815758094191551, 'joy': 0.009595461189746857, 'neutral': 0.006366461515426636, 'sadness_linguistic': 1.0, 'fear_linguistic': 1.0, 'disgust_linguistic': 1.0, 'neutral_linguistic': 1.0, 'sadness_sentence_count': 1, 'fear_sentence_count': 1, 'disgust_sentence_count': 1, 'neutral_sentence_count': 1}",0.006366461515426636,0.05630671605467796,0.009595461189746857,0.009815758094191551,0.8600746393203735,0.026300786063075066,0.03154024854302406,1.0,0.0,0.0,0.0,1.0,1.0,1.0,1.0,0.0,0.0,0.0,1.0,1.0,1.0,sadness
"Frankly, if we talk about IMO Finland is not that good.",225,frankly talk imo finland good,negative,0.7595310211181641,0,"{'surprise': 0.6575191020965576, 'sadness': 0.13733065128326416, 'neutral': 0.11337609589099884, 'joy': 0.04669267684221268, 'fear': 0.04117035120725632, 'anger': 0.0027303420938551426, 'disgust': 0.0011807626578956842}",0.11337609589099884,0.6575191020965576,0.04669267684221268,0.0027303420938551426,0.13733065128326416,0.0011807626578956842,0.04117035120725632,0.0,0.0,0.0,0.0,0.0,0.0,0.0,0.0,0.0,0.0,0.0,0.0,0.0,0.0,surprise
"@…  No, literally your comment made no sense. There were no periods or commas so I have no idea how to read it, because its so confusing. Weren't you taught that in school?",226,literally comment made sense periods commas idea read confusing werent taught school,negative,0.9255861639976501,34,"{'neutral': 0.5191314816474915, 'surprise': 0.3945479691028595, 'sadness': 0.028766587376594543, 'anger': 0.02618313580751419, 'joy': 0.01542720291763544, 'fear': 0.009352488443255424, 'disgust': 0.006591112352907658, 'anger_linguistic': 1.0, 'surprise_linguistic': 1.0, 'anger_sentence_count': 1, 'surprise_sentence_count': 1}",0.5191314816474915,0.3945479691028595,0.01542720291763544,0.02618313580751419,0.028766587376594543,0.006591112352907658,0.009352488443255424,0.0,1.0,0.0,1.0,0.0,0.0,0.0,0.0,1.0,0.0,1.0,0.0,0.0,0.0,surprise
Overall was good to watch until you qualify immigrants,227,overall good watch qualify immigrants,positive,0.9365624189376831,-1,"{'neutral': 0.8142706155776978, 'surprise': 0.09850507229566574, 'joy': 0.06395608931779861, 'sadness': 0.012474323622882366, 'anger': 0.006182132288813591, 'fear': 0.003997114486992359, 'disgust': 0.000614717835560441}",0.8142706155776978,0.09850507229566574,0.06395608931779861,0.006182132288813591,0.012474323622882366,0.000614717835560441,0.003997114486992359,0.0,0.0,0.0,0.0,0.0,0.0,0.0,0.0,0.0,0.0,0.0,0.0,0.0,0.0,neutral
@…  holy shit you have a big ego,228,holy shit big ego,negative,0.859577476978302,12,"{'surprise': 0.8819801807403564, 'anger': 0.05832555145025253, 'disgust': 0.030091667547822, 'neutral': 0.010334374383091927, 'joy': 0.008157534524798393, 'sadness': 0.005566317588090897, 'fear': 0.0055443281307816505}",0.010334374383091927,0.8819801807403564,0.008157534524798393,0.05832555145025253,0.005566317588090897,0.030091667547822,0.0055443281307816505,0.0,0.0,0.0,0.0,0.0,0.0,0.0,0.0,0.0,0.0,0.0,0.0,0.0,0.0,surprise
"As a Finnish student I can answer for this:
Bulling happens in every school and in every ages. But it's mostly just invidual thing. Also the social network between home and school is very strong so when get bullied, it's hard to not notice it. Then we can find out what's going on and who's the quilty one and decide the punishment (ofc it's not too ruff but enough good to minimize the risk of starting bullying again). Also there's several movements which fights against bullying and helps and cooperates with the schools. 
These are just few main points but overall, here's much less bullying and more help for the students. 

Sorry if my text isn't grammatically perfect but I'm rn too lazy to concentrate so much 😂",229,finnish student answer bulling happens every school every ages mostly invidual thing also social network home school strong get bullied hard notice find whats going whos quilty one decide punishment ofc ruff enough good minimize risk starting bullying also theres several movements fights bullying helps cooperates schools main points overall heres much less bullying help students sorry text isnt grammatically perfect lazy concentrate much,neutral,0.575667530298233,39,"{'sadness': 0.8567028641700745, 'joy': 0.05574682354927063, 'neutral': 0.030928337946534157, 'surprise': 0.029634976759552956, 'anger': 0.019887849688529968, 'fear': 0.005503855645656586, 'disgust': 0.001595296198502183, 'sadness_linguistic': 1.0, 'fear_linguistic': 1.0, 'neutral_linguistic': 1.0, 'sadness_sentence_count': 1, 'fear_sentence_count': 1, 'neutral_sentence_count': 1}",0.030928337946534157,0.029634976759552956,0.05574682354927063,0.019887849688529968,0.8567028641700745,0.001595296198502183,0.005503855645656586,1.0,0.0,0.0,0.0,1.0,0.0,1.0,1.0,0.0,0.0,0.0,1.0,0.0,1.0,sadness
The elephant in that classroom is also white.,230,elephant classroom also white,neutral,0.5178946256637573,3,"{'neutral': 0.6341291069984436, 'surprise': 0.26688775420188904, 'sadness': 0.03983242064714432, 'joy': 0.03772610053420067, 'disgust': 0.010147066786885262, 'fear': 0.006546944845467806, 'anger': 0.00473062926903367, 'neutral_linguistic': 1.0, 'neutral_sentence_count': 1}",0.6341291069984436,0.26688775420188904,0.03772610053420067,0.00473062926903367,0.03983242064714432,0.010147066786885262,0.006546944845467806,1.0,0.0,0.0,0.0,0.0,0.0,0.0,1.0,0.0,0.0,0.0,0.0,0.0,0.0,neutral
Mark Armage we don’t even export oil.....,232,mark armage dont even export oil,negative,0.6029539108276367,23,"{'neutral': 0.6492528915405273, 'sadness': 0.15514299273490906, 'anger': 0.09013722836971283, 'surprise': 0.05154484510421753, 'disgust': 0.04331463575363159, 'fear': 0.006760816089808941, 'joy': 0.003846611361950636}",0.6492528915405273,0.05154484510421753,0.003846611361950636,0.09013722836971283,0.15514299273490906,0.04331463575363159,0.006760816089808941,0.0,0.0,0.0,0.0,0.0,0.0,0.0,0.0,0.0,0.0,0.0,0.0,0.0,0.0,neutral
"When I see Hungary in the list as 4th as a Hungarian, and cannot believe that it can be worse in other countries",233,see hungary list hungarian cannot believe worse countries,negative,0.8351961970329285,0,"{'sadness': 0.5276126861572266, 'fear': 0.3671879768371582, 'anger': 0.07879185676574707, 'disgust': 0.01305158156901598, 'surprise': 0.005221052095293999, 'neutral': 0.004750778898596764, 'joy': 0.003384093753993511}",0.004750778898596764,0.005221052095293999,0.003384093753993511,0.07879185676574707,0.5276126861572266,0.01305158156901598,0.3671879768371582,0.0,0.0,0.0,0.0,0.0,0.0,0.0,0.0,0.0,0.0,0.0,0.0,0.0,0.0,sadness
Wow finland have no exam,234,wow finland exam,neutral,0.45188531279563904,-1,"{'surprise': 0.9555473923683167, 'neutral': 0.017433561384677887, 'joy': 0.009510176256299019, 'fear': 0.008221353404223919, 'sadness': 0.006096902769058943, 'anger': 0.002191423438489437, 'disgust': 0.000999234151095152}",0.017433561384677887,0.9555473923683167,0.009510176256299019,0.002191423438489437,0.006096902769058943,0.000999234151095152,0.008221353404223919,0.0,0.0,0.0,0.0,0.0,0.0,0.0,0.0,0.0,0.0,0.0,0.0,0.0,0.0,surprise
"If they have the best education,why is oxford and harvard universities are the best?",236,best educationwhy oxford harvard universities best,positive,0.49143773317337036,28,"{'joy': 0.4097691774368286, 'neutral': 0.28890299797058105, 'surprise': 0.261583536863327, 'sadness': 0.020085031166672707, 'anger': 0.014136618003249168, 'fear': 0.004160566255450249, 'disgust': 0.0013621066464111209}",0.28890299797058105,0.261583536863327,0.4097691774368286,0.014136618003249168,0.020085031166672707,0.0013621066464111209,0.004160566255450249,0.0,0.0,0.0,0.0,0.0,0.0,0.0,0.0,0.0,0.0,0.0,0.0,0.0,0.0,joy
In US there is no motivation to do work everyday after school I really don’t want to do my homework but I have no choice,237,motivation work everyday school really dont want homework choice,negative,0.8438804745674133,3,"{'sadness': 0.7064666152000427, 'anger': 0.1692245751619339, 'neutral': 0.06137903034687042, 'surprise': 0.023325461894273758, 'fear': 0.02320989780128002, 'joy': 0.009674670174717903, 'disgust': 0.006719812285155058, 'neutral_linguistic': 1.2, 'neutral_sentence_count': 1}",0.06137903034687042,0.023325461894273758,0.009674670174717903,0.1692245751619339,0.7064666152000427,0.006719812285155058,0.02320989780128002,1.2,0.0,0.0,0.0,0.0,0.0,0.0,1.0,0.0,0.0,0.0,0.0,0.0,0.0,neutral
cop drags kid out of chair and throws him on the ground.,238,cop drags kid chair throws ground,negative,0.6399208903312683,19,"{'anger': 0.5194194316864014, 'neutral': 0.1903490275144577, 'sadness': 0.16912871599197388, 'disgust': 0.07496115565299988, 'surprise': 0.026283524930477142, 'fear': 0.01412768755108118, 'joy': 0.005730492062866688}",0.1903490275144577,0.026283524930477142,0.005730492062866688,0.5194194316864014,0.16912871599197388,0.07496115565299988,0.01412768755108118,0.0,0.0,0.0,0.0,0.0,0.0,0.0,0.0,0.0,0.0,0.0,0.0,0.0,0.0,anger
"Well 37th is actually surprising considering many people in the US refer to the country as ""America"" and some can't even point to it on a map, let alone other countries like Finland.",239,well actually surprising considering many people refer country america cant even point map let alone countries like finland,negative,0.6803457140922546,0,"{'surprise': 0.9851285219192505, 'neutral': 0.006417136639356613, 'anger': 0.002635269658640027, 'joy': 0.002275475999340415, 'fear': 0.0013058295007795095, 'sadness': 0.0011927162995561957, 'disgust': 0.0010450506815686822, 'surprise_linguistic': 1.0, 'neutral_linguistic': 1.0, 'surprise_sentence_count': 1, 'neutral_sentence_count': 1}",0.006417136639356613,0.9851285219192505,0.002275475999340415,0.002635269658640027,0.0011927162995561957,0.0010450506815686822,0.0013058295007795095,1.0,1.0,0.0,0.0,0.0,0.0,0.0,1.0,1.0,0.0,0.0,0.0,0.0,0.0,surprise
Every european country would be shocked. I’m also surprised that they need a freaking pass to use the toilet and have police patrolling around.,240,every european country would shocked also surprised need freaking pass use toilet police patrolling around,negative,0.9020045399665833,15,"{'surprise': 0.984330952167511, 'neutral': 0.005026909522712231, 'anger': 0.004222526215016842, 'fear': 0.002576995873823762, 'disgust': 0.0015383302234113216, 'joy': 0.0014129913179203868, 'sadness': 0.0008912899065762758, 'fear_linguistic': 1.0, 'surprise_linguistic': 2.0, 'neutral_linguistic': 1.0, 'fear_sentence_count': 1, 'surprise_sentence_count': 1, 'neutral_sentence_count': 1}",0.005026909522712231,0.984330952167511,0.0014129913179203868,0.004222526215016842,0.0008912899065762758,0.0015383302234113216,0.002576995873823762,1.0,2.0,0.0,0.0,0.0,0.0,1.0,1.0,1.0,0.0,0.0,0.0,0.0,1.0,surprise
"End of public schools ls and establish charters schools for flexible hours for students and parents a day to save on daycare, scheduling children at certain hours of the day reduce pollution smaller classrooms and more efficient education services a save the average single parent over $700 a month. and stop wasting money on daycare, the schools should work around us so we can spend more time with our children and do the only job we were born to do teach our children how to survive and thrive.",241,end public schools establish charters schools flexible hours students parents day save daycare scheduling children certain hours day reduce pollution smaller classrooms efficient education services save average single parent month stop wasting money daycare schools work around spend time children job born teach children survive thrive,neutral,0.6688371896743774,4,"{'joy': 0.8357837200164795, 'neutral': 0.05751948058605194, 'anger': 0.04390668123960495, 'surprise': 0.039998918771743774, 'sadness': 0.02041696384549141, 'fear': 0.0016674307407811284, 'disgust': 0.0007068531704135239, 'anger_linguistic': 1.0, 'love_linguistic': 1.0, 'anger_sentence_count': 1, 'love_sentence_count': 1}",0.05751948058605194,0.039998918771743774,0.8357837200164795,0.04390668123960495,0.02041696384549141,0.0007068531704135239,0.0016674307407811284,0.0,0.0,0.0,1.0,0.0,0.0,0.0,0.0,0.0,0.0,1.0,0.0,0.0,0.0,joy
actually im a high-school student in a finnish school and we get ALOT of homework. Dont let these videos give you fake information.,243,actually highschool student finnish school get alot homework dont let videos give fake information,negative,0.6464074850082397,0,"{'neutral': 0.37595388293266296, 'sadness': 0.25780048966407776, 'surprise': 0.18332500755786896, 'anger': 0.11655033379793167, 'joy': 0.05260258540511131, 'fear': 0.009416081942617893, 'disgust': 0.004351585637778044, 'neutral_linguistic': 1.0, 'neutral_sentence_count': 1}",0.37595388293266296,0.18332500755786896,0.05260258540511131,0.11655033379793167,0.25780048966407776,0.004351585637778044,0.009416081942617893,1.0,0.0,0.0,0.0,0.0,0.0,0.0,1.0,0.0,0.0,0.0,0.0,0.0,0.0,neutral
I hate everything,244,hate everything,negative,0.8471603393554688,35,"{'anger': 0.8245260119438171, 'disgust': 0.11413509398698807, 'neutral': 0.0376872643828392, 'sadness': 0.014879845082759857, 'fear': 0.003960180561989546, 'surprise': 0.003002752782776952, 'joy': 0.0018088101642206311}",0.0376872643828392,0.003002752782776952,0.0018088101642206311,0.8245260119438171,0.014879845082759857,0.11413509398698807,0.003960180561989546,0.0,0.0,0.0,0.0,0.0,0.0,0.0,0.0,0.0,0.0,0.0,0.0,0.0,0.0,anger
@…  this us why you guys are leading in the world,245,guys leading world,positive,0.8930930495262146,24,"{'surprise': 0.5818225145339966, 'neutral': 0.2848564088344574, 'joy': 0.09346962720155716, 'sadness': 0.018715491518378258, 'anger': 0.016242308542132378, 'fear': 0.003034661989659071, 'disgust': 0.0018589603714644909}",0.2848564088344574,0.5818225145339966,0.09346962720155716,0.016242308542132378,0.018715491518378258,0.0018589603714644909,0.003034661989659071,0.0,0.0,0.0,0.0,0.0,0.0,0.0,0.0,0.0,0.0,0.0,0.0,0.0,0.0,surprise
"If anyone wants to know this translated then hear you go. I used google translate tho. 


By the way, a young Australian man who started talking at the big sports club he attended told a similar story about how long ago. Also, a man who went to the United States when he was young and studied in the United States and worked for an American company said the same thing. It's like this.

""America is noisy. I'm the best !, I'm the No. 1!""

I wonder why. Maybe it's because it's dominated. It's the same as the dog on the chain. While pulling the chain connected to the collar, it barks one by one. A dog walking around freely does not bark because there is no stress. I can walk around freely. You don't have to bark. America is barking, feeling the feelings of its master, the ruler of America. And again, Japan, which has been dominated by the United States, is barking in the same way. It's such a funny way of barking

 
Do you think Japan is wonderful because it is loved by people all over the world?""


t's a wasteful barking. It doesn't mean anything. Howling of the losing dog. From such a story, Finland is probably not controlled by anyone. I wonder if they can rule their own country. No one in ourselves controls Finland with malicious understanding. Well, I'm an adult. So you are free to educate your children. You can think about what is right and what will happen. Considering the fact that there are parents who scold their children from a face-to-face standpoint. Look sideways at the world and scold them face-to-face without any content. Otherwise, I'm afraid I don't know what the world will do. People who are really connected to something are barking at their own discretion. It is tied to an umbrella of power, tied to an umbrella of crappy rules, or tied to an ignorant umbrella that comes from a long-standing tradition. And they have become people who can't think about it. I don't think it's like Japanese. Uniform human Kintaro Ame I've become a human.",247,anyone wants know translated hear used google translate tho way young australian man started talking big sports club attended told similar story long ago also man went united states young studied united states worked american company said thing like america noisy best wonder maybe dominated dog chain pulling chain connected collar barks one one dog walking around freely bark stress walk around freely dont bark america barking feeling feelings master ruler america japan dominated united states barking way funny way barking think japan wonderful loved people world wasteful barking doesnt mean anything howling losing dog story finland probably controlled anyone wonder rule country one controls finland malicious understanding well adult free educate children think right happen considering fact parents scold children facetoface standpoint look sideways world scold facetoface without content otherwise afraid dont know world people really connected something barking discretion tied umbrella power tied umbrella crappy rules tied ignorant umbrella comes longstanding tradition become people cant think dont think like japanese uniform human kintaro ame ive become human,neutral,0.7439134865999222,-1,"{'anger': 0.6279476881027222, 'joy': 0.18313583731651306, 'sadness': 0.07033710181713104, 'surprise': 0.05119745805859566, 'neutral': 0.041851602494716644, 'fear': 0.978941798210144, 'disgust': 0.0023891348391771317, 'neutral_linguistic': 1.7999999999999998, 'fear_linguistic': 1.2, 'anger_linguistic': 2.4, 'surprise_linguistic': 1.2, 'sadness_linguistic': 2.4, 'joy_sentence_count': 1, 'fear_sentence_count': 1, 'anger_sentence_count': 1, 'surprise_sentence_count': 1, 'love_sentence_count': 1, 'neutral_sentence_count': 1}",0.041851602494716644,0.05119745805859566,0.18313583731651306,0.6279476881027222,0.07033710181713104,0.0023891348391771317,0.978941798210144,1.7999999999999998,1.2,0.0,2.4,2.4,0.0,1.2,1.0,1.0,1.0,1.0,0.0,0.0,1.0,anger
You’d think the country with more people would change their education system to make it better for their students... yet here we are.,248,youd think country people would change education system make better students yet,neutral,0.46571531891822815,1,"{'surprise': 0.7988744378089905, 'neutral': 0.15526920557022095, 'joy': 0.02391112595796585, 'anger': 0.010025372728705406, 'sadness': 0.00653558736667037, 'fear': 0.0036654083523899317, 'disgust': 0.001718933810479939}",0.15526920557022095,0.7988744378089905,0.02391112595796585,0.010025372728705406,0.00653558736667037,0.001718933810479939,0.0036654083523899317,0.0,0.0,0.0,0.0,0.0,0.0,0.0,0.0,0.0,0.0,0.0,0.0,0.0,0.0,surprise
Aren't we all humans,250,arent humans,neutral,0.7161204814910889,-1,"{'neutral': 0.7463425993919373, 'disgust': 0.09873731434345245, 'anger': 0.07143637537956238, 'surprise': 0.03025008924305439, 'sadness': 0.028819074854254723, 'fear': 0.016243061050772667, 'joy': 0.0081715052947402}",0.7463425993919373,0.03025008924305439,0.0081715052947402,0.07143637537956238,0.028819074854254723,0.09873731434345245,0.016243061050772667,0.0,0.0,0.0,0.0,0.0,0.0,0.0,0.0,0.0,0.0,0.0,0.0,0.0,0.0,neutral
"hi, im from finland and in the schools i've been in, the food is free, but everyone eats se same food. of course, if youre like a vegan or something u can get the food u want but other than that, we all eat the same food thats free. also children from like 7-11 years old usually have days that lasts about 4 hours, but the ages above that can go up till 6 hours. but if we have those long hours, we dont get homework. school here is free, and you get all the supplies from there, so youre not completely wrong, but i believe that document was about younger children. sorry if my english was bad lol :)",253,finland schools ive food free everyone eats food course youre like vegan something get food want eat food thats free also children like years old usually days lasts hours ages till hours long hours dont get homework school free get supplies youre completely wrong believe document younger children sorry english bad lol,neutral,0.6522539258003235,0,"{'sadness': 0.5142967700958252, 'surprise': 0.2110213339328766, 'neutral': 0.1391335129737854, 'joy': 0.11884956806898117, 'anger': 0.011585067957639694, 'fear': 0.003401706460863352, 'disgust': 0.0017120701959356666, 'sadness_linguistic': 1.2, 'neutral_linguistic': 2.4, 'sadness_sentence_count': 1, 'neutral_sentence_count': 1}",0.1391335129737854,0.2110213339328766,0.11884956806898117,0.011585067957639694,0.5142967700958252,0.0017120701959356666,0.003401706460863352,2.4,0.0,0.0,0.0,1.2,0.0,0.0,1.0,0.0,0.0,0.0,1.0,0.0,0.0,neutral
"Finland's ranking is dropping at a breakneck pace. Education had been independent in schools. Now Politicians and senior officials make themselves important and, in their own opinion now, “invent” good new methods and projects to make the system more efficient. The teaching is now mixed up. The ranking will drop drastically.
Even officials sites block all commets.",254,finlands ranking dropping breakneck pace education independent schools politicians senior officials make important opinion invent good new methods projects make system efficient teaching mixed ranking drop drastically even officials sites block commets,negative,0.7956098318099976,0,"{'surprise': 0.5363895893096924, 'neutral': 0.18000566959381104, 'joy': 0.14469905197620392, 'anger': 0.08308124542236328, 'fear': 0.039763253182172775, 'sadness': 0.012599173001945019, 'disgust': 0.003462033811956644}",0.18000566959381104,0.5363895893096924,0.14469905197620392,0.08308124542236328,0.012599173001945019,0.003462033811956644,0.039763253182172775,0.0,0.0,0.0,0.0,0.0,0.0,0.0,0.0,0.0,0.0,0.0,0.0,0.0,0.0,surprise
It’s funny that I fist saw hasan all those years ago,255,funny fist saw hasan years ago,neutral,0.5470220446586609,27,"{'joy': 0.4790897071361542, 'surprise': 0.3164706528186798, 'neutral': 0.16252808272838593, 'sadness': 0.03591394051909447, 'anger': 0.003980338107794523, 'disgust': 0.0010305549949407578, 'fear': 0.0009866427863016725, 'joy_linguistic': 1.0, 'joy_sentence_count': 1}",0.16252808272838593,0.3164706528186798,0.4790897071361542,0.003980338107794523,0.03591394051909447,0.0010305549949407578,0.0009866427863016725,0.0,0.0,1.0,0.0,0.0,0.0,0.0,0.0,0.0,1.0,0.0,0.0,0.0,0.0,joy
@…  you're a grown ass man with a iq of a blind squirrel. American people live in their own bubble where they've been fed with nothing but bullshit information. Do you even know where Europe is? Probably not,256,youre grown ass man blind squirrel american people live bubble theyve fed nothing bullshit information even know europe probably,negative,0.8940386176109314,15,"{'anger': 0.7576431035995483, 'neutral': 0.116302989423275, 'disgust': 0.04798029363155365, 'surprise': 0.03735719248652458, 'sadness': 0.020714810118079185, 'joy': 0.010904614813625813, 'fear': 0.009096928872168064, 'sadness_linguistic': 0.5, 'neutral_sentence_count': 1}",0.116302989423275,0.03735719248652458,0.010904614813625813,0.7576431035995483,0.020714810118079185,0.04798029363155365,0.009096928872168064,0.0,0.0,0.0,0.0,0.5,0.0,0.0,1.0,0.0,0.0,0.0,0.0,0.0,0.0,anger
The dudesons must have went to school in america,257,dudesons must went school america,neutral,0.6084760427474976,-1,"{'neutral': 0.7696739435195923, 'surprise': 0.1582781821489334, 'sadness': 0.03406261280179024, 'joy': 0.023453231900930405, 'anger': 0.006583790760487318, 'fear': 0.004363188985735178, 'disgust': 0.0035850144922733307}",0.7696739435195923,0.1582781821489334,0.023453231900930405,0.006583790760487318,0.03406261280179024,0.0035850144922733307,0.004363188985735178,0.0,0.0,0.0,0.0,0.0,0.0,0.0,0.0,0.0,0.0,0.0,0.0,0.0,0.0,neutral
No wonder Korea had a high suicide rates for teenagers,258,wonder korea high suicide rates teenagers,negative,0.8753765225410461,21,"{'sadness': 0.4684373438358307, 'neutral': 0.24168023467063904, 'surprise': 0.23549871146678925, 'fear': 0.02793564647436142, 'anger': 0.014464978128671646, 'joy': 0.006667640991508961, 'disgust': 0.005315455608069897, 'surprise_linguistic': 1.0, 'surprise_sentence_count': 1}",0.24168023467063904,0.23549871146678925,0.006667640991508961,0.014464978128671646,0.4684373438358307,0.005315455608069897,0.02793564647436142,0.0,1.0,0.0,0.0,0.0,0.0,0.0,0.0,1.0,0.0,0.0,0.0,0.0,0.0,surprise
I need to moved there 😑,259,need moved,negative,0.85589200258255,-1,"{'sadness': 0.4876231253147125, 'neutral': 0.4089098870754242, 'surprise': 0.06542624533176422, 'anger': 0.014691349118947983, 'fear': 0.011240174993872643, 'disgust': 0.006385170388966799, 'joy': 0.005724071990698576}",0.4089098870754242,0.06542624533176422,0.005724071990698576,0.014691349118947983,0.4876231253147125,0.006385170388966799,0.011240174993872643,0.0,0.0,0.0,0.0,0.0,0.0,0.0,0.0,0.0,0.0,0.0,0.0,0.0,0.0,sadness
0:32 how could be the Czech Republic at the third place? I don't buy it at all.,260,could czech republic third place dont buy,negative,0.820514440536499,0,"{'sadness': 0.7217902541160583, 'neutral': 0.12028855085372925, 'surprise': 0.11342374235391617, 'anger': 0.027935447171330452, 'joy': 0.00847392063587904, 'fear': 0.004190492443740368, 'disgust': 0.003897622460499406}",0.12028855085372925,0.11342374235391617,0.00847392063587904,0.027935447171330452,0.7217902541160583,0.003897622460499406,0.004190492443740368,0.0,0.0,0.0,0.0,0.0,0.0,0.0,0.0,0.0,0.0,0.0,0.0,0.0,0.0,sadness
"This is adorable, they think that those dummies can beat the Asians. No, pal, they're not global education leader.
  Who rated the thing? CNN?",261,adorable think dummies beat asians pal theyre global education leader rated thing cnn,negative,0.7472633719444275,21,"{'neutral': 0.42693859338760376, 'joy': 0.30106788873672485, 'surprise': 0.18878640234470367, 'sadness': 0.06887272745370865, 'anger': 0.008326545357704163, 'disgust': 0.003132785204797983, 'fear': 0.0028750961646437645}",0.42693859338760376,0.18878640234470367,0.30106788873672485,0.008326545357704163,0.06887272745370865,0.003132785204797983,0.0028750961646437645,0.0,0.0,0.0,0.0,0.0,0.0,0.0,0.0,0.0,0.0,0.0,0.0,0.0,0.0,neutral
They are capitalists,262,capitalists,negative,0.6013895869255066,14,"{'neutral': 0.40304046869277954, 'anger': 0.35523712635040283, 'disgust': 0.14295808970928192, 'surprise': 0.041731927543878555, 'sadness': 0.025201689451932907, 'joy': 0.016309281811118126, 'fear': 0.0155214574187994}",0.40304046869277954,0.041731927543878555,0.016309281811118126,0.35523712635040283,0.025201689451932907,0.14295808970928192,0.0155214574187994,0.0,0.0,0.0,0.0,0.0,0.0,0.0,0.0,0.0,0.0,0.0,0.0,0.0,0.0,neutral
Schools colleges and universities are a lie thats knowledge right there,263,schools colleges universities lie thats knowledge right,negative,0.8401475548744202,11,"{'neutral': 0.5283252596855164, 'anger': 0.2996123731136322, 'disgust': 0.08042611926794052, 'sadness': 0.05096951872110367, 'joy': 0.02257745899260044, 'surprise': 0.011701874434947968, 'fear': 0.006387506145983934}",0.5283252596855164,0.011701874434947968,0.02257745899260044,0.2996123731136322,0.05096951872110367,0.08042611926794052,0.006387506145983934,0.0,0.0,0.0,0.0,0.0,0.0,0.0,0.0,0.0,0.0,0.0,0.0,0.0,0.0,neutral
​ @…  Imagine drowning in student debt. Imagine going bankrupt from a medical bill. -This post was made by a first world country.,264,imagine drowning student debt imagine going bankrupt medical bill post made first world country,negative,0.8585701584815979,15,"{'fear': 0.5250071883201599, 'sadness': 0.2585908770561218, 'surprise': 0.09772714972496033, 'anger': 0.076969675719738, 'neutral': 0.02770438976585865, 'joy': 0.009272607043385506, 'disgust': 0.0047281705774366856, 'anger_linguistic': 1.0, 'anger_sentence_count': 1}",0.02770438976585865,0.09772714972496033,0.009272607043385506,0.076969675719738,0.2585908770561218,0.0047281705774366856,0.5250071883201599,0.0,0.0,0.0,1.0,0.0,0.0,0.0,0.0,0.0,0.0,1.0,0.0,0.0,0.0,anger
"According to the results of recent studies (PISA-2018, TIMSS-2019, PIRLS-2011, ICILS-2013), based on the average score of students, the best school education systems in the world are:

1. Singapore - 586 points
2. China - 579 points
3. Republic of Korea - 556 points
4. Japan - 554 points
5. Finland - 532 points
6. Russia - 529 points
7. Poland - 527 points
8. Ireland - 526 points
9. Estonia - 525 points
10. Canada - 523 points

- PISA - International Student Assessment Program
- PIRLS - International Study of the Quality of Reading and Comprehension of Text
- TIMSS - International Study of the Quality of Mathematics and Science Education
- ICILS - International Study of Computer and Information Literacy


TOP-10 in terms of the total number of gold medals at international olympiads in mathematics, physics and chemistry is as follows:

1. China - 384
2. Russia/USSR/CIS - 374 (237/133/4)
3. USA - 239
4. South Korea - 219
5. Taiwan - 164
6. Hungary - 162
7. Romania - 154
8. Germany - 123
9. Vietnam - 120
10. Iran - 117


International Student Olympiads are actually the only objective tool for comparing the competitiveness of university students at the global level. Unlike school education, there is no global student assessment systems like PISA, ILSA or PIRLS.

Top 10 countries by number of weighted wins at international student olympiads:

1. Russia - 61.35
2. China - 27.88
3. USA - 27.84
4. Poland - 22.82
5. Netherlands - 18.85
6. Great Britain - 17.00
7. Spain - 13.86
8. Canada - 10.51
9. Belgium - 9.98
10. Croatia - 8.90

The largest Olympiad is the ACM International Collegiate Programming Contest (ICPC). It has the widest geographical coverage, in it students from more than 100 countries of the world take part. Over the past 10 years, universities from Russia have won this Olympiad and once won a university from China.",265,according results recent studies pisa timss pirls icils based average score students best school education systems world singapore points china points republic korea points japan points finland points russia points poland points ireland points estonia points canada points pisa international student assessment program pirls international study quality reading comprehension text timss international study quality mathematics science education icils international study computer information literacy top terms total number gold medals international olympiads mathematics physics chemistry follows china russiaussrcis usa south korea taiwan hungary romania germany vietnam iran international student olympiads actually objective tool comparing competitiveness university students global level unlike school education global student assessment systems like pisa ilsa pirls top countries number weighted wins international student olympiads russia china usa poland netherlands great britain spain canada belgium croatia largest olympiad acm international collegiate programming contest icpc widest geographical coverage students countries world take part past years universities russia olympiad university china,neutral,0.7025425583124161,43,"{'joy': 0.7746464610099792, 'neutral': 0.356062650680542, 'surprise': 0.28752514719963074, 'sadness': 0.09950411319732666, 'anger': 0.025728730484843254, 'fear': 0.01801551878452301, 'disgust': 0.0025672141928225756, 'joy_linguistic': 1.0, 'sadness_linguistic': 2.0, 'anger_linguistic': 1.0, 'neutral_linguistic': 3.0, 'joy_sentence_count': 1, 'sadness_sentence_count': 1, 'anger_sentence_count': 1, 'neutral_sentence_count': 1}",0.356062650680542,0.28752514719963074,0.7746464610099792,0.025728730484843254,0.09950411319732666,0.0025672141928225756,0.01801551878452301,3.0,0.0,1.0,1.0,2.0,0.0,0.0,1.0,0.0,1.0,1.0,1.0,0.0,0.0,neutral
"I've just watched some other video about Finnish schools, and saw that this they are learning in 7th grade, i was learning in my 1st grade. And saw that they aren't learning that much.",266,ive watched video finnish schools saw learning grade learning grade saw arent learning much,neutral,0.5746058821678162,-1,"{'surprise': 0.5985130667686462, 'sadness': 0.19696040451526642, 'neutral': 0.15052302181720734, 'joy': 0.037842974066734314, 'anger': 0.010556436143815517, 'disgust': 0.0030578472651541233, 'fear': 0.00254626851528883}",0.15052302181720734,0.5985130667686462,0.037842974066734314,0.010556436143815517,0.19696040451526642,0.0030578472651541233,0.00254626851528883,0.0,0.0,0.0,0.0,0.0,0.0,0.0,0.0,0.0,0.0,0.0,0.0,0.0,0.0,surprise
"We have smaller test during the school year, not big standardized tests.",267,smaller test school year big standardized tests,neutral,0.6764573454856873,29,"{'surprise': 0.4619119465351105, 'neutral': 0.21807022392749786, 'fear': 0.1737419217824936, 'joy': 0.06932619959115982, 'anger': 0.039495762437582016, 'sadness': 0.025313720107078552, 'disgust': 0.012140207923948765}",0.21807022392749786,0.4619119465351105,0.06932619959115982,0.039495762437582016,0.025313720107078552,0.012140207923948765,0.1737419217824936,0.0,0.0,0.0,0.0,0.0,0.0,0.0,0.0,0.0,0.0,0.0,0.0,0.0,0.0,surprise
@…  i mean you're saying things unrelated to anything??,268,mean youre saying things unrelated anything,neutral,0.6913722157478333,17,"{'anger': 0.36900991201400757, 'neutral': 0.29345279932022095, 'disgust': 0.22669605910778046, 'surprise': 0.07105007767677307, 'sadness': 0.026399735361337662, 'fear': 0.007645836565643549, 'joy': 0.005745558068156242, 'joy_linguistic': 1.0, 'anger_linguistic': 1.0, 'joy_sentence_count': 1, 'anger_sentence_count': 1}",0.29345279932022095,0.07105007767677307,0.005745558068156242,0.36900991201400757,0.026399735361337662,0.22669605910778046,0.007645836565643549,0.0,0.0,1.0,1.0,0.0,0.0,0.0,0.0,0.0,1.0,1.0,0.0,0.0,0.0,anger
"I have tons of respect for Finnish school system. But what struck me was they don't have lots of immigrants so language acquisition isn't a concern in Finland as it is in the US. Finland has a population of roughly 5 million people compared to US 325 million +. Ideologically, this system could work anywhere in the world but hard to implement when you have to help immigrants acquire the native language. So no child left behind comes into question.",269,tons respect finnish school system struck dont lots immigrants language acquisition isnt concern finland finland population roughly million people compared million ideologically system could work anywhere world hard implement help immigrants acquire native language child left behind comes question,neutral,0.564352810382843,0,"{'anger': 0.3452329933643341, 'sadness': 0.3094138503074646, 'fear': 0.18939588963985443, 'surprise': 0.06834139674901962, 'neutral': 0.06429056823253632, 'joy': 0.02157115563750267, 'disgust': 0.0017541617853567004, 'love_linguistic': 2.0, 'love_sentence_count': 1}",0.06429056823253632,0.06834139674901962,0.02157115563750267,0.3452329933643341,0.3094138503074646,0.0017541617853567004,0.18939588963985443,0.0,0.0,0.0,0.0,0.0,0.0,0.0,0.0,0.0,0.0,0.0,0.0,0.0,0.0,anger
"WHO 2016 info about suicide rates:
51. Finland
USA was 34... Latvia and Estonia were higher too. Sweden 32. Idk where the myth of Finland having huge suicide rate comes from.

It annoyes me how a lot of Finns don't understand how great our country is. Especially health care and education.",270,info suicide rates finland usa latvia estonia higher sweden idk myth finland huge suicide rate comes annoyes lot finns dont understand great country especially health care education,negative,0.7553825378417969,-1,"{'sadness': 0.566284716129303, 'surprise': 0.220554381608963, 'neutral': 0.08824598789215088, 'anger': 0.08249472081661224, 'joy': 0.024817993864417076, 'fear': 0.016276687383651733, 'disgust': 0.0013255119556561112, 'joy_linguistic': 1.0, 'love_linguistic': 2.0, 'joy_sentence_count': 1, 'love_sentence_count': 1}",0.08824598789215088,0.220554381608963,0.024817993864417076,0.08249472081661224,0.566284716129303,0.0013255119556561112,0.016276687383651733,0.0,0.0,1.0,0.0,0.0,0.0,0.0,0.0,0.0,1.0,0.0,0.0,0.0,0.0,joy
"thrust me, finnish school system is the worst school system ever. Im finnish. We are forced to learn swedish or we cant get a job. Nobody in the world or finland needs swedish on any kind of level.",271,thrust finnish school system worst school system ever finnish forced learn swedish cant get job nobody world finland needs swedish kind level,negative,0.9484073519706726,0,"{'anger': 0.5176209211349487, 'sadness': 0.24179966747760773, 'fear': 0.08930393308401108, 'disgust': 0.05574294552206993, 'neutral': 0.04826650023460388, 'surprise': 0.027604511007666588, 'joy': 0.019661495462059975}",0.04826650023460388,0.027604511007666588,0.019661495462059975,0.5176209211349487,0.24179966747760773,0.05574294552206993,0.08930393308401108,0.0,0.0,0.0,0.0,0.0,0.0,0.0,0.0,0.0,0.0,0.0,0.0,0.0,0.0,anger
"Type ""Prince Ea""in your search bar",272,type prince eain search bar,neutral,0.8686699271202087,8,"{'neutral': 0.8698566555976868, 'surprise': 0.09579028189182281, 'sadness': 0.014512578025460243, 'anger': 0.006257122848182917, 'fear': 0.005800028331577778, 'joy': 0.005243345629423857, 'disgust': 0.0025399429723620415}",0.8698566555976868,0.09579028189182281,0.005243345629423857,0.006257122848182917,0.014512578025460243,0.0025399429723620415,0.005800028331577778,0.0,0.0,0.0,0.0,0.0,0.0,0.0,0.0,0.0,0.0,0.0,0.0,0.0,0.0,neutral
"America's education is better than me living in Indonesia, Americans should be grateful of better educational system than us in Indonesia",273,americas education better living indonesia americans grateful better educational system indonesia,positive,0.8942071199417114,2,"{'joy': 0.4981991648674011, 'neutral': 0.25472334027290344, 'surprise': 0.19629843533039093, 'sadness': 0.038244929164648056, 'anger': 0.010276374407112598, 'fear': 0.0011935326037928462, 'disgust': 0.001064250827766955}",0.25472334027290344,0.19629843533039093,0.4981991648674011,0.010276374407112598,0.038244929164648056,0.001064250827766955,0.0011935326037928462,0.0,0.0,0.0,0.0,0.0,0.0,0.0,0.0,0.0,0.0,0.0,0.0,0.0,0.0,joy
If only I can have a custom life 🤔,275,custom life,neutral,0.6824382543563843,-1,"{'neutral': 0.9184505343437195, 'disgust': 0.02567114122211933, 'surprise': 0.020934458822011948, 'anger': 0.014864735305309296, 'sadness': 0.0134976115077734, 'joy': 0.0033549461513757706, 'fear': 0.0032264788169413805}",0.9184505343437195,0.020934458822011948,0.0033549461513757706,0.014864735305309296,0.0134976115077734,0.02567114122211933,0.0032264788169413805,0.0,0.0,0.0,0.0,0.0,0.0,0.0,0.0,0.0,0.0,0.0,0.0,0.0,0.0,neutral
"Well, in Australia, we 're targeting Asian International students to pay at least $60,000 a year so that you can enjoy Bondi Beach and help our economy.",276,well australia targeting asian international students pay least year enjoy bondi beach help economy,positive,0.7247467637062073,21,"{'joy': 0.7577841877937317, 'surprise': 0.09727592021226883, 'neutral': 0.08865112066268921, 'sadness': 0.049325596541166306, 'anger': 0.005348490551114082, 'fear': 0.0008418667130172253, 'disgust': 0.0007727974443696439, 'joy_linguistic': 2.0, 'joy_sentence_count': 1}",0.08865112066268921,0.09727592021226883,0.7577841877937317,0.005348490551114082,0.049325596541166306,0.0007727974443696439,0.0008418667130172253,0.0,0.0,2.0,0.0,0.0,0.0,0.0,0.0,0.0,1.0,0.0,0.0,0.0,0.0,joy
Breaths in freedom 🇺🇸,277,breaths freedom,positive,0.8236598372459412,38,"{'neutral': 0.5170570611953735, 'anger': 0.1704103946685791, 'joy': 0.1402560919523239, 'sadness': 0.08559461683034897, 'fear': 0.04664088040590286, 'disgust': 0.030323918908834457, 'surprise': 0.009717075154185295}",0.5170570611953735,0.009717075154185295,0.1402560919523239,0.1704103946685791,0.08559461683034897,0.030323918908834457,0.04664088040590286,0.0,0.0,0.0,0.0,0.0,0.0,0.0,0.0,0.0,0.0,0.0,0.0,0.0,0.0,neutral
This guy seems pretty smart but his head is kinda smoll no?,278,guy seems pretty smart head kinda smoll,positive,0.6043128371238708,12,"{'neutral': 0.6794390678405762, 'joy': 0.22374315559864044, 'surprise': 0.054592493921518326, 'disgust': 0.021480390802025795, 'sadness': 0.009794765152037144, 'anger': 0.008205543272197247, 'fear': 0.0027446032036095858}",0.6794390678405762,0.054592493921518326,0.22374315559864044,0.008205543272197247,0.009794765152037144,0.021480390802025795,0.0027446032036095858,0.0,0.0,0.0,0.0,0.0,0.0,0.0,0.0,0.0,0.0,0.0,0.0,0.0,0.0,neutral
I think they DO realize it very well.,280,think realize well,positive,0.5158412456512451,20,"{'neutral': 0.6875401735305786, 'joy': 0.07602713257074356, 'surprise': 0.0668848380446434, 'sadness': 0.06211570277810097, 'fear': 0.05460475757718086, 'anger': 0.04709524288773537, 'disgust': 0.005732197780162096, 'neutral_linguistic': 1.0, 'neutral_sentence_count': 1}",0.6875401735305786,0.0668848380446434,0.07602713257074356,0.04709524288773537,0.06211570277810097,0.005732197780162096,0.05460475757718086,1.0,0.0,0.0,0.0,0.0,0.0,0.0,1.0,0.0,0.0,0.0,0.0,0.0,0.0,neutral
The gaokao(china) and the UNI( peru) are the test most hardtest to comparation to the test on filand,281,gaokaochina uni peru test hardtest comparation test filand,neutral,0.7980281114578247,-1,"{'neutral': 0.8324523568153381, 'surprise': 0.0765833631157875, 'joy': 0.030430970713496208, 'sadness': 0.022066554054617882, 'fear': 0.017810432240366936, 'anger': 0.01559565868228674, 'disgust': 0.005060708150267601}",0.8324523568153381,0.0765833631157875,0.030430970713496208,0.01559565868228674,0.022066554054617882,0.005060708150267601,0.017810432240366936,0.0,0.0,0.0,0.0,0.0,0.0,0.0,0.0,0.0,0.0,0.0,0.0,0.0,0.0,neutral
"This video is terrible. The producers showed a short clip, pulled out of context, of a cop taking down a student that we (the audience) know nothing about, purposely used certain language and made a guy in probably his 30s look like he's in his 20s to pull in the younger audience, pushed a political agenda (socialism), and made fun of President Trump all in 5 minutes. Meanwhile, we heard nothing from actual people living in Finland or the products of their school system in this video. Though if we did, who's to say that wouldn't be skewed too.",282,video terrible producers showed short clip pulled context cop taking student audience know nothing purposely used certain language made guy probably look like hes pull younger audience pushed political agenda socialism made fun president trump minutes meanwhile heard nothing actual people living finland products school system video though whos say wouldnt skewed,negative,0.813086211681366,-1,"{'fear': 0.5335121750831604, 'surprise': 0.185481995344162, 'sadness': 0.1598539501428604, 'anger': 0.08393155783414841, 'joy': 0.014397208578884602, 'disgust': 0.013889594003558159, 'neutral': 0.008933475241065025, 'neutral_linguistic': 0.5, 'fear_linguistic': 1.0, 'anger_linguistic': 2.0, 'disgust_linguistic': 1.0, 'sadness_linguistic': 1.0, 'joy_sentence_count': 1, 'fear_sentence_count': 1, 'anger_sentence_count': 1, 'disgust_sentence_count': 1, 'neutral_sentence_count': 1}",0.008933475241065025,0.185481995344162,0.014397208578884602,0.08393155783414841,0.1598539501428604,0.013889594003558159,0.5335121750831604,0.5,0.0,0.0,2.0,1.0,1.0,1.0,1.0,0.0,1.0,1.0,0.0,1.0,1.0,anger
I love free speech. Young Turks love it too. Shame they dont respect it when it comes to Eriks comment.,283,love free speech young turks love shame dont respect comes eriks comment,positive,0.6519759297370911,-1,"{'sadness': 0.4144432246685028, 'neutral': 0.2850371301174164, 'disgust': 0.1251048445701599, 'anger': 0.11296497285366058, 'fear': 0.02879125252366066, 'surprise': 0.02198263444006443, 'joy': 0.0116759417578578, 'joy_linguistic': 1.0, 'love_linguistic': 2.0, 'joy_sentence_count': 1, 'love_sentence_count': 1}",0.2850371301174164,0.02198263444006443,0.0116759417578578,0.11296497285366058,0.4144432246685028,0.1251048445701599,0.02879125252366066,0.0,0.0,1.0,0.0,0.0,0.0,0.0,0.0,0.0,1.0,0.0,0.0,0.0,0.0,joy
I have been out of high school for a couple of years now and I still haven't gone to College because I'm just terrified about everything that I did I went through in high school.,284,high school couple years still havent gone college terrified everything went high school,negative,0.8119679093360901,3,"{'fear': 0.9911371469497681, 'surprise': 0.0023267113137990236, 'joy': 0.0022386200726032257, 'neutral': 0.001455331570468843, 'sadness': 0.0013920848723500967, 'anger': 0.0011956432135775685, 'disgust': 0.00025458401069045067, 'fear_linguistic': 1.0, 'fear_sentence_count': 1}",0.001455331570468843,0.0023267113137990236,0.0022386200726032257,0.0011956432135775685,0.0013920848723500967,0.00025458401069045067,0.9911371469497681,0.0,0.0,0.0,0.0,0.0,0.0,1.0,0.0,0.0,0.0,0.0,0.0,0.0,1.0,fear
Dude in India You need to respect adults so most of the people don’t take kids seriously,285,dude india need respect adults people dont take kids seriously,negative,0.7245893478393555,-1,"{'anger': 0.4677917957305908, 'neutral': 0.40915676951408386, 'disgust': 0.07353222370147705, 'sadness': 0.017863767221570015, 'joy': 0.017713986337184906, 'surprise': 0.008156360127031803, 'fear': 0.005785101559013128, 'love_linguistic': 1.0, 'love_sentence_count': 1}",0.40915676951408386,0.008156360127031803,0.017713986337184906,0.4677917957305908,0.017863767221570015,0.07353222370147705,0.005785101559013128,0.0,0.0,0.0,0.0,0.0,0.0,0.0,0.0,0.0,0.0,0.0,0.0,0.0,0.0,anger
Finland gave coc too😂,286,finland gave coc,neutral,0.7761458158493042,0,"{'neutral': 0.8721867799758911, 'surprise': 0.05404430255293846, 'joy': 0.03496089205145836, 'sadness': 0.02928784489631653, 'anger': 0.005692260805517435, 'fear': 0.001942061702720821, 'disgust': 0.0018857603427022696}",0.8721867799758911,0.05404430255293846,0.03496089205145836,0.005692260805517435,0.02928784489631653,0.0018857603427022696,0.001942061702720821,0.0,0.0,0.0,0.0,0.0,0.0,0.0,0.0,0.0,0.0,0.0,0.0,0.0,0.0,neutral
Am I the only one who didn't understand a single thing that was said in the sentence,287,one didnt understand single thing said sentence,negative,0.7134206891059875,17,"{'surprise': 0.837772011756897, 'neutral': 0.053536269813776016, 'sadness': 0.04841979965567589, 'anger': 0.02733496017754078, 'disgust': 0.02477087639272213, 'fear': 0.006091201677918434, 'joy': 0.0020748970564454794}",0.053536269813776016,0.837772011756897,0.0020748970564454794,0.02733496017754078,0.04841979965567589,0.02477087639272213,0.006091201677918434,0.0,0.0,0.0,0.0,0.0,0.0,0.0,0.0,0.0,0.0,0.0,0.0,0.0,0.0,surprise
Nope. No private charter school scams here,288,nope private charter school scams,negative,0.5057488083839417,45,"{'neutral': 0.31460055708885193, 'sadness': 0.2870038151741028, 'fear': 0.2849920094013214, 'anger': 0.05908006802201271, 'disgust': 0.026274172589182854, 'surprise': 0.02411394566297531, 'joy': 0.003935418091714382}",0.31460055708885193,0.02411394566297531,0.003935418091714382,0.05908006802201271,0.2870038151741028,0.026274172589182854,0.2849920094013214,0.0,0.0,0.0,0.0,0.0,0.0,0.0,0.0,0.0,0.0,0.0,0.0,0.0,0.0,neutral
No it isn't,289,isnt,neutral,0.6052350997924805,-1,,,,,,,,,,,,,,,,,,,,,,,
"Rohan Tandra  51% sorry, and I didn't say that Finland has the highest taxes but I think it's number 8.",291,rohan tandra sorry didnt say finland highest taxes think number,neutral,0.6055522561073303,0,"{'sadness': 0.8349980711936951, 'surprise': 0.09175867587327957, 'neutral': 0.05974730849266052, 'joy': 0.006355165969580412, 'anger': 0.00249125505797565, 'fear': 0.0024149271193891764, 'disgust': 0.0022345653269439936, 'sadness_linguistic': 1.0, 'sadness_sentence_count': 1}",0.05974730849266052,0.09175867587327957,0.006355165969580412,0.00249125505797565,0.8349980711936951,0.0022345653269439936,0.0024149271193891764,0.0,0.0,0.0,0.0,1.0,0.0,0.0,0.0,0.0,0.0,0.0,1.0,0.0,0.0,sadness
"@…  I'd say that there are still a lot of good things like free food at school but most of the students here don't like school, mostly because they think it's boring. Ofcourse this doesn't apply to all of the students but most of them. I think that why you hear so much of how great the school is because a lot of the YouTube videos or other things leave out the bad parts, for example Finland also has one of the highest taxes up to 51% of peoples salary which is used to pay for the free education.",292,say still lot good things like free food school students dont like school mostly think boring ofcourse doesnt apply students think hear much great school lot youtube videos things leave bad parts example finland also one highest taxes peoples salary used pay free education,negative,0.5542070865631104,0,"{'joy': 0.6718810200691223, 'sadness': 0.1740579903125763, 'surprise': 0.08324401825666428, 'neutral': 0.055759645998477936, 'anger': 0.012818489223718643, 'disgust': 0.0013085429091006517, 'fear': 0.0009302251855842769, 'joy_linguistic': 1.0, 'neutral_linguistic': 1.0, 'joy_sentence_count': 1, 'neutral_sentence_count': 1}",0.055759645998477936,0.08324401825666428,0.6718810200691223,0.012818489223718643,0.1740579903125763,0.0013085429091006517,0.0009302251855842769,1.0,0.0,1.0,0.0,0.0,0.0,0.0,1.0,0.0,1.0,0.0,0.0,0.0,0.0,joy
"Hello Nanda, this is Nilser from Peru.
Lately I've seen a lot of good things related to finland and why would you say that happens? Why a lot of children feel so unhappy at school In your country? I'm not trying to be ofensive In any way but I'm interested In knowing the opinion of an actual citizen of Finland.
For instance, here in my country children don't like a school at all given our poor and obsolate system, our educators aren't well prepared and our goverment's funds is miserable only 3.5% of the PBI (Not to mention a lot of persons in the minister of education are corrupt) so as you can guess to me your system looks way way better and yet there is struggle.",293,hello nanda nilser peru lately ive seen lot good things related finland would say happens lot children feel unhappy school country trying ofensive way interested knowing opinion actual citizen finland instance country children dont like school given poor obsolate system educators arent well prepared goverments funds miserable pbi mention lot persons minister education corrupt guess system looks way way better yet struggle,negative,0.7367227971553802,0,"{'sadness': 0.9886766672134399, 'joy': 0.0038272542878985405, 'surprise': 0.003477716352790594, 'anger': 0.0018029081402346492, 'neutral': 0.00149330694694072, 'fear': 0.00037219078512862325, 'disgust': 0.0003499771701171994, 'joy_linguistic': 3.0, 'sadness_linguistic': 2.0, 'neutral_linguistic': 1.0, 'joy_sentence_count': 1, 'sadness_sentence_count': 1, 'neutral_sentence_count': 1}",0.00149330694694072,0.003477716352790594,0.0038272542878985405,0.0018029081402346492,0.9886766672134399,0.0003499771701171994,0.00037219078512862325,1.0,0.0,3.0,0.0,2.0,0.0,0.0,1.0,0.0,1.0,0.0,1.0,0.0,0.0,joy
"Well, you didn't see russian schools if you think american schools are bad. The education in the most cool schools of Russia which costs a lot of money equel the education in common American school",294,well didnt see russian schools think american schools bad education cool schools russia costs lot money equel education common american school,negative,0.6518217325210571,-1,"{'surprise': 0.6888041496276855, 'joy': 0.11010731011629105, 'neutral': 0.10613983869552612, 'sadness': 0.0843273475766182, 'anger': 0.007786077447235584, 'disgust': 0.0014986637979745865, 'fear': 0.0013366607017815113}",0.10613983869552612,0.6888041496276855,0.11010731011629105,0.007786077447235584,0.0843273475766182,0.0014986637979745865,0.0013366607017815113,0.0,0.0,0.0,0.0,0.0,0.0,0.0,0.0,0.0,0.0,0.0,0.0,0.0,0.0,surprise
ah of course we have homework just not as much as somewhere else could be,295,course homework much somewhere else could,neutral,0.5583515167236328,3,"{'neutral': 0.9032473564147949, 'sadness': 0.043222419917583466, 'surprise': 0.01891864463686943, 'disgust': 0.009956331923604012, 'joy': 0.009898070245981216, 'fear': 0.009107344783842564, 'anger': 0.00564981997013092}",0.9032473564147949,0.01891864463686943,0.009898070245981216,0.00564981997013092,0.043222419917583466,0.009956331923604012,0.009107344783842564,0.0,0.0,0.0,0.0,0.0,0.0,0.0,0.0,0.0,0.0,0.0,0.0,0.0,0.0,neutral
@…  Land of free USA! . One day USA lost its identity as superpower to the world for its inhumanity.,296,land free usa one day usa lost identity superpower world inhumanity,negative,0.8747898936271667,5,"{'fear': 0.42124995589256287, 'anger': 0.29125967621803284, 'sadness': 0.13386328518390656, 'surprise': 0.061987146735191345, 'disgust': 0.044055286794900894, 'neutral': 0.04142652451992035, 'joy': 0.006158087868243456}",0.04142652451992035,0.061987146735191345,0.006158087868243456,0.29125967621803284,0.13386328518390656,0.044055286794900894,0.42124995589256287,0.0,0.0,0.0,0.0,0.0,0.0,0.0,0.0,0.0,0.0,0.0,0.0,0.0,0.0,fear
"In the US were are stuck with the dreaded teachers union they stopped educating and now only indoctrinate our kids into a far left liberal ideology . We need to lop off the department of education like the cancer that it is and give the parents vouchers to send their kids to a school were they can get a quality education. And Finland doesn't have a war on poverty that destroyed black families in America  thus leaving the kids without fathers and any discipline at all, they come to school completely clueless because the mothers don't read to them nearly enough and have not even been taught the very basics",297,stuck dreaded teachers union stopped educating indoctrinate kids far left liberal ideology need lop department education like cancer give parents vouchers send kids school get quality education finland doesnt war poverty destroyed black families america thus leaving kids without fathers discipline come school completely clueless mothers dont read nearly enough even taught basics,negative,0.8031507432460785,-1,"{'sadness': 0.8619058132171631, 'anger': 0.08960659056901932, 'neutral': 0.019156740978360176, 'surprise': 0.012011310085654259, 'fear': 0.0064643798395991325, 'joy': 0.006299012340605259, 'disgust': 0.004556064959615469, 'sadness_linguistic': 0.6, 'neutral_sentence_count': 1}",0.019156740978360176,0.012011310085654259,0.006299012340605259,0.08960659056901932,0.8619058132171631,0.004556064959615469,0.0064643798395991325,0.0,0.0,0.0,0.0,0.6,0.0,0.0,1.0,0.0,0.0,0.0,0.0,0.0,0.0,sadness
One thing's all Finn's do is read . We know just that skill is the key to learning.,298,one things finns read know skill key learning,neutral,0.6394010782241821,7,"{'neutral': 0.8671468496322632, 'surprise': 0.06997126340866089, 'sadness': 0.02379651367664337, 'joy': 0.01923764869570732, 'fear': 0.011157930828630924, 'anger': 0.0063457307405769825, 'disgust': 0.002344034379348159}",0.8671468496322632,0.06997126340866089,0.01923764869570732,0.0063457307405769825,0.02379651367664337,0.002344034379348159,0.011157930828630924,0.0,0.0,0.0,0.0,0.0,0.0,0.0,0.0,0.0,0.0,0.0,0.0,0.0,0.0,neutral
someone buy me a ticket right now,299,someone buy ticket right,neutral,0.6284452676773071,-1,"{'neutral': 0.8991795778274536, 'surprise': 0.04412400722503662, 'joy': 0.02668498456478119, 'anger': 0.015267359092831612, 'sadness': 0.007390332408249378, 'fear': 0.003727084258571267, 'disgust': 0.0036266304086893797}",0.8991795778274536,0.04412400722503662,0.02668498456478119,0.015267359092831612,0.007390332408249378,0.0036266304086893797,0.003727084258571267,0.0,0.0,0.0,0.0,0.0,0.0,0.0,0.0,0.0,0.0,0.0,0.0,0.0,0.0,neutral
"Hey guys, i don't think that the US edu system is that bad. I am an indian origin guy who shifted to the USA three years ago. I live in Texas. The Indian edu system is much worse cuz we only focus on theory. But in US, emphasis is given on practical knowledge too and I think that's imp. And as a matter of fact, indians believe that the US edu system is world class! That's why many indians come to usa for pursuing top notch edu and I agree that the system is really good!
The fact that most of the top universities in the world are located in US proves this!",300,hey guys dont think edu system bad indian origin guy shifted usa three years ago live texas indian edu system much worse cuz focus theory emphasis given practical knowledge think thats imp matter fact indians believe edu system world class thats many indians come usa pursuing top notch edu agree system really good fact top universities world located proves,neutral,0.5623536854982376,2,"{'surprise': 0.6079855561256409, 'neutral': 0.12254618853330612, 'joy': 0.11922962963581085, 'sadness': 0.1030132919549942, 'anger': 0.03907722979784012, 'disgust': 0.00638292171061039, 'fear': 0.0017651808448135853, 'neutral_linguistic': 1.2, 'neutral_sentence_count': 1}",0.12254618853330612,0.6079855561256409,0.11922962963581085,0.03907722979784012,0.1030132919549942,0.00638292171061039,0.0017651808448135853,1.2,0.0,0.0,0.0,0.0,0.0,0.0,1.0,0.0,0.0,0.0,0.0,0.0,0.0,neutral
that is in many countries. at least in most Asian counties and I think also in western Europe.,301,many countries least asian counties think also western europe,neutral,0.8020537495613098,24,"{'neutral': 0.7820760011672974, 'surprise': 0.17218638956546783, 'sadness': 0.022836022078990936, 'joy': 0.009681019932031631, 'anger': 0.005819931626319885, 'fear': 0.0039323256351053715, 'disgust': 0.0034683169797062874, 'neutral_linguistic': 1.0, 'neutral_sentence_count': 1}",0.7820760011672974,0.17218638956546783,0.009681019932031631,0.005819931626319885,0.022836022078990936,0.0034683169797062874,0.0039323256351053715,1.0,0.0,0.0,0.0,0.0,0.0,0.0,1.0,0.0,0.0,0.0,0.0,0.0,0.0,neutral
"Here in my school we were asked to make portraits on MS Word using letters.

Our lesson was about the types of commands in MS Word 😃",302,school asked make portraits word using letters lesson types commands word,neutral,0.5241049528121948,4,"{'neutral': 0.9139248132705688, 'surprise': 0.05210113897919655, 'anger': 0.012796756811439991, 'joy': 0.010283512063324451, 'sadness': 0.005529596004635096, 'disgust': 0.0033176846336573362, 'fear': 0.002046474488452077}",0.9139248132705688,0.05210113897919655,0.010283512063324451,0.012796756811439991,0.005529596004635096,0.0033176846336573362,0.002046474488452077,0.0,0.0,0.0,0.0,0.0,0.0,0.0,0.0,0.0,0.0,0.0,0.0,0.0,0.0,neutral
Also the music is not awful at all.,303,also music awful,positive,0.7850825190544128,25,"{'disgust': 0.7445243000984192, 'fear': 0.13203245401382446, 'sadness': 0.07725724577903748, 'anger': 0.026363003998994827, 'surprise': 0.011797494255006313, 'neutral': 0.005818717647343874, 'joy': 0.0022067499812692404, 'fear_linguistic': 1.0, 'disgust_linguistic': 1.0, 'neutral_linguistic': 1.0, 'fear_sentence_count': 1, 'disgust_sentence_count': 1, 'neutral_sentence_count': 1}",0.005818717647343874,0.011797494255006313,0.0022067499812692404,0.026363003998994827,0.07725724577903748,0.7445243000984192,0.13203245401382446,1.0,0.0,0.0,0.0,0.0,1.0,1.0,1.0,0.0,0.0,0.0,0.0,1.0,1.0,disgust
"And Stop sain that usa is América
.. 😒",304,stop sain usa américa,negative,0.7919236421585083,5,"{'neutral': 0.722434401512146, 'anger': 0.1727772355079651, 'sadness': 0.04586613550782204, 'fear': 0.029984472319483757, 'surprise': 0.017783591523766518, 'disgust': 0.006763240788131952, 'joy': 0.004390892572700977}",0.722434401512146,0.017783591523766518,0.004390892572700977,0.1727772355079651,0.04586613550782204,0.006763240788131952,0.029984472319483757,0.0,0.0,0.0,0.0,0.0,0.0,0.0,0.0,0.0,0.0,0.0,0.0,0.0,0.0,neutral
“Less is more” I hope my wife thinks the same...,305,less hope wife thinks,neutral,0.4653441905975342,20,"{'neutral': 0.6818189024925232, 'sadness': 0.1950567215681076, 'joy': 0.04732435941696167, 'anger': 0.032461151480674744, 'surprise': 0.029359426349401474, 'disgust': 0.008554819971323013, 'fear': 0.005424638744443655}",0.6818189024925232,0.029359426349401474,0.04732435941696167,0.032461151480674744,0.1950567215681076,0.008554819971323013,0.005424638744443655,0.0,0.0,0.0,0.0,0.0,0.0,0.0,0.0,0.0,0.0,0.0,0.0,0.0,0.0,neutral
"@…  If none of you will do it, I will. R/iamverysmart. Someone post this on reddit.",306,none riamverysmart someone post reddit,neutral,0.49867138266563416,13,"{'neutral': 0.5353377461433411, 'surprise': 0.41911086440086365, 'sadness': 0.028513984754681587, 'anger': 0.007379228249192238, 'joy': 0.0062282937578856945, 'disgust': 0.001809145207516849, 'fear': 0.0016206775326281786}",0.5353377461433411,0.41911086440086365,0.0062282937578856945,0.007379228249192238,0.028513984754681587,0.001809145207516849,0.0016206775326281786,0.0,0.0,0.0,0.0,0.0,0.0,0.0,0.0,0.0,0.0,0.0,0.0,0.0,0.0,neutral
@…  I'm Pakistani but live in USA. it also happened in USA and Pakistan. It is happening world wide. Exams are pressure on students,307,pakistani live usa also happened usa pakistan happening world wide exams pressure students,neutral,0.578907310962677,2,"{'neutral': 0.45626285672187805, 'surprise': 0.2728133499622345, 'anger': 0.1102127805352211, 'joy': 0.0920807421207428, 'fear': 0.04172540456056595, 'sadness': 0.025141628459095955, 'disgust': 0.001763267326168716, 'neutral_linguistic': 1.0, 'neutral_sentence_count': 1}",0.45626285672187805,0.2728133499622345,0.0920807421207428,0.1102127805352211,0.025141628459095955,0.001763267326168716,0.04172540456056595,1.0,0.0,0.0,0.0,0.0,0.0,0.0,1.0,0.0,0.0,0.0,0.0,0.0,0.0,neutral
"Educaton is never a waste of time. I think your confusing education with ""education facilities"", which in some countries are a waste of time, just a money grabbing scheme. But in Finland the schools are all the same and all free. So there is no better school, all are good. It's  also illegal to take money from parents for the school. Which is a way to ensure all 100% of students get look after and not just the ones who have money.",308,educaton never waste time think confusing education education facilities countries waste time money grabbing scheme finland schools free better school good also illegal take money parents school way ensure students get look ones money,negative,0.46755748987197876,-1,"{'anger': 0.5923349857330322, 'neutral': 0.1301470249891281, 'joy': 0.1092270091176033, 'sadness': 0.08740660548210144, 'surprise': 0.06742662936449051, 'disgust': 0.007369281258434057, 'fear': 0.00608854042366147, 'surprise_linguistic': 1.0, 'sadness_linguistic': 0.5, 'surprise_sentence_count': 1, 'neutral_sentence_count': 1}",0.1301470249891281,0.06742662936449051,0.1092270091176033,0.5923349857330322,0.08740660548210144,0.007369281258434057,0.00608854042366147,0.0,1.0,0.0,0.0,0.5,0.0,0.0,1.0,1.0,0.0,0.0,0.0,0.0,0.0,surprise
Wth happened at 3:59???!!,309,wth happened,negative,0.5998708605766296,-1,"{'surprise': 0.8190478682518005, 'neutral': 0.11167998611927032, 'sadness': 0.042921677231788635, 'joy': 0.009408182464540005, 'anger': 0.008497667498886585, 'fear': 0.004475919529795647, 'disgust': 0.003968651406466961}",0.11167998611927032,0.8190478682518005,0.009408182464540005,0.008497667498886585,0.042921677231788635,0.003968651406466961,0.004475919529795647,0.0,0.0,0.0,0.0,0.0,0.0,0.0,0.0,0.0,0.0,0.0,0.0,0.0,0.0,surprise
Thank you for the information,310,thank information,positive,0.7807131409645081,8,"{'neutral': 0.8535406589508057, 'surprise': 0.09351520240306854, 'joy': 0.019052546471357346, 'sadness': 0.018806999549269676, 'anger': 0.008726608008146286, 'disgust': 0.0032689005602151155, 'fear': 0.0030891061760485172}",0.8535406589508057,0.09351520240306854,0.019052546471357346,0.008726608008146286,0.018806999549269676,0.0032689005602151155,0.0030891061760485172,0.0,0.0,0.0,0.0,0.0,0.0,0.0,0.0,0.0,0.0,0.0,0.0,0.0,0.0,neutral
Because there school doesn’t mentally jebait us,311,school doesnt mentally jebait,negative,0.6949505805969238,-1,"{'neutral': 0.7621719241142273, 'sadness': 0.11326814442873001, 'surprise': 0.0950017049908638, 'disgust': 0.009094354696571827, 'anger': 0.008555818349123001, 'fear': 0.006094279233366251, 'joy': 0.0058137401938438416}",0.7621719241142273,0.0950017049908638,0.0058137401938438416,0.008555818349123001,0.11326814442873001,0.009094354696571827,0.006094279233366251,0.0,0.0,0.0,0.0,0.0,0.0,0.0,0.0,0.0,0.0,0.0,0.0,0.0,0.0,neutral
@…  I'm sorry to break it to you but we have 2 weekend days and 5 school/workdays,313,sorry break weekend days schoolworkdays,neutral,0.5092271566390991,3,"{'sadness': 0.9346696734428406, 'surprise': 0.028751013800501823, 'neutral': 0.026512060314416885, 'joy': 0.007043874356895685, 'anger': 0.0011738658649846911, 'disgust': 0.0009923243196681142, 'fear': 0.00085720099741593, 'sadness_linguistic': 1.0, 'sadness_sentence_count': 1}",0.026512060314416885,0.028751013800501823,0.007043874356895685,0.0011738658649846911,0.9346696734428406,0.0009923243196681142,0.00085720099741593,0.0,0.0,0.0,0.0,1.0,0.0,0.0,0.0,0.0,0.0,0.0,1.0,0.0,0.0,sadness
"I think with some help with technology, this can be overcome. Even if it can't be overcome, there are some things I think we can definitely implement, such as collaboration, more sleep, and less personalized tests. I also have great respect for the Finnish school system and others that are great.",314,think help technology overcome even cant overcome things think definitely implement collaboration sleep less personalized tests also great respect finnish school system others great,positive,0.8100947141647339,0,"{'neutral': 0.448184996843338, 'joy': 0.38737496733665466, 'surprise': 0.10552123934030533, 'anger': 0.026363253593444824, 'sadness': 0.019714418798685074, 'fear': 0.01115612406283617, 'disgust': 0.0016849995590746403, 'joy_linguistic': 1.0, 'love_linguistic': 1.0, 'neutral_linguistic': 2.0, 'joy_sentence_count': 1, 'love_sentence_count': 1, 'neutral_sentence_count': 1}",0.448184996843338,0.10552123934030533,0.38737496733665466,0.026363253593444824,0.019714418798685074,0.0016849995590746403,0.01115612406283617,2.0,0.0,1.0,0.0,0.0,0.0,0.0,1.0,0.0,1.0,0.0,0.0,0.0,0.0,neutral
Thank you sir for sharing this video,315,thank sir sharing video,positive,0.939017653465271,8,"{'neutral': 0.5024101138114929, 'surprise': 0.23985859751701355, 'joy': 0.2277650088071823, 'sadness': 0.01649017259478569, 'anger': 0.009211779572069645, 'disgust': 0.0023520083632320166, 'fear': 0.001912298845127225}",0.5024101138114929,0.23985859751701355,0.2277650088071823,0.009211779572069645,0.01649017259478569,0.0023520083632320166,0.001912298845127225,0.0,0.0,0.0,0.0,0.0,0.0,0.0,0.0,0.0,0.0,0.0,0.0,0.0,0.0,neutral
When Finland was elected the happiest country for the second time in row then also the immigrants in Finland were the happiest immigrants in OECD countries).,316,finland elected happiest country second time row also immigrants finland happiest immigrants oecd countries,positive,0.9337996244430542,0,"{'joy': 0.9524033665657043, 'surprise': 0.02604006417095661, 'neutral': 0.012203836813569069, 'sadness': 0.0060860696248710155, 'anger': 0.002172378357499838, 'disgust': 0.0008131035137921572, 'fear': 0.0002812882012221962, 'neutral_linguistic': 1.0, 'neutral_sentence_count': 1}",0.012203836813569069,0.02604006417095661,0.9524033665657043,0.002172378357499838,0.0060860696248710155,0.0008131035137921572,0.0002812882012221962,1.0,0.0,0.0,0.0,0.0,0.0,0.0,1.0,0.0,0.0,0.0,0.0,0.0,0.0,joy
If we do we probably cheated to get them.  LOL.,317,probably cheated get lol,negative,0.5749754905700684,20,"{'neutral': 0.4790172278881073, 'sadness': 0.3614813983440399, 'surprise': 0.04723614454269409, 'joy': 0.04361453652381897, 'anger': 0.035056326538324356, 'disgust': 0.028714869171380997, 'fear': 0.004879423417150974, 'neutral_linguistic': 1.0, 'neutral_sentence_count': 1}",0.4790172278881073,0.04723614454269409,0.04361453652381897,0.035056326538324356,0.3614813983440399,0.028714869171380997,0.004879423417150974,1.0,0.0,0.0,0.0,0.0,0.0,0.0,1.0,0.0,0.0,0.0,0.0,0.0,0.0,neutral
"Yea ,no hate but some teachers ar really MEAn and narcisstic..",318,yea hate teachers really mean narcisstic,negative,0.8695103526115417,4,"{'anger': 0.596688985824585, 'disgust': 0.16465218365192413, 'sadness': 0.11349544674158096, 'neutral': 0.055071163922548294, 'surprise': 0.04520266503095627, 'joy': 0.013797055929899216, 'fear': 0.0110924756154418, 'anger_linguistic': 1.2, 'neutral_linguistic': 1.2, 'anger_sentence_count': 1, 'neutral_sentence_count': 1}",0.055071163922548294,0.04520266503095627,0.013797055929899216,0.596688985824585,0.11349544674158096,0.16465218365192413,0.0110924756154418,1.2,0.0,0.0,1.2,0.0,0.0,0.0,1.0,0.0,0.0,1.0,0.0,0.0,0.0,anger
"@…  I hope you realize you sound like an asshat and a self-righteous zealot. You keep claiming you are far more intellectual than others in this thread, however, it seems basic grammar and sentence structure evades you. Which in turn is making you a laughing stock.",319,hope realize sound like asshat selfrighteous zealot keep claiming far intellectual others thread however seems basic grammar sentence structure evades turn making laughing stock,negative,0.9258379936218262,34,"{'joy': 0.7373019456863403, 'neutral': 0.17742474377155304, 'anger': 0.04427862539887428, 'sadness': 0.016460886225104332, 'surprise': 0.012103090062737465, 'disgust': 0.010996625758707523, 'fear': 0.0014341229107230902, 'joy_linguistic': 1.0, 'neutral_linguistic': 2.0, 'joy_sentence_count': 1, 'neutral_sentence_count': 1}",0.17742474377155304,0.012103090062737465,0.7373019456863403,0.04427862539887428,0.016460886225104332,0.010996625758707523,0.0014341229107230902,2.0,0.0,1.0,0.0,0.0,0.0,0.0,1.0,0.0,1.0,0.0,0.0,0.0,0.0,neutral
@…  nobody understands a word you're saying,320,nobody understands word youre saying,negative,0.8793589472770691,17,"{'neutral': 0.5613430142402649, 'surprise': 0.19012373685836792, 'disgust': 0.1488061249256134, 'anger': 0.07048359513282776, 'sadness': 0.02053273469209671, 'fear': 0.005022307392209768, 'joy': 0.003688519587740302}",0.5613430142402649,0.19012373685836792,0.003688519587740302,0.07048359513282776,0.02053273469209671,0.1488061249256134,0.005022307392209768,0.0,0.0,0.0,0.0,0.0,0.0,0.0,0.0,0.0,0.0,0.0,0.0,0.0,0.0,neutral
"@…  wow! good 4 u, here in high school, we get 8-12 hours of school and massive homework that is all due tomorrow",321,wow good high school get hours school massive homework due tomorrow,positive,0.8704370260238647,3,"{'surprise': 0.8927494883537292, 'joy': 0.08603474497795105, 'neutral': 0.009049943648278713, 'sadness': 0.005516388453543186, 'anger': 0.003281041979789734, 'fear': 0.0026339462492614985, 'disgust': 0.0007344672922044992}",0.009049943648278713,0.8927494883537292,0.08603474497795105,0.003281041979789734,0.005516388453543186,0.0007344672922044992,0.0026339462492614985,0.0,0.0,0.0,0.0,0.0,0.0,0.0,0.0,0.0,0.0,0.0,0.0,0.0,0.0,surprise
"@…  Since when did I say I was smart, much less bragging. You look a bit too much into things, stranger, kekw.",322,since say smart much less bragging look bit much things stranger kekw,negative,0.5708823800086975,13,"{'neutral': 0.9114940166473389, 'surprise': 0.03890962153673172, 'anger': 0.019048884510993958, 'joy': 0.013006973080337048, 'disgust': 0.0101417051628232, 'fear': 0.004103734157979488, 'sadness': 0.0032950693275779486, 'surprise_linguistic': 1.0, 'surprise_sentence_count': 1}",0.9114940166473389,0.03890962153673172,0.013006973080337048,0.019048884510993958,0.0032950693275779486,0.0101417051628232,0.004103734157979488,0.0,1.0,0.0,0.0,0.0,0.0,0.0,0.0,1.0,0.0,0.0,0.0,0.0,0.0,neutral
"Honestly those who say that are just poorly educated people, maybe a bit of intellect could help them realise what's really happening around the world instead of blindly trusting some random stigmas",323,honestly say poorly educated people maybe bit intellect could help realise whats really happening around world instead blindly trusting random stigmas,negative,0.8010978698730469,-1,"{'neutral': 0.8807083368301392, 'sadness': 0.048844438046216965, 'disgust': 0.019664542749524117, 'joy': 0.017335331067442894, 'anger': 0.016370635479688644, 'fear': 0.009375471621751785, 'surprise': 0.00770109798759222, 'neutral_linguistic': 2.4, 'neutral_sentence_count': 1}",0.8807083368301392,0.00770109798759222,0.017335331067442894,0.016370635479688644,0.048844438046216965,0.019664542749524117,0.009375471621751785,2.4,0.0,0.0,0.0,0.0,0.0,0.0,1.0,0.0,0.0,0.0,0.0,0.0,0.0,neutral
"@…  well clearly way more intellectual than you, if you cannot even recognise a very common female name, nor respond in any meaningful way otherwise.",324,well clearly way intellectual cannot even recognise common female name respond meaningful way otherwise,negative,0.7786893248558044,13,"{'neutral': 0.697382390499115, 'surprise': 0.16030558943748474, 'anger': 0.05425059422850609, 'disgust': 0.041009556502103806, 'sadness': 0.026366518810391426, 'fear': 0.016104871407151222, 'joy': 0.0045804898254573345, 'anger_linguistic': 1.0, 'neutral_linguistic': 1.0, 'anger_sentence_count': 1, 'neutral_sentence_count': 1}",0.697382390499115,0.16030558943748474,0.0045804898254573345,0.05425059422850609,0.026366518810391426,0.041009556502103806,0.016104871407151222,1.0,0.0,0.0,1.0,0.0,0.0,0.0,1.0,0.0,0.0,1.0,0.0,0.0,0.0,neutral
@…  ok mr intellectual,325,intellectual,neutral,0.8551696538925171,13,"{'neutral': 0.3564797639846802, 'disgust': 0.34170201420783997, 'anger': 0.21226371824741364, 'sadness': 0.04375752806663513, 'surprise': 0.02478628419339657, 'fear': 0.011965535581111908, 'joy': 0.009045097976922989}",0.3564797639846802,0.02478628419339657,0.009045097976922989,0.21226371824741364,0.04375752806663513,0.34170201420783997,0.011965535581111908,0.0,0.0,0.0,0.0,0.0,0.0,0.0,0.0,0.0,0.0,0.0,0.0,0.0,0.0,neutral
"@…  No, they're facts. You overly privileged idiots are adorable.
  How can you be global education leader if the entire country barely has any innovation?
  Their main company is still about oil.",326,theyre facts overly privileged idiots adorable global education leader entire country barely innovation main company still oil,negative,0.896384596824646,10,"{'joy': 0.35678744316101074, 'surprise': 0.30750972032546997, 'neutral': 0.23381368815898895, 'sadness': 0.05378348380327225, 'anger': 0.04055072367191315, 'disgust': 0.00472702132537961, 'fear': 0.0028279239777475595, 'disgust_linguistic': 1.0, 'disgust_sentence_count': 1}",0.23381368815898895,0.30750972032546997,0.35678744316101074,0.04055072367191315,0.05378348380327225,0.00472702132537961,0.0028279239777475595,0.0,0.0,0.0,0.0,0.0,1.0,0.0,0.0,0.0,0.0,0.0,0.0,1.0,0.0,disgust
Nice video.  It’s always nice to hear which things are better than others.,328,nice video always nice hear things better others,positive,0.9681906700134277,8,"{'joy': 0.9304255843162537, 'neutral': 0.0423726886510849, 'surprise': 0.017457986250519753, 'sadness': 0.005942536983639002, 'anger': 0.0020856240298599005, 'disgust': 0.001273406553082168, 'fear': 0.0004422929778229445}",0.0423726886510849,0.017457986250519753,0.9304255843162537,0.0020856240298599005,0.005942536983639002,0.001273406553082168,0.0004422929778229445,0.0,0.0,0.0,0.0,0.0,0.0,0.0,0.0,0.0,0.0,0.0,0.0,0.0,0.0,joy
"Awful music? Oh, come on. I hope it was sarcasm 😬",329,awful music come hope sarcasm,negative,0.8887981176376343,25,"{'fear': 0.7958083748817444, 'surprise': 0.08452597260475159, 'joy': 0.054469089955091476, 'neutral': 0.027769189327955246, 'sadness': 0.018455563113093376, 'anger': 0.015797952190041542, 'disgust': 0.003173855831846595, 'fear_linguistic': 1.0, 'disgust_linguistic': 1.0, 'fear_sentence_count': 1, 'disgust_sentence_count': 1}",0.027769189327955246,0.08452597260475159,0.054469089955091476,0.015797952190041542,0.018455563113093376,0.003173855831846595,0.7958083748817444,0.0,0.0,0.0,0.0,0.0,1.0,1.0,0.0,0.0,0.0,0.0,0.0,1.0,1.0,fear
"i feel the same way too...no matter how much i fantasising about the best school education but the world around me are still the same. same boring learning, homeworks, studying, cramping my ass all day all hours, listening to boring stuff...so instead of being stuck of boring education, i decided to change my view...i still listening to the teacher and taking a little notes and put it in my text book. i maybe buy some delicious lunch to take my minds off and enjoy a little bit around me...i have my own ways to remember things and take notes and more fun way to entertain myself. after come back home from school, i'm trying to chill mu head and do a little fun hobbies or exercise. if i didn't catch up or not remember anything or absent, i can just use internet to search and learn again and studying and i can understand better than what i taught in school, because in the video, you can show many examples like you use a 3d models to show an example, or a little animation and many other things. its really fun to watch and learn from it than hearing just 'words'. even tho the school system are still the same..i'm trying to find away to break these chains and handle the pressure, especially trying to hold my sanity. sometimes at night all i have to worried is the homework, i rather studying than just rewrite everything from the textbook, it's useless. all i want is just studying two subjects for three hours and that's what i wish to care about instead of worrying about homework. the teachers just don't care and doesn't understand because they don't know how the students feel deep inside them and what have they been through. i had a depression, ive been fighting in my head and fighting my own thoughts, how the world just the same thing, no time for myself, getting mad by the teachers because not finishing my homework. they just add more homework and add more projects and give a small amount of time to complete...everyone have it's limits. we are not the perfect model. there's one time that i depressed so much that i end up feeling like skipping school because i couldn't take it anymore and i end up having a worse headache when wake up...i feel like i just want to relax for a while and just take my time to sleep because of headache and depression. After that i feel a little bit better. Guys... remember don't just fantasies it, change things around you and instead of looking and frustrate the problem...find the solution to overcome these situations..it may be hard to change and not the best result of what we expected but at least some things change and satisfy your heart satisfied. just like in life.",330,feel way toono matter much fantasising best school education world around still boring learning homeworks studying cramping ass day hours listening boring stuffso instead stuck boring education decided change viewi still listening teacher taking little notes put text book maybe buy delicious lunch take minds enjoy little bit around mei ways remember things take notes fun way entertain come back home school trying chill head little fun hobbies exercise didnt catch remember anything absent use internet search learn studying understand better taught school video show many examples like use models show example little animation many things really fun watch learn hearing words even tho school system still sameim trying find away break chains handle pressure especially trying hold sanity sometimes night worried homework rather studying rewrite everything textbook useless want studying two subjects three hours thats wish care instead worrying homework teachers dont care doesnt understand dont know students feel deep inside depression ive fighting head fighting thoughts world thing time getting mad teachers finishing homework add homework add projects give small amount time completeeveryone limits perfect model theres one time depressed much end feeling like skipping school couldnt take anymore end worse headache wake upi feel like want relax take time sleep headache depression feel little bit better guys remember dont fantasies change things around instead looking frustrate problemfind solution overcome situationsit may hard change best result expected least things change satisfy heart satisfied like life,negative,0.7265414843956629,33,"{'joy': 0.9495912194252014, 'sadness': 0.9391236305236816, 'surprise': 0.01570250280201435, 'neutral': 0.01159041840583086, 'anger': 0.04149966686964035, 'fear': 0.004283691756427288, 'disgust': 0.0006150100380182266, 'neutral_linguistic': 1.7999999999999998, 'sadness_linguistic': 1.5, 'fear_linguistic': 1.2, 'anger_linguistic': 1.2, 'joy_sentence_count': 1, 'sadness_sentence_count': 1, 'fear_sentence_count': 1, 'anger_sentence_count': 1, 'love_sentence_count': 1, 'neutral_sentence_count': 1}",0.01159041840583086,0.01570250280201435,0.9495912194252014,0.04149966686964035,0.9391236305236816,0.0006150100380182266,0.004283691756427288,1.7999999999999998,0.0,0.0,1.2,1.5,0.0,1.2,1.0,0.0,1.0,1.0,1.0,0.0,1.0,sadness
Finnish people and their children care about education per se - they do not have the attitude prevalent in the U.K. (and maybe USA) that most of what they learn at school will never be of any “use” to them e.g: Henry VIII had six wives - how will knowing that get me a job?,331,finnish people children care education per attitude prevalent maybe usa learn school never use henry viii six wives knowing get job,negative,0.577475368976593,0,"{'neutral': 0.7794036865234375, 'surprise': 0.10659170895814896, 'joy': 0.08677269518375397, 'sadness': 0.013408814556896687, 'anger': 0.010129673406481743, 'fear': 0.00189152208622545, 'disgust': 0.0018019130220636725, 'neutral_linguistic': 0.5, 'sadness_linguistic': 0.5, 'love_sentence_count': 1, 'neutral_sentence_count': 1}",0.7794036865234375,0.10659170895814896,0.08677269518375397,0.010129673406481743,0.013408814556896687,0.0018019130220636725,0.00189152208622545,0.5,0.0,0.0,0.0,0.5,0.0,0.0,1.0,0.0,0.0,0.0,0.0,0.0,0.0,neutral
Dont worry this dude does not know what he is talking about,332,dont worry dude know talking,negative,0.6688985228538513,17,"{'fear': 0.6844770312309265, 'neutral': 0.12565244734287262, 'surprise': 0.09891024231910706, 'anger': 0.04208608716726303, 'sadness': 0.025908736512064934, 'joy': 0.014426852576434612, 'disgust': 0.008538591675460339}",0.12565244734287262,0.09891024231910706,0.014426852576434612,0.04208608716726303,0.025908736512064934,0.008538591675460339,0.6844770312309265,0.0,0.0,0.0,0.0,0.0,0.0,0.0,0.0,0.0,0.0,0.0,0.0,0.0,0.0,fear
(Free college),333,free college,neutral,0.6069991588592529,11,"{'neutral': 0.8481424450874329, 'joy': 0.06285680830478668, 'anger': 0.032352156937122345, 'sadness': 0.027257924899458885, 'surprise': 0.01666550524532795, 'disgust': 0.006695347838103771, 'fear': 0.0060299173928797245}",0.8481424450874329,0.01666550524532795,0.06285680830478668,0.032352156937122345,0.027257924899458885,0.006695347838103771,0.0060299173928797245,0.0,0.0,0.0,0.0,0.0,0.0,0.0,0.0,0.0,0.0,0.0,0.0,0.0,0.0,neutral
"@…  no I haven't, I'm just saying the Finnish education system is nowhere near as good as it is said. Btw have you ever studied in Finland?",334,havent saying finnish education system nowhere near good said btw ever studied finland,negative,0.8083076477050781,0,"{'sadness': 0.649290919303894, 'neutral': 0.2179190069437027, 'surprise': 0.1061096265912056, 'fear': 0.00969261210411787, 'disgust': 0.007753516547381878, 'joy': 0.005113981664180756, 'anger': 0.004120348021388054}",0.2179190069437027,0.1061096265912056,0.005113981664180756,0.004120348021388054,0.649290919303894,0.007753516547381878,0.00969261210411787,0.0,0.0,0.0,0.0,0.0,0.0,0.0,0.0,0.0,0.0,0.0,0.0,0.0,0.0,sadness
"Yes. After a particularly grueling conservative speech given by one of my teachers. She sees life as a test with meaning. I got pretty pissed off, as a nihilist. What I don't like about India is that people here think that education (by which, I mean, rote memorization) is the ONLY way to develop (by which, I mean, earn more money). I don't understand how these people can just ignore how other countries have developed. For all these days, I have been stuck as a cog in a mindless, meaningless, industrial machine, trying to satisfy myself with more marks. Then, one day, it struck me, marks are just numbers. They were numbers around which the ""purpose"" of my life revolved around. I resolved to just suck it up and continue my rote memorization until my ""education"" was over. Today, this teacher came and gave a lengthy pointless speech in order to ""inspire"" us. No matter how much ever you achieve, this woman doesn't praise you. She wants you to become a machine. Note that I got 95% in a recent exam and that I had the highest score. This woman bullied me by telling me that I have to get 100% or else. And, she's an idiot who thinks that education (by which, I mean, rote memorization for marks) will give you substance in life. Mine is a right-wing school run by Hindu nationalists. So, there are frequent compulsions to take part in religious activities. Teachers are free to shove any amount of Hinduism down your throat, no matter what your religion is. The point is, there is no religious or intellectual freedom. This woman, ""advised"" us to write the name of the Hindu god Rama 108 times everyday. When she found out that no one had been following her ""advice"", she thought that it was morally correct to make the students feel guilty for the same. Guess what, some idiots did feel guilty. As an anti-theist,  I naturally took offence to this kind of behaviour. But, I comforted myself with the fact that I would soon be out of this school. However, today, this woman comes into the class and tells us that it is our eternal duty to serve our parents and god, like a serf serves his manor lord. And, according to this hypocrite, the only way to do that was to get maximum marks in the exams. Yes. Her true nature was revealed. She is fully in support of the industrialization of education. And, I have to believe that she works for my benefit. This is the insanity which plagues our system.",335,yes particularly grueling conservative speech given one teachers sees life test meaning got pretty pissed nihilist dont like india people think education mean rote memorization way develop mean earn money dont understand people ignore countries developed days stuck cog mindless meaningless industrial machine trying satisfy marks one day struck marks numbers numbers around purpose life revolved around resolved suck continue rote memorization education today teacher came gave lengthy pointless speech order inspire matter much ever achieve woman doesnt praise wants become machine note got recent exam highest score woman bullied telling get else shes idiot thinks education mean rote memorization marks give substance life mine rightwing school run hindu nationalists frequent compulsions take part religious activities teachers free shove amount hinduism throat matter religion point religious intellectual freedom woman advised write name hindu god rama times everyday found one following advice thought morally correct make students feel guilty guess idiots feel guilty antitheist naturally took offence kind behaviour comforted fact would soon school however today woman comes class tells eternal duty serve parents god like serf serves manor lord according hypocrite way get maximum marks exams yes true nature revealed fully support industrialization education believe works benefit insanity plagues system,negative,0.6875401496887207,35,"{'anger': 0.9113866686820984, 'sadness': 0.9739393591880798, 'joy': 0.1333591789007187, 'neutral': 0.0845654308795929, 'surprise': 0.03730092942714691, 'disgust': 0.004199031740427017, 'fear': 0.006026581395417452, 'sadness_linguistic': 1.0, 'anger_linguistic': 1.0, 'neutral_linguistic': 3.0, 'sadness_sentence_count': 1, 'anger_sentence_count': 1, 'neutral_sentence_count': 1}",0.0845654308795929,0.03730092942714691,0.1333591789007187,0.9113866686820984,0.9739393591880798,0.004199031740427017,0.006026581395417452,3.0,0.0,0.0,1.0,1.0,0.0,0.0,1.0,0.0,0.0,1.0,1.0,0.0,0.0,neutral
Then why do people risk their lives to get green-card and asylum here. Why do you see centers saying they will get people to America in third world countries. Why do we have the number one economy and why are all currencies based on the dollar.,336,people risk lives get greencard asylum see centers saying get people america third world countries number one economy currencies based dollar,negative,0.7026469707489014,15,"{'fear': 0.9507086277008057, 'neutral': 0.022820638492703438, 'joy': 0.00866058561950922, 'sadness': 0.006958302576094866, 'anger': 0.005948202218860388, 'surprise': 0.004515462554991245, 'disgust': 0.0003881008888129145, 'fear_linguistic': 1.0, 'fear_sentence_count': 1}",0.022820638492703438,0.004515462554991245,0.00866058561950922,0.005948202218860388,0.006958302576094866,0.0003881008888129145,0.9507086277008057,0.0,0.0,0.0,0.0,0.0,0.0,1.0,0.0,0.0,0.0,0.0,0.0,0.0,1.0,fear
@…   Cry here \_/ Africa Needs Water,337,cry africa needs water,negative,0.5971845388412476,-1,"{'neutral': 0.6932308077812195, 'sadness': 0.18186281621456146, 'anger': 0.04847760125994682, 'surprise': 0.04691099375486374, 'disgust': 0.013713344000279903, 'joy': 0.009035994298756123, 'fear': 0.006768440827727318, 'sadness_linguistic': 1.0, 'sadness_sentence_count': 1}",0.6932308077812195,0.04691099375486374,0.009035994298756123,0.04847760125994682,0.18186281621456146,0.013713344000279903,0.006768440827727318,0.0,0.0,0.0,0.0,1.0,0.0,0.0,0.0,0.0,0.0,0.0,1.0,0.0,0.0,sadness
"It is quite simple really. We know that art is what separated humans from all other animal species. Art develops the brain to be receptive to true learning, and not short term memorization for the next test. Which any post graduation  American College student can tell you, does not stay with you for long if at all. This being said there are many extremely bright American student, but if you look at many of these people they pursued artistic creativity on their own. Whether it is music through band, drawing, making crafts, working on trades activities etc. Everything we have taken out of school because we considered it a waste of resources is actually the things that were keeping us smarter.",339,quite simple really know art separated humans animal species art develops brain receptive true learning short term memorization next test post graduation american college student tell stay long said many extremely bright american student look many people pursued artistic creativity whether music band drawing making crafts working trades activities etc everything taken school considered waste resources actually things keeping smarter,neutral,0.5117958784103394,-1,"{'joy': 0.5671179890632629, 'surprise': 0.26588037610054016, 'neutral': 0.129876971244812, 'sadness': 0.01819544844329357, 'anger': 0.015339812263846397, 'fear': 0.0024501762818545103, 'disgust': 0.0011391943553462625, 'neutral_linguistic': 3.5999999999999996, 'neutral_sentence_count': 1}",0.129876971244812,0.26588037610054016,0.5671179890632629,0.015339812263846397,0.01819544844329357,0.0011391943553462625,0.0024501762818545103,3.5999999999999996,0.0,0.0,0.0,0.0,0.0,0.0,1.0,0.0,0.0,0.0,0.0,0.0,0.0,neutral
"@…  good for you. in school, we learn a bunch of useless info about people who we didn't care about, Math equations which is no longer relevant to be used in daily life, Math problems that are far from normal ex. Jim bought 50 watermelons., we also get 8 hours of school spent on useless stuff. we also get too much homework",340,good school learn bunch useless info people didnt care math equations longer relevant used daily life math problems far normal jim bought watermelons also get hours school spent useless stuff also get much homework,negative,0.8365917205810547,3,"{'sadness': 0.5085300803184509, 'joy': 0.16668283939361572, 'surprise': 0.149929940700531, 'neutral': 0.12530864775180817, 'anger': 0.04263509809970856, 'disgust': 0.005940746981650591, 'fear': 0.0009726670105010271, 'love_linguistic': 1.0, 'neutral_linguistic': 1.0, 'love_sentence_count': 1, 'neutral_sentence_count': 1}",0.12530864775180817,0.149929940700531,0.16668283939361572,0.04263509809970856,0.5085300803184509,0.005940746981650591,0.0009726670105010271,1.0,0.0,0.0,0.0,0.0,0.0,0.0,1.0,0.0,0.0,0.0,0.0,0.0,0.0,neutral
Its sucks a lot!!!! Students cry each and everyday just because of studying .....how pitiful.,341,sucks lot students cry everyday studying pitiful,negative,0.9603463411331177,-1,"{'sadness': 0.9913015961647034, 'neutral': 0.003078372683376074, 'joy': 0.0013262860011309385, 'anger': 0.001263824407942593, 'disgust': 0.0012633990263566375, 'surprise': 0.00095768878236413, 'fear': 0.000808930431958288, 'sadness_linguistic': 1.0, 'sadness_sentence_count': 1}",0.003078372683376074,0.00095768878236413,0.0013262860011309385,0.001263824407942593,0.9913015961647034,0.0012633990263566375,0.000808930431958288,0.0,0.0,0.0,0.0,1.0,0.0,0.0,0.0,0.0,0.0,0.0,1.0,0.0,0.0,sadness
Mark Armage i have an argument but you keep denying it with total bull crap. What can I do? To me it doesn’t matter what you think!,342,mark armage argument keep denying total bull crap doesnt matter think,negative,0.8998997211456299,23,"{'anger': 0.6373974084854126, 'neutral': 0.3034643828868866, 'disgust': 0.0217567291110754, 'surprise': 0.016338299959897995, 'sadness': 0.010543287731707096, 'fear': 0.007230735849589109, 'joy': 0.003269233973696828}",0.3034643828868866,0.016338299959897995,0.003269233973696828,0.6373974084854126,0.010543287731707096,0.0217567291110754,0.007230735849589109,0.0,0.0,0.0,0.0,0.0,0.0,0.0,0.0,0.0,0.0,0.0,0.0,0.0,0.0,anger
What a dapper young lad I wonder what he thinks of the tragic 9/11 terrorist attack,343,dapper young lad wonder thinks tragic terrorist attack,negative,0.48339346051216125,19,"{'fear': 0.483656108379364, 'sadness': 0.4273706078529358, 'surprise': 0.057024579495191574, 'neutral': 0.018680809065699577, 'joy': 0.007097997236996889, 'anger': 0.004606382921338081, 'disgust': 0.0015634660376235843, 'surprise_linguistic': 1.0, 'surprise_sentence_count': 1}",0.018680809065699577,0.057024579495191574,0.007097997236996889,0.004606382921338081,0.4273706078529358,0.0015634660376235843,0.483656108379364,0.0,1.0,0.0,0.0,0.0,0.0,0.0,0.0,1.0,0.0,0.0,0.0,0.0,0.0,surprise
Bet they go to schol year-round too.,344,bet schol yearround,neutral,0.8001052737236023,-1,"{'neutral': 0.7796254754066467, 'sadness': 0.11158155649900436, 'fear': 0.03544656187295914, 'surprise': 0.03467964753508568, 'joy': 0.016672126948833466, 'anger': 0.011745897121727467, 'disgust': 0.010248720645904541}",0.7796254754066467,0.03467964753508568,0.016672126948833466,0.011745897121727467,0.11158155649900436,0.010248720645904541,0.03544656187295914,0.0,0.0,0.0,0.0,0.0,0.0,0.0,0.0,0.0,0.0,0.0,0.0,0.0,0.0,neutral
"@… Pinklightning 

Bro.. Finland has no homework. Less school hours. And more time to be kids. They're f*cking cool. And professional about it.",345,pinklightning bro finland homework less school hours time kids theyre fcking cool professional,positive,0.8579447269439697,0,"{'joy': 0.4880441427230835, 'sadness': 0.1731497049331665, 'neutral': 0.15405811369419098, 'surprise': 0.13591212034225464, 'anger': 0.04257390275597572, 'disgust': 0.003473808988928795, 'fear': 0.00278812856413424}",0.15405811369419098,0.13591212034225464,0.4880441427230835,0.04257390275597572,0.1731497049331665,0.003473808988928795,0.00278812856413424,0.0,0.0,0.0,0.0,0.0,0.0,0.0,0.0,0.0,0.0,0.0,0.0,0.0,0.0,joy
he looks like he has a small head,346,looks like small head,neutral,0.6812326312065125,12,"{'surprise': 0.44535210728645325, 'neutral': 0.2983308732509613, 'disgust': 0.10307782888412476, 'sadness': 0.05493978410959244, 'fear': 0.05076457932591438, 'anger': 0.02491247095167637, 'joy': 0.022622358053922653}",0.2983308732509613,0.44535210728645325,0.022622358053922653,0.02491247095167637,0.05493978410959244,0.10307782888412476,0.05076457932591438,0.0,0.0,0.0,0.0,0.0,0.0,0.0,0.0,0.0,0.0,0.0,0.0,0.0,0.0,surprise
"The issue isn't that the people are Finnish. The issue is that Finland has less people in poverty and prioritize education.

Yeah I'm sure Kentucky and red states and schools with majority white perform same as finnish. Lol.",347,issue isnt people finnish issue finland less people poverty prioritize education yeah sure kentucky red states schools majority white perform finnish lol,negative,0.49175283312797546,0,"{'sadness': 0.3338864743709564, 'neutral': 0.29821500182151794, 'joy': 0.27178123593330383, 'surprise': 0.07758162170648575, 'anger': 0.011847023852169514, 'fear': 0.00462732557207346, 'disgust': 0.002061343053355813}",0.29821500182151794,0.07758162170648575,0.27178123593330383,0.011847023852169514,0.3338864743709564,0.002061343053355813,0.00462732557207346,0.0,0.0,0.0,0.0,0.0,0.0,0.0,0.0,0.0,0.0,0.0,0.0,0.0,0.0,sadness
yep there are even school district cops.. so not even just regular cops.,348,yep even school district cops even regular cops,neutral,0.6145930290222168,19,"{'neutral': 0.5172775387763977, 'disgust': 0.22015109658241272, 'surprise': 0.13258472084999084, 'anger': 0.07202606648206711, 'sadness': 0.023058267310261726, 'fear': 0.019667131826281548, 'joy': 0.015235141851007938}",0.5172775387763977,0.13258472084999084,0.015235141851007938,0.07202606648206711,0.023058267310261726,0.22015109658241272,0.019667131826281548,0.0,0.0,0.0,0.0,0.0,0.0,0.0,0.0,0.0,0.0,0.0,0.0,0.0,0.0,neutral
"It's simple, the US will never be like Finland...it goes beyond education",349,simple never like finlandit goes beyond education,negative,0.7221753001213074,0,"{'neutral': 0.5182932019233704, 'surprise': 0.3553870618343353, 'sadness': 0.05807199701666832, 'joy': 0.03255099058151245, 'fear': 0.018095780164003372, 'anger': 0.014321613125503063, 'disgust': 0.003279369091615081}",0.5182932019233704,0.3553870618343353,0.03255099058151245,0.014321613125503063,0.05807199701666832,0.003279369091615081,0.018095780164003372,0.0,0.0,0.0,0.0,0.0,0.0,0.0,0.0,0.0,0.0,0.0,0.0,0.0,0.0,neutral
"@…  yeah, but that’s largely because America has more resources. If you compare the education systems relative to the amount of resources the society has, America’s education system looks really pathetic.",350,yeah thats largely america resources compare education systems relative amount resources society americas education system looks really pathetic,negative,0.9139706492424011,1,"{'sadness': 0.9739524722099304, 'surprise': 0.0076334974728524685, 'neutral': 0.00762285478413105, 'disgust': 0.006167273968458176, 'joy': 0.001755646662786603, 'fear': 0.0016452219570055604, 'anger': 0.0012230012798681855, 'neutral_linguistic': 1.2, 'neutral_sentence_count': 1}",0.00762285478413105,0.0076334974728524685,0.001755646662786603,0.0012230012798681855,0.9739524722099304,0.006167273968458176,0.0016452219570055604,1.2,0.0,0.0,0.0,0.0,0.0,0.0,1.0,0.0,0.0,0.0,0.0,0.0,0.0,sadness
stfu bullshit finland has the worst one i am from finland,351,stfu bullshit finland worst one finland,negative,0.9491522908210754,0,"{'disgust': 0.7953080534934998, 'anger': 0.18552826344966888, 'sadness': 0.006967058405280113, 'neutral': 0.00628980528563261, 'fear': 0.0033390363678336143, 'surprise': 0.0014715297147631645, 'joy': 0.001096238847821951}",0.00628980528563261,0.0014715297147631645,0.001096238847821951,0.18552826344966888,0.006967058405280113,0.7953080534934998,0.0033390363678336143,0.0,0.0,0.0,0.0,0.0,0.0,0.0,0.0,0.0,0.0,0.0,0.0,0.0,0.0,disgust
"I feel your pain bro. Just hang in there a bit longer, but since the flawed educational system is on your mind, Why don't you sit down, buy a Journal and write how you feel, write more things about your passions and be true your self.",352,feel pain bro hang bit longer since flawed educational system mind dont sit buy journal write feel write things passions true self,negative,0.5506869554519653,33,"{'sadness': 0.9889539480209351, 'anger': 0.003613043576478958, 'neutral': 0.0023929262533783913, 'joy': 0.0019453804707154632, 'surprise': 0.0016683234134688973, 'fear': 0.0007441828493028879, 'disgust': 0.0006822593859396875, 'sadness_linguistic': 1.0, 'love_linguistic': 1.0, 'neutral_linguistic': 1.0, 'sadness_sentence_count': 1, 'love_sentence_count': 1, 'neutral_sentence_count': 1}",0.0023929262533783913,0.0016683234134688973,0.0019453804707154632,0.003613043576478958,0.9889539480209351,0.0006822593859396875,0.0007441828493028879,1.0,0.0,0.0,0.0,1.0,0.0,0.0,1.0,0.0,0.0,0.0,1.0,0.0,0.0,sadness
"The ""American school system is torture and hell,.",355,american school system torture hell,negative,0.9490368366241455,-1,"{'disgust': 0.3236004710197449, 'fear': 0.3226282298564911, 'anger': 0.16493350267410278, 'sadness': 0.14497150480747223, 'neutral': 0.033180829137563705, 'surprise': 0.0077748955227434635, 'joy': 0.0029105532448738813}",0.033180829137563705,0.0077748955227434635,0.0029105532448738813,0.16493350267410278,0.14497150480747223,0.3236004710197449,0.3226282298564911,0.0,0.0,0.0,0.0,0.0,0.0,0.0,0.0,0.0,0.0,0.0,0.0,0.0,0.0,disgust
where is big money saliva at?,356,big money saliva,neutral,0.5817645788192749,12,"{'neutral': 0.4141431450843811, 'anger': 0.31273943185806274, 'disgust': 0.21140693128108978, 'sadness': 0.023974189534783363, 'surprise': 0.017481964081525803, 'joy': 0.015628984197974205, 'fear': 0.004625309258699417}",0.4141431450843811,0.017481964081525803,0.015628984197974205,0.31273943185806274,0.023974189534783363,0.21140693128108978,0.004625309258699417,0.0,0.0,0.0,0.0,0.0,0.0,0.0,0.0,0.0,0.0,0.0,0.0,0.0,0.0,neutral
i would say that it would be the best to be born in an english speaking country.,357,would say would best born english speaking country,positive,0.8892748355865479,-1,"{'neutral': 0.6929769515991211, 'surprise': 0.24529553949832916, 'joy': 0.04039887711405754, 'anger': 0.00836680456995964, 'sadness': 0.005909557454288006, 'fear': 0.0042964993044734, 'disgust': 0.002755717607215047}",0.6929769515991211,0.24529553949832916,0.04039887711405754,0.00836680456995964,0.005909557454288006,0.002755717607215047,0.0042964993044734,0.0,0.0,0.0,0.0,0.0,0.0,0.0,0.0,0.0,0.0,0.0,0.0,0.0,0.0,neutral
"Haha 😂😂 you still believe in education system rankings 😂😂

Its totally the best average checker 😂😂
It checks
Nothing out of the Box 🙄🙄",358,haha still believe education system rankings totally best average checker checks nothing box,neutral,0.41916826367378235,-1,"{'joy': 0.4380175769329071, 'neutral': 0.3645133078098297, 'surprise': 0.1600070744752884, 'anger': 0.01599240116775036, 'sadness': 0.014633231796324253, 'disgust': 0.0035450775176286697, 'fear': 0.003291361266747117, 'anger_linguistic': 1.2, 'anger_sentence_count': 1}",0.3645133078098297,0.1600070744752884,0.4380175769329071,0.01599240116775036,0.014633231796324253,0.0035450775176286697,0.003291361266747117,0.0,0.0,0.0,1.2,0.0,0.0,0.0,0.0,0.0,0.0,1.0,0.0,0.0,0.0,anger
"@…  I know that very well and I am really happy that our beloved Suomi managed to keep her independence.
 The thing I want to highlight is the surprising similarity between Soviet and Finnish approach to education",359,know well really happy beloved suomi managed keep independence thing want highlight surprising similarity soviet finnish approach education,positive,0.9561643600463867,0,"{'surprise': 0.8817321062088013, 'joy': 0.09626394510269165, 'neutral': 0.011001765727996826, 'sadness': 0.005492142401635647, 'anger': 0.003502932144328952, 'fear': 0.0016999987419694662, 'disgust': 0.0003071313549298793, 'joy_linguistic': 2.4, 'surprise_linguistic': 1.2, 'love_linguistic': 2.4, 'neutral_linguistic': 1.2, 'joy_sentence_count': 1, 'surprise_sentence_count': 1, 'love_sentence_count': 1, 'neutral_sentence_count': 1}",0.011001765727996826,0.8817321062088013,0.09626394510269165,0.003502932144328952,0.005492142401635647,0.0003071313549298793,0.0016999987419694662,1.2,1.2,2.4,0.0,0.0,0.0,0.0,1.0,1.0,1.0,0.0,0.0,0.0,0.0,joy
Being American,360,american,neutral,0.7242326736450195,-1,,,,,,,,,,,,,,,,,,,,,,,
"1:10 ""no child left behind"" is the worst US policy. There are a number of leading (in Pisa studies) countries that leave kids behind.",361,child left behind worst policy number leading pisa studies countries leave kids behind,negative,0.9397879242897034,-1,"{'disgust': 0.4895678460597992, 'sadness': 0.2370511144399643, 'anger': 0.19515806436538696, 'neutral': 0.06089644879102707, 'surprise': 0.009388145059347153, 'fear': 0.005606818478554487, 'joy': 0.002331454772502184}",0.06089644879102707,0.009388145059347153,0.002331454772502184,0.19515806436538696,0.2370511144399643,0.4895678460597992,0.005606818478554487,0.0,0.0,0.0,0.0,0.0,0.0,0.0,0.0,0.0,0.0,0.0,0.0,0.0,0.0,disgust
"Well, if you dont count the immigrants, you get such scores. Finland is good, but it has problems with the  academical fall out",362,well dont count immigrants get scores finland good problems academical fall,negative,0.6539220213890076,0,"{'neutral': 0.30594590306282043, 'surprise': 0.2777208685874939, 'sadness': 0.27289673686027527, 'joy': 0.1202913448214531, 'anger': 0.018122056499123573, 'fear': 0.0035956872161477804, 'disgust': 0.0014274563873186707}",0.30594590306282043,0.2777208685874939,0.1202913448214531,0.018122056499123573,0.27289673686027527,0.0014274563873186707,0.0035956872161477804,0.0,0.0,0.0,0.0,0.0,0.0,0.0,0.0,0.0,0.0,0.0,0.0,0.0,0.0,neutral
camilo florez bro why be mean we care,363,camilo florez bro mean care,neutral,0.5787671208381653,42,"{'neutral': 0.5855154395103455, 'anger': 0.18582235276699066, 'joy': 0.10696462541818619, 'surprise': 0.04366711899638176, 'sadness': 0.03707277774810791, 'disgust': 0.0370350182056427, 'fear': 0.0039226883091032505, 'anger_linguistic': 1.0, 'love_linguistic': 1.0, 'anger_sentence_count': 1, 'love_sentence_count': 1}",0.5855154395103455,0.04366711899638176,0.10696462541818619,0.18582235276699066,0.03707277774810791,0.0370350182056427,0.0039226883091032505,0.0,0.0,0.0,1.0,0.0,0.0,0.0,0.0,0.0,0.0,1.0,0.0,0.0,0.0,anger
Thanks a lot,364,thanks lot,positive,0.9432195425033569,-1,"{'neutral': 0.5996750593185425, 'joy': 0.20522913336753845, 'surprise': 0.14925917983055115, 'sadness': 0.02608492225408554, 'anger': 0.014254353940486908, 'disgust': 0.004029920790344477, 'fear': 0.001467476598918438}",0.5996750593185425,0.14925917983055115,0.20522913336753845,0.014254353940486908,0.02608492225408554,0.004029920790344477,0.001467476598918438,0.0,0.0,0.0,0.0,0.0,0.0,0.0,0.0,0.0,0.0,0.0,0.0,0.0,0.0,neutral
"Americans: Socialism is when government does something. No wonder your education system sucks, you are all so stupid.",365,americans socialism government something wonder education system sucks stupid,negative,0.9464372992515564,1,"{'sadness': 0.563742458820343, 'surprise': 0.3579444885253906, 'anger': 0.03433212265372276, 'neutral': 0.026300473138689995, 'fear': 0.0073186783120036125, 'disgust': 0.006532921921461821, 'joy': 0.0038288352079689503, 'surprise_linguistic': 1.0, 'surprise_sentence_count': 1}",0.026300473138689995,0.3579444885253906,0.0038288352079689503,0.03433212265372276,0.563742458820343,0.006532921921461821,0.0073186783120036125,0.0,1.0,0.0,0.0,0.0,0.0,0.0,0.0,1.0,0.0,0.0,0.0,0.0,0.0,surprise
Love Finland from Germany. 🇫🇮🇩🇪,367,love finland germany,positive,0.9692807197570801,0,"{'neutral': 0.675341010093689, 'joy': 0.16916058957576752, 'surprise': 0.1048182025551796, 'sadness': 0.04511084035038948, 'anger': 0.0037395667750388384, 'disgust': 0.001006969716399908, 'fear': 0.0008227996295318007, 'joy_linguistic': 1.0, 'love_linguistic': 1.0, 'joy_sentence_count': 1, 'love_sentence_count': 1}",0.675341010093689,0.1048182025551796,0.16916058957576752,0.0037395667750388384,0.04511084035038948,0.001006969716399908,0.0008227996295318007,0.0,0.0,1.0,0.0,0.0,0.0,0.0,0.0,0.0,1.0,0.0,0.0,0.0,0.0,joy
@…  I think they have to learn a lot of languages and Swedish happens to be one of them. Which doesn't make sense cuz as OP points out Swedish wouldn't really help most Finnish advance in their careers.,368,think learn lot languages swedish happens one doesnt make sense cuz points swedish wouldnt really help finnish advance careers,negative,0.8145020008087158,7,"{'surprise': 0.6375600695610046, 'sadness': 0.1857336312532425, 'neutral': 0.13720263540744781, 'joy': 0.02093728445470333, 'anger': 0.010762895457446575, 'fear': 0.00633505592122674, 'disgust': 0.001468414324335754, 'love_linguistic': 1.2, 'neutral_linguistic': 1.2, 'love_sentence_count': 1, 'neutral_sentence_count': 1}",0.13720263540744781,0.6375600695610046,0.02093728445470333,0.010762895457446575,0.1857336312532425,0.001468414324335754,0.00633505592122674,1.2,0.0,0.0,0.0,0.0,0.0,0.0,1.0,0.0,0.0,0.0,0.0,0.0,0.0,neutral
"So much comparison of educations. We should just removed schools and returned the duty back to the parents. Then we will have no tests and exams, all our kids will be the next CEO of the big things.",369,much comparison educations removed schools returned duty back parents tests exams kids next ceo big things,neutral,0.5868492722511292,1,"{'sadness': 0.3751593232154846, 'surprise': 0.3199000358581543, 'neutral': 0.2218109518289566, 'anger': 0.04546913504600525, 'joy': 0.02619154378771782, 'disgust': 0.005743063520640135, 'fear': 0.005725926719605923}",0.2218109518289566,0.3199000358581543,0.02619154378771782,0.04546913504600525,0.3751593232154846,0.005743063520640135,0.005725926719605923,0.0,0.0,0.0,0.0,0.0,0.0,0.0,0.0,0.0,0.0,0.0,0.0,0.0,0.0,sadness
"Mark Armage nice one, crediting yourself, no “top American student” would be this ignorant. Finland is not a parasite and every country in the United nations would agree with me and disagree with you. They know politics, where their money comes from, how to make money, how to deal with conflict, and how education works way better than some self centered American",370,mark armage nice one crediting top american student would ignorant finland parasite every country united nations would agree disagree know politics money comes make money deal conflict education works way better self centered american,neutral,0.45969322323799133,15,"{'neutral': 0.6464768052101135, 'joy': 0.21936620771884918, 'surprise': 0.1012176126241684, 'anger': 0.01825498603284359, 'sadness': 0.01096558477729559, 'disgust': 0.002400490455329418, 'fear': 0.0013183541595935822}",0.6464768052101135,0.1012176126241684,0.21936620771884918,0.01825498603284359,0.01096558477729559,0.002400490455329418,0.0013183541595935822,0.0,0.0,0.0,0.0,0.0,0.0,0.0,0.0,0.0,0.0,0.0,0.0,0.0,0.0,neutral
why did you have to talk like that?,371,talk like,negative,0.8604404926300049,-1,,,,,,,,,,,,,,,,,,,,,,,
How brutal was the police officer? I also wanna know the reason,372,brutal police officer also wanna know reason,negative,0.7532671093940735,19,"{'neutral': 0.42625191807746887, 'anger': 0.35855522751808167, 'surprise': 0.09672395139932632, 'sadness': 0.08589562028646469, 'fear': 0.018178250640630722, 'disgust': 0.009320086799561977, 'joy': 0.0050749704241752625, 'anger_linguistic': 1.0, 'neutral_linguistic': 1.0, 'anger_sentence_count': 1, 'neutral_sentence_count': 1}",0.42625191807746887,0.09672395139932632,0.0050749704241752625,0.35855522751808167,0.08589562028646469,0.009320086799561977,0.018178250640630722,1.0,0.0,0.0,1.0,0.0,0.0,0.0,1.0,0.0,0.0,1.0,0.0,0.0,0.0,neutral
If we left the black scores out of our average in America then we'd be rocking the high scores just like any other white nation.,373,left black scores average america wed rocking high scores like white nation,neutral,0.5540428757667542,6,"{'neutral': 0.5788224935531616, 'joy': 0.2122383415699005, 'surprise': 0.16286857426166534, 'sadness': 0.03540627658367157, 'anger': 0.008057956583797932, 'disgust': 0.0016281144926324487, 'fear': 0.0009782377164810896, 'anger_linguistic': 1.0, 'anger_sentence_count': 1}",0.5788224935531616,0.16286857426166534,0.2122383415699005,0.008057956583797932,0.03540627658367157,0.0016281144926324487,0.0009782377164810896,0.0,0.0,0.0,1.0,0.0,0.0,0.0,0.0,0.0,0.0,1.0,0.0,0.0,0.0,anger
Zero rap culture and a real work ethic. Remove the bottom 20% of test scores and.....,375,zero rap culture real work ethic remove bottom test scores,negative,0.8372077941894531,6,"{'neutral': 0.8506439328193665, 'surprise': 0.056909289211034775, 'anger': 0.03418392315506935, 'sadness': 0.02432754822075367, 'joy': 0.023222582414746284, 'disgust': 0.007525269873440266, 'fear': 0.0031873693224042654, 'neutral_linguistic': 1.0, 'neutral_sentence_count': 1}",0.8506439328193665,0.056909289211034775,0.023222582414746284,0.03418392315506935,0.02432754822075367,0.007525269873440266,0.0031873693224042654,1.0,0.0,0.0,0.0,0.0,0.0,0.0,1.0,0.0,0.0,0.0,0.0,0.0,0.0,neutral
"@…  Best education doesn't automatically mean high paying careers. It just means the students are happy and perform well at school & majority of people get a college/university degree. One well known brand is Supercell which made clash of clans, hay day etc. Stora Enso is top 5 biggest wood industries in the world and we're world leading pioneers in forestry, having the best forest related educations in the world",376,best education doesnt automatically mean high paying careers means students happy perform well school majority people get collegeuniversity degree one well known brand supercell made clash clans hay day etc stora enso top biggest wood industries world world leading pioneers forestry best forest related educations world,positive,0.861129105091095,28,"{'joy': 0.9609530568122864, 'surprise': 0.0168297179043293, 'neutral': 0.011691786348819733, 'anger': 0.006879601161926985, 'sadness': 0.0026124808937311172, 'disgust': 0.0005880810203962028, 'fear': 0.0004452723078429699, 'joy_linguistic': 2.0, 'anger_linguistic': 2.0, 'love_linguistic': 1.0, 'joy_sentence_count': 1, 'anger_sentence_count': 1, 'love_sentence_count': 1}",0.011691786348819733,0.0168297179043293,0.9609530568122864,0.006879601161926985,0.0026124808937311172,0.0005880810203962028,0.0004452723078429699,0.0,0.0,2.0,2.0,0.0,0.0,0.0,0.0,0.0,1.0,1.0,0.0,0.0,0.0,joy
what?? why swedish and not english?,377,swedish english,negative,0.8235371708869934,7,"{'neutral': 0.9136171340942383, 'surprise': 0.04218536987900734, 'sadness': 0.01940455287694931, 'joy': 0.014299160800874233, 'anger': 0.004356877878308296, 'disgust': 0.003237946657463908, 'fear': 0.0028988595586270094}",0.9136171340942383,0.04218536987900734,0.014299160800874233,0.004356877878308296,0.01940455287694931,0.003237946657463908,0.0028988595586270094,0.0,0.0,0.0,0.0,0.0,0.0,0.0,0.0,0.0,0.0,0.0,0.0,0.0,0.0,neutral
Mark Armage - don’t need to dig too deep to see outcome of US education system - a man like Trump being elected as president.,378,mark armage dont need dig deep see outcome education system man like trump elected president,neutral,0.5092672109603882,23,"{'neutral': 0.791213870048523, 'surprise': 0.13613133132457733, 'sadness': 0.03361782059073448, 'anger': 0.016548799350857735, 'joy': 0.015427576377987862, 'fear': 0.0037649180740118027, 'disgust': 0.003295613219961524}",0.791213870048523,0.13613133132457733,0.015427576377987862,0.016548799350857735,0.03361782059073448,0.003295613219961524,0.0037649180740118027,0.0,0.0,0.0,0.0,0.0,0.0,0.0,0.0,0.0,0.0,0.0,0.0,0.0,0.0,neutral
"Not only Indians. it is whole worldwide problem okay?
Indians are not only. same in USA",379,indians whole worldwide problem okay indians usa,negative,0.6335651874542236,32,"{'neutral': 0.7714068293571472, 'surprise': 0.06482662260532379, 'anger': 0.06059622764587402, 'joy': 0.054400160908699036, 'fear': 0.02838725410401821, 'sadness': 0.017114432528614998, 'disgust': 0.0032684640027582645}",0.7714068293571472,0.06482662260532379,0.054400160908699036,0.06059622764587402,0.017114432528614998,0.0032684640027582645,0.02838725410401821,0.0,0.0,0.0,0.0,0.0,0.0,0.0,0.0,0.0,0.0,0.0,0.0,0.0,0.0,neutral
Holy shit it's Hassan,380,holy shit hassan,positive,0.4506066143512726,27,"{'surprise': 0.9649912118911743, 'anger': 0.010979161597788334, 'joy': 0.00691760890185833, 'disgust': 0.005879036616533995, 'neutral': 0.004519177135080099, 'sadness': 0.00410723639652133, 'fear': 0.002606585854664445}",0.004519177135080099,0.9649912118911743,0.00691760890185833,0.010979161597788334,0.00410723639652133,0.005879036616533995,0.002606585854664445,0.0,0.0,0.0,0.0,0.0,0.0,0.0,0.0,0.0,0.0,0.0,0.0,0.0,0.0,surprise
This is why Finland is the most happiest country in this world,381,finland happiest country world,positive,0.9768585562705994,0,"{'joy': 0.9204146862030029, 'surprise': 0.04050334542989731, 'sadness': 0.019286759197711945, 'neutral': 0.01630859449505806, 'anger': 0.0024639395996928215, 'disgust': 0.000645322899799794, 'fear': 0.00037738398532383144}",0.01630859449505806,0.04050334542989731,0.9204146862030029,0.0024639395996928215,0.019286759197711945,0.000645322899799794,0.00037738398532383144,0.0,0.0,0.0,0.0,0.0,0.0,0.0,0.0,0.0,0.0,0.0,0.0,0.0,0.0,joy
"@…  that doesn't matter anymore ,they have finally changed our education policy 😃😃",382,doesnt matter anymore finally changed education policy,neutral,0.647325873374939,1,"{'neutral': 0.55934077501297, 'surprise': 0.32678139209747314, 'sadness': 0.060779865831136703, 'anger': 0.02518864907324314, 'disgust': 0.012076782993972301, 'joy': 0.010438197292387486, 'fear': 0.0053943307138979435}",0.55934077501297,0.32678139209747314,0.010438197292387486,0.02518864907324314,0.060779865831136703,0.012076782993972301,0.0053943307138979435,0.0,0.0,0.0,0.0,0.0,0.0,0.0,0.0,0.0,0.0,0.0,0.0,0.0,0.0,neutral
i'm german and i think america is great,384,german think america great,positive,0.9325799345970154,5,"{'joy': 0.4898483455181122, 'neutral': 0.2837928533554077, 'surprise': 0.19250182807445526, 'sadness': 0.02051645703613758, 'anger': 0.006515167187899351, 'fear': 0.006112508941441774, 'disgust': 0.0007128685247153044, 'joy_linguistic': 1.0, 'joy_sentence_count': 1}",0.2837928533554077,0.19250182807445526,0.4898483455181122,0.006515167187899351,0.02051645703613758,0.0007128685247153044,0.006112508941441774,0.0,0.0,1.0,0.0,0.0,0.0,0.0,0.0,0.0,1.0,0.0,0.0,0.0,0.0,joy
Am I the only one who is here for school,385,one school,neutral,0.7455315589904785,-1,"{'sadness': 0.5241568684577942, 'neutral': 0.26384952664375305, 'surprise': 0.14341206848621368, 'anger': 0.023607740178704262, 'joy': 0.018681755289435387, 'fear': 0.013180882669985294, 'disgust': 0.013111208565533161}",0.26384952664375305,0.14341206848621368,0.018681755289435387,0.023607740178704262,0.5241568684577942,0.013111208565533161,0.013180882669985294,0.0,0.0,0.0,0.0,0.0,0.0,0.0,0.0,0.0,0.0,0.0,0.0,0.0,0.0,sadness
"So...how do the students compete for a limited number of the same jobs if everyone is so nearly equally smart? I mean the US system is not that great either since it entails losers and winners, but how do people equally intelligent get that one job?",386,sohow students compete limited number jobs everyone nearly equally smart mean system great either since entails losers winners people equally intelligent get one job,negative,0.6772051453590393,0,"{'neutral': 0.41515493392944336, 'surprise': 0.31753361225128174, 'joy': 0.21280445158481598, 'anger': 0.03169110789895058, 'sadness': 0.01775483787059784, 'disgust': 0.0030241466592997313, 'fear': 0.002036931226029992, 'joy_linguistic': 1.0, 'anger_linguistic': 1.0, 'joy_sentence_count': 1, 'anger_sentence_count': 1}",0.41515493392944336,0.31753361225128174,0.21280445158481598,0.03169110789895058,0.01775483787059784,0.0030241466592997313,0.002036931226029992,0.0,0.0,1.0,1.0,0.0,0.0,0.0,0.0,0.0,1.0,1.0,0.0,0.0,0.0,joy
"I am trying from Houston, Texas to move to Helsinki. I am white, tall, blond but raised by a Latin family. Finland seems so expensive even though compared to U.S. ""Houston, Texas"" and a ultra/diverse city. I just do not get it. If anyone can email me or message me with support I would like it.",388,trying houston texas move helsinki white tall blond raised latin family finland seems expensive even though compared houston texas ultradiverse city get anyone email message support would like,negative,0.7313308715820312,0,"{'sadness': 0.42780277132987976, 'neutral': 0.32530826330184937, 'surprise': 0.12153851985931396, 'anger': 0.054245881736278534, 'joy': 0.050114743411540985, 'fear': 0.018809691071510315, 'disgust': 0.002180208917707205, 'sadness_linguistic': 1.0, 'sadness_sentence_count': 1}",0.32530826330184937,0.12153851985931396,0.050114743411540985,0.054245881736278534,0.42780277132987976,0.002180208917707205,0.018809691071510315,0.0,0.0,0.0,0.0,1.0,0.0,0.0,0.0,0.0,0.0,0.0,1.0,0.0,0.0,sadness
FuzzerSky  taxation is 20% not capitalist,390,fuzzersky taxation capitalist,neutral,0.6375492215156555,14,"{'joy': 0.6018337607383728, 'neutral': 0.2218656837940216, 'surprise': 0.09294532984495163, 'anger': 0.053920548409223557, 'disgust': 0.019826922565698624, 'sadness': 0.007827656343579292, 'fear': 0.001780040329322219}",0.2218656837940216,0.09294532984495163,0.6018337607383728,0.053920548409223557,0.007827656343579292,0.019826922565698624,0.001780040329322219,0.0,0.0,0.0,0.0,0.0,0.0,0.0,0.0,0.0,0.0,0.0,0.0,0.0,0.0,joy
I'm in let's do it,391,lets,positive,0.8476821184158325,-1,,,,,,,,,,,,,,,,,,,,,,,
"Possibly 3 or more, but only 2 is mandatory.",393,possibly mandatory,neutral,0.8653722405433655,-1,"{'neutral': 0.7725502848625183, 'disgust': 0.07759317755699158, 'fear': 0.06569554656744003, 'anger': 0.034896351397037506, 'surprise': 0.02703792415559292, 'sadness': 0.01817372627556324, 'joy': 0.00405302457511425, 'neutral_linguistic': 1.0, 'neutral_sentence_count': 1}",0.7725502848625183,0.02703792415559292,0.00405302457511425,0.034896351397037506,0.01817372627556324,0.07759317755699158,0.06569554656744003,1.0,0.0,0.0,0.0,0.0,0.0,0.0,1.0,0.0,0.0,0.0,0.0,0.0,0.0,neutral
"Well they are happy, all these technologies and inventions other than easing some of our daily activities has done very minimal.",395,well happy technologies inventions easing daily activities done minimal,positive,0.7626996040344238,-1,"{'joy': 0.871566116809845, 'surprise': 0.0737447515130043, 'neutral': 0.036778658628463745, 'sadness': 0.013967903330922127, 'anger': 0.002898939186707139, 'disgust': 0.0006025516777299345, 'fear': 0.00044101790990680456, 'joy_linguistic': 1.0, 'joy_sentence_count': 1}",0.036778658628463745,0.0737447515130043,0.871566116809845,0.002898939186707139,0.013967903330922127,0.0006025516777299345,0.00044101790990680456,0.0,0.0,1.0,0.0,0.0,0.0,0.0,0.0,0.0,1.0,0.0,0.0,0.0,0.0,joy
@…  it's my opinion don't kill me over it,396,opinion dont kill,negative,0.7308412790298462,-1,"{'neutral': 0.7008758783340454, 'anger': 0.2252047210931778, 'sadness': 0.027654370293021202, 'disgust': 0.02501632086932659, 'surprise': 0.008374265395104885, 'fear': 0.007390386424958706, 'joy': 0.005484124179929495}",0.7008758783340454,0.008374265395104885,0.005484124179929495,0.2252047210931778,0.027654370293021202,0.02501632086932659,0.007390386424958706,0.0,0.0,0.0,0.0,0.0,0.0,0.0,0.0,0.0,0.0,0.0,0.0,0.0,0.0,neutral
"I completely agree but I would be called a socialist ""actually a Democratic socialist"" = People do not understand how happy other countries are. We are the best best damn country to win a World War and are given debt, shit, medical debt, social debt etc. You understand why we don't have kids.",397,completely agree would called socialist actually democratic socialist people understand happy countries best best damn country win world war given debt shit medical debt social debt etc understand dont kids,negative,0.7122493386268616,14,"{'neutral': 0.5350769758224487, 'surprise': 0.15654690563678741, 'anger': 0.14649435877799988, 'joy': 0.09212513267993927, 'sadness': 0.04293152317404747, 'disgust': 0.01882963813841343, 'fear': 0.007995488122105598, 'joy_linguistic': 1.2, 'neutral_linguistic': 1.2, 'joy_sentence_count': 1, 'neutral_sentence_count': 1}",0.5350769758224487,0.15654690563678741,0.09212513267993927,0.14649435877799988,0.04293152317404747,0.01882963813841343,0.007995488122105598,1.2,0.0,1.2,0.0,0.0,0.0,0.0,1.0,0.0,1.0,0.0,0.0,0.0,0.0,neutral
ONLY RELEVANT STATISTIC IN VIDEO WAS FINLAND HAS 1:40 STUDENTS FROM IMMIGRANT PARENTS VS 1:5 FOR USA. IF YOU COMPARE APPLES TO APPLES WE DO FAR BETTER THAN FINLAND SCHOOLS.  CHILDREN OF FINNISH PARENTS IN AMERICA DO BETTER THAN CHILDREN IN FINLAND.  THEY ACHIEVE MORE IN THEIR CAREERS AS WELL.,398,relevant statistic video finland students immigrant parents usa compare apples apples far better finland schools children finnish parents america better children finland achieve careers well,positive,0.5447278618812561,0,"{'joy': 0.7621369957923889, 'neutral': 0.13477091491222382, 'surprise': 0.0815889909863472, 'sadness': 0.01333625614643097, 'anger': 0.006209122482687235, 'fear': 0.0013099147472530603, 'disgust': 0.000647788867354393, 'love_linguistic': 1.0, 'love_sentence_count': 1}",0.13477091491222382,0.0815889909863472,0.7621369957923889,0.006209122482687235,0.01333625614643097,0.000647788867354393,0.0013099147472530603,0.0,0.0,0.0,0.0,0.0,0.0,0.0,0.0,0.0,0.0,0.0,0.0,0.0,0.0,joy
What was that police officer was ding in the classroom????!!!!!,400,police officer ding classroom,negative,0.7103947997093201,19,"{'disgust': 0.3368806540966034, 'neutral': 0.19001014530658722, 'sadness': 0.18172228336334229, 'anger': 0.16261693835258484, 'surprise': 0.09943634271621704, 'fear': 0.02528589963912964, 'joy': 0.0040476503781974316}",0.19001014530658722,0.09943634271621704,0.0040476503781974316,0.16261693835258484,0.18172228336334229,0.3368806540966034,0.02528589963912964,0.0,0.0,0.0,0.0,0.0,0.0,0.0,0.0,0.0,0.0,0.0,0.0,0.0,0.0,disgust
No Child Left Behind Act is another bullshit law to help an administration. In Finland they are homogeneous society. You have to remember how much most people hate each other in the United States. We are a really divided country.,401,child left behind act another bullshit law help administration finland homogeneous society remember much people hate united states really divided country,negative,0.9412690997123718,-1,"{'anger': 0.9283615350723267, 'disgust': 0.024483729153871536, 'neutral': 0.018221352249383926, 'sadness': 0.012635767459869385, 'fear': 0.007836505770683289, 'surprise': 0.004766790196299553, 'joy': 0.003694415558129549, 'neutral_linguistic': 1.2, 'neutral_sentence_count': 1}",0.018221352249383926,0.004766790196299553,0.003694415558129549,0.9283615350723267,0.012635767459869385,0.024483729153871536,0.007836505770683289,1.2,0.0,0.0,0.0,0.0,0.0,0.0,1.0,0.0,0.0,0.0,0.0,0.0,0.0,anger
Leafy mondays through friday. my family is just ethnic af. My grandma is Filipino and my grandpa is  mexican( dads side) and My grandma is jamaican and my grandpa is german on my moms side so i know all of their native languages plus english.,402,leafy mondays friday family ethnic grandma filipino grandpa mexican dads side grandma jamaican grandpa german moms side know native languages plus english,neutral,0.6937485933303833,-1,"{'joy': 0.5961067080497742, 'surprise': 0.21190887689590454, 'neutral': 0.14361675083637238, 'sadness': 0.0422663539648056, 'anger': 0.004350900650024414, 'fear': 0.0010984535329043865, 'disgust': 0.0006518918089568615}",0.14361675083637238,0.21190887689590454,0.5961067080497742,0.004350900650024414,0.0422663539648056,0.0006518918089568615,0.0010984535329043865,0.0,0.0,0.0,0.0,0.0,0.0,0.0,0.0,0.0,0.0,0.0,0.0,0.0,0.0,joy
@… I need to wake up at 6 30,403,need wake,neutral,0.8999565243721008,-1,,,,,,,,,,,,,,,,,,,,,,,
"can i move🤣

that sounds amazing because of no testing and SO MANY other things",404,move sounds amazing testing many things,positive,0.760489284992218,29,"{'joy': 0.5258371829986572, 'surprise': 0.38604113459587097, 'neutral': 0.06836733222007751, 'fear': 0.007716979831457138, 'sadness': 0.00534730264917016, 'anger': 0.005217420402914286, 'disgust': 0.001472605625167489, 'joy_linguistic': 1.0, 'surprise_linguistic': 1.0, 'joy_sentence_count': 1, 'surprise_sentence_count': 1}",0.06836733222007751,0.38604113459587097,0.5258371829986572,0.005217420402914286,0.00534730264917016,0.001472605625167489,0.007716979831457138,0.0,1.0,1.0,0.0,0.0,0.0,0.0,0.0,1.0,1.0,0.0,0.0,0.0,0.0,joy
@…  they only give you respect because if they don't they'll be punished. The reality is they probably still hate that person and if they can stab in the back they will. Punishments are most of the time useless. Kind of like school detentions for not doing your homework. Nothing changes afterwards,405,give respect dont theyll punished reality probably still hate person stab back punishments time useless kind like school detentions homework nothing changes afterwards,negative,0.9132837653160095,4,"{'anger': 0.8496432900428772, 'sadness': 0.07486458867788315, 'disgust': 0.034931082278490067, 'neutral': 0.03017468750476837, 'joy': 0.004590390715748072, 'surprise': 0.0031164209358394146, 'fear': 0.0026795221492648125, 'neutral_linguistic': 0.5, 'sadness_linguistic': 1.0, 'love_sentence_count': 1, 'neutral_sentence_count': 1}",0.03017468750476837,0.0031164209358394146,0.004590390715748072,0.8496432900428772,0.07486458867788315,0.034931082278490067,0.0026795221492648125,0.5,0.0,0.0,0.0,1.0,0.0,0.0,1.0,0.0,0.0,0.0,0.0,0.0,0.0,anger
I'm 12 I'm British and I wish I was in Finland Schools Here are terrible we have to wear school uniforms and less respect,406,british wish finland schools terrible wear school uniforms less respect,negative,0.9023839235305786,0,"{'fear': 0.9088879823684692, 'sadness': 0.07471206784248352, 'joy': 0.00535930460318923, 'anger': 0.004391323775053024, 'surprise': 0.002990992506965995, 'neutral': 0.0029376146849244833, 'disgust': 0.0007207242888398468, 'fear_linguistic': 1.0, 'disgust_linguistic': 1.0, 'love_linguistic': 1.0, 'fear_sentence_count': 1, 'disgust_sentence_count': 1, 'love_sentence_count': 1}",0.0029376146849244833,0.002990992506965995,0.00535930460318923,0.004391323775053024,0.07471206784248352,0.0007207242888398468,0.9088879823684692,0.0,0.0,0.0,0.0,0.0,1.0,1.0,0.0,0.0,0.0,0.0,0.0,1.0,1.0,fear
"@…  Of course come here! The point in my last comment is that private schools aren't any better, because even the public schools are so good. And of course come here it's a great experience and I'm sure you will like it.",407,course come point last comment private schools arent better even public schools good course come great experience sure like,positive,0.9399102926254272,45,"{'joy': 0.4493432343006134, 'neutral': 0.37288641929626465, 'surprise': 0.1312393695116043, 'sadness': 0.03567066788673401, 'anger': 0.006355213467031717, 'fear': 0.002557227620854974, 'disgust': 0.001947948127053678, 'joy_linguistic': 1.0, 'joy_sentence_count': 1}",0.37288641929626465,0.1312393695116043,0.4493432343006134,0.006355213467031717,0.03567066788673401,0.001947948127053678,0.002557227620854974,0.0,0.0,1.0,0.0,0.0,0.0,0.0,0.0,0.0,1.0,0.0,0.0,0.0,0.0,joy
@…  i think he means midnight😉,408,think means midnight,neutral,0.8192945718765259,20,"{'neutral': 0.808546245098114, 'surprise': 0.11584196239709854, 'sadness': 0.03950383514165878, 'joy': 0.013530498370528221, 'fear': 0.009655104950070381, 'anger': 0.00923611968755722, 'disgust': 0.003686289768666029, 'anger_linguistic': 1.0, 'anger_sentence_count': 1}",0.808546245098114,0.11584196239709854,0.013530498370528221,0.00923611968755722,0.03950383514165878,0.003686289768666029,0.009655104950070381,0.0,0.0,0.0,1.0,0.0,0.0,0.0,0.0,0.0,0.0,1.0,0.0,0.0,0.0,neutral
"Blacks with same amount of education and access to resources  same as middle-class whites will perform same.

Funny enough, subsaharan African immigrant children perform better than all other races of people in the US.

Funny enough, the gop is against most of the Finnish policies in terms of education, healthcare etc. Even worse is hat the majority of people who fight against their own interests are white republicans. 

Not so smart eh?

About 90% of america was white for a long time.

Can't blame minorities for the level of ignorance, stupidity in the US.",410,blacks amount education access resources middleclass whites perform funny enough subsaharan african immigrant children perform better races people funny enough gop finnish policies terms education healthcare etc even worse hat majority people fight interests white republicans smart america white long time cant blame minorities level ignorance stupidity,neutral,0.7798822820186615,6,"{'joy': 0.5234858989715576, 'neutral': 0.1638219803571701, 'surprise': 0.13526013493537903, 'anger': 0.13399748504161835, 'sadness': 0.02309584990143776, 'disgust': 0.01852281577885151, 'fear': 0.001815792522393167, 'joy_linguistic': 1.0, 'love_linguistic': 1.0, 'joy_sentence_count': 1, 'love_sentence_count': 1}",0.1638219803571701,0.13526013493537903,0.5234858989715576,0.13399748504161835,0.02309584990143776,0.01852281577885151,0.001815792522393167,0.0,0.0,1.0,0.0,0.0,0.0,0.0,0.0,0.0,1.0,0.0,0.0,0.0,0.0,joy
shocking huh,412,shocking huh,negative,0.6551938056945801,44,"{'surprise': 0.9176821708679199, 'fear': 0.04728833958506584, 'neutral': 0.014280171133577824, 'disgust': 0.010940940119326115, 'anger': 0.004625800997018814, 'sadness': 0.003164578229188919, 'joy': 0.002018011175096035, 'disgust_linguistic': 1.0, 'disgust_sentence_count': 1}",0.014280171133577824,0.9176821708679199,0.002018011175096035,0.004625800997018814,0.003164578229188919,0.010940940119326115,0.04728833958506584,0.0,0.0,0.0,0.0,0.0,1.0,0.0,0.0,0.0,0.0,0.0,0.0,1.0,0.0,surprise
US budget is like 100x bigger so they should have no issue improving the school system.,413,budget like bigger issue improving school system,neutral,0.5704757571220398,16,"{'surprise': 0.4160274267196655, 'sadness': 0.2972570061683655, 'neutral': 0.16486284136772156, 'anger': 0.06629232317209244, 'joy': 0.038792405277490616, 'fear': 0.0131538612768054, 'disgust': 0.0036141362506896257}",0.16486284136772156,0.4160274267196655,0.038792405277490616,0.06629232317209244,0.2972570061683655,0.0036141362506896257,0.0131538612768054,0.0,0.0,0.0,0.0,0.0,0.0,0.0,0.0,0.0,0.0,0.0,0.0,0.0,0.0,surprise
"What I get from this, primarily, is that the position of responsibility and power (teachers) are given the respect, money, and leeway to teach in accordance with best practices, and the entire nation follows suit to that? Hmm, I wonder how hard that'd be to implement here in the US?",414,get primarily position responsibility power teachers given respect money leeway teach accordance best practices entire nation follows suit hmm wonder hard thatd implement,neutral,0.7581849098205566,4,"{'surprise': 0.8861521482467651, 'neutral': 0.059897299855947495, 'joy': 0.028834521770477295, 'sadness': 0.014868438243865967, 'anger': 0.006679978221654892, 'fear': 0.0030111216474324465, 'disgust': 0.0005564573220908642, 'sadness_linguistic': 1.0, 'surprise_linguistic': 1.0, 'love_linguistic': 1.0, 'sadness_sentence_count': 1, 'surprise_sentence_count': 1, 'love_sentence_count': 1}",0.059897299855947495,0.8861521482467651,0.028834521770477295,0.006679978221654892,0.014868438243865967,0.0005564573220908642,0.0030111216474324465,0.0,1.0,0.0,0.0,1.0,0.0,0.0,0.0,1.0,0.0,0.0,1.0,0.0,0.0,surprise
The thumbnail tho,415,thumbnail tho,neutral,0.6254829168319702,12,"{'neutral': 0.7222522497177124, 'disgust': 0.10646405071020126, 'surprise': 0.0697639212012291, 'sadness': 0.06912756711244583, 'anger': 0.013285416178405285, 'joy': 0.00977123249322176, 'fear': 0.009335591457784176}",0.7222522497177124,0.0697639212012291,0.00977123249322176,0.013285416178405285,0.06912756711244583,0.10646405071020126,0.009335591457784176,0.0,0.0,0.0,0.0,0.0,0.0,0.0,0.0,0.0,0.0,0.0,0.0,0.0,0.0,neutral
"If you want a good quality education and are ready to work for it, then yes. Welcome! :)",417,want good quality education ready work yes welcome,positive,0.9343230128288269,1,"{'neutral': 0.7911558151245117, 'surprise': 0.06723830103874207, 'joy': 0.062034692615270615, 'sadness': 0.05330977588891983, 'fear': 0.01525426097214222, 'anger': 0.009016303345561028, 'disgust': 0.001990892691537738}",0.7911558151245117,0.06723830103874207,0.062034692615270615,0.009016303345561028,0.05330977588891983,0.001990892691537738,0.01525426097214222,0.0,0.0,0.0,0.0,0.0,0.0,0.0,0.0,0.0,0.0,0.0,0.0,0.0,0.0,neutral
"@…  maybe, but i don't know him/her in person so i don't know if it's true or not.",418,maybe dont know himher person dont know true,neutral,0.6199949383735657,17,"{'neutral': 0.8256485462188721, 'surprise': 0.11203738301992416, 'sadness': 0.037048060446977615, 'anger': 0.009715072810649872, 'disgust': 0.007265484891831875, 'fear': 0.004346453584730625, 'joy': 0.003939046058803797, 'neutral_linguistic': 2.0, 'neutral_sentence_count': 1}",0.8256485462188721,0.11203738301992416,0.003939046058803797,0.009715072810649872,0.037048060446977615,0.007265484891831875,0.004346453584730625,2.0,0.0,0.0,0.0,0.0,0.0,0.0,1.0,0.0,0.0,0.0,0.0,0.0,0.0,neutral
Finland isn’t socialist 😂 it’s a social republic,419,finland isnt socialist social republic,neutral,0.6818586587905884,14,"{'neutral': 0.5417964458465576, 'sadness': 0.2738713324069977, 'surprise': 0.1290058195590973, 'joy': 0.021309541538357735, 'anger': 0.018624356016516685, 'disgust': 0.008654836565256119, 'fear': 0.006737607065588236}",0.5417964458465576,0.1290058195590973,0.021309541538357735,0.018624356016516685,0.2738713324069977,0.008654836565256119,0.006737607065588236,0.0,0.0,0.0,0.0,0.0,0.0,0.0,0.0,0.0,0.0,0.0,0.0,0.0,0.0,neutral
The future is for the babys,420,future babys,positive,0.6371843218803406,31,"{'neutral': 0.8770190477371216, 'sadness': 0.050513774156570435, 'disgust': 0.03327855467796326, 'anger': 0.017197804525494576, 'surprise': 0.008489592000842094, 'joy': 0.0075069693848490715, 'fear': 0.005994319915771484}",0.8770190477371216,0.008489592000842094,0.0075069693848490715,0.017197804525494576,0.050513774156570435,0.03327855467796326,0.005994319915771484,0.0,0.0,0.0,0.0,0.0,0.0,0.0,0.0,0.0,0.0,0.0,0.0,0.0,0.0,neutral
@…  yeah considering the suicide rates that cone along with all the stress,422,yeah considering suicide rates cone along stress,negative,0.6527973413467407,21,"{'sadness': 0.5466987490653992, 'neutral': 0.30801188945770264, 'fear': 0.07949432730674744, 'anger': 0.02171098254621029, 'surprise': 0.018382400274276733, 'disgust': 0.016466621309518814, 'joy': 0.009234973229467869}",0.30801188945770264,0.018382400274276733,0.009234973229467869,0.02171098254621029,0.5466987490653992,0.016466621309518814,0.07949432730674744,0.0,0.0,0.0,0.0,0.0,0.0,0.0,0.0,0.0,0.0,0.0,0.0,0.0,0.0,sadness
USA is commonly referred to as America in general. Ask almost anyone in the World outside USA. That's why people who belong to USA are called Americans.,423,usa commonly referred america general ask almost anyone world outside usa thats people belong usa called americans,neutral,0.8234058618545532,5,"{'neutral': 0.7798126935958862, 'surprise': 0.16804538667201996, 'joy': 0.023468932136893272, 'sadness': 0.012571034952998161, 'anger': 0.010101355612277985, 'fear': 0.004817090928554535, 'disgust': 0.0011836093617603183, 'neutral_linguistic': 1.0, 'neutral_sentence_count': 1}",0.7798126935958862,0.16804538667201996,0.023468932136893272,0.010101355612277985,0.012571034952998161,0.0011836093617603183,0.004817090928554535,1.0,0.0,0.0,0.0,0.0,0.0,0.0,1.0,0.0,0.0,0.0,0.0,0.0,0.0,neutral
it is wole world problem not only Indians. same in USA,424,wole world problem indians usa,negative,0.8111382126808167,32,"{'neutral': 0.5560968518257141, 'sadness': 0.2883051633834839, 'anger': 0.0497509241104126, 'surprise': 0.0473795011639595, 'fear': 0.03125093877315521, 'joy': 0.02227313630282879, 'disgust': 0.00494344811886549}",0.5560968518257141,0.0473795011639595,0.02227313630282879,0.0497509241104126,0.2883051633834839,0.00494344811886549,0.03125093877315521,0.0,0.0,0.0,0.0,0.0,0.0,0.0,0.0,0.0,0.0,0.0,0.0,0.0,0.0,neutral
@… molayal not only Indians.. but the whole world problem. You indians didn't went out of country  thats why you people aer saying this,425,molayal indians whole world problem indians didnt went country thats people aer saying,negative,0.7104737162590027,41,"{'sadness': 0.5222137570381165, 'surprise': 0.2709628939628601, 'neutral': 0.15555374324321747, 'anger': 0.026552006602287292, 'joy': 0.01431202795356512, 'fear': 0.007880385033786297, 'disgust': 0.002525240182876587}",0.15555374324321747,0.2709628939628601,0.01431202795356512,0.026552006602287292,0.5222137570381165,0.002525240182876587,0.007880385033786297,0.0,0.0,0.0,0.0,0.0,0.0,0.0,0.0,0.0,0.0,0.0,0.0,0.0,0.0,sadness
Izuku Midoriya I had to learn Spanish and there was a class on French. I did not have an opportunity to learn anything else at school. It must be so amazing to have the choice on which languages you learned.,427,izuku midoriya learn spanish class french opportunity learn anything else school must amazing choice languages learned,positive,0.5062344670295715,-1,"{'surprise': 0.7061318755149841, 'neutral': 0.17995841801166534, 'joy': 0.09557082504034042, 'sadness': 0.006369187030941248, 'anger': 0.005644471384584904, 'fear': 0.005341958720237017, 'disgust': 0.0009832368232309818, 'joy_linguistic': 1.0, 'surprise_linguistic': 1.0, 'joy_sentence_count': 1, 'surprise_sentence_count': 1}",0.17995841801166534,0.7061318755149841,0.09557082504034042,0.005644471384584904,0.006369187030941248,0.0009832368232309818,0.005341958720237017,0.0,1.0,1.0,0.0,0.0,0.0,0.0,0.0,1.0,1.0,0.0,0.0,0.0,0.0,surprise
I do agree that the health care is very good😊,429,agree health care good,positive,0.9729653000831604,-1,"{'neutral': 0.4006159007549286, 'joy': 0.38525378704071045, 'sadness': 0.07582120597362518, 'anger': 0.07081840932369232, 'surprise': 0.055827558040618896, 'disgust': 0.006471037864685059, 'fear': 0.005192087963223457, 'love_linguistic': 1.0, 'love_sentence_count': 1}",0.4006159007549286,0.055827558040618896,0.38525378704071045,0.07081840932369232,0.07582120597362518,0.006471037864685059,0.005192087963223457,0.0,0.0,0.0,0.0,0.0,0.0,0.0,0.0,0.0,0.0,0.0,0.0,0.0,0.0,neutral
"@…  no like loving our own soul, u have heard Lose you to love me?",430,like loving soul heard lose love,neutral,0.7655255794525146,25,"{'sadness': 0.9851852655410767, 'neutral': 0.004615458194166422, 'surprise': 0.004539267625659704, 'anger': 0.0021055410616099834, 'fear': 0.0016977442428469658, 'joy': 0.0010387885849922895, 'disgust': 0.0008178715361282229, 'joy_linguistic': 1.0, 'love_linguistic': 1.0, 'joy_sentence_count': 1, 'love_sentence_count': 1}",0.004615458194166422,0.004539267625659704,0.0010387885849922895,0.0021055410616099834,0.9851852655410767,0.0008178715361282229,0.0016977442428469658,0.0,0.0,1.0,0.0,0.0,0.0,0.0,0.0,0.0,1.0,0.0,0.0,0.0,0.0,sadness
"@…  education, prisons, looks

It’s better than the US getting nothing right",431,education prisons looks better getting nothing right,negative,0.5952077507972717,-1,"{'disgust': 0.35118815302848816, 'sadness': 0.31627222895622253, 'neutral': 0.23958717286586761, 'anger': 0.0571422204375267, 'surprise': 0.02061052992939949, 'fear': 0.010701400227844715, 'joy': 0.004498254973441362}",0.23958717286586761,0.02061052992939949,0.004498254973441362,0.0571422204375267,0.31627222895622253,0.35118815302848816,0.010701400227844715,0.0,0.0,0.0,0.0,0.0,0.0,0.0,0.0,0.0,0.0,0.0,0.0,0.0,0.0,disgust
Yea the political systems and everything is pretty much different. I hope America can at least make their education system work somehow in their own way cuz it ain't looking good.,432,yea political systems everything pretty much different hope america least make education system work somehow way cuz aint looking good,negative,0.8719048500061035,1,"{'neutral': 0.44899502396583557, 'joy': 0.3089263141155243, 'surprise': 0.14463479816913605, 'sadness': 0.0808376893401146, 'anger': 0.011040673591196537, 'fear': 0.0036640153266489506, 'disgust': 0.0019015135476365685}",0.44899502396583557,0.14463479816913605,0.3089263141155243,0.011040673591196537,0.0808376893401146,0.0019015135476365685,0.0036640153266489506,0.0,0.0,0.0,0.0,0.0,0.0,0.0,0.0,0.0,0.0,0.0,0.0,0.0,0.0,neutral
Mark Armage U.S policies allow big companies to pay much less taxes than other countries. Also i would argue that it’s much more important to have an educated youth than having a big private company (or a couple of them),433,mark armage policies allow big companies pay much less taxes countries also would argue much important educated youth big private company couple,neutral,0.6338074803352356,-1,"{'neutral': 0.7790330052375793, 'surprise': 0.09743225574493408, 'joy': 0.08053844422101974, 'anger': 0.026817135512828827, 'sadness': 0.00863915216177702, 'disgust': 0.004760938696563244, 'fear': 0.0027791266329586506, 'sadness_linguistic': 1.0, 'neutral_linguistic': 1.0, 'sadness_sentence_count': 1, 'neutral_sentence_count': 1}",0.7790330052375793,0.09743225574493408,0.08053844422101974,0.026817135512828827,0.00863915216177702,0.004760938696563244,0.0027791266329586506,1.0,0.0,0.0,0.0,1.0,0.0,0.0,1.0,0.0,0.0,0.0,1.0,0.0,0.0,neutral
guys they have the best education because they dont actually exist,434,guys best education dont actually exist,positive,0.3921980857849121,-1,"{'neutral': 0.47553473711013794, 'surprise': 0.31025850772857666, 'sadness': 0.1842017024755478, 'anger': 0.011217603459954262, 'disgust': 0.010139169171452522, 'joy': 0.004885611589998007, 'fear': 0.0037626128178089857, 'neutral_linguistic': 1.0, 'neutral_sentence_count': 1}",0.47553473711013794,0.31025850772857666,0.004885611589998007,0.011217603459954262,0.1842017024755478,0.010139169171452522,0.0037626128178089857,1.0,0.0,0.0,0.0,0.0,0.0,0.0,1.0,0.0,0.0,0.0,0.0,0.0,0.0,neutral
God that sounded dumb...,435,god sounded dumb,negative,0.9068422317504883,12,"{'surprise': 0.6029987335205078, 'disgust': 0.1659896969795227, 'sadness': 0.13380488753318787, 'anger': 0.04969829320907593, 'fear': 0.03293270245194435, 'neutral': 0.012158715166151524, 'joy': 0.0024169350508600473}",0.012158715166151524,0.6029987335205078,0.0024169350508600473,0.04969829320907593,0.13380488753318787,0.1659896969795227,0.03293270245194435,0.0,0.0,0.0,0.0,0.0,0.0,0.0,0.0,0.0,0.0,0.0,0.0,0.0,0.0,surprise
"Mandatory education is about to be increased by three more years, since it's becoming increasingly obvious that amount of education isn't enough in todays world.",436,mandatory education increased three years since becoming increasingly obvious amount education isnt enough todays world,negative,0.540318489074707,1,"{'surprise': 0.40896567702293396, 'neutral': 0.3559885323047638, 'joy': 0.14218464493751526, 'sadness': 0.06523796170949936, 'anger': 0.020707406103610992, 'fear': 0.004339992068707943, 'disgust': 0.0025758014526218176}",0.3559885323047638,0.40896567702293396,0.14218464493751526,0.020707406103610992,0.06523796170949936,0.0025758014526218176,0.004339992068707943,0.0,0.0,0.0,0.0,0.0,0.0,0.0,0.0,0.0,0.0,0.0,0.0,0.0,0.0,surprise
I just came here after watching how is the education system in East Asia specifically South Korea and China.,438,came watching education system east asia specifically south korea china,neutral,0.8497081995010376,21,"{'surprise': 0.3566916584968567, 'neutral': 0.3001473546028137, 'joy': 0.19341570138931274, 'sadness': 0.12193810939788818, 'fear': 0.013665526174008846, 'anger': 0.012922827154397964, 'disgust': 0.0012187875108793378}",0.3001473546028137,0.3566916584968567,0.19341570138931274,0.012922827154397964,0.12193810939788818,0.0012187875108793378,0.013665526174008846,0.0,0.0,0.0,0.0,0.0,0.0,0.0,0.0,0.0,0.0,0.0,0.0,0.0,0.0,surprise
wtf is hasan doing here,440,wtf hasan,negative,0.7489748597145081,-1,,,,,,,,,,,,,,,,,,,,,,,
Lol i am in India & there's no laptop for mid class students like me. Al i have is a nokia smartphone,442,lol india theres laptop mid class students like nokia smartphone,negative,0.5316435694694519,9,"{'surprise': 0.3936861455440521, 'joy': 0.27458512783050537, 'neutral': 0.2629503011703491, 'sadness': 0.06075090914964676, 'anger': 0.0053909700363874435, 'fear': 0.0018763274420052767, 'disgust': 0.0007601873367093503}",0.2629503011703491,0.3936861455440521,0.27458512783050537,0.0053909700363874435,0.06075090914964676,0.0007601873367093503,0.0018763274420052767,0.0,0.0,0.0,0.0,0.0,0.0,0.0,0.0,0.0,0.0,0.0,0.0,0.0,0.0,surprise
6.they can,443,,neutral,0.7541772723197937,-1,,,,,,,,,,,,,,,,,,,,,,,
"Also, Finland is the land of My summer car.",444,also finland land summer car,neutral,0.5644940733909607,0,"{'neutral': 0.5258936285972595, 'joy': 0.20906807482242584, 'surprise': 0.15000876784324646, 'sadness': 0.10630600899457932, 'anger': 0.005505491979420185, 'fear': 0.002323622116819024, 'disgust': 0.0008943622815422714, 'neutral_linguistic': 1.0, 'neutral_sentence_count': 1}",0.5258936285972595,0.15000876784324646,0.20906807482242584,0.005505491979420185,0.10630600899457932,0.0008943622815422714,0.002323622116819024,1.0,0.0,0.0,0.0,0.0,0.0,0.0,1.0,0.0,0.0,0.0,0.0,0.0,0.0,neutral
@…  not as wonderful as everyone makes it sound😔,445,wonderful everyone makes sound,negative,0.8299772143363953,25,"{'surprise': 0.8118742108345032, 'joy': 0.13137014210224152, 'neutral': 0.03294103965163231, 'sadness': 0.012231968343257904, 'fear': 0.00657627172768116, 'anger': 0.003994309809058905, 'disgust': 0.0010120875667780638, 'joy_linguistic': 1.0, 'surprise_linguistic': 1.0, 'love_linguistic': 1.0, 'joy_sentence_count': 1, 'surprise_sentence_count': 1, 'love_sentence_count': 1}",0.03294103965163231,0.8118742108345032,0.13137014210224152,0.003994309809058905,0.012231968343257904,0.0010120875667780638,0.00657627172768116,0.0,1.0,1.0,0.0,0.0,0.0,0.0,0.0,1.0,1.0,0.0,0.0,0.0,0.0,surprise
"@…  Exactly the conditions are more worst if you didn't get good marks, here every individuals think the only way to earn money is to get good job (basically they teach you How to be good servant) and that too Okay but whatever they teach you in school is just useless, they will only provide book knowledge (jo kabhi life me kaam hi nhi aata) they are just wasting the life of children either teach us some practical things which we can use in our future to earn some money, almost every student suffer from this shit",446,exactly conditions worst didnt get good marks every individuals think way earn money get good job basically teach good servant okay whatever teach school useless provide book knowledge kabhi life kaam nhi aata wasting life children either teach practical things use future earn money almost every student suffer shit,negative,0.8408711552619934,-1,"{'sadness': 0.6149283647537231, 'anger': 0.23168104887008667, 'disgust': 0.0819183811545372, 'joy': 0.04398012161254883, 'neutral': 0.019718367606401443, 'surprise': 0.0042182449251413345, 'fear': 0.0035553837660700083, 'neutral_linguistic': 1.0, 'neutral_sentence_count': 1}",0.019718367606401443,0.0042182449251413345,0.04398012161254883,0.23168104887008667,0.6149283647537231,0.0819183811545372,0.0035553837660700083,1.0,0.0,0.0,0.0,0.0,0.0,0.0,1.0,0.0,0.0,0.0,0.0,0.0,0.0,neutral
help each other subs now!!! ​,447,help subs,positive,0.5427437424659729,-1,,,,,,,,,,,,,,,,,,,,,,,
@…  you disgust me. Saying all the finnish people are the same? Drunk people and not nice? Do you also think all of the germans as nazis? You sound pretty racist for a cop. I don't know what you've experienced in your life but you have no right to call finnish people rude or drunk when you don't sound very sober or kind either. You don't even know how to use periods or commas. How did you even pass school with this bad grammar? Are you really a police or just some kid trolling?,448,disgust saying finnish people drunk people nice also think germans nazis sound pretty racist cop dont know youve experienced life right call finnish people rude drunk dont sound sober kind either dont even know use periods commas even pass school bad grammar really police kid trolling,negative,0.9377093315124512,-1,"{'disgust': 0.5439029335975647, 'anger': 0.42133885622024536, 'sadness': 0.014331604354083538, 'neutral': 0.007081387564539909, 'fear': 0.006667814217507839, 'surprise': 0.004819677677005529, 'joy': 0.001857697730883956, 'sadness_linguistic': 1.2, 'anger_linguistic': 2.4, 'neutral_linguistic': 2.4, 'sadness_sentence_count': 1, 'anger_sentence_count': 1, 'neutral_sentence_count': 1}",0.007081387564539909,0.004819677677005529,0.001857697730883956,0.42133885622024536,0.014331604354083538,0.5439029335975647,0.006667814217507839,2.4,0.0,0.0,2.4,1.2,0.0,0.0,1.0,0.0,0.0,1.0,1.0,0.0,0.0,anger
"It also keeps kids and future adults dumb, in turn giving more money to the rich and powerful",450,also keeps kids future adults dumb turn giving money rich powerful,negative,0.8131271004676819,16,"{'anger': 0.5872347354888916, 'disgust': 0.19233541190624237, 'neutral': 0.1016450747847557, 'sadness': 0.0936683639883995, 'joy': 0.012591307982802391, 'surprise': 0.009401352144777775, 'fear': 0.0031237362418323755, 'neutral_linguistic': 1.0, 'neutral_sentence_count': 1}",0.1016450747847557,0.009401352144777775,0.012591307982802391,0.5872347354888916,0.0936683639883995,0.19233541190624237,0.0031237362418323755,1.0,0.0,0.0,0.0,0.0,0.0,0.0,1.0,0.0,0.0,0.0,0.0,0.0,0.0,neutral
How is it overrated,452,overrated,negative,0.6822251081466675,-1,,,,,,,,,,,,,,,,,,,,,,,
"*learn, well i hope you can improve ur english! :)",453,learn well hope improve english,positive,0.934117317199707,-1,"{'neutral': 0.9379662275314331, 'joy': 0.020919455215334892, 'sadness': 0.014696885831654072, 'surprise': 0.010202273726463318, 'fear': 0.00760650122538209, 'anger': 0.00476989708840847, 'disgust': 0.0038387924432754517}",0.9379662275314331,0.010202273726463318,0.020919455215334892,0.00476989708840847,0.014696885831654072,0.0038387924432754517,0.00760650122538209,0.0,0.0,0.0,0.0,0.0,0.0,0.0,0.0,0.0,0.0,0.0,0.0,0.0,0.0,neutral
"@…  naw my man not when the teacher is too lazy to teach anything, you don't learn anything, then you fail the test and in the next grade the next teachers blame you for not knowing any of the stuff you were supposed to. know",454,naw man teacher lazy teach anything dont learn anything fail test next grade next teachers blame knowing stuff supposed know,negative,0.8853154182434082,4,"{'sadness': 0.5992106795310974, 'anger': 0.20750345289707184, 'disgust': 0.1455761194229126, 'neutral': 0.028330916538834572, 'surprise': 0.0092718955129385, 'fear': 0.0056545366533100605, 'joy': 0.004452401306480169}",0.028330916538834572,0.0092718955129385,0.004452401306480169,0.20750345289707184,0.5992106795310974,0.1455761194229126,0.0056545366533100605,0.0,0.0,0.0,0.0,0.0,0.0,0.0,0.0,0.0,0.0,0.0,0.0,0.0,0.0,sadness
"stefanieastrid and unlike you, I didn’t claim to be an expert in the language. After all, it isn’t my native language. However, when I do write or speak it, I prefer to do my utmost to do it right. Can’t say the same for you though. And to quote one of my favourites, somewhere out there, there’s a tree whose single purpose on Earth is to replace the oxygen you waste. Go find it and apologize.",455,stefanieastrid unlike didnt claim expert language isnt native language however write speak prefer utmost right cant say though quote one favourites somewhere theres tree whose single purpose earth replace oxygen waste find apologize,neutral,0.6189894080162048,22,"{'sadness': 0.5337449312210083, 'neutral': 0.3417128026485443, 'surprise': 0.06200937181711197, 'joy': 0.04619113355875015, 'anger': 0.01162976585328579, 'disgust': 0.002728385617956519, 'fear': 0.001983572728931904, 'neutral_linguistic': 1.0, 'neutral_sentence_count': 1}",0.3417128026485443,0.06200937181711197,0.04619113355875015,0.01162976585328579,0.5337449312210083,0.002728385617956519,0.001983572728931904,1.0,0.0,0.0,0.0,0.0,0.0,0.0,1.0,0.0,0.0,0.0,0.0,0.0,0.0,neutral
"@…  keep it up dear, haven't seen such an obtuse person in such a long time. Thank you for providing amusement at your expense. Not many adults can do that these days😊",456,keep dear havent seen obtuse person long time thank providing amusement expense many adults days,positive,0.7434484958648682,30,"{'joy': 0.9379218816757202, 'neutral': 0.02174743451178074, 'surprise': 0.020125798881053925, 'sadness': 0.013555399142205715, 'anger': 0.004917296115309, 'disgust': 0.0012645163806155324, 'fear': 0.000467710749944672, 'love_linguistic': 1.0, 'love_sentence_count': 1}",0.02174743451178074,0.020125798881053925,0.9379218816757202,0.004917296115309,0.013555399142205715,0.0012645163806155324,0.000467710749944672,0.0,0.0,0.0,0.0,0.0,0.0,0.0,0.0,0.0,0.0,0.0,0.0,0.0,0.0,joy
Pumped up kicks started playing,458,pumped kicks started playing,neutral,0.7676334977149963,8,"{'neutral': 0.7023299932479858, 'surprise': 0.1818067580461502, 'joy': 0.055824458599090576, 'anger': 0.037111006677150726, 'sadness': 0.01023299153894186, 'fear': 0.007192088291049004, 'disgust': 0.00550262164324522}",0.7023299932479858,0.1818067580461502,0.055824458599090576,0.037111006677150726,0.01023299153894186,0.00550262164324522,0.007192088291049004,0.0,0.0,0.0,0.0,0.0,0.0,0.0,0.0,0.0,0.0,0.0,0.0,0.0,0.0,neutral
"UAE is trying a take on this
If they succeed with executing this plan, they will rival or take finland's spot",459,uae trying take succeed executing plan rival take finlands spot,neutral,0.7119693756103516,0,"{'neutral': 0.7495349049568176, 'surprise': 0.10665132850408554, 'joy': 0.0863402783870697, 'sadness': 0.03405509144067764, 'anger': 0.016954664140939713, 'fear': 0.004988519009202719, 'disgust': 0.001475237775593996}",0.7495349049568176,0.10665132850408554,0.0863402783870697,0.016954664140939713,0.03405509144067764,0.001475237775593996,0.004988519009202719,0.0,0.0,0.0,0.0,0.0,0.0,0.0,0.0,0.0,0.0,0.0,0.0,0.0,0.0,neutral
@… it's actually better than most of the third world education system,460,actually better third world education system,positive,0.6448459029197693,1,"{'surprise': 0.5632416009902954, 'neutral': 0.32758262753486633, 'joy': 0.07217678427696228, 'anger': 0.01758527383208275, 'sadness': 0.011935107409954071, 'disgust': 0.0052876342087984085, 'fear': 0.0021909193601459265, 'neutral_linguistic': 1.0, 'neutral_sentence_count': 1}",0.32758262753486633,0.5632416009902954,0.07217678427696228,0.01758527383208275,0.011935107409954071,0.0052876342087984085,0.0021909193601459265,1.0,0.0,0.0,0.0,0.0,0.0,0.0,1.0,0.0,0.0,0.0,0.0,0.0,0.0,neutral
"It's a happy country
It's having High living standards
No rat race like Asia, America
No unecessary competition
Good care
No high immigrants nor emigrants
Not much outpulated and VICE versa
..... Still people sleep living the America cannada dream in India 😂😂


They'll don't realise they have Goa, Ooty, Kashmir...",461,happy country high living standards rat race like asia america unecessary competition good care high immigrants emigrants much outpulated vice versa still people sleep living america cannada dream india theyll dont realise goa ooty kashmir,positive,0.5071954727172852,-1,"{'joy': 0.9050261974334717, 'surprise': 0.07120248675346375, 'sadness': 0.010755556635558605, 'neutral': 0.0077308956533670425, 'anger': 0.00437130406498909, 'disgust': 0.0005015377537347376, 'fear': 0.0004120787198189646, 'joy_linguistic': 1.0, 'love_linguistic': 1.0, 'neutral_linguistic': 1.0, 'joy_sentence_count': 1, 'love_sentence_count': 1, 'neutral_sentence_count': 1}",0.0077308956533670425,0.07120248675346375,0.9050261974334717,0.00437130406498909,0.010755556635558605,0.0005015377537347376,0.0004120787198189646,1.0,0.0,1.0,0.0,0.0,0.0,0.0,1.0,0.0,1.0,0.0,0.0,0.0,0.0,joy
"@…  still that's the best not perfect but best if they move out to another country , they wont have such freedom.!",462,still thats best perfect best move another country wont freedom,neutral,0.4611111581325531,38,"{'joy': 0.5037347674369812, 'neutral': 0.324150413274765, 'surprise': 0.1192096546292305, 'sadness': 0.04024255648255348, 'anger': 0.006919308565557003, 'fear': 0.00290875555947423, 'disgust': 0.0028345133177936077}",0.324150413274765,0.1192096546292305,0.5037347674369812,0.006919308565557003,0.04024255648255348,0.0028345133177936077,0.00290875555947423,0.0,0.0,0.0,0.0,0.0,0.0,0.0,0.0,0.0,0.0,0.0,0.0,0.0,0.0,joy
U.S.: Finland has the highest graduation rate? Raise the dropout age from 16 to 18!,463,finland highest graduation rate raise dropout age,neutral,0.6414655447006226,0,"{'neutral': 0.5841744542121887, 'surprise': 0.230693057179451, 'sadness': 0.08243347704410553, 'joy': 0.0434800460934639, 'anger': 0.030207863077521324, 'fear': 0.026697317138314247, 'disgust': 0.002313832752406597}",0.5841744542121887,0.230693057179451,0.0434800460934639,0.030207863077521324,0.08243347704410553,0.002313832752406597,0.026697317138314247,0.0,0.0,0.0,0.0,0.0,0.0,0.0,0.0,0.0,0.0,0.0,0.0,0.0,0.0,neutral
@…  swedish people dont have mandatory finnish in sweden even tho they have finn-swedes. All swede-finns speak finnish well.,465,swedish people dont mandatory finnish sweden even tho finnswedes swedefinns speak finnish well,neutral,0.7434978485107422,7,"{'neutral': 0.7945981621742249, 'sadness': 0.13550925254821777, 'surprise': 0.03187232092022896, 'joy': 0.02007518894970417, 'anger': 0.007969344034790993, 'fear': 0.006181199569255114, 'disgust': 0.003794481512159109}",0.7945981621742249,0.03187232092022896,0.02007518894970417,0.007969344034790993,0.13550925254821777,0.003794481512159109,0.006181199569255114,0.0,0.0,0.0,0.0,0.0,0.0,0.0,0.0,0.0,0.0,0.0,0.0,0.0,0.0,neutral
"@…  sure, if you think commenting on sth that was being said in the video in the comment thread of the video which i m commenting on, and replying to replies to my comment, is saying sth unrelated to anything, then I m  for sure guilty of that. Well spotted, you, according to your curious, fabricated parameters :)",467,sure think commenting sth said video comment thread video commenting replying replies comment saying sth unrelated anything sure guilty well spotted according curious fabricated parameters,negative,0.5174718499183655,13,"{'surprise': 0.639022707939148, 'neutral': 0.2905240058898926, 'sadness': 0.03954135999083519, 'joy': 0.019601071253418922, 'anger': 0.006170859094709158, 'fear': 0.0032025722321122885, 'disgust': 0.0019374629482626915, 'joy_linguistic': 1.0, 'surprise_linguistic': 1.0, 'neutral_linguistic': 1.0, 'joy_sentence_count': 1, 'surprise_sentence_count': 1, 'neutral_sentence_count': 1}",0.2905240058898926,0.639022707939148,0.019601071253418922,0.006170859094709158,0.03954135999083519,0.0019374629482626915,0.0032025722321122885,1.0,1.0,1.0,0.0,0.0,0.0,0.0,1.0,1.0,1.0,0.0,0.0,0.0,0.0,surprise
"@…  it's this person's job to provide information in a public forum, presumably, or one would hope, in a concise and factually correct manner. He failed to do that, for which I indeed judged him as having done a poor job of it, and additionally took the trouble of pointing it out, too. I don't think this makes me troll, since I also welcome critique on my own job performance, but feel free to think otherwise. If anything, you are the troll here, or perhaps some sort of smug, self righteous sycophant, which is OK too, I suppose, since it takes all sorts, at the end of the day.",468,persons job provide information public forum presumably one would hope concise factually correct manner failed indeed judged done poor job additionally took trouble pointing dont think makes troll since also welcome critique job performance feel free think otherwise anything troll perhaps sort smug self righteous sycophant suppose since takes sorts end day,neutral,0.5072765946388245,13,"{'joy': 0.9613891839981079, 'anger': 0.022004883736371994, 'neutral': 0.00654764985665679, 'sadness': 0.004688008222728968, 'disgust': 0.0038506556302309036, 'surprise': 0.0012287163408473134, 'fear': 0.00029092159820720553, 'neutral_linguistic': 7.0, 'neutral_sentence_count': 1}",0.00654764985665679,0.0012287163408473134,0.9613891839981079,0.022004883736371994,0.004688008222728968,0.0038506556302309036,0.00029092159820720553,7.0,0.0,0.0,0.0,0.0,0.0,0.0,1.0,0.0,0.0,0.0,0.0,0.0,0.0,neutral
"Their approach is not ideal, but they do produce hard working people. Though kids are deprived from an actual childhood and are reprogram to be no stop working bots. To be honest, I think that America is after India, but not just India is like this, other asian countries are too.",469,approach ideal produce hard working people though kids deprived actual childhood reprogram stop working bots honest think america india india like asian countries,neutral,0.502550482749939,-1,"{'neutral': 0.5985300540924072, 'sadness': 0.12471003085374832, 'joy': 0.11753248423337936, 'surprise': 0.10766217857599258, 'anger': 0.042144935578107834, 'fear': 0.0062296451069414616, 'disgust': 0.0031906261574476957, 'neutral_linguistic': 1.0, 'neutral_sentence_count': 1}",0.5985300540924072,0.10766217857599258,0.11753248423337936,0.042144935578107834,0.12471003085374832,0.0031906261574476957,0.0062296451069414616,1.0,0.0,0.0,0.0,0.0,0.0,0.0,1.0,0.0,0.0,0.0,0.0,0.0,0.0,neutral
@…  bro saying nokia is not fully finnish because of american chips is like saying apple is chinese beacause they use chinese chips and the chinese make them.,471,bro saying nokia fully finnish american chips like saying apple chinese beacause use chinese chips chinese make,neutral,0.49404457211494446,9,"{'neutral': 0.6104103922843933, 'joy': 0.19099612534046173, 'surprise': 0.15483258664608002, 'sadness': 0.03745569661259651, 'anger': 0.0037781372666358948, 'fear': 0.0016274729277938604, 'disgust': 0.0008995755342766643}",0.6104103922843933,0.15483258664608002,0.19099612534046173,0.0037781372666358948,0.03745569661259651,0.0008995755342766643,0.0016274729277938604,0.0,0.0,0.0,0.0,0.0,0.0,0.0,0.0,0.0,0.0,0.0,0.0,0.0,0.0,neutral
@…  the goal of education is not to make the best of the best its to make productive people in society. Not all people can  be the best of the best. This is coming from a student in the top percentile in the u.s,472,goal education make best best make productive people society people best best coming student top percentile,neutral,0.54255211353302,-1,"{'joy': 0.8116370439529419, 'neutral': 0.12377217411994934, 'anger': 0.033000145107507706, 'surprise': 0.015615414828062057, 'sadness': 0.009461924433708191, 'disgust': 0.003780141705647111, 'fear': 0.0027331530582159758}",0.12377217411994934,0.015615414828062057,0.8116370439529419,0.033000145107507706,0.009461924433708191,0.003780141705647111,0.0027331530582159758,0.0,0.0,0.0,0.0,0.0,0.0,0.0,0.0,0.0,0.0,0.0,0.0,0.0,0.0,joy
"Now take away their homogeneous society, but I do think they have something that can be used.",473,take away homogeneous society think something used,neutral,0.6664814352989197,35,"{'neutral': 0.8528565764427185, 'anger': 0.06618017703294754, 'surprise': 0.056290898472070694, 'disgust': 0.009996233507990837, 'joy': 0.005622941069304943, 'sadness': 0.005252315197139978, 'fear': 0.0038009402342140675}",0.8528565764427185,0.056290898472070694,0.005622941069304943,0.06618017703294754,0.005252315197139978,0.009996233507990837,0.0038009402342140675,0.0,0.0,0.0,0.0,0.0,0.0,0.0,0.0,0.0,0.0,0.0,0.0,0.0,0.0,neutral
Actually if you punish kids they will give you more respect. Not how teachers do it.,474,actually punish kids give respect teachers,negative,0.5947259068489075,4,"{'anger': 0.8659392595291138, 'disgust': 0.09076163917779922, 'neutral': 0.02087690867483616, 'sadness': 0.014800803735852242, 'fear': 0.00340833468362689, 'surprise': 0.0026099381502717733, 'joy': 0.0016030031256377697, 'love_linguistic': 1.0, 'neutral_linguistic': 1.0, 'love_sentence_count': 1, 'neutral_sentence_count': 1}",0.02087690867483616,0.0026099381502717733,0.0016030031256377697,0.8659392595291138,0.014800803735852242,0.09076163917779922,0.00340833468362689,1.0,0.0,0.0,0.0,0.0,0.0,0.0,1.0,0.0,0.0,0.0,0.0,0.0,0.0,anger
I would join you my friend.,475,would join friend,positive,0.6961851716041565,-1,"{'neutral': 0.4578937590122223, 'joy': 0.3465408682823181, 'surprise': 0.13348610699176788, 'sadness': 0.048181042075157166, 'anger': 0.00783227477222681, 'disgust': 0.003073971252888441, 'fear': 0.0029919720254838467}",0.4578937590122223,0.13348610699176788,0.3465408682823181,0.00783227477222681,0.048181042075157166,0.003073971252888441,0.0029919720254838467,0.0,0.0,0.0,0.0,0.0,0.0,0.0,0.0,0.0,0.0,0.0,0.0,0.0,0.0,neutral
"@…  while I agree with that, it would help a lot if we took a little, tiny bit from the defence budget for the education system",477,agree would help lot took little tiny bit defence budget education system,neutral,0.6591010689735413,40,"{'neutral': 0.7724422216415405, 'surprise': 0.09295624494552612, 'joy': 0.05542725697159767, 'sadness': 0.05207270011305809, 'anger': 0.013387293554842472, 'fear': 0.008181717246770859, 'disgust': 0.005532609298825264}",0.7724422216415405,0.09295624494552612,0.05542725697159767,0.013387293554842472,0.05207270011305809,0.005532609298825264,0.008181717246770859,0.0,0.0,0.0,0.0,0.0,0.0,0.0,0.0,0.0,0.0,0.0,0.0,0.0,0.0,neutral
it is wole world problem not only Indians. same in USA,478,wole world problem indians usa,negative,0.8111382126808167,32,"{'neutral': 0.5560968518257141, 'sadness': 0.2883051633834839, 'anger': 0.0497509241104126, 'surprise': 0.0473795011639595, 'fear': 0.03125093877315521, 'joy': 0.02227313630282879, 'disgust': 0.00494344811886549}",0.5560968518257141,0.0473795011639595,0.02227313630282879,0.0497509241104126,0.2883051633834839,0.00494344811886549,0.03125093877315521,0.0,0.0,0.0,0.0,0.0,0.0,0.0,0.0,0.0,0.0,0.0,0.0,0.0,0.0,neutral
"Going to school in Finland doesn't mean that you won't have stress or anxiety, a lot of people can make it sound like it's all fun and no one is going to get mad if you get a bad score but a lot of the time right when some adult comes to visit they'll ask ""how is school, are you getting good grades?""",480,going school finland doesnt mean wont stress anxiety lot people make sound like fun one going get mad get bad score lot time right adult comes visit theyll ask school getting good grades,neutral,0.47011828422546387,0,"{'joy': 0.509611964225769, 'anger': 0.2632681131362915, 'fear': 0.18587693572044373, 'sadness': 0.014912009239196777, 'neutral': 0.013454006053507328, 'surprise': 0.011370865628123283, 'disgust': 0.0015061615267768502, 'joy_linguistic': 1.0, 'anger_linguistic': 2.0, 'joy_sentence_count': 1, 'anger_sentence_count': 1}",0.013454006053507328,0.011370865628123283,0.509611964225769,0.2632681131362915,0.014912009239196777,0.0015061615267768502,0.18587693572044373,0.0,0.0,1.0,2.0,0.0,0.0,0.0,0.0,0.0,1.0,1.0,0.0,0.0,0.0,anger
Pablo L.   you must be not so aware of the truth. In darkness you are lost.,481,pablo must aware truth darkness lost,negative,0.6310083270072937,26,"{'sadness': 0.9142505526542664, 'neutral': 0.039939846843481064, 'fear': 0.030485590919852257, 'disgust': 0.004873335827142, 'surprise': 0.004743541590869427, 'anger': 0.004376534838229418, 'joy': 0.001330578001216054, 'fear_linguistic': 1.0, 'fear_sentence_count': 1}",0.039939846843481064,0.004743541590869427,0.001330578001216054,0.004376534838229418,0.9142505526542664,0.004873335827142,0.030485590919852257,0.0,0.0,0.0,0.0,0.0,0.0,1.0,0.0,0.0,0.0,0.0,0.0,0.0,1.0,sadness
@… florez if you don’t care then get outta here,484,florez dont care get outta,negative,0.7764168381690979,42,"{'neutral': 0.4310992658138275, 'anger': 0.2874227464199066, 'sadness': 0.10345298796892166, 'surprise': 0.08998847752809525, 'disgust': 0.0579163059592247, 'joy': 0.02346079982817173, 'fear': 0.006659405771642923, 'love_linguistic': 1.0, 'love_sentence_count': 1}",0.4310992658138275,0.08998847752809525,0.02346079982817173,0.2874227464199066,0.10345298796892166,0.0579163059592247,0.006659405771642923,0.0,0.0,0.0,0.0,0.0,0.0,0.0,0.0,0.0,0.0,0.0,0.0,0.0,0.0,neutral
Dreamimgflower D - Canadians shocked too.,485,dreamimgflower canadians shocked,negative,0.6142571568489075,-1,"{'surprise': 0.9789349436759949, 'fear': 0.006498610135167837, 'neutral': 0.005218601319938898, 'anger': 0.004686642903834581, 'joy': 0.0024370334576815367, 'sadness': 0.001278090407140553, 'disgust': 0.0009460923611186445, 'sadness_linguistic': 1.0, 'fear_linguistic': 1.0, 'surprise_linguistic': 1.0, 'sadness_sentence_count': 1, 'fear_sentence_count': 1, 'surprise_sentence_count': 1}",0.005218601319938898,0.9789349436759949,0.0024370334576815367,0.004686642903834581,0.001278090407140553,0.0009460923611186445,0.006498610135167837,0.0,1.0,0.0,0.0,1.0,0.0,1.0,0.0,1.0,0.0,0.0,1.0,0.0,1.0,surprise
Sadly a lot of teachers don't take it seriously (some do tho),486,sadly lot teachers dont take seriously tho,negative,0.8833518028259277,4,"{'sadness': 0.889634370803833, 'neutral': 0.05171768739819527, 'surprise': 0.03690394014120102, 'disgust': 0.006425756495445967, 'joy': 0.005895053502172232, 'anger': 0.005529746878892183, 'fear': 0.003893506247550249, 'sadness_linguistic': 1.0, 'sadness_sentence_count': 1}",0.05171768739819527,0.03690394014120102,0.005895053502172232,0.005529746878892183,0.889634370803833,0.006425756495445967,0.003893506247550249,0.0,0.0,0.0,0.0,1.0,0.0,0.0,0.0,0.0,0.0,0.0,1.0,0.0,0.0,sadness
That won't do crap,487,wont crap,negative,0.8772807121276855,-1,,,,,,,,,,,,,,,,,,,,,,,
@…  not never would happen india IS poor becuz overpopulation,488,never would happen india poor becuz overpopulation,negative,0.8570461869239807,41,"{'neutral': 0.4522770047187805, 'sadness': 0.3195362389087677, 'surprise': 0.09812325984239578, 'anger': 0.07641905546188354, 'fear': 0.024793514981865883, 'joy': 0.014451502822339535, 'disgust': 0.014399383217096329}",0.4522770047187805,0.09812325984239578,0.014451502822339535,0.07641905546188354,0.3195362389087677,0.014399383217096329,0.024793514981865883,0.0,0.0,0.0,0.0,0.0,0.0,0.0,0.0,0.0,0.0,0.0,0.0,0.0,0.0,neutral
@… Potatoe I live in a tiny ass town my school only has 200 kids and we have cops on campus which is really weird cause were such a small school everybody knows everyone,489,potatoe live tiny ass town school kids cops campus really weird cause small school everybody knows everyone,negative,0.6763846278190613,19,"{'disgust': 0.43065017461776733, 'surprise': 0.282215416431427, 'neutral': 0.12705624103546143, 'fear': 0.07149722427129745, 'joy': 0.03794863447546959, 'anger': 0.036777202039957047, 'sadness': 0.01385513599961996, 'surprise_linguistic': 1.2, 'neutral_linguistic': 1.2, 'surprise_sentence_count': 1, 'neutral_sentence_count': 1}",0.12705624103546143,0.282215416431427,0.03794863447546959,0.036777202039957047,0.01385513599961996,0.43065017461776733,0.07149722427129745,1.2,1.2,0.0,0.0,0.0,0.0,0.0,1.0,1.0,0.0,0.0,0.0,0.0,0.0,surprise
Child abuse,490,child abuse,negative,0.7657750844955444,31,"{'disgust': 0.6335378289222717, 'sadness': 0.22998850047588348, 'anger': 0.08261185139417648, 'neutral': 0.029227232560515404, 'fear': 0.02018389105796814, 'joy': 0.0023653539828956127, 'surprise': 0.0020852487068623304}",0.029227232560515404,0.0020852487068623304,0.0023653539828956127,0.08261185139417648,0.22998850047588348,0.6335378289222717,0.02018389105796814,0.0,0.0,0.0,0.0,0.0,0.0,0.0,0.0,0.0,0.0,0.0,0.0,0.0,0.0,disgust
This is a bit overrated,491,bit overrated,negative,0.7329338788986206,44,"{'neutral': 0.6227613091468811, 'surprise': 0.23299334943294525, 'sadness': 0.08548048883676529, 'anger': 0.03342476859688759, 'disgust': 0.01285233162343502, 'joy': 0.008771932683885098, 'fear': 0.003715804312378168}",0.6227613091468811,0.23299334943294525,0.008771932683885098,0.03342476859688759,0.08548048883676529,0.01285233162343502,0.003715804312378168,0.0,0.0,0.0,0.0,0.0,0.0,0.0,0.0,0.0,0.0,0.0,0.0,0.0,0.0,neutral
Because they dont care,492,dont care,negative,0.6232414841651917,-1,,,,,,,,,,,,,,,,,,,,,,,
"what really bothered me is that nobody else stood up for the poor guy, they just watched calmly as if this had happened before multiple times. I've seen shit like this before, except student v teacher. I've taken beatings because I stepped in to try and help the victim.",493,really bothered nobody else stood poor guy watched calmly happened multiple times ive seen shit like except student teacher ive taken beatings stepped try help victim,negative,0.9333173632621765,30,"{'anger': 0.9331486821174622, 'sadness': 0.03182540088891983, 'surprise': 0.013733922503888607, 'joy': 0.009290076792240143, 'neutral': 0.0062497868202626705, 'disgust': 0.003695377614349127, 'fear': 0.002056756056845188, 'sadness_linguistic': 0.6, 'neutral_sentence_count': 1}",0.0062497868202626705,0.013733922503888607,0.009290076792240143,0.9331486821174622,0.03182540088891983,0.003695377614349127,0.002056756056845188,0.0,0.0,0.0,0.0,0.6,0.0,0.0,1.0,0.0,0.0,0.0,0.0,0.0,0.0,anger
"So get this, I get mad easily. I’m supposed to go to a person. And guess what? They make me worse. Once they told me that “No normal kid does this!” And yelled at me. I cannot believe they are the ones trying to make me feel better. Because of that one time they said that, I realized I’m not normal, and most of me just wants to get mad at normal things. I feel like I lost all the friends not because they didn’t care, but I got mad. Even if they just didn’t talk to me. And two friends basically ignored me. So that time I left them. But next school year is the last I have of that school. I’m just glad that the teachers are making an effort. Unlike when I moved for 3rd grade. They just sent me to the principals office and suspended me. A few years later I found out it ran in the family. I feel like they knew, but made no effort for one reason that I won’t know.",494,get get mad easily supposed person guess make worse told normal kid yelled cannot believe ones trying make feel better one time said realized normal wants get mad normal things feel like lost friends didnt care got mad even didnt talk two friends basically ignored time left next school year last school glad teachers making effort unlike moved grade sent principals office suspended years later found ran family feel like knew made effort one reason wont know,negative,0.7117873579263687,33,"{'sadness': 0.9209478497505188, 'anger': 0.04640772566199303, 'surprise': 0.015072556212544441, 'joy': 0.008207852020859718, 'neutral': 0.007517015561461449, 'disgust': 0.0010892937425523996, 'fear': 0.0007577445940114558, 'joy_linguistic': 1.0, 'anger_linguistic': 1.0, 'love_linguistic': 1.0, 'neutral_linguistic': 2.0, 'joy_sentence_count': 1, 'anger_sentence_count': 1, 'love_sentence_count': 1, 'neutral_sentence_count': 1}",0.007517015561461449,0.015072556212544441,0.008207852020859718,0.04640772566199303,0.9209478497505188,0.0010892937425523996,0.0007577445940114558,2.0,0.0,1.0,1.0,0.0,0.0,0.0,1.0,0.0,1.0,1.0,0.0,0.0,0.0,neutral
"@…  You have to take both :,(",495,take,negative,0.8365777134895325,-1,,,,,,,,,,,,,,,,,,,,,,,
Ikr... Just why did they do that to that poor child,496,ikr poor child,negative,0.9138152003288269,31,"{'sadness': 0.95986008644104, 'surprise': 0.018271973356604576, 'neutral': 0.0073275077156722546, 'anger': 0.0061967577785253525, 'disgust': 0.003271340625360608, 'fear': 0.0025974998716264963, 'joy': 0.0024748812429606915}",0.0073275077156722546,0.018271973356604576,0.0024748812429606915,0.0061967577785253525,0.95986008644104,0.003271340625360608,0.0025974998716264963,0.0,0.0,0.0,0.0,0.0,0.0,0.0,0.0,0.0,0.0,0.0,0.0,0.0,0.0,sadness
Thanks for bringing this up:),497,thanks bringing,positive,0.9640093445777893,8,"{'neutral': 0.6888898015022278, 'joy': 0.14277639985084534, 'surprise': 0.13764441013336182, 'sadness': 0.020131247118115425, 'anger': 0.007060681469738483, 'disgust': 0.002132648369297385, 'fear': 0.0013648740714415908}",0.6888898015022278,0.13764441013336182,0.14277639985084534,0.007060681469738483,0.020131247118115425,0.002132648369297385,0.0013648740714415908,0.0,0.0,0.0,0.0,0.0,0.0,0.0,0.0,0.0,0.0,0.0,0.0,0.0,0.0,neutral
The only way to teach finish people anything is to split the head with the explore the Bible inside and then close it there so stubborn like mules their head is so hard they don't even use a helmet when riding motorcycle,498,way teach finish people anything split head explore bible inside close stubborn like mules head hard dont even use helmet riding motorcycle,negative,0.8743478655815125,4,"{'anger': 0.629329264163971, 'neutral': 0.14931033551692963, 'surprise': 0.09352672845125198, 'sadness': 0.090546153485775, 'fear': 0.014620346948504448, 'joy': 0.012643990106880665, 'disgust': 0.010023251175880432}",0.14931033551692963,0.09352672845125198,0.012643990106880665,0.629329264163971,0.090546153485775,0.010023251175880432,0.014620346948504448,0.0,0.0,0.0,0.0,0.0,0.0,0.0,0.0,0.0,0.0,0.0,0.0,0.0,0.0,anger
Bob Ross why is the defense system more important??,499,bob ross defense system important,neutral,0.6243816018104553,40,"{'neutral': 0.7951301336288452, 'surprise': 0.0666564479470253, 'anger': 0.03792043402791023, 'joy': 0.034503158181905746, 'fear': 0.028455892577767372, 'sadness': 0.02043106220662594, 'disgust': 0.01690296083688736}",0.7951301336288452,0.0666564479470253,0.034503158181905746,0.03792043402791023,0.02043106220662594,0.01690296083688736,0.028455892577767372,0.0,0.0,0.0,0.0,0.0,0.0,0.0,0.0,0.0,0.0,0.0,0.0,0.0,0.0,neutral
We should choose the best educational model in our country,500,choose best educational model country,positive,0.606840193271637,1,"{'neutral': 0.7950454950332642, 'surprise': 0.09646707028150558, 'joy': 0.03869090974330902, 'anger': 0.02795773185789585, 'fear': 0.022941850125789642, 'sadness': 0.012666898779571056, 'disgust': 0.006229998078197241}",0.7950454950332642,0.09646707028150558,0.03869090974330902,0.02795773185789585,0.012666898779571056,0.006229998078197241,0.022941850125789642,0.0,0.0,0.0,0.0,0.0,0.0,0.0,0.0,0.0,0.0,0.0,0.0,0.0,0.0,neutral
"kiddo. it's not right to say that Finland didn't produce anything. They produced:
* Linux - by Linus Torvald
* Nokia - i believe they paved the way for our modern user friendly phones
* Erwise - the very first browser with a GUI (graphical user interface) which paved the way for our modern browsers now
* Heart rate monitor
* IRC (Internet Relay Chat) 
* SMS
and many more.",502,kiddo right say finland didnt produce anything produced linux linus torvald nokia believe paved way modern user friendly phones erwise first browser gui graphical user interface paved way modern browsers heart rate monitor irc internet relay chat sms many,neutral,0.710885226726532,9,"{'surprise': 0.43865302205085754, 'neutral': 0.2806265652179718, 'sadness': 0.23596709966659546, 'joy': 0.0356026329100132, 'anger': 0.005481852684170008, 'fear': 0.002504538744688034, 'disgust': 0.0011642950121313334}",0.2806265652179718,0.43865302205085754,0.0356026329100132,0.005481852684170008,0.23596709966659546,0.0011642950121313334,0.002504538744688034,0.0,0.0,0.0,0.0,0.0,0.0,0.0,0.0,0.0,0.0,0.0,0.0,0.0,0.0,surprise
@…  and USA has way more blind squirrels to find nuts right kiddo?,503,usa way blind squirrels find nuts right kiddo,neutral,0.522972583770752,-1,"{'neutral': 0.8724848628044128, 'joy': 0.055792372673749924, 'surprise': 0.046021752059459686, 'anger': 0.010930743999779224, 'sadness': 0.007483540568500757, 'disgust': 0.005463995970785618, 'fear': 0.001822705497033894}",0.8724848628044128,0.046021752059459686,0.055792372673749924,0.010930743999779224,0.007483540568500757,0.005463995970785618,0.001822705497033894,0.0,0.0,0.0,0.0,0.0,0.0,0.0,0.0,0.0,0.0,0.0,0.0,0.0,0.0,neutral
There's only 5 million people in Finland,504,theres million people finland,neutral,0.7239823937416077,0,"{'surprise': 0.4865837097167969, 'neutral': 0.3607496917247772, 'sadness': 0.11867572367191315, 'joy': 0.02359907329082489, 'anger': 0.007014741189777851, 'fear': 0.0017855317564681172, 'disgust': 0.0015915704425424337}",0.3607496917247772,0.4865837097167969,0.02359907329082489,0.007014741189777851,0.11867572367191315,0.0015915704425424337,0.0017855317564681172,0.0,0.0,0.0,0.0,0.0,0.0,0.0,0.0,0.0,0.0,0.0,0.0,0.0,0.0,surprise
The whole indian education system. Naya wala to aur bhi ganda h. Load badha diya h,505,whole indian education system naya wala aur bhi ganda load badha diya,negative,0.8677937984466553,2,"{'neutral': 0.3881155550479889, 'sadness': 0.3351796269416809, 'surprise': 0.15144766867160797, 'anger': 0.0659269168972969, 'joy': 0.027233505621552467, 'fear': 0.02125190943479538, 'disgust': 0.010844764299690723}",0.3881155550479889,0.15144766867160797,0.027233505621552467,0.0659269168972969,0.3351796269416809,0.010844764299690723,0.02125190943479538,0.0,0.0,0.0,0.0,0.0,0.0,0.0,0.0,0.0,0.0,0.0,0.0,0.0,0.0,neutral
"Are you hereafter  ""Abhi and Niyu"" video",506,hereafter abhi niyu video,neutral,0.916997492313385,8,"{'neutral': 0.6373274326324463, 'surprise': 0.22474370896816254, 'joy': 0.10441052913665771, 'sadness': 0.01622948981821537, 'anger': 0.009932376444339752, 'fear': 0.004888959228992462, 'disgust': 0.002467530546709895}",0.6373274326324463,0.22474370896816254,0.10441052913665771,0.009932376444339752,0.01622948981821537,0.002467530546709895,0.004888959228992462,0.0,0.0,0.0,0.0,0.0,0.0,0.0,0.0,0.0,0.0,0.0,0.0,0.0,0.0,neutral
"Come on, Indians are the best in English and computer programming",507,come indians best english computer programming,positive,0.9063599705696106,2,"{'neutral': 0.7333422303199768, 'surprise': 0.19166257977485657, 'joy': 0.05930178239941597, 'sadness': 0.007304162718355656, 'anger': 0.004423321690410376, 'fear': 0.0024057840928435326, 'disgust': 0.0015601149061694741}",0.7333422303199768,0.19166257977485657,0.05930178239941597,0.004423321690410376,0.007304162718355656,0.0015601149061694741,0.0024057840928435326,0.0,0.0,0.0,0.0,0.0,0.0,0.0,0.0,0.0,0.0,0.0,0.0,0.0,0.0,neutral
"aastha tyagi  Yeah, I agree, but that pressure shouldn't be considered normal! Also, sure you work hard in Asia, but you have to work twice as hard here because everyone worldwide is trying to get here.",508,aastha tyagi yeah agree pressure shouldnt considered normal also sure work hard asia work twice hard everyone worldwide trying get,neutral,0.466917484998703,2,"{'neutral': 0.7574757933616638, 'sadness': 0.09815051406621933, 'joy': 0.055758748203516006, 'surprise': 0.03854277729988098, 'anger': 0.034515831619501114, 'fear': 0.012061849236488342, 'disgust': 0.003494512988254428, 'neutral_linguistic': 1.0, 'neutral_sentence_count': 1}",0.7574757933616638,0.03854277729988098,0.055758748203516006,0.034515831619501114,0.09815051406621933,0.003494512988254428,0.012061849236488342,1.0,0.0,0.0,0.0,0.0,0.0,0.0,1.0,0.0,0.0,0.0,0.0,0.0,0.0,neutral
Bla Bla Bla education is a waste of time in most cases.,509,bla bla bla education waste time cases,negative,0.9195654392242432,-1,"{'sadness': 0.39994895458221436, 'anger': 0.24115653336048126, 'neutral': 0.2104261815547943, 'disgust': 0.09922748059034348, 'surprise': 0.028222067281603813, 'joy': 0.01712954044342041, 'fear': 0.0038892223965376616}",0.2104261815547943,0.028222067281603813,0.01712954044342041,0.24115653336048126,0.39994895458221436,0.09922748059034348,0.0038892223965376616,0.0,0.0,0.0,0.0,0.0,0.0,0.0,0.0,0.0,0.0,0.0,0.0,0.0,0.0,sadness
You sound like someone who sucked in school and now think education is a waste cause it didnt cut out for you,510,sound like someone sucked school think education waste cause didnt cut,negative,0.920844316482544,-1,"{'sadness': 0.8943716883659363, 'disgust': 0.034070923924446106, 'surprise': 0.023835590109229088, 'anger': 0.02318989485502243, 'neutral': 0.016854694113135338, 'fear': 0.00630473718047142, 'joy': 0.0013724897289648652}",0.016854694113135338,0.023835590109229088,0.0013724897289648652,0.02318989485502243,0.8943716883659363,0.034070923924446106,0.00630473718047142,0.0,0.0,0.0,0.0,0.0,0.0,0.0,0.0,0.0,0.0,0.0,0.0,0.0,0.0,sadness
@… Aesir I’m saying why is the defense budget more important than Educational or Health care system???,511,aesir saying defense budget important educational health care system,neutral,0.5941130518913269,40,"{'joy': 0.7518581748008728, 'neutral': 0.13497842848300934, 'surprise': 0.06732460111379623, 'sadness': 0.026364639401435852, 'anger': 0.010014068335294724, 'disgust': 0.005388020072132349, 'fear': 0.004072023555636406, 'love_linguistic': 1.0, 'love_sentence_count': 1}",0.13497842848300934,0.06732460111379623,0.7518581748008728,0.010014068335294724,0.026364639401435852,0.005388020072132349,0.004072023555636406,0.0,0.0,0.0,0.0,0.0,0.0,0.0,0.0,0.0,0.0,0.0,0.0,0.0,0.0,joy
@…  Im still at school and the funny thing is that i dont study and still i get good grades. But its a lot better to self educated and be financialy free then to loose 16 years of my life so i can sell my time for money and be a slave to someone.,512,still school funny thing dont study still get good grades lot better self educated financialy free loose years life sell time money slave someone,neutral,0.4634550213813782,-1,"{'surprise': 0.8533536195755005, 'joy': 0.08645381778478622, 'neutral': 0.03357817605137825, 'sadness': 0.01617644913494587, 'anger': 0.007052865345031023, 'fear': 0.001899649272672832, 'disgust': 0.0014854299370199442, 'joy_linguistic': 1.0, 'joy_sentence_count': 1}",0.03357817605137825,0.8533536195755005,0.08645381778478622,0.007052865345031023,0.01617644913494587,0.0014854299370199442,0.001899649272672832,0.0,0.0,1.0,0.0,0.0,0.0,0.0,0.0,0.0,1.0,0.0,0.0,0.0,0.0,surprise
And the most people that i know that suck at school are successful and rich in life and those who i know that study really hard are slaves to their bosses and really good employees.,513,people know suck school successful rich life know study really hard slaves bosses really good employees,negative,0.553390383720398,-1,"{'anger': 0.6259193420410156, 'disgust': 0.1658095419406891, 'sadness': 0.08069007098674774, 'neutral': 0.06968915462493896, 'joy': 0.03248376026749611, 'surprise': 0.015589289367198944, 'fear': 0.00981888547539711, 'neutral_linguistic': 1.2, 'neutral_sentence_count': 1}",0.06968915462493896,0.015589289367198944,0.03248376026749611,0.6259193420410156,0.08069007098674774,0.1658095419406891,0.00981888547539711,1.2,0.0,0.0,0.0,0.0,0.0,0.0,1.0,0.0,0.0,0.0,0.0,0.0,0.0,neutral
wooba Dooba Living in America is not a flex. You’ve been rick rolled. Your taxes are going to GI bills and more kids are going in for free healthcare. That’s telling,514,wooba dooba living america flex youve rick rolled taxes going bills kids going free healthcare thats telling,negative,0.725339949131012,-1,"{'anger': 0.5511807203292847, 'surprise': 0.16371546685695648, 'neutral': 0.15787583589553833, 'sadness': 0.07024084776639938, 'joy': 0.04390458017587662, 'disgust': 0.009262209758162498, 'fear': 0.0038202719297260046, 'love_linguistic': 1.0, 'love_sentence_count': 1}",0.15787583589553833,0.16371546685695648,0.04390458017587662,0.5511807203292847,0.07024084776639938,0.009262209758162498,0.0038202719297260046,0.0,0.0,0.0,0.0,0.0,0.0,0.0,0.0,0.0,0.0,0.0,0.0,0.0,0.0,anger
"I'm not Canadian but still I'm clapping too :,)",515,canadian still clapping,positive,0.9009984135627747,-1,"{'neutral': 0.8519606590270996, 'surprise': 0.08325464278459549, 'sadness': 0.039150651544332504, 'joy': 0.012139013037085533, 'anger': 0.007016308605670929, 'disgust': 0.004423940554261208, 'fear': 0.002054837066680193}",0.8519606590270996,0.08325464278459549,0.012139013037085533,0.007016308605670929,0.039150651544332504,0.004423940554261208,0.002054837066680193,0.0,0.0,0.0,0.0,0.0,0.0,0.0,0.0,0.0,0.0,0.0,0.0,0.0,0.0,neutral
Oh  that's so stupid . White privileged simpleton . Where to start  oh what's the point,516,thats stupid white privileged simpleton start whats point,negative,0.9380651116371155,6,"{'anger': 0.8876029849052429, 'neutral': 0.03277065232396126, 'disgust': 0.02358228899538517, 'sadness': 0.01726914942264557, 'fear': 0.015543991699814796, 'surprise': 0.013020473532378674, 'joy': 0.010210433043539524, 'disgust_linguistic': 1.0, 'disgust_sentence_count': 1}",0.03277065232396126,0.013020473532378674,0.010210433043539524,0.8876029849052429,0.01726914942264557,0.02358228899538517,0.015543991699814796,0.0,0.0,0.0,0.0,0.0,1.0,0.0,0.0,0.0,0.0,0.0,0.0,1.0,0.0,anger
"Dude... I am an indian origin guy who shifted to USA 2 years ago. I live in Texas. Dude.. The American edu system is much better than the Indian edu system cuz India gives 0% emphasis on practical knowledge, it only stresses on theory whereas in usa, they do give practical importance too",518,dude indian origin guy shifted usa years ago live texas dude american edu system much better indian edu system cuz india gives emphasis practical knowledge stresses theory whereas usa give practical importance,positive,0.5219773650169373,2,"{'neutral': 0.6332786679267883, 'joy': 0.18087507784366608, 'surprise': 0.15896758437156677, 'sadness': 0.016038738191127777, 'anger': 0.007764384616166353, 'disgust': 0.0015470042126253247, 'fear': 0.0015285531990230083}",0.6332786679267883,0.15896758437156677,0.18087507784366608,0.007764384616166353,0.016038738191127777,0.0015470042126253247,0.0015285531990230083,0.0,0.0,0.0,0.0,0.0,0.0,0.0,0.0,0.0,0.0,0.0,0.0,0.0,0.0,neutral
"@…  now, the govt has finally changed the education policy leading to better stress on practical rather than theory",519,govt finally changed education policy leading better stress practical rather theory,neutral,0.5355739593505859,1,"{'neutral': 0.8433539271354675, 'joy': 0.04480740427970886, 'surprise': 0.041256990283727646, 'fear': 0.024777960032224655, 'sadness': 0.023756960406899452, 'anger': 0.017984583973884583, 'disgust': 0.004062177147716284}",0.8433539271354675,0.041256990283727646,0.04480740427970886,0.017984583973884583,0.023756960406899452,0.004062177147716284,0.024777960032224655,0.0,0.0,0.0,0.0,0.0,0.0,0.0,0.0,0.0,0.0,0.0,0.0,0.0,0.0,neutral
@…  i live in Florida but I'm Pakistani.. i have experienced exams in botg countries and nothing is changed.. Not only Indians but whole world except Finland,520,live florida pakistani experienced exams botg countries nothing changed indians whole world except finland,negative,0.6679253578186035,2,"{'surprise': 0.5894335508346558, 'neutral': 0.20103108882904053, 'joy': 0.14635401964187622, 'sadness': 0.040708281099796295, 'fear': 0.014664025977253914, 'anger': 0.0073274485766887665, 'disgust': 0.00048158125719055533}",0.20103108882904053,0.5894335508346558,0.14635401964187622,0.0073274485766887665,0.040708281099796295,0.00048158125719055533,0.014664025977253914,0.0,0.0,0.0,0.0,0.0,0.0,0.0,0.0,0.0,0.0,0.0,0.0,0.0,0.0,surprise
But this is about Finnish elementary middle and high school not about college.,521,finnish elementary middle high school college,neutral,0.7754350900650024,0,"{'fear': 0.3858813941478729, 'neutral': 0.3425767719745636, 'surprise': 0.11728353798389435, 'sadness': 0.09359396249055862, 'joy': 0.035771045833826065, 'anger': 0.013583134859800339, 'disgust': 0.01131016667932272}",0.3425767719745636,0.11728353798389435,0.035771045833826065,0.013583134859800339,0.09359396249055862,0.01131016667932272,0.3858813941478729,0.0,0.0,0.0,0.0,0.0,0.0,0.0,0.0,0.0,0.0,0.0,0.0,0.0,0.0,fear
I as a fin want to be born in an english speaking country instead,522,fin want born english speaking country instead,negative,0.4817996621131897,22,"{'sadness': 0.36210891604423523, 'neutral': 0.26318901777267456, 'surprise': 0.2250945121049881, 'joy': 0.13233493268489838, 'anger': 0.008305623196065426, 'fear': 0.007638000417500734, 'disgust': 0.0013290330534800887}",0.26318901777267456,0.2250945121049881,0.13233493268489838,0.008305623196065426,0.36210891604423523,0.0013290330534800887,0.007638000417500734,0.0,0.0,0.0,0.0,0.0,0.0,0.0,0.0,0.0,0.0,0.0,0.0,0.0,0.0,sadness
@…  no big innovaters??????? What about linux you fucktard lots of big companys use it and the best cyber security analysts use it and since your so smart mr mit you should know what linux is.,523,big innovaters linux fucktard lots big companys use best cyber security analysts use since smart mit know linux,negative,0.6921806931495667,9,"{'anger': 0.6181262135505676, 'neutral': 0.19308607280254364, 'surprise': 0.09378442168235779, 'disgust': 0.04389283433556557, 'sadness': 0.02624601498246193, 'joy': 0.01306662056595087, 'fear': 0.011797834187746048}",0.19308607280254364,0.09378442168235779,0.01306662056595087,0.6181262135505676,0.02624601498246193,0.04389283433556557,0.011797834187746048,0.0,0.0,0.0,0.0,0.0,0.0,0.0,0.0,0.0,0.0,0.0,0.0,0.0,0.0,anger
Wow so there are no robots in finland,524,wow robots finland,neutral,0.4428509771823883,0,"{'surprise': 0.9666904211044312, 'neutral': 0.01350470446050167, 'joy': 0.008365222252905369, 'fear': 0.0044629559852182865, 'sadness': 0.0033019576221704483, 'anger': 0.002367449924349785, 'disgust': 0.0013072941219434142}",0.01350470446050167,0.9666904211044312,0.008365222252905369,0.002367449924349785,0.0033019576221704483,0.0013072941219434142,0.0044629559852182865,0.0,0.0,0.0,0.0,0.0,0.0,0.0,0.0,0.0,0.0,0.0,0.0,0.0,0.0,surprise
"@…   Under the present system, we just waste the first 20 years of our life. For what? Mark-driven crap, which I can't even call ""education"".",525,present system waste first years life markdriven crap cant even call education,negative,0.9373160004615784,-1,"{'disgust': 0.38061052560806274, 'anger': 0.30291759967803955, 'neutral': 0.15640997886657715, 'sadness': 0.13475406169891357, 'surprise': 0.017110200598835945, 'fear': 0.005396359600126743, 'joy': 0.0028012676630169153}",0.15640997886657715,0.017110200598835945,0.0028012676630169153,0.30291759967803955,0.13475406169891357,0.38061052560806274,0.005396359600126743,0.0,0.0,0.0,0.0,0.0,0.0,0.0,0.0,0.0,0.0,0.0,0.0,0.0,0.0,disgust
"@…  nothing will change.
Old System needs to be uprooted first",526,nothing change old system needs uprooted first,negative,0.7876079678535461,16,"{'neutral': 0.8829531669616699, 'surprise': 0.039273425936698914, 'anger': 0.030786477029323578, 'sadness': 0.026202335953712463, 'disgust': 0.009505318477749825, 'fear': 0.007486261427402496, 'joy': 0.0037929753307253122}",0.8829531669616699,0.039273425936698914,0.0037929753307253122,0.030786477029323578,0.026202335953712463,0.009505318477749825,0.007486261427402496,0.0,0.0,0.0,0.0,0.0,0.0,0.0,0.0,0.0,0.0,0.0,0.0,0.0,0.0,neutral
Umm i won't say worst but still there needs to be lot of changes in curriculum. Hopefully the new system brings changes,527,umm wont say worst still needs lot changes curriculum hopefully new system brings changes,neutral,0.6270579695701599,1,"{'neutral': 0.7063952088356018, 'disgust': 0.1775093972682953, 'sadness': 0.05164296552538872, 'anger': 0.0280293021351099, 'joy': 0.01843504048883915, 'surprise': 0.012758131138980389, 'fear': 0.00522989546880126}",0.7063952088356018,0.012758131138980389,0.01843504048883915,0.0280293021351099,0.05164296552538872,0.1775093972682953,0.00522989546880126,0.0,0.0,0.0,0.0,0.0,0.0,0.0,0.0,0.0,0.0,0.0,0.0,0.0,0.0,neutral
"YES OFC I WOULD LOVE TO, OH AND TAKE SOME TICKETS FOR FRIENDS AND FAMILY ASWELL",531,yes ofc would love take tickets friends family aswell,positive,0.9654680490493774,-1,"{'joy': 0.7770859003067017, 'neutral': 0.08348175883293152, 'sadness': 0.07866959273815155, 'surprise': 0.052101925015449524, 'anger': 0.0050646173767745495, 'disgust': 0.001963593065738678, 'fear': 0.0016326255863532424, 'joy_linguistic': 1.0, 'love_linguistic': 1.0, 'joy_sentence_count': 1, 'love_sentence_count': 1}",0.08348175883293152,0.052101925015449524,0.7770859003067017,0.0050646173767745495,0.07866959273815155,0.001963593065738678,0.0016326255863532424,0.0,0.0,1.0,0.0,0.0,0.0,0.0,0.0,0.0,1.0,0.0,0.0,0.0,0.0,joy
bro this is so messed up,532,bro messed,negative,0.925879716873169,-1,"{'neutral': 0.7892003655433655, 'surprise': 0.06658327579498291, 'anger': 0.05983082577586174, 'sadness': 0.04251917451620102, 'disgust': 0.0309219378978014, 'fear': 0.006401649676263332, 'joy': 0.004542794544249773}",0.7892003655433655,0.06658327579498291,0.004542794544249773,0.05983082577586174,0.04251917451620102,0.0309219378978014,0.006401649676263332,0.0,0.0,0.0,0.0,0.0,0.0,0.0,0.0,0.0,0.0,0.0,0.0,0.0,0.0,neutral
we actually get graded w numbers :),533,actually get graded numbers,positive,0.6852932572364807,-1,"{'neutral': 0.7142003774642944, 'surprise': 0.18859811127185822, 'sadness': 0.035570841282606125, 'anger': 0.0320986844599247, 'disgust': 0.015002131462097168, 'joy': 0.011946219019591808, 'fear': 0.002583610126748681, 'neutral_linguistic': 1.0, 'neutral_sentence_count': 1}",0.7142003774642944,0.18859811127185822,0.011946219019591808,0.0320986844599247,0.035570841282606125,0.015002131462097168,0.002583610126748681,1.0,0.0,0.0,0.0,0.0,0.0,0.0,1.0,0.0,0.0,0.0,0.0,0.0,0.0,neutral
"so true, i just dont have the will to learn bcs of this shit education system, thats the reason im commenting rn",535,true dont learn bcs shit education system thats reason commenting,negative,0.9421651363372803,-1,"{'anger': 0.4887601435184479, 'disgust': 0.2935357689857483, 'sadness': 0.10391416400671005, 'surprise': 0.0642506554722786, 'neutral': 0.03650246933102608, 'fear': 0.007912777364253998, 'joy': 0.005124106537550688, 'neutral_linguistic': 1.0, 'neutral_sentence_count': 1}",0.03650246933102608,0.0642506554722786,0.005124106537550688,0.4887601435184479,0.10391416400671005,0.2935357689857483,0.007912777364253998,1.0,0.0,0.0,0.0,0.0,0.0,0.0,1.0,0.0,0.0,0.0,0.0,0.0,0.0,neutral
Have you experienced any other education system!,536,experienced education system,neutral,0.7946411371231079,1,"{'neutral': 0.330491840839386, 'fear': 0.31328797340393066, 'surprise': 0.21938452124595642, 'disgust': 0.05416903644800186, 'sadness': 0.05142306163907051, 'anger': 0.021109692752361298, 'joy': 0.010133869014680386}",0.330491840839386,0.21938452124595642,0.010133869014680386,0.021109692752361298,0.05142306163907051,0.05416903644800186,0.31328797340393066,0.0,0.0,0.0,0.0,0.0,0.0,0.0,0.0,0.0,0.0,0.0,0.0,0.0,0.0,neutral
@…  I'm asking myself do you have something against swede-Finns? or do you just don't like swedes?,538,asking something swedefinns dont like swedes,negative,0.6203228831291199,7,"{'neutral': 0.6261853575706482, 'surprise': 0.3350999355316162, 'sadness': 0.013714801520109177, 'anger': 0.009648685343563557, 'joy': 0.005273844115436077, 'fear': 0.005220082588493824, 'disgust': 0.004857299849390984}",0.6261853575706482,0.3350999355316162,0.005273844115436077,0.009648685343563557,0.013714801520109177,0.004857299849390984,0.005220082588493824,0.0,0.0,0.0,0.0,0.0,0.0,0.0,0.0,0.0,0.0,0.0,0.0,0.0,0.0,neutral
"@…  its not needed for anything, almost all of the swedish finns speak finnish, stop lying.",540,needed anything almost swedish finns speak finnish stop lying,negative,0.5787980556488037,7,"{'neutral': 0.7408843040466309, 'sadness': 0.11228647083044052, 'surprise': 0.10870973020792007, 'joy': 0.02038392424583435, 'anger': 0.012304787524044514, 'fear': 0.0037017108406871557, 'disgust': 0.0017290684627369046}",0.7408843040466309,0.10870973020792007,0.02038392424583435,0.012304787524044514,0.11228647083044052,0.0017290684627369046,0.0037017108406871557,0.0,0.0,0.0,0.0,0.0,0.0,0.0,0.0,0.0,0.0,0.0,0.0,0.0,0.0,neutral
@…  What freedom?,541,freedom,neutral,0.9146997332572937,-1,,,,,,,,,,,,,,,,,,,,,,,
"guess thats why supercell, nokia and angry birds exists",543,guess thats supercell nokia angry birds exists,neutral,0.661231279373169,9,"{'anger': 0.9676969647407532, 'neutral': 0.015174667350947857, 'sadness': 0.007468242663890123, 'surprise': 0.004339214880019426, 'disgust': 0.003029206534847617, 'joy': 0.0013167770812287927, 'fear': 0.0009749328601174057, 'anger_linguistic': 1.0, 'anger_sentence_count': 1}",0.015174667350947857,0.004339214880019426,0.0013167770812287927,0.9676969647407532,0.007468242663890123,0.003029206534847617,0.0009749328601174057,0.0,0.0,0.0,1.0,0.0,0.0,0.0,0.0,0.0,0.0,1.0,0.0,0.0,0.0,anger
"@…  yeah I got some B's in my 5th grade report card with no A+'s, just B's and A's and my mom was like: ""This was not expected.""




So for them,
A= Achiever
B= Bad
C and D= Can't achieve anything",544,yeah got grade report card mom like expected achiever bad cant achieve anything,negative,0.5466973781585693,-1,"{'sadness': 0.7112970352172852, 'surprise': 0.1318216174840927, 'neutral': 0.08934899419546127, 'joy': 0.038758907467126846, 'anger': 0.018107416108250618, 'disgust': 0.006963786669075489, 'fear': 0.003702293150126934}",0.08934899419546127,0.1318216174840927,0.038758907467126846,0.018107416108250618,0.7112970352172852,0.006963786669075489,0.003702293150126934,0.0,0.0,0.0,0.0,0.0,0.0,0.0,0.0,0.0,0.0,0.0,0.0,0.0,0.0,sadness
"In my school,kids will steal the playstation within one day LMAOOO",547,schoolkids steal playstation within one day lmaooo,negative,0.572195827960968,-1,"{'neutral': 0.565030574798584, 'surprise': 0.23432722687721252, 'anger': 0.0850963294506073, 'joy': 0.07333410531282425, 'sadness': 0.03074893355369568, 'fear': 0.007724005728960037, 'disgust': 0.003738750470802188}",0.565030574798584,0.23432722687721252,0.07333410531282425,0.0850963294506073,0.03074893355369568,0.003738750470802188,0.007724005728960037,0.0,0.0,0.0,0.0,0.0,0.0,0.0,0.0,0.0,0.0,0.0,0.0,0.0,0.0,neutral
@…  yeah.. it make me wonder about the meaning of 'best education system'..,548,yeah make wonder meaning best education system,neutral,0.7031720280647278,1,"{'surprise': 0.9568531513214111, 'neutral': 0.02627701684832573, 'joy': 0.0073751346208155155, 'sadness': 0.004193093627691269, 'anger': 0.003340809140354395, 'fear': 0.0011002933606505394, 'disgust': 0.000860564352478832, 'anger_linguistic': 1.0, 'surprise_linguistic': 1.0, 'anger_sentence_count': 1, 'surprise_sentence_count': 1}",0.02627701684832573,0.9568531513214111,0.0073751346208155155,0.003340809140354395,0.004193093627691269,0.000860564352478832,0.0011002933606505394,0.0,1.0,0.0,1.0,0.0,0.0,0.0,0.0,1.0,0.0,1.0,0.0,0.0,0.0,surprise
"@…  yep, and always 
""Remember Who You Are""",550,yep always remember,neutral,0.6806711554527283,44,"{'neutral': 0.6363380551338196, 'joy': 0.14952749013900757, 'surprise': 0.12168549001216888, 'sadness': 0.07372354716062546, 'anger': 0.007704982999712229, 'disgust': 0.007382927928119898, 'fear': 0.0036375478375703096}",0.6363380551338196,0.12168549001216888,0.14952749013900757,0.007704982999712229,0.07372354716062546,0.007382927928119898,0.0036375478375703096,0.0,0.0,0.0,0.0,0.0,0.0,0.0,0.0,0.0,0.0,0.0,0.0,0.0,0.0,neutral
Sounds a lot like Indian Education.,551,sounds lot like indian education,neutral,0.5352853536605835,2,"{'surprise': 0.5003007650375366, 'neutral': 0.23110854625701904, 'sadness': 0.09443517029285431, 'joy': 0.08154980838298798, 'fear': 0.07218914479017258, 'disgust': 0.01463854406028986, 'anger': 0.005778025835752487}",0.23110854625701904,0.5003007650375366,0.08154980838298798,0.005778025835752487,0.09443517029285431,0.01463854406028986,0.07218914479017258,0.0,0.0,0.0,0.0,0.0,0.0,0.0,0.0,0.0,0.0,0.0,0.0,0.0,0.0,surprise
"@…  Yeah I felt great old YouTube back when theirs no issues with it. Specially the nice calm fandoms Im in, but now a days I see drama videos everywhere, chaotic and toxic people. I really missed it alot and don't worry I also understand you. Modern Days seem to be very hard and scary doe nowadays tbh 🙁 but thanks for reminding me about sticking to my spirits and God🤗.",552,yeah felt great old youtube back issues specially nice calm fandoms days see drama videos everywhere chaotic toxic people really missed alot dont worry also understand modern days seem hard scary doe nowadays tbh thanks reminding sticking spirits god,negative,0.4532938003540039,30,"{'fear': 0.6399404406547546, 'joy': 0.27121058106422424, 'sadness': 0.04311831668019295, 'anger': 0.024885570630431175, 'surprise': 0.014775555580854416, 'neutral': 0.005799326580017805, 'disgust': 0.00027028052136301994, 'joy_linguistic': 1.2, 'fear_linguistic': 1.2, 'love_linguistic': 1.2, 'neutral_linguistic': 2.4, 'joy_sentence_count': 1, 'fear_sentence_count': 1, 'love_sentence_count': 1, 'neutral_sentence_count': 1}",0.005799326580017805,0.014775555580854416,0.27121058106422424,0.024885570630431175,0.04311831668019295,0.00027028052136301994,0.6399404406547546,2.4,0.0,1.2,0.0,0.0,0.0,1.2,1.0,0.0,1.0,0.0,0.0,0.0,1.0,neutral
This is the case in Finland as well.,553,case finland well,neutral,0.8972424864768982,0,"{'neutral': 0.8543383479118347, 'surprise': 0.08732912689447403, 'sadness': 0.033897776156663895, 'joy': 0.009294543415307999, 'anger': 0.007996405474841595, 'fear': 0.004527073819190264, 'disgust': 0.002616775454953313}",0.8543383479118347,0.08732912689447403,0.009294543415307999,0.007996405474841595,0.033897776156663895,0.002616775454953313,0.004527073819190264,0.0,0.0,0.0,0.0,0.0,0.0,0.0,0.0,0.0,0.0,0.0,0.0,0.0,0.0,neutral
"@…  Exactly the point of education is to prepare you for the real world by giving you skill and knowledge on how to get through it. I personally felt learning things that I'm really not interested in is very draining, instead of teaching skills that are really important in life. I never had the time to ask my self this questions until quarantine. Are all of this subjects in my life matter and never did I had the time realize that. Like for example I want to be a musician or be a chef but the system forces to learn things that are not related to that career. I just hope they make the system of education more effective in the future and not like this.",554,exactly point education prepare real world giving skill knowledge get personally felt learning things really interested draining instead teaching skills really important life never time ask self questions quarantine subjects life matter never time realize like example want musician chef system forces learn things related career hope make system education effective future like,negative,0.5603336989879608,1,"{'joy': 0.5495107769966125, 'surprise': 0.22757688164710999, 'neutral': 0.08708278089761734, 'sadness': 0.06572716683149338, 'anger': 0.06067119538784027, 'fear': 0.008315893821418285, 'disgust': 0.0011153601808473468, 'neutral_linguistic': 0.6, 'sadness_linguistic': 0.6, 'joy_sentence_count': 1, 'love_sentence_count': 1, 'neutral_sentence_count': 1}",0.08708278089761734,0.22757688164710999,0.5495107769966125,0.06067119538784027,0.06572716683149338,0.0011153601808473468,0.008315893821418285,0.6,0.0,0.0,0.0,0.6,0.0,0.0,1.0,0.0,1.0,0.0,0.0,0.0,0.0,joy
"3:07 In Poland there's a special rule for this: ZZZ (Zakuć - litterally forge, learn for goddamn sake, Zdać - pass, Zapomnieć - forget, so English version would be said FPF)",555,poland theres special rule zzz zakuć litterally forge learn goddamn sake zdać pass zapomnieć forget english version would said fpf,neutral,0.8116133213043213,-1,"{'anger': 0.8878344297409058, 'neutral': 0.05405507609248161, 'sadness': 0.02124270610511303, 'joy': 0.013573214411735535, 'surprise': 0.010174165479838848, 'disgust': 0.008800447918474674, 'fear': 0.00431992718949914, 'surprise_linguistic': 1.0, 'love_linguistic': 1.0, 'surprise_sentence_count': 1, 'love_sentence_count': 1}",0.05405507609248161,0.010174165479838848,0.013573214411735535,0.8878344297409058,0.02124270610511303,0.008800447918474674,0.00431992718949914,0.0,1.0,0.0,0.0,0.0,0.0,0.0,0.0,1.0,0.0,0.0,0.0,0.0,0.0,anger
"@…  I feel your pain there and that's way I always trust myself and our Lord and savior Jesus Christ to always be safe and not just being safe, it's being protected from evil and even always doing good deeds for all the people that needed help or need help.",556,feel pain thats way always trust lord savior jesus christ always safe safe protected evil even always good deeds people needed help need help,positive,0.6953689455986023,33,"{'sadness': 0.8577057123184204, 'joy': 0.11874751001596451, 'anger': 0.010848398320376873, 'neutral': 0.007587278727442026, 'fear': 0.0020229858346283436, 'surprise': 0.001869800267741084, 'disgust': 0.0012183638755232096, 'sadness_linguistic': 1.0, 'fear_linguistic': 1.0, 'sadness_sentence_count': 1, 'fear_sentence_count': 1}",0.007587278727442026,0.001869800267741084,0.11874751001596451,0.010848398320376873,0.8577057123184204,0.0012183638755232096,0.0020229858346283436,0.0,0.0,0.0,0.0,1.0,0.0,1.0,0.0,0.0,0.0,0.0,1.0,0.0,1.0,sadness
@…  I agree and I'm also from Philippines. I honestly don't like system of education here and majority of people here had the mindset get a degree and make your grade high or your failure in life. It's really sad and I really want to become a digital artist and an animator but they don't offer those here. It really sucks,557,agree also philippines honestly dont like system education majority people mindset get degree make grade high failure life really sad really want become digital artist animator dont offer really sucks,negative,0.9247497916221619,1,"{'sadness': 0.9490774273872375, 'surprise': 0.030035439878702164, 'joy': 0.008684693835675716, 'neutral': 0.007960123009979725, 'anger': 0.0024723431561142206, 'fear': 0.0011857529170811176, 'disgust': 0.0005842138198204339, 'sadness_linguistic': 1.2, 'neutral_linguistic': 2.4, 'sadness_sentence_count': 1, 'neutral_sentence_count': 1}",0.007960123009979725,0.030035439878702164,0.008684693835675716,0.0024723431561142206,0.9490774273872375,0.0005842138198204339,0.0011857529170811176,2.4,0.0,0.0,0.0,1.2,0.0,0.0,1.0,0.0,0.0,0.0,1.0,0.0,0.0,neutral
"Am from the Philippines as well and I could say is little bit true and even difficult, boring, dumb as well. And the lesson is quite little okay and even what's the meaning of the lesson again or the Life Lesson on this subject again?",558,philippines well could say little bit true even difficult boring dumb well lesson quite little okay even whats meaning lesson life lesson subject,negative,0.8342640995979309,-1,"{'neutral': 0.5366122126579285, 'joy': 0.23302394151687622, 'sadness': 0.13811393082141876, 'anger': 0.03767232596874237, 'surprise': 0.03654959052801132, 'fear': 0.009689349681138992, 'disgust': 0.00833869818598032, 'anger_linguistic': 1.2, 'neutral_linguistic': 1.2, 'anger_sentence_count': 1, 'neutral_sentence_count': 1}",0.5366122126579285,0.03654959052801132,0.23302394151687622,0.03767232596874237,0.13811393082141876,0.00833869818598032,0.009689349681138992,1.2,0.0,0.0,1.2,0.0,0.0,0.0,1.0,0.0,0.0,1.0,0.0,0.0,0.0,neutral
Some asian countries like korea and Japan are ranked very high in education but the endless stress and hours they work is incredible and just not worth it.,559,asian countries like korea japan ranked high education endless stress hours work incredible worth,negative,0.844068706035614,21,"{'joy': 0.6777215600013733, 'surprise': 0.1384102702140808, 'neutral': 0.1362157166004181, 'sadness': 0.027324795722961426, 'anger': 0.015840306878089905, 'fear': 0.003747523296624422, 'disgust': 0.0007398113957606256, 'joy_linguistic': 1.0, 'surprise_linguistic': 1.0, 'joy_sentence_count': 1, 'surprise_sentence_count': 1}",0.1362157166004181,0.1384102702140808,0.6777215600013733,0.015840306878089905,0.027324795722961426,0.0007398113957606256,0.003747523296624422,0.0,1.0,1.0,0.0,0.0,0.0,0.0,0.0,1.0,1.0,0.0,0.0,0.0,0.0,joy
"kushi Chowdhury Yeah, feels awful that they have to go trough so much more stress, but i think they learn more devotion to their goals.",561,kushi chowdhury yeah feels awful trough much stress think learn devotion goals,negative,0.6251240968704224,2,"{'sadness': 0.7329481840133667, 'fear': 0.20428799092769623, 'disgust': 0.033486902713775635, 'neutral': 0.012901338748633862, 'surprise': 0.010098924860358238, 'joy': 0.00343489833176136, 'anger': 0.0028418709989637136, 'fear_linguistic': 1.0, 'disgust_linguistic': 1.0, 'love_linguistic': 1.0, 'fear_sentence_count': 1, 'disgust_sentence_count': 1, 'love_sentence_count': 1}",0.012901338748633862,0.010098924860358238,0.00343489833176136,0.0028418709989637136,0.7329481840133667,0.033486902713775635,0.20428799092769623,0.0,0.0,0.0,0.0,0.0,1.0,1.0,0.0,0.0,0.0,0.0,0.0,1.0,1.0,fear
Mainly because Finland actually does a few things well,562,mainly finland actually things well,positive,0.653788149356842,0,"{'neutral': 0.52845698595047, 'joy': 0.2354746311903, 'surprise': 0.206969752907753, 'sadness': 0.01882987469434738, 'anger': 0.00690949521958828, 'fear': 0.0021392882335931063, 'disgust': 0.0012199787888675928, 'neutral_linguistic': 1.0, 'neutral_sentence_count': 1}",0.52845698595047,0.206969752907753,0.2354746311903,0.00690949521958828,0.01882987469434738,0.0012199787888675928,0.0021392882335931063,1.0,0.0,0.0,0.0,0.0,0.0,0.0,1.0,0.0,0.0,0.0,0.0,0.0,0.0,neutral
They only beat the ones from the ghettos. They don't beat our best.,563,beat ones ghettos dont beat best,negative,0.8066201210021973,6,"{'sadness': 0.5178561210632324, 'neutral': 0.3092837333679199, 'surprise': 0.12870217859745026, 'joy': 0.019306914880871773, 'anger': 0.018653634935617447, 'disgust': 0.0043779113329946995, 'fear': 0.0018195369048044086}",0.3092837333679199,0.12870217859745026,0.019306914880871773,0.018653634935617447,0.5178561210632324,0.0043779113329946995,0.0018195369048044086,0.0,0.0,0.0,0.0,0.0,0.0,0.0,0.0,0.0,0.0,0.0,0.0,0.0,0.0,sadness
Not convincing. Not enough explanation.,564,convincing enough explanation,negative,0.8658800721168518,18,"{'neutral': 0.45388996601104736, 'anger': 0.2184019684791565, 'surprise': 0.16368089616298676, 'disgust': 0.07876428961753845, 'sadness': 0.03947792574763298, 'fear': 0.03589165583252907, 'joy': 0.009893253445625305}",0.45388996601104736,0.16368089616298676,0.009893253445625305,0.2184019684791565,0.03947792574763298,0.07876428961753845,0.03589165583252907,0.0,0.0,0.0,0.0,0.0,0.0,0.0,0.0,0.0,0.0,0.0,0.0,0.0,0.0,neutral
"Yes, USA have chance to have good gegography lessons for learning that.",565,yes usa chance good gegography lessons learning,positive,0.5813923478126526,11,"{'joy': 0.6692686676979065, 'surprise': 0.17546911537647247, 'neutral': 0.1346103399991989, 'sadness': 0.015220771543681622, 'anger': 0.0032279810402542353, 'fear': 0.0014863114338368177, 'disgust': 0.0007167933508753777}",0.1346103399991989,0.17546911537647247,0.6692686676979065,0.0032279810402542353,0.015220771543681622,0.0007167933508753777,0.0014863114338368177,0.0,0.0,0.0,0.0,0.0,0.0,0.0,0.0,0.0,0.0,0.0,0.0,0.0,0.0,joy
Why not the government give him the money to move to Finland? What if he doesn’t have the money?,566,government give money move finland doesnt money,neutral,0.5053215026855469,0,"{'neutral': 0.5634790062904358, 'sadness': 0.25982093811035156, 'anger': 0.08706199377775192, 'surprise': 0.07051483541727066, 'joy': 0.0093672014772892, 'fear': 0.005112416576594114, 'disgust': 0.004643613006919622}",0.5634790062904358,0.07051483541727066,0.0093672014772892,0.08706199377775192,0.25982093811035156,0.004643613006919622,0.005112416576594114,0.0,0.0,0.0,0.0,0.0,0.0,0.0,0.0,0.0,0.0,0.0,0.0,0.0,0.0,neutral
"Its not the schools job to give you recess or lunch. Its too bad that our schools dont have particularly talented teachers, and kids have no discipline, but you can be responsible for your own education. Work harder, and develop your self discipline.",569,schools job give recess lunch bad schools dont particularly talented teachers kids discipline responsible education work harder develop self discipline,negative,0.8215823769569397,4,"{'sadness': 0.5610677599906921, 'neutral': 0.2558656334877014, 'anger': 0.06977055966854095, 'joy': 0.05355788394808769, 'surprise': 0.04128238558769226, 'disgust': 0.014232723973691463, 'fear': 0.00422309385612607}",0.2558656334877014,0.04128238558769226,0.05355788394808769,0.06977055966854095,0.5610677599906921,0.014232723973691463,0.00422309385612607,0.0,0.0,0.0,0.0,0.0,0.0,0.0,0.0,0.0,0.0,0.0,0.0,0.0,0.0,sadness
I don't even understand your english bro.,570,dont even understand english bro,negative,0.9018741250038147,17,"{'neutral': 0.40371909737586975, 'surprise': 0.26242610812187195, 'sadness': 0.17842917144298553, 'disgust': 0.08287244290113449, 'anger': 0.0555817149579525, 'fear': 0.01081975270062685, 'joy': 0.006151646841317415}",0.40371909737586975,0.26242610812187195,0.006151646841317415,0.0555817149579525,0.17842917144298553,0.08287244290113449,0.01081975270062685,0.0,0.0,0.0,0.0,0.0,0.0,0.0,0.0,0.0,0.0,0.0,0.0,0.0,0.0,neutral
School you should focus on how to research not what you studied,571,school focus research studied,neutral,0.628331184387207,1,"{'neutral': 0.6947585344314575, 'surprise': 0.149044930934906, 'sadness': 0.05733773112297058, 'fear': 0.04451575502753258, 'anger': 0.024854032322764397, 'joy': 0.019906219094991684, 'disgust': 0.009582804515957832}",0.6947585344314575,0.149044930934906,0.019906219094991684,0.024854032322764397,0.05733773112297058,0.009582804515957832,0.04451575502753258,0.0,0.0,0.0,0.0,0.0,0.0,0.0,0.0,0.0,0.0,0.0,0.0,0.0,0.0,neutral
"""they're rarely assigned homework""
This depends on the teachers and schools so much it's painful.",572,theyre rarely assigned homework depends teachers schools much painful,negative,0.868902325630188,3,"{'sadness': 0.9764732122421265, 'fear': 0.005914092063903809, 'neutral': 0.004580642096698284, 'surprise': 0.004248708952218294, 'anger': 0.0038028834387660027, 'joy': 0.0037049788516014814, 'disgust': 0.0012755198404192924, 'sadness_linguistic': 1.0, 'sadness_sentence_count': 1}",0.004580642096698284,0.004248708952218294,0.0037049788516014814,0.0038028834387660027,0.9764732122421265,0.0012755198404192924,0.005914092063903809,0.0,0.0,0.0,0.0,1.0,0.0,0.0,0.0,0.0,0.0,0.0,1.0,0.0,0.0,sadness
I gotta practice my Finnish,573,gotta practice finnish,neutral,0.6286945939064026,0,"{'neutral': 0.7578206658363342, 'sadness': 0.12926332652568817, 'joy': 0.05308994650840759, 'disgust': 0.020159369334578514, 'fear': 0.019692184403538704, 'anger': 0.012295282445847988, 'surprise': 0.00767926312983036}",0.7578206658363342,0.00767926312983036,0.05308994650840759,0.012295282445847988,0.12926332652568817,0.020159369334578514,0.019692184403538704,0.0,0.0,0.0,0.0,0.0,0.0,0.0,0.0,0.0,0.0,0.0,0.0,0.0,0.0,neutral
And they spend less then a 10th per student that we do. So more money for education is not what is needed. And I see absolutely no correlation between making sure students get basic proficiency to schools competing for resources. BTW...so much for diversity being our strength. Just a little joke there...,574,spend less per student money education needed see absolutely correlation making sure students get basic proficiency schools competing resources btwso much diversity strength little joke,negative,0.7625223994255066,16,"{'surprise': 0.3974755108356476, 'joy': 0.3776340186595917, 'neutral': 0.1796741634607315, 'sadness': 0.02594544179737568, 'anger': 0.014898836612701416, 'disgust': 0.002209349302574992, 'fear': 0.002162704709917307}",0.1796741634607315,0.3974755108356476,0.3776340186595917,0.014898836612701416,0.02594544179737568,0.002209349302574992,0.002162704709917307,0.0,0.0,0.0,0.0,0.0,0.0,0.0,0.0,0.0,0.0,0.0,0.0,0.0,0.0,surprise
"Hi it’s Finland, I decided my country is the best. Review source? Me.",575,finland decided country best review source,positive,0.9405084252357483,0,"{'neutral': 0.799979567527771, 'surprise': 0.11439383774995804, 'joy': 0.05569727346301079, 'sadness': 0.013035546988248825, 'anger': 0.009628226980566978, 'fear': 0.003828000044450164, 'disgust': 0.0034375253599137068}",0.799979567527771,0.11439383774995804,0.05569727346301079,0.009628226980566978,0.013035546988248825,0.0034375253599137068,0.003828000044450164,0.0,0.0,0.0,0.0,0.0,0.0,0.0,0.0,0.0,0.0,0.0,0.0,0.0,0.0,neutral
"@…  There is definitely homework, just less of it",576,definitely homework less,neutral,0.7802033424377441,3,"{'neutral': 0.8518668413162231, 'sadness': 0.07399991154670715, 'disgust': 0.029071949422359467, 'surprise': 0.018033744767308235, 'anger': 0.011549463495612144, 'fear': 0.008757460862398148, 'joy': 0.006720670964568853, 'neutral_linguistic': 1.0, 'neutral_sentence_count': 1}",0.8518668413162231,0.018033744767308235,0.006720670964568853,0.011549463495612144,0.07399991154670715,0.029071949422359467,0.008757460862398148,1.0,0.0,0.0,0.0,0.0,0.0,0.0,1.0,0.0,0.0,0.0,0.0,0.0,0.0,neutral
where are the avocados? just come to a public school in finland and get instant regret everyrhing sucks,580,avocados come public school finland get instant regret everyrhing sucks,negative,0.9513766765594482,-1,"{'sadness': 0.9586349725723267, 'surprise': 0.013133648782968521, 'neutral': 0.010427405126392841, 'anger': 0.008809097111225128, 'joy': 0.005318709183484316, 'fear': 0.0018762260442599654, 'disgust': 0.0017999345436692238, 'sadness_linguistic': 1.0, 'sadness_sentence_count': 1}",0.010427405126392841,0.013133648782968521,0.005318709183484316,0.008809097111225128,0.9586349725723267,0.0017999345436692238,0.0018762260442599654,0.0,0.0,0.0,0.0,1.0,0.0,0.0,0.0,0.0,0.0,0.0,1.0,0.0,0.0,sadness
"@…  just saying. If ""we"" left out the black people, we leave out a lot of great scientists, thinkers, innovators, and possible new friends too.",581,saying left black people leave lot great scientists thinkers innovators possible new friends,neutral,0.5330236554145813,6,"{'joy': 0.874264657497406, 'neutral': 0.07649661600589752, 'surprise': 0.027567144483327866, 'sadness': 0.013852076604962349, 'anger': 0.006322892848402262, 'disgust': 0.0008163178572431207, 'fear': 0.0006803456926718354, 'joy_linguistic': 1.0, 'joy_sentence_count': 1}",0.07649661600589752,0.027567144483327866,0.874264657497406,0.006322892848402262,0.013852076604962349,0.0008163178572431207,0.0006803456926718354,0.0,0.0,1.0,0.0,0.0,0.0,0.0,0.0,0.0,1.0,0.0,0.0,0.0,0.0,joy
"@…  
No, private schools aren't better. In fact, only a really small amount of people are in a private school so people don't even know what it's like. I'm Finnish so I think I know this.",582,private schools arent better fact really small amount people private school people dont even know like finnish think know,negative,0.7797113060951233,45,"{'surprise': 0.4708242118358612, 'neutral': 0.4222879707813263, 'sadness': 0.06686197221279144, 'anger': 0.013713857159018517, 'disgust': 0.011980218812823296, 'joy': 0.011361971497535706, 'fear': 0.0029698219150304794, 'neutral_linguistic': 1.2, 'neutral_sentence_count': 1}",0.4222879707813263,0.4708242118358612,0.011361971497535706,0.013713857159018517,0.06686197221279144,0.011980218812823296,0.0029698219150304794,1.2,0.0,0.0,0.0,0.0,0.0,0.0,1.0,0.0,0.0,0.0,0.0,0.0,0.0,neutral
I sure bet Neil deGrasse Tyson was really dragging those scores down.,583,sure bet neil degrasse tyson really dragging scores,negative,0.5775479674339294,6,"{'neutral': 0.6918884515762329, 'surprise': 0.12203234434127808, 'sadness': 0.11523377150297165, 'joy': 0.05064954236149788, 'anger': 0.013129634782671928, 'fear': 0.004232586361467838, 'disgust': 0.0028336127288639545, 'neutral_linguistic': 1.2, 'neutral_sentence_count': 1}",0.6918884515762329,0.12203234434127808,0.05064954236149788,0.013129634782671928,0.11523377150297165,0.0028336127288639545,0.004232586361467838,1.2,0.0,0.0,0.0,0.0,0.0,0.0,1.0,0.0,0.0,0.0,0.0,0.0,0.0,neutral
did they delete Eric's comment ? wtf....,584,delete erics comment wtf,negative,0.7955518364906311,37,"{'anger': 0.7637202143669128, 'surprise': 0.0968310609459877, 'disgust': 0.08767266571521759, 'sadness': 0.021861040964722633, 'neutral': 0.02043498493731022, 'fear': 0.007099874317646027, 'joy': 0.0023802577052265406}",0.02043498493731022,0.0968310609459877,0.0023802577052265406,0.7637202143669128,0.021861040964722633,0.08767266571521759,0.007099874317646027,0.0,0.0,0.0,0.0,0.0,0.0,0.0,0.0,0.0,0.0,0.0,0.0,0.0,0.0,anger
"Indonesia here
7 a.m till 3 p.m",586,indonesia till,neutral,0.8787623047828674,24,"{'neutral': 0.9008714556694031, 'surprise': 0.054507456719875336, 'sadness': 0.01885780319571495, 'joy': 0.011223673820495605, 'anger': 0.006394906900823116, 'fear': 0.006376171950250864, 'disgust': 0.0017685730708763003}",0.9008714556694031,0.054507456719875336,0.011223673820495605,0.006394906900823116,0.01885780319571495,0.0017685730708763003,0.006376171950250864,0.0,0.0,0.0,0.0,0.0,0.0,0.0,0.0,0.0,0.0,0.0,0.0,0.0,0.0,neutral
What is Finland education administration system ?,587,finland education administration system,neutral,0.8282486200332642,0,"{'neutral': 0.7991290092468262, 'surprise': 0.08520924299955368, 'sadness': 0.06124391406774521, 'joy': 0.01600496843457222, 'fear': 0.014897465705871582, 'anger': 0.01368175633251667, 'disgust': 0.009833588264882565}",0.7991290092468262,0.08520924299955368,0.01600496843457222,0.01368175633251667,0.06124391406774521,0.009833588264882565,0.014897465705871582,0.0,0.0,0.0,0.0,0.0,0.0,0.0,0.0,0.0,0.0,0.0,0.0,0.0,0.0,neutral
Komedykid lmao they can. Students stay late studying in school then either go home or cram schools,588,komedykid lmao students stay late studying school either home cram schools,negative,0.510790228843689,-1,"{'sadness': 0.431058406829834, 'neutral': 0.28619384765625, 'surprise': 0.18388114869594574, 'joy': 0.054213229566812515, 'anger': 0.03310711681842804, 'fear': 0.007597111631184816, 'disgust': 0.0039491611532866955}",0.28619384765625,0.18388114869594574,0.054213229566812515,0.03310711681842804,0.431058406829834,0.0039491611532866955,0.007597111631184816,0.0,0.0,0.0,0.0,0.0,0.0,0.0,0.0,0.0,0.0,0.0,0.0,0.0,0.0,sadness
yes but be prepared it is really hard,589,yes prepared really hard,negative,0.492994099855423,36,"{'neutral': 0.7650687098503113, 'surprise': 0.12081657350063324, 'sadness': 0.06231072545051575, 'joy': 0.03180938959121704, 'anger': 0.01125079020857811, 'fear': 0.006372411269694567, 'disgust': 0.002371428767219186, 'neutral_linguistic': 1.2, 'neutral_sentence_count': 1}",0.7650687098503113,0.12081657350063324,0.03180938959121704,0.01125079020857811,0.06231072545051575,0.002371428767219186,0.006372411269694567,1.2,0.0,0.0,0.0,0.0,0.0,0.0,1.0,0.0,0.0,0.0,0.0,0.0,0.0,neutral
@…  you from india,590,india,neutral,0.9282662272453308,-1,,,,,,,,,,,,,,,,,,,,,,,
Canada's education system makes me feel like shit,592,canadas education system makes feel like shit,negative,0.9567297101020813,1,"{'disgust': 0.8289515972137451, 'anger': 0.131782665848732, 'sadness': 0.023107590153813362, 'neutral': 0.007173642516136169, 'fear': 0.005791916977614164, 'surprise': 0.002161941025406122, 'joy': 0.0010305906180292368}",0.007173642516136169,0.002161941025406122,0.0010305906180292368,0.131782665848732,0.023107590153813362,0.8289515972137451,0.005791916977614164,0.0,0.0,0.0,0.0,0.0,0.0,0.0,0.0,0.0,0.0,0.0,0.0,0.0,0.0,disgust
@…  yea messed up on the comment,593,yea messed comment,negative,0.7781012058258057,37,"{'neutral': 0.38632428646087646, 'surprise': 0.2482406198978424, 'sadness': 0.18345613777637482, 'anger': 0.1149434819817543, 'disgust': 0.049934253096580505, 'joy': 0.01181651558727026, 'fear': 0.0052846381440758705}",0.38632428646087646,0.2482406198978424,0.01181651558727026,0.1149434819817543,0.18345613777637482,0.049934253096580505,0.0052846381440758705,0.0,0.0,0.0,0.0,0.0,0.0,0.0,0.0,0.0,0.0,0.0,0.0,0.0,0.0,neutral
@…  it's 60%,595,,neutral,0.8806841373443604,-1,,,,,,,,,,,,,,,,,,,,,,,
FuzzerSky  yeah but finland isnt nowhere near the most capitalist country,596,fuzzersky yeah finland isnt nowhere near capitalist country,negative,0.5236026644706726,14,"{'surprise': 0.32044094800949097, 'neutral': 0.30879393219947815, 'joy': 0.2612932026386261, 'sadness': 0.09301923215389252, 'anger': 0.00745867844671011, 'disgust': 0.006788746919482946, 'fear': 0.002205304801464081}",0.30879393219947815,0.32044094800949097,0.2612932026386261,0.00745867844671011,0.09301923215389252,0.006788746919482946,0.002205304801464081,0.0,0.0,0.0,0.0,0.0,0.0,0.0,0.0,0.0,0.0,0.0,0.0,0.0,0.0,surprise
"Once soviet wanted to conquer Finland,but finns fighted strongly against it and kept it's freedom and independence.  Finland is a free and capitalist country and was never under communism.",597,soviet wanted conquer finlandbut finns fighted strongly kept freedom independence finland free capitalist country never communism,neutral,0.6825626492500305,0,"{'joy': 0.48316287994384766, 'anger': 0.20056761801242828, 'neutral': 0.1836037039756775, 'sadness': 0.09460271149873734, 'surprise': 0.032891467213630676, 'fear': 0.002966514555737376, 'disgust': 0.0022050710394978523}",0.1836037039756775,0.032891467213630676,0.48316287994384766,0.20056761801242828,0.09460271149873734,0.0022050710394978523,0.002966514555737376,0.0,0.0,0.0,0.0,0.0,0.0,0.0,0.0,0.0,0.0,0.0,0.0,0.0,0.0,joy
Woah my parents say that to- 😔,600,woah parents say,negative,0.7589258551597595,-1,"{'surprise': 0.7014720439910889, 'neutral': 0.16551586985588074, 'sadness': 0.07587576657533646, 'joy': 0.03463853523135185, 'anger': 0.008705350570380688, 'disgust': 0.008625492453575134, 'fear': 0.005166931543499231}",0.16551586985588074,0.7014720439910889,0.03463853523135185,0.008705350570380688,0.07587576657533646,0.008625492453575134,0.005166931543499231,0.0,0.0,0.0,0.0,0.0,0.0,0.0,0.0,0.0,0.0,0.0,0.0,0.0,0.0,surprise
Welcome to the club,601,welcome club,positive,0.7191111445426941,8,"{'joy': 0.619391918182373, 'neutral': 0.2143174260854721, 'surprise': 0.1358584463596344, 'sadness': 0.016861984506249428, 'anger': 0.005517082288861275, 'fear': 0.005284794140607119, 'disgust': 0.0027684015221893787}",0.2143174260854721,0.1358584463596344,0.619391918182373,0.005517082288861275,0.016861984506249428,0.0027684015221893787,0.005284794140607119,0.0,0.0,0.0,0.0,0.0,0.0,0.0,0.0,0.0,0.0,0.0,0.0,0.0,0.0,joy
"this is so true, i want to be able to express my passions, not learn bullshit while hating it at the same time. i want to have time for friends and family and games and my other hobbys its just so messed up",602,true want able express passions learn bullshit hating time want time friends family games hobbys messed,negative,0.7411495447158813,-1,"{'anger': 0.6782828569412231, 'sadness': 0.1222371757030487, 'neutral': 0.12023274600505829, 'joy': 0.030810168012976646, 'disgust': 0.021652741357684135, 'fear': 0.01597839593887329, 'surprise': 0.010805859230458736, 'love_linguistic': 1.0, 'neutral_linguistic': 1.0, 'love_sentence_count': 1, 'neutral_sentence_count': 1}",0.12023274600505829,0.010805859230458736,0.030810168012976646,0.6782828569412231,0.1222371757030487,0.021652741357684135,0.01597839593887329,1.0,0.0,0.0,0.0,0.0,0.0,0.0,1.0,0.0,0.0,0.0,0.0,0.0,0.0,neutral
"Moving to Finland would give you a free education in the best universities in The world. 

If you are needing education, healthcare or chill & Happy living Our country can provide that.",603,moving finland would give free education best universities world needing education healthcare chill happy living country provide,positive,0.8951541781425476,0,"{'joy': 0.9296212196350098, 'surprise': 0.038030438125133514, 'neutral': 0.023972271010279655, 'sadness': 0.005514974240213633, 'anger': 0.0019918177276849747, 'fear': 0.0004812207189388573, 'disgust': 0.00038804649375379086, 'joy_linguistic': 1.0, 'love_linguistic': 1.0, 'joy_sentence_count': 1, 'love_sentence_count': 1}",0.023972271010279655,0.038030438125133514,0.9296212196350098,0.0019918177276849747,0.005514974240213633,0.00038804649375379086,0.0004812207189388573,0.0,0.0,1.0,0.0,0.0,0.0,0.0,0.0,0.0,1.0,0.0,0.0,0.0,0.0,joy
"@…  oh but yeah I love Denmark, Finland, Sweden, and Norway equally",605,yeah love denmark finland sweden norway equally,positive,0.9260827898979187,0,"{'neutral': 0.7406600117683411, 'surprise': 0.10398770123720169, 'sadness': 0.10052141547203064, 'joy': 0.047054752707481384, 'fear': 0.0029119320679455996, 'anger': 0.00285173486918211, 'disgust': 0.002012448152527213, 'joy_linguistic': 1.0, 'love_linguistic': 1.0, 'joy_sentence_count': 1, 'love_sentence_count': 1}",0.7406600117683411,0.10398770123720169,0.047054752707481384,0.00285173486918211,0.10052141547203064,0.002012448152527213,0.0029119320679455996,0.0,0.0,1.0,0.0,0.0,0.0,0.0,0.0,0.0,1.0,0.0,0.0,0.0,0.0,neutral
Americans can actually accomplish all that Finnish accomplish by just homeschooling. The American education system is pretty messed up. If you compare Finland's education system to homeschooling it''s pretty similar.,606,americans actually accomplish finnish accomplish homeschooling american education system pretty messed compare finlands education system homeschooling pretty similar,negative,0.8715134263038635,0,"{'anger': 0.456095814704895, 'sadness': 0.26193809509277344, 'neutral': 0.18593530356884003, 'surprise': 0.05583237484097481, 'disgust': 0.026404011994600296, 'joy': 0.007826881483197212, 'fear': 0.005967491772025824, 'neutral_linguistic': 1.0, 'neutral_sentence_count': 1}",0.18593530356884003,0.05583237484097481,0.007826881483197212,0.456095814704895,0.26193809509277344,0.026404011994600296,0.005967491772025824,1.0,0.0,0.0,0.0,0.0,0.0,0.0,1.0,0.0,0.0,0.0,0.0,0.0,0.0,neutral
@…  it's a culture and morals difference between the countries,607,culture morals difference countries,neutral,0.8504996299743652,24,"{'neutral': 0.8407501578330994, 'surprise': 0.056999340653419495, 'disgust': 0.047937389463186264, 'anger': 0.022133661434054375, 'sadness': 0.014806320890784264, 'fear': 0.010587894357740879, 'joy': 0.006785279139876366}",0.8407501578330994,0.056999340653419495,0.006785279139876366,0.022133661434054375,0.014806320890784264,0.047937389463186264,0.010587894357740879,0.0,0.0,0.0,0.0,0.0,0.0,0.0,0.0,0.0,0.0,0.0,0.0,0.0,0.0,neutral
"@…  and I agree as well with you and it's not just the education system problem the problem is 'what is teaching you or knowing this information for you'. ""like is this important to life as we grow up as adults or not"" that's the real question to the school education system nowadays",608,agree well education system problem problem teaching knowing information like important life grow adults thats real question school education system nowadays,neutral,0.5356712937355042,1,"{'neutral': 0.5820375680923462, 'joy': 0.16971905529499054, 'surprise': 0.11915852129459381, 'anger': 0.062475621700286865, 'sadness': 0.05494542047381401, 'disgust': 0.009303834289312363, 'fear': 0.0023600065615028143, 'neutral_linguistic': 1.0, 'neutral_sentence_count': 1}",0.5820375680923462,0.11915852129459381,0.16971905529499054,0.062475621700286865,0.05494542047381401,0.009303834289312363,0.0023600065615028143,1.0,0.0,0.0,0.0,0.0,0.0,0.0,1.0,0.0,0.0,0.0,0.0,0.0,0.0,neutral
"No one cares it's ""Americans"" people usually don't say Californians, floridians",612,one cares americans people usually dont say californians floridians,negative,0.7385038733482361,5,"{'neutral': 0.840984046459198, 'surprise': 0.06344049423933029, 'joy': 0.05376801639795303, 'sadness': 0.027394607663154602, 'anger': 0.010959804989397526, 'disgust': 0.002462971257045865, 'fear': 0.0009901475859805942, 'love_linguistic': 1.0, 'neutral_linguistic': 1.0, 'love_sentence_count': 1, 'neutral_sentence_count': 1}",0.840984046459198,0.06344049423933029,0.05376801639795303,0.010959804989397526,0.027394607663154602,0.002462971257045865,0.0009901475859805942,1.0,0.0,0.0,0.0,0.0,0.0,0.0,1.0,0.0,0.0,0.0,0.0,0.0,0.0,neutral
S i agree I got so mad when I saw that,613,agree got mad saw,negative,0.9095920324325562,-1,"{'anger': 0.40423616766929626, 'neutral': 0.3543873131275177, 'sadness': 0.1081906259059906, 'surprise': 0.09470488876104355, 'disgust': 0.02145002782344818, 'joy': 0.011171807534992695, 'fear': 0.005859162658452988, 'anger_linguistic': 1.0, 'anger_sentence_count': 1}",0.3543873131275177,0.09470488876104355,0.011171807534992695,0.40423616766929626,0.1081906259059906,0.02145002782344818,0.005859162658452988,0.0,0.0,0.0,1.0,0.0,0.0,0.0,0.0,0.0,0.0,1.0,0.0,0.0,0.0,anger
"Get Ass  its not about ""hard"". Its about ""the best"". Ofc school is wayy harder in finland than in usa for example lmaoo",614,get ass hard best ofc school wayy harder finland usa example lmaoo,negative,0.634428083896637,0,"{'neutral': 0.37834930419921875, 'joy': 0.30036699771881104, 'sadness': 0.16625672578811646, 'surprise': 0.10189468413591385, 'anger': 0.04686599224805832, 'disgust': 0.003713448066264391, 'fear': 0.002552842488512397}",0.37834930419921875,0.10189468413591385,0.30036699771881104,0.04686599224805832,0.16625672578811646,0.003713448066264391,0.002552842488512397,0.0,0.0,0.0,0.0,0.0,0.0,0.0,0.0,0.0,0.0,0.0,0.0,0.0,0.0,neutral
@…  Oooh that. Bruh i could reply to any comment a thousand times cuz i have nothing else to do :p And i could relate to your comment too so i guess i just gonna reply (But seriously tho how can i not relate to your comment there's not even anything funny in the comments),615,oooh bruh could reply comment thousand times cuz nothing else could relate comment guess gonna reply seriously tho relate comment theres even anything funny comments,positive,0.6382997035980225,37,"{'surprise': 0.6343201994895935, 'joy': 0.18909668922424316, 'neutral': 0.10512341558933258, 'sadness': 0.06062614172697067, 'anger': 0.006698918994516134, 'disgust': 0.0020998388063162565, 'fear': 0.0020347791723906994, 'neutral_linguistic': 0.5, 'joy_sentence_count': 1}",0.10512341558933258,0.6343201994895935,0.18909668922424316,0.006698918994516134,0.06062614172697067,0.0020998388063162565,0.0020347791723906994,0.5,0.0,0.0,0.0,0.0,0.0,0.0,0.0,0.0,1.0,0.0,0.0,0.0,0.0,surprise
"Mark Armage yes, the russians export oil. But Neste isn’t finlands biggest company. Also what does it matter if they were refined using American technology. It’s hard for a small country to have much innovation. The Finnish government works well; they know what they are doing",616,mark armage yes russians export oil neste isnt finlands biggest company also matter refined using american technology hard small country much innovation finnish government works well know,neutral,0.6036022305488586,10,"{'neutral': 0.37315601110458374, 'surprise': 0.3467511236667633, 'joy': 0.21956738829612732, 'sadness': 0.049442023038864136, 'anger': 0.008142772130668163, 'fear': 0.0018551546381786466, 'disgust': 0.0010854881256818771, 'neutral_linguistic': 1.0, 'neutral_sentence_count': 1}",0.37315601110458374,0.3467511236667633,0.21956738829612732,0.008142772130668163,0.049442023038864136,0.0010854881256818771,0.0018551546381786466,1.0,0.0,0.0,0.0,0.0,0.0,0.0,1.0,0.0,0.0,0.0,0.0,0.0,0.0,neutral
"@…  your words, not mine. Pathetic.",617,words mine pathetic,negative,0.8832948803901672,-1,"{'sadness': 0.953607439994812, 'disgust': 0.020786546170711517, 'neutral': 0.009951003827154636, 'fear': 0.006996176205575466, 'surprise': 0.004056164063513279, 'anger': 0.0034287215676158667, 'joy': 0.0011739199981093407}",0.009951003827154636,0.004056164063513279,0.0011739199981093407,0.0034287215676158667,0.953607439994812,0.020786546170711517,0.006996176205575466,0.0,0.0,0.0,0.0,0.0,0.0,0.0,0.0,0.0,0.0,0.0,0.0,0.0,0.0,sadness
"@…  I mean, yeah, they are my words. So?- 👁👄👁",618,mean yeah words,neutral,0.8736444115638733,17,"{'neutral': 0.6506951451301575, 'anger': 0.166689932346344, 'disgust': 0.15412767231464386, 'sadness': 0.012434065341949463, 'surprise': 0.007399771828204393, 'fear': 0.005980163812637329, 'joy': 0.0026733102276921272, 'anger_linguistic': 1.0, 'anger_sentence_count': 1}",0.6506951451301575,0.007399771828204393,0.0026733102276921272,0.166689932346344,0.012434065341949463,0.15412767231464386,0.005980163812637329,0.0,0.0,0.0,1.0,0.0,0.0,0.0,0.0,0.0,0.0,1.0,0.0,0.0,0.0,anger
@…  so you are bragging on here that you are very smart? And want to have somebody else post about it on reddit? That's incredibly random. But never mind.,619,bragging smart want somebody else post reddit thats incredibly random never mind,negative,0.6096417307853699,13,"{'surprise': 0.5894569754600525, 'neutral': 0.3545171320438385, 'anger': 0.02355526201426983, 'sadness': 0.011474675498902798, 'joy': 0.010953668504953384, 'disgust': 0.0054774777963757515, 'fear': 0.004564863163977861}",0.3545171320438385,0.5894569754600525,0.010953668504953384,0.02355526201426983,0.011474675498902798,0.0054774777963757515,0.004564863163977861,0.0,0.0,0.0,0.0,0.0,0.0,0.0,0.0,0.0,0.0,0.0,0.0,0.0,0.0,surprise
@…  bruh calm the freak down just cuz someone disagreed doesnt mean they are a lazy thinker this guy literally only said 'what',620,bruh calm freak cuz someone disagreed doesnt mean lazy thinker guy literally said,negative,0.82245934009552,-1,"{'neutral': 0.6054795980453491, 'anger': 0.15214407444000244, 'surprise': 0.10166794061660767, 'fear': 0.05150401219725609, 'joy': 0.03902458772063255, 'disgust': 0.03353351354598999, 'sadness': 0.016646314412355423, 'anger_linguistic': 1.0, 'anger_sentence_count': 1}",0.6054795980453491,0.10166794061660767,0.03902458772063255,0.15214407444000244,0.016646314412355423,0.03353351354598999,0.05150401219725609,0.0,0.0,0.0,1.0,0.0,0.0,0.0,0.0,0.0,0.0,1.0,0.0,0.0,0.0,anger
Or people in 3rd world countries,621,people world countries,negative,0.647165060043335,24,"{'neutral': 0.4439232349395752, 'surprise': 0.4373968243598938, 'sadness': 0.04276192933320999, 'joy': 0.02835690602660179, 'anger': 0.022559933364391327, 'disgust': 0.013532877899706364, 'fear': 0.011468305252492428}",0.4439232349395752,0.4373968243598938,0.02835690602660179,0.022559933364391327,0.04276192933320999,0.013532877899706364,0.011468305252492428,0.0,0.0,0.0,0.0,0.0,0.0,0.0,0.0,0.0,0.0,0.0,0.0,0.0,0.0,neutral
@… ingot See? This person is just impossible to reason with!,623,ingot see person impossible reason,negative,0.9256736040115356,12,"{'surprise': 0.5714555382728577, 'anger': 0.16781260073184967, 'joy': 0.09980080276727676, 'neutral': 0.08442364633083344, 'fear': 0.04590892419219017, 'sadness': 0.02544158324599266, 'disgust': 0.005156912840902805}",0.08442364633083344,0.5714555382728577,0.09980080276727676,0.16781260073184967,0.02544158324599266,0.005156912840902805,0.04590892419219017,0.0,0.0,0.0,0.0,0.0,0.0,0.0,0.0,0.0,0.0,0.0,0.0,0.0,0.0,surprise
@…  r/iamverysmart much?,624,riamverysmart much,neutral,0.8254492282867432,13,"{'neutral': 0.492195725440979, 'surprise': 0.42417430877685547, 'joy': 0.03810558468103409, 'sadness': 0.03642881661653519, 'anger': 0.0061196996830403805, 'disgust': 0.001575198140926659, 'fear': 0.0014007242862135172}",0.492195725440979,0.42417430877685547,0.03810558468103409,0.0061196996830403805,0.03642881661653519,0.001575198140926659,0.0014007242862135172,0.0,0.0,0.0,0.0,0.0,0.0,0.0,0.0,0.0,0.0,0.0,0.0,0.0,0.0,neutral
DriftRS You are embarassing our anti-trump movement..,626,driftrs embarassing antitrump movement,negative,0.9169449210166931,26,"{'neutral': 0.7914314270019531, 'fear': 0.11484277993440628, 'surprise': 0.031051091849803925, 'joy': 0.029412591829895973, 'anger': 0.015450216829776764, 'sadness': 0.01378253847360611, 'disgust': 0.004029376897960901}",0.7914314270019531,0.031051091849803925,0.029412591829895973,0.015450216829776764,0.01378253847360611,0.004029376897960901,0.11484277993440628,0.0,0.0,0.0,0.0,0.0,0.0,0.0,0.0,0.0,0.0,0.0,0.0,0.0,0.0,neutral
"+curtainmat You speak English, whereas most Americans can barely speak one language.",627,curtainmat speak english whereas americans barely speak one language,neutral,0.5981416702270508,22,"{'neutral': 0.8750735521316528, 'surprise': 0.07021495699882507, 'sadness': 0.021391313523054123, 'anger': 0.012835867702960968, 'disgust': 0.011135591194033623, 'fear': 0.006860255263745785, 'joy': 0.002488412894308567}",0.8750735521316528,0.07021495699882507,0.002488412894308567,0.012835867702960968,0.021391313523054123,0.011135591194033623,0.006860255263745785,0.0,0.0,0.0,0.0,0.0,0.0,0.0,0.0,0.0,0.0,0.0,0.0,0.0,0.0,neutral
@…  you don't understand that's why you don't make any money,628,dont understand thats dont make money,negative,0.8364520072937012,-1,"{'surprise': 0.4736117124557495, 'neutral': 0.32514503598213196, 'sadness': 0.10415861755609512, 'anger': 0.052062198519706726, 'disgust': 0.03022834099829197, 'joy': 0.00772859388962388, 'fear': 0.007065467070788145}",0.32514503598213196,0.4736117124557495,0.00772859388962388,0.052062198519706726,0.10415861755609512,0.03022834099829197,0.007065467070788145,0.0,0.0,0.0,0.0,0.0,0.0,0.0,0.0,0.0,0.0,0.0,0.0,0.0,0.0,surprise
@…  most Finns also speak English,630,finns also speak english,neutral,0.9001950621604919,7,"{'neutral': 0.9366216063499451, 'surprise': 0.032541681081056595, 'sadness': 0.013113236986100674, 'joy': 0.006687823683023453, 'disgust': 0.006088653579354286, 'anger': 0.002899899845942855, 'fear': 0.0020471231546252966, 'neutral_linguistic': 1.0, 'neutral_sentence_count': 1}",0.9366216063499451,0.032541681081056595,0.006687823683023453,0.002899899845942855,0.013113236986100674,0.006088653579354286,0.0020471231546252966,1.0,0.0,0.0,0.0,0.0,0.0,0.0,1.0,0.0,0.0,0.0,0.0,0.0,0.0,neutral
@…  and your not alone,632,alone,neutral,0.6741062998771667,-1,,,,,,,,,,,,,,,,,,,,,,,
"Boy TYT you have really dropped the ball here - an idiotic take on a serious subject.
You should have replayed TYT program on same subject from 8 yrs ago. 
If you think education is a comedy then don’t wonder why you have a buffoon for president.",633,boy tyt really dropped ball idiotic take serious subject replayed tyt program subject yrs ago think education comedy dont wonder buffoon president,negative,0.9407307505607605,-1,"{'surprise': 0.8425193428993225, 'sadness': 0.06449515372514725, 'neutral': 0.04686538502573967, 'joy': 0.03256959095597267, 'anger': 0.011591736227273941, 'fear': 0.0010063158115372062, 'disgust': 0.0009525126661173999, 'surprise_linguistic': 1.2, 'neutral_linguistic': 1.2, 'surprise_sentence_count': 1, 'neutral_sentence_count': 1}",0.04686538502573967,0.8425193428993225,0.03256959095597267,0.011591736227273941,0.06449515372514725,0.0009525126661173999,0.0010063158115372062,1.2,1.2,0.0,0.0,0.0,0.0,0.0,1.0,1.0,0.0,0.0,0.0,0.0,0.0,surprise
@…  doesn't mean it should be ok to wake up so early,635,doesnt mean wake early,neutral,0.5082879662513733,3,"{'neutral': 0.8050260543823242, 'fear': 0.11427130550146103, 'surprise': 0.03761244937777519, 'sadness': 0.02358456887304783, 'anger': 0.01137602049857378, 'disgust': 0.005223201587796211, 'joy': 0.0029064093250781298, 'anger_linguistic': 1.0, 'anger_sentence_count': 1}",0.8050260543823242,0.03761244937777519,0.0029064093250781298,0.01137602049857378,0.02358456887304783,0.005223201587796211,0.11427130550146103,0.0,0.0,0.0,1.0,0.0,0.0,0.0,0.0,0.0,0.0,1.0,0.0,0.0,0.0,neutral
yes what happened? :( can anyone explain?,636,yes happened anyone explain,negative,0.8555326461791992,-1,"{'surprise': 0.49248313903808594, 'neutral': 0.4635065793991089, 'sadness': 0.01664501242339611, 'anger': 0.014235305599868298, 'joy': 0.00606579938903451, 'fear': 0.0040487265214324, 'disgust': 0.003015475580468774}",0.4635065793991089,0.49248313903808594,0.00606579938903451,0.014235305599868298,0.01664501242339611,0.003015475580468774,0.0040487265214324,0.0,0.0,0.0,0.0,0.0,0.0,0.0,0.0,0.0,0.0,0.0,0.0,0.0,0.0,surprise
not any longer， Asian countries will catch up soon，special east Asian！,638,longer asian countries catch soonspecial east asian,neutral,0.5400283932685852,24,"{'neutral': 0.912010908126831, 'surprise': 0.03656832501292229, 'sadness': 0.025653138756752014, 'anger': 0.011325311847031116, 'joy': 0.006650068797171116, 'fear': 0.005089085549116135, 'disgust': 0.00270304293371737, 'love_linguistic': 1.0, 'love_sentence_count': 1}",0.912010908126831,0.03656832501292229,0.006650068797171116,0.011325311847031116,0.025653138756752014,0.00270304293371737,0.005089085549116135,0.0,0.0,0.0,0.0,0.0,0.0,0.0,0.0,0.0,0.0,0.0,0.0,0.0,0.0,neutral
Me too. I hate my life.,639,hate life,negative,0.9418424367904663,-1,,,,,,,,,,,,,,,,,,,,,,,
He didn't say Finland exists though...,640,didnt say finland exists though,neutral,0.8281051516532898,0,"{'neutral': 0.7091134786605835, 'surprise': 0.23648597300052643, 'sadness': 0.03587333858013153, 'anger': 0.0057778977788984776, 'disgust': 0.004831679165363312, 'joy': 0.004152216482907534, 'fear': 0.003765412140637636}",0.7091134786605835,0.23648597300052643,0.004152216482907534,0.0057778977788984776,0.03587333858013153,0.004831679165363312,0.003765412140637636,0.0,0.0,0.0,0.0,0.0,0.0,0.0,0.0,0.0,0.0,0.0,0.0,0.0,0.0,neutral
BLOXINARON omg i have the exact thought like you do,641,bloxinaron omg exact thought like,neutral,0.5198205709457397,0,"{'surprise': 0.9630962610244751, 'neutral': 0.01385015994310379, 'sadness': 0.008704534731805325, 'joy': 0.005444810725748539, 'disgust': 0.0040222518146038055, 'anger': 0.0030513026285916567, 'fear': 0.001830664579756558}",0.01385015994310379,0.9630962610244751,0.005444810725748539,0.0030513026285916567,0.008704534731805325,0.0040222518146038055,0.001830664579756558,0.0,0.0,0.0,0.0,0.0,0.0,0.0,0.0,0.0,0.0,0.0,0.0,0.0,0.0,surprise
This couldn't be further from the truth,642,couldnt truth,negative,0.6422185301780701,26,"{'surprise': 0.44762590527534485, 'sadness': 0.31022754311561584, 'neutral': 0.19931580126285553, 'anger': 0.018888326361775398, 'fear': 0.013657737523317337, 'disgust': 0.007082010619342327, 'joy': 0.003202606225386262}",0.19931580126285553,0.44762590527534485,0.003202606225386262,0.018888326361775398,0.31022754311561584,0.007082010619342327,0.013657737523317337,0.0,0.0,0.0,0.0,0.0,0.0,0.0,0.0,0.0,0.0,0.0,0.0,0.0,0.0,surprise
Can you explain why this matters?,643,explain matters,neutral,0.8345058560371399,18,"{'neutral': 0.9168328642845154, 'surprise': 0.027424979954957962, 'sadness': 0.01866081915795803, 'anger': 0.01821272075176239, 'joy': 0.0065428391098976135, 'disgust': 0.00644651148468256, 'fear': 0.005879363510757685}",0.9168328642845154,0.027424979954957962,0.0065428391098976135,0.01821272075176239,0.01866081915795803,0.00644651148468256,0.005879363510757685,0.0,0.0,0.0,0.0,0.0,0.0,0.0,0.0,0.0,0.0,0.0,0.0,0.0,0.0,neutral
"@…  I think what he is trying to say is that since Finland give a free education system it is harder for them to let so many people have a free school. The schools give free hockey courts, ping pong tables, pool tables and ps4's. So giving these additional stuff would also be very hard. So for 330 million people that would be alot of money. Teachers in Finland are also the best in the world and  so having the best teachers for a ton people would be very hard. The facts  i said are true but i dont know if my statement is correct so idk. I dont know about us schools so i could be wrong but hoe this helps.",644,think trying say since finland give free education system harder let many people free school schools give free hockey courts ping pong tables pool tables pss giving additional stuff would also hard million people would alot money teachers finland also best world best teachers ton people would hard facts said true dont know statement correct idk dont know schools could wrong hoe helps,neutral,0.6392122507095337,-1,"{'joy': 0.37509679794311523, 'surprise': 0.30452731251716614, 'neutral': 0.20789651572704315, 'sadness': 0.09746196120977402, 'anger': 0.012053394690155983, 'fear': 0.0017755242297425866, 'disgust': 0.0011885378044098616, 'neutral_linguistic': 2.0, 'neutral_sentence_count': 1}",0.20789651572704315,0.30452731251716614,0.37509679794311523,0.012053394690155983,0.09746196120977402,0.0011885378044098616,0.0017755242297425866,2.0,0.0,0.0,0.0,0.0,0.0,0.0,1.0,0.0,0.0,0.0,0.0,0.0,0.0,neutral
@…  but govt. is giving it in many states. Ofcourse you wont get the most expensive one because we are not in Finland.,645,govt giving many states ofcourse wont get expensive one finland,neutral,0.5450665354728699,0,"{'sadness': 0.3997041583061218, 'neutral': 0.3459705412387848, 'surprise': 0.20063132047653198, 'joy': 0.033338822424411774, 'anger': 0.01082820538431406, 'fear': 0.00726931681856513, 'disgust': 0.002257636282593012, 'sadness_linguistic': 1.0, 'sadness_sentence_count': 1}",0.3459705412387848,0.20063132047653198,0.033338822424411774,0.01082820538431406,0.3997041583061218,0.002257636282593012,0.00726931681856513,0.0,0.0,0.0,0.0,1.0,0.0,0.0,0.0,0.0,0.0,0.0,1.0,0.0,0.0,sadness
@… 1 good point i think the only excuse they can make is that they spend the money on something else even though they should definitely be spending it on schools.,647,good point think excuse make spend money something else even though definitely spending schools,negative,0.5418180227279663,-1,"{'neutral': 0.5332068204879761, 'joy': 0.3281365931034088, 'anger': 0.05719497427344322, 'sadness': 0.031098660081624985, 'surprise': 0.03079385496675968, 'disgust': 0.015965649858117104, 'fear': 0.0036034544464200735, 'neutral_linguistic': 1.0, 'neutral_sentence_count': 1}",0.5332068204879761,0.03079385496675968,0.3281365931034088,0.05719497427344322,0.031098660081624985,0.015965649858117104,0.0036034544464200735,1.0,0.0,0.0,0.0,0.0,0.0,0.0,1.0,0.0,0.0,0.0,0.0,0.0,0.0,neutral
i know 5 as an American.,648,know american,neutral,0.8202453255653381,5,"{'neutral': 0.8687372803688049, 'surprise': 0.08555291593074799, 'sadness': 0.018103232607245445, 'joy': 0.01221283245831728, 'anger': 0.006629874464124441, 'fear': 0.006459358613938093, 'disgust': 0.0023044790141284466}",0.8687372803688049,0.08555291593074799,0.01221283245831728,0.006629874464124441,0.018103232607245445,0.0023044790141284466,0.006459358613938093,0.0,0.0,0.0,0.0,0.0,0.0,0.0,0.0,0.0,0.0,0.0,0.0,0.0,0.0,neutral
"@…  Yeah but in Finland there are three mandatory languages you learn; Finnish, Swedish and English. Then there are bunch of languages you can learn from the age of 10 like French or German.",649,yeah finland three mandatory languages learn finnish swedish english bunch languages learn age like french german,neutral,0.8849170804023743,7,"{'neutral': 0.7028071284294128, 'joy': 0.1548641175031662, 'surprise': 0.10141453146934509, 'sadness': 0.03308191895484924, 'anger': 0.0038140180986374617, 'fear': 0.002197944326326251, 'disgust': 0.0018203144427388906}",0.7028071284294128,0.10141453146934509,0.1548641175031662,0.0038140180986374617,0.03308191895484924,0.0018203144427388906,0.002197944326326251,0.0,0.0,0.0,0.0,0.0,0.0,0.0,0.0,0.0,0.0,0.0,0.0,0.0,0.0,neutral
Mark Armage You won’t convince me with your “evidence”. You can keep trying but it won’t work cause I know that you are a little koo koo/ brainwashed,650,mark armage wont convince evidence keep trying wont work cause know little koo koo brainwashed,negative,0.905707061290741,23,"{'sadness': 0.5415537357330322, 'neutral': 0.29262876510620117, 'anger': 0.058676134794950485, 'surprise': 0.05502981320023537, 'fear': 0.03170277923345566, 'disgust': 0.013930033892393112, 'joy': 0.006478746421635151}",0.29262876510620117,0.05502981320023537,0.006478746421635151,0.058676134794950485,0.5415537357330322,0.013930033892393112,0.03170277923345566,0.0,0.0,0.0,0.0,0.0,0.0,0.0,0.0,0.0,0.0,0.0,0.0,0.0,0.0,sadness
"don't
get help
your life is worth living
it will get better
you are awesome man, have a free like :)",651,dont get help life worth living get better awesome man free like,positive,0.9231329560279846,33,"{'sadness': 0.8296930193901062, 'neutral': 0.0754062756896019, 'anger': 0.051339901983737946, 'surprise': 0.021444816142320633, 'joy': 0.012061593122780323, 'fear': 0.005252847447991371, 'disgust': 0.004801528062671423, 'joy_linguistic': 1.0, 'joy_sentence_count': 1}",0.0754062756896019,0.021444816142320633,0.012061593122780323,0.051339901983737946,0.8296930193901062,0.004801528062671423,0.005252847447991371,0.0,0.0,1.0,0.0,0.0,0.0,0.0,0.0,0.0,1.0,0.0,0.0,0.0,0.0,sadness
"what is your email? i may be interested to answer your question, although i am not a expert.",652,email may interested answer question although expert,neutral,0.7574841380119324,-1,"{'neutral': 0.7325536608695984, 'sadness': 0.14633090794086456, 'surprise': 0.09295690059661865, 'anger': 0.00912361778318882, 'disgust': 0.008140062913298607, 'fear': 0.008084387518465519, 'joy': 0.0028104635421186686}",0.7325536608695984,0.09295690059661865,0.0028104635421186686,0.00912361778318882,0.14633090794086456,0.008140062913298607,0.008084387518465519,0.0,0.0,0.0,0.0,0.0,0.0,0.0,0.0,0.0,0.0,0.0,0.0,0.0,0.0,neutral
@…  Sorry! But what you trying to say.  I don't get it.,654,sorry trying say dont get,negative,0.8164381980895996,17,"{'sadness': 0.9124076962471008, 'neutral': 0.052115071564912796, 'surprise': 0.01579507254064083, 'anger': 0.007226878777146339, 'disgust': 0.006186480633914471, 'joy': 0.004111090674996376, 'fear': 0.0021577191073447466, 'sadness_linguistic': 1.0, 'sadness_sentence_count': 1}",0.052115071564912796,0.01579507254064083,0.004111090674996376,0.007226878777146339,0.9124076962471008,0.006186480633914471,0.0021577191073447466,0.0,0.0,0.0,0.0,1.0,0.0,0.0,0.0,0.0,0.0,0.0,1.0,0.0,0.0,sadness
"@…  I think you read my comment in the wrong context, I'm saying that compared to the school I go to, schools in the US are really nice",655,think read comment wrong context saying compared school schools really nice,positive,0.534299910068512,11,"{'surprise': 0.49567344784736633, 'neutral': 0.45824742317199707, 'joy': 0.016399767249822617, 'anger': 0.01597830466926098, 'sadness': 0.007091132923960686, 'disgust': 0.0034027164801955223, 'fear': 0.0032072344329208136, 'neutral_linguistic': 1.2, 'neutral_sentence_count': 1}",0.45824742317199707,0.49567344784736633,0.016399767249822617,0.01597830466926098,0.007091132923960686,0.0034027164801955223,0.0032072344329208136,1.2,0.0,0.0,0.0,0.0,0.0,0.0,1.0,0.0,0.0,0.0,0.0,0.0,0.0,neutral
@…  so only private schools are good ?,656,private schools good,neutral,0.7023699879646301,45,"{'neutral': 0.847024142742157, 'joy': 0.08279754966497421, 'sadness': 0.024982888251543045, 'surprise': 0.02140364982187748, 'anger': 0.011484946124255657, 'disgust': 0.009775848127901554, 'fear': 0.0025309217162430286}",0.847024142742157,0.02140364982187748,0.08279754966497421,0.011484946124255657,0.024982888251543045,0.009775848127901554,0.0025309217162430286,0.0,0.0,0.0,0.0,0.0,0.0,0.0,0.0,0.0,0.0,0.0,0.0,0.0,0.0,neutral
"Me E the problem is that the states and cities all have separate Boards of Education. Where as in Sweden everyone is the same. But then, you have to look at the population difference 300 million vs 10 million. It’s a complicated situation. Personally I think project based learning is better for the Americans, it’s more engaging, and effective. I know because I have family in the US.",657,problem states cities separate boards education sweden everyone look population difference million million complicated situation personally think project based learning better americans engaging effective know family,neutral,0.6024623513221741,-1,"{'neutral': 0.5110527873039246, 'surprise': 0.2921959161758423, 'sadness': 0.10332884639501572, 'joy': 0.07253039628267288, 'anger': 0.012713638134300709, 'fear': 0.0070995427668094635, 'disgust': 0.001078828820027411}",0.5110527873039246,0.2921959161758423,0.07253039628267288,0.012713638134300709,0.10332884639501572,0.001078828820027411,0.0070995427668094635,0.0,0.0,0.0,0.0,0.0,0.0,0.0,0.0,0.0,0.0,0.0,0.0,0.0,0.0,neutral
"@… E I hate when people do this. Considering how much the US has contributed to the world. Cell Phones, Airplanes, Medicine, Computers, Photographic Film,  Modernized electricity. Social Media (YouTube) #1 in music, #1 in Film #1 in Cancer treatment . American Colleges rank higher in terms of research. The only difference is Europeans get things for free the Americans don’t. Let’s not forget  the contributions the US has shared with the world, so to say 330 million people are lacking in education based off of propaganda is wrong. I’m not even American, but stop generalizing them.",658,hate people considering much contributed world cell phones airplanes medicine computers photographic film modernized electricity social media youtube music film cancer treatment american colleges rank higher terms research difference europeans get things free americans dont lets forget contributions shared world say million people lacking education based propaganda wrong even american stop generalizing,neutral,0.6954749077558517,35,"{'anger': 0.893530547618866, 'sadness': 0.037822477519512177, 'neutral': 0.02758902497589588, 'joy': 0.017147701233625412, 'surprise': 0.013755125924944878, 'disgust': 0.008799180388450623, 'fear': 0.0013560319785028696}",0.02758902497589588,0.013755125924944878,0.017147701233625412,0.893530547618866,0.037822477519512177,0.008799180388450623,0.0013560319785028696,0.0,0.0,0.0,0.0,0.0,0.0,0.0,0.0,0.0,0.0,0.0,0.0,0.0,0.0,anger
"@…  I did, my aunt works there and compared to my Irish schools they're paradise",659,aunt works compared irish schools theyre paradise,positive,0.7888654470443726,11,"{'joy': 0.48971349000930786, 'neutral': 0.23828834295272827, 'surprise': 0.2274383008480072, 'anger': 0.020532088354229927, 'sadness': 0.020168660208582878, 'disgust': 0.002298882696777582, 'fear': 0.0015601601917296648}",0.23828834295272827,0.2274383008480072,0.48971349000930786,0.020532088354229927,0.020168660208582878,0.002298882696777582,0.0015601601917296648,0.0,0.0,0.0,0.0,0.0,0.0,0.0,0.0,0.0,0.0,0.0,0.0,0.0,0.0,joy
@…  well he is lying they don't stay until midnight. They cant,660,well lying dont stay midnight cant,negative,0.7960761785507202,26,"{'neutral': 0.669347882270813, 'sadness': 0.19440127909183502, 'surprise': 0.1026349663734436, 'joy': 0.013530676253139973, 'anger': 0.011448817327618599, 'fear': 0.004326830618083477, 'disgust': 0.004309491254389286}",0.669347882270813,0.1026349663734436,0.013530676253139973,0.011448817327618599,0.19440127909183502,0.004309491254389286,0.004326830618083477,0.0,0.0,0.0,0.0,0.0,0.0,0.0,0.0,0.0,0.0,0.0,0.0,0.0,0.0,neutral
thats only 4 hours,661,thats hours,neutral,0.6194159984588623,36,"{'neutral': 0.5342764854431152, 'surprise': 0.3515586853027344, 'sadness': 0.07294706255197525, 'joy': 0.01797064021229744, 'anger': 0.01170690730214119, 'disgust': 0.009261141531169415, 'fear': 0.002279014326632023}",0.5342764854431152,0.3515586853027344,0.01797064021229744,0.01170690730214119,0.07294706255197525,0.009261141531169415,0.002279014326632023,0.0,0.0,0.0,0.0,0.0,0.0,0.0,0.0,0.0,0.0,0.0,0.0,0.0,0.0,neutral
@…  That's what I just said..,663,thats said,neutral,0.9059990644454956,-1,"{'neutral': 0.7424646019935608, 'surprise': 0.15786199271678925, 'sadness': 0.050239112228155136, 'joy': 0.017497578635811806, 'disgust': 0.015106179751455784, 'anger': 0.012935172766447067, 'fear': 0.0038953889161348343}",0.7424646019935608,0.15786199271678925,0.017497578635811806,0.012935172766447067,0.050239112228155136,0.015106179751455784,0.0038953889161348343,0.0,0.0,0.0,0.0,0.0,0.0,0.0,0.0,0.0,0.0,0.0,0.0,0.0,0.0,neutral
@…  every child in the workd wakes up at 6:30 to go to school...,664,every child workd wakes school,neutral,0.9205369353294373,3,"{'neutral': 0.7084708213806152, 'surprise': 0.15661969780921936, 'fear': 0.06557531654834747, 'sadness': 0.03315895423293114, 'joy': 0.01791500672698021, 'anger': 0.01387946866452694, 'disgust': 0.004380679223686457}",0.7084708213806152,0.15661969780921936,0.01791500672698021,0.01387946866452694,0.03315895423293114,0.004380679223686457,0.06557531654834747,0.0,0.0,0.0,0.0,0.0,0.0,0.0,0.0,0.0,0.0,0.0,0.0,0.0,0.0,neutral
"@…  U must be in a school that's actually good then. Unfortunately for the bunch of us, schools in US are horrible",665,must school thats actually good unfortunately bunch schools horrible,negative,0.7148657441139221,11,"{'sadness': 0.8142238259315491, 'fear': 0.08876475691795349, 'surprise': 0.050651632249355316, 'neutral': 0.018349261954426765, 'joy': 0.014737003482878208, 'disgust': 0.009428359568119049, 'anger': 0.003845060942694545, 'fear_linguistic': 1.0, 'disgust_linguistic': 1.0, 'neutral_linguistic': 1.0, 'fear_sentence_count': 1, 'disgust_sentence_count': 1, 'neutral_sentence_count': 1}",0.018349261954426765,0.050651632249355316,0.014737003482878208,0.003845060942694545,0.8142238259315491,0.009428359568119049,0.08876475691795349,1.0,0.0,0.0,0.0,0.0,1.0,1.0,1.0,0.0,0.0,0.0,0.0,1.0,1.0,sadness
@…  Wait what?,666,wait,neutral,0.9352127909660339,-1,,,,,,,,,,,,,,,,,,,,,,,
@…  Oxford university isn't American,667,oxford university isnt american,neutral,0.6454989910125732,28,"{'neutral': 0.5418506264686584, 'surprise': 0.2771393656730652, 'sadness': 0.1577831208705902, 'joy': 0.011685073375701904, 'anger': 0.004575323313474655, 'disgust': 0.0036731951404362917, 'fear': 0.003293376648798585}",0.5418506264686584,0.2771393656730652,0.011685073375701904,0.004575323313474655,0.1577831208705902,0.0036731951404362917,0.003293376648798585,0.0,0.0,0.0,0.0,0.0,0.0,0.0,0.0,0.0,0.0,0.0,0.0,0.0,0.0,neutral
The Pinklightning the level of prestigiousness from schools applies to any country. Ik oxford isn’t,668,pinklightning level prestigiousness schools applies country oxford isnt,neutral,0.7623605132102966,28,"{'joy': 0.8575557470321655, 'neutral': 0.06249180808663368, 'surprise': 0.05621282383799553, 'anger': 0.012457030825316906, 'sadness': 0.008368924260139465, 'disgust': 0.0018038350390270352, 'fear': 0.0011096938978880644}",0.06249180808663368,0.05621282383799553,0.8575557470321655,0.012457030825316906,0.008368924260139465,0.0018038350390270352,0.0011096938978880644,0.0,0.0,0.0,0.0,0.0,0.0,0.0,0.0,0.0,0.0,0.0,0.0,0.0,0.0,joy
As an American I agree,670,american agree,neutral,0.5167456865310669,5,"{'neutral': 0.8797557353973389, 'surprise': 0.049386028200387955, 'sadness': 0.027593862265348434, 'joy': 0.02016850933432579, 'anger': 0.014112542383372784, 'fear': 0.004913148004561663, 'disgust': 0.00407020328566432}",0.8797557353973389,0.049386028200387955,0.02016850933432579,0.014112542383372784,0.027593862265348434,0.00407020328566432,0.004913148004561663,0.0,0.0,0.0,0.0,0.0,0.0,0.0,0.0,0.0,0.0,0.0,0.0,0.0,0.0,neutral
99% of humans would most likely agree with you,671,humans would likely agree,neutral,0.5994849801063538,-1,"{'neutral': 0.9295485019683838, 'disgust': 0.01906919851899147, 'anger': 0.016017569229006767, 'surprise': 0.014586444944143295, 'joy': 0.00947580672800541, 'sadness': 0.008058407343924046, 'fear': 0.003244117833673954, 'neutral_linguistic': 1.0, 'neutral_sentence_count': 1}",0.9295485019683838,0.014586444944143295,0.00947580672800541,0.016017569229006767,0.008058407343924046,0.01906919851899147,0.003244117833673954,1.0,0.0,0.0,0.0,0.0,0.0,0.0,1.0,0.0,0.0,0.0,0.0,0.0,0.0,neutral
Omg accurate. List down every single thing they said and you'll get a perfect score lol,672,omg accurate list every single thing said youll get perfect score lol,positive,0.8956587314605713,43,"{'surprise': 0.9042078852653503, 'joy': 0.07536328583955765, 'neutral': 0.010435027070343494, 'anger': 0.004023803863674402, 'sadness': 0.0027589250821620226, 'fear': 0.0024126344360411167, 'disgust': 0.0007983990362845361}",0.010435027070343494,0.9042078852653503,0.07536328583955765,0.004023803863674402,0.0027589250821620226,0.0007983990362845361,0.0024126344360411167,0.0,0.0,0.0,0.0,0.0,0.0,0.0,0.0,0.0,0.0,0.0,0.0,0.0,0.0,surprise
School ranking is pretty weird since if you accept only the best scores it s way normal to have the best results. It s just a business model to make people go to their schools and rise fees,673,school ranking pretty weird since accept best scores way normal best results business model make people schools rise fees,negative,0.6656671166419983,-1,"{'disgust': 0.585614025592804, 'surprise': 0.2043253481388092, 'fear': 0.1454586535692215, 'anger': 0.03095642849802971, 'neutral': 0.016105471178889275, 'sadness': 0.01124115101993084, 'joy': 0.006298913154751062, 'surprise_linguistic': 1.0, 'surprise_sentence_count': 1}",0.016105471178889275,0.2043253481388092,0.006298913154751062,0.03095642849802971,0.01124115101993084,0.585614025592804,0.1454586535692215,0.0,1.0,0.0,0.0,0.0,0.0,0.0,0.0,1.0,0.0,0.0,0.0,0.0,0.0,surprise
"@…  if you go to sleep earlier there just no difference. actually, even while being in holidays i enjoy waking up like 7am (i sleep like 7 to 8 hours) and i find myself really productive and in a good shape.  All of this: waking up early is just psychological  but if you just move out your sleep schedule in a more healthy way it's just way better. Actually school may learn us a very healthy way to live but the problem is that we always only take the bad side of things and are like (oh no i don't want to wake early and take my responsabilty to not go to sleep early) At the end of the day, if you follow this way of living u'll just end up destroying your sleep schedule and being tired everyday",674,sleep earlier difference actually even holidays enjoy waking like sleep like hours find really productive good shape waking early psychological move sleep schedule healthy way way better actually school may learn healthy way live problem always take bad side things like dont want wake early take responsabilty sleep early end day follow way living ull end destroying sleep schedule tired everyday,positive,0.7583299875259399,3,"{'joy': 0.8339278101921082, 'surprise': 0.06252332776784897, 'neutral': 0.05287628620862961, 'sadness': 0.04226768761873245, 'anger': 0.006913652177900076, 'disgust': 0.0007614335627295077, 'fear': 0.0007298136479221284, 'joy_linguistic': 2.4, 'sadness_linguistic': 1.2, 'neutral_linguistic': 2.4, 'joy_sentence_count': 1, 'sadness_sentence_count': 1, 'neutral_sentence_count': 1}",0.05287628620862961,0.06252332776784897,0.8339278101921082,0.006913652177900076,0.04226768761873245,0.0007614335627295077,0.0007298136479221284,2.4,0.0,2.4,0.0,1.2,0.0,0.0,1.0,0.0,1.0,0.0,1.0,0.0,0.0,joy
@…  Im from south america and education is very bad,675,south america education bad,negative,0.933376669883728,2,"{'sadness': 0.8389507532119751, 'neutral': 0.08475077897310257, 'disgust': 0.030472207814455032, 'surprise': 0.01611400954425335, 'anger': 0.014914251863956451, 'fear': 0.011765032075345516, 'joy': 0.003032984444871545}",0.08475077897310257,0.01611400954425335,0.003032984444871545,0.014914251863956451,0.8389507532119751,0.030472207814455032,0.011765032075345516,0.0,0.0,0.0,0.0,0.0,0.0,0.0,0.0,0.0,0.0,0.0,0.0,0.0,0.0,sadness
I too think u are wrong. Think yourself peacfully that why u are not  right in this case,676,think wrong think peacfully right case,negative,0.8434447646141052,20,"{'neutral': 0.6633556485176086, 'anger': 0.2349717915058136, 'fear': 0.053211845457553864, 'sadness': 0.01830608770251274, 'joy': 0.016966726630926132, 'disgust': 0.007149194832891226, 'surprise': 0.006038660183548927}",0.6633556485176086,0.006038660183548927,0.016966726630926132,0.2349717915058136,0.01830608770251274,0.007149194832891226,0.053211845457553864,0.0,0.0,0.0,0.0,0.0,0.0,0.0,0.0,0.0,0.0,0.0,0.0,0.0,0.0,neutral
That is not how it works my dude,677,works dude,negative,0.7447611689567566,-1,"{'neutral': 0.5169962644577026, 'surprise': 0.21649646759033203, 'disgust': 0.09840316325426102, 'anger': 0.08619538694620132, 'joy': 0.03872178494930267, 'sadness': 0.03643306344747543, 'fear': 0.006753791589289904}",0.5169962644577026,0.21649646759033203,0.03872178494930267,0.08619538694620132,0.03643306344747543,0.09840316325426102,0.006753791589289904,0.0,0.0,0.0,0.0,0.0,0.0,0.0,0.0,0.0,0.0,0.0,0.0,0.0,0.0,neutral
Lazy teacher? That's good,678,lazy teacher thats good,positive,0.6536307334899902,4,"{'joy': 0.8376107215881348, 'neutral': 0.09546232223510742, 'surprise': 0.046417705714702606, 'sadness': 0.013409051112830639, 'anger': 0.0037456657737493515, 'disgust': 0.00265608006156981, 'fear': 0.0006983241764828563}",0.09546232223510742,0.046417705714702606,0.8376107215881348,0.0037456657737493515,0.013409051112830639,0.00265608006156981,0.0006983241764828563,0.0,0.0,0.0,0.0,0.0,0.0,0.0,0.0,0.0,0.0,0.0,0.0,0.0,0.0,joy
The U.S never leaves lier.,679,never leaves lier,negative,0.8660445809364319,26,"{'neutral': 0.8550901412963867, 'sadness': 0.09682471305131912, 'surprise': 0.02071002684533596, 'anger': 0.009832236915826797, 'joy': 0.008411899209022522, 'fear': 0.0050330753438174725, 'disgust': 0.004097828175872564}",0.8550901412963867,0.02071002684533596,0.008411899209022522,0.009832236915826797,0.09682471305131912,0.004097828175872564,0.0050330753438174725,0.0,0.0,0.0,0.0,0.0,0.0,0.0,0.0,0.0,0.0,0.0,0.0,0.0,0.0,neutral
@…  that's sad I was planning to go and live there 😢,680,thats sad planning live,negative,0.9124776721000671,36,"{'sadness': 0.9786004424095154, 'surprise': 0.008898848667740822, 'neutral': 0.007039213087409735, 'joy': 0.0032086351420730352, 'disgust': 0.0008979662088677287, 'anger': 0.0008277017623186111, 'fear': 0.0005272624548524618, 'sadness_linguistic': 1.0, 'sadness_sentence_count': 1}",0.007039213087409735,0.008898848667740822,0.0032086351420730352,0.0008277017623186111,0.9786004424095154,0.0008979662088677287,0.0005272624548524618,0.0,0.0,0.0,0.0,1.0,0.0,0.0,0.0,0.0,0.0,0.0,1.0,0.0,0.0,sadness
Can you explain how Finland is worst,681,explain finland worst,negative,0.8220220804214478,0,"{'disgust': 0.8599425554275513, 'anger': 0.07528825849294662, 'neutral': 0.026117872446775436, 'sadness': 0.024918032810091972, 'fear': 0.008432433940470219, 'surprise': 0.0041761212050914764, 'joy': 0.001124746399000287}",0.026117872446775436,0.0041761212050914764,0.001124746399000287,0.07528825849294662,0.024918032810091972,0.8599425554275513,0.008432433940470219,0.0,0.0,0.0,0.0,0.0,0.0,0.0,0.0,0.0,0.0,0.0,0.0,0.0,0.0,disgust
Just try USA schools..,682,try usa schools,neutral,0.753777801990509,11,"{'neutral': 0.8651447892189026, 'sadness': 0.055413104593753815, 'surprise': 0.03055773675441742, 'fear': 0.019539745524525642, 'anger': 0.012787509709596634, 'joy': 0.008458697237074375, 'disgust': 0.008098423480987549}",0.8651447892189026,0.03055773675441742,0.008458697237074375,0.012787509709596634,0.055413104593753815,0.008098423480987549,0.019539745524525642,0.0,0.0,0.0,0.0,0.0,0.0,0.0,0.0,0.0,0.0,0.0,0.0,0.0,0.0,neutral
"@…  Ah, ok. It's just as you said 'because America is good at..' anyway alright. I think the reason they're all hyped up is because they have better passing rates or something. The kids  probably put more pressure on each other/themselves because of that.",683,said america good anyway alright think reason theyre hyped better passing rates something kids probably put pressure otherthemselves,positive,0.5011966824531555,1,"{'joy': 0.457701176404953, 'neutral': 0.2823488414287567, 'surprise': 0.13289271295070648, 'anger': 0.07827884703874588, 'sadness': 0.035422638058662415, 'fear': 0.00723275588825345, 'disgust': 0.006123117636889219, 'neutral_linguistic': 1.0, 'neutral_sentence_count': 1}",0.2823488414287567,0.13289271295070648,0.457701176404953,0.07827884703874588,0.035422638058662415,0.006123117636889219,0.00723275588825345,1.0,0.0,0.0,0.0,0.0,0.0,0.0,1.0,0.0,0.0,0.0,0.0,0.0,0.0,neutral
It was absolutely crazy!!!,684,absolutely crazy,positive,0.8730757832527161,44,"{'surprise': 0.9080216288566589, 'anger': 0.04393357038497925, 'disgust': 0.01577257364988327, 'neutral': 0.013405394740402699, 'fear': 0.008201241493225098, 'sadness': 0.005430577788501978, 'joy': 0.005234966985881329}",0.013405394740402699,0.9080216288566589,0.005234966985881329,0.04393357038497925,0.005430577788501978,0.01577257364988327,0.008201241493225098,0.0,0.0,0.0,0.0,0.0,0.0,0.0,0.0,0.0,0.0,0.0,0.0,0.0,0.0,surprise
@…  I would be a Zoomer,685,would zoomer,neutral,0.7973207831382751,42,"{'neutral': 0.769801139831543, 'surprise': 0.1916697919368744, 'sadness': 0.0220749881118536, 'anger': 0.005319315008819103, 'joy': 0.0051138331182301044, 'disgust': 0.0036919647827744484, 'fear': 0.0023288438096642494}",0.769801139831543,0.1916697919368744,0.0051138331182301044,0.005319315008819103,0.0220749881118536,0.0036919647827744484,0.0023288438096642494,0.0,0.0,0.0,0.0,0.0,0.0,0.0,0.0,0.0,0.0,0.0,0.0,0.0,0.0,neutral
wooba Dooba literally every other country in Europe has Freedom.,687,wooba dooba literally every country europe freedom,neutral,0.7361141443252563,38,"{'neutral': 0.5775825381278992, 'surprise': 0.36900395154953003, 'joy': 0.019272495061159134, 'anger': 0.010942301712930202, 'fear': 0.010391207411885262, 'sadness': 0.009662848897278309, 'disgust': 0.003144610207527876}",0.5775825381278992,0.36900395154953003,0.019272495061159134,0.010942301712930202,0.009662848897278309,0.003144610207527876,0.010391207411885262,0.0,0.0,0.0,0.0,0.0,0.0,0.0,0.0,0.0,0.0,0.0,0.0,0.0,0.0,neutral
"@…  Yeah, I think I will.",688,yeah think,neutral,0.6228410601615906,-1,"{'neutral': 0.8369853496551514, 'surprise': 0.05905447527766228, 'joy': 0.041481420397758484, 'sadness': 0.03338148072361946, 'disgust': 0.012320798821747303, 'anger': 0.01019853726029396, 'fear': 0.006577885709702969}",0.8369853496551514,0.05905447527766228,0.041481420397758484,0.01019853726029396,0.03338148072361946,0.012320798821747303,0.006577885709702969,0.0,0.0,0.0,0.0,0.0,0.0,0.0,0.0,0.0,0.0,0.0,0.0,0.0,0.0,neutral
Why do you write only capital letters? That's rude and dum.,689,write capital letters thats rude dum,negative,0.9380139112472534,34,"{'anger': 0.829750120639801, 'disgust': 0.08667990565299988, 'neutral': 0.06338366121053696, 'sadness': 0.010521303862333298, 'surprise': 0.006362151354551315, 'fear': 0.002202895237132907, 'joy': 0.0011000661179423332, 'anger_linguistic': 1.0, 'anger_sentence_count': 1}",0.06338366121053696,0.006362151354551315,0.0011000661179423332,0.829750120639801,0.010521303862333298,0.08667990565299988,0.002202895237132907,0.0,0.0,0.0,1.0,0.0,0.0,0.0,0.0,0.0,0.0,1.0,0.0,0.0,0.0,anger
The defense budget is more important.,690,defense budget important,neutral,0.6121564507484436,40,"{'neutral': 0.6346599459648132, 'anger': 0.10108214616775513, 'fear': 0.08586284518241882, 'sadness': 0.08495276421308517, 'joy': 0.03565565124154091, 'surprise': 0.029461774975061417, 'disgust': 0.02832481637597084}",0.6346599459648132,0.029461774975061417,0.03565565124154091,0.10108214616775513,0.08495276421308517,0.02832481637597084,0.08586284518241882,0.0,0.0,0.0,0.0,0.0,0.0,0.0,0.0,0.0,0.0,0.0,0.0,0.0,0.0,neutral
"That sounds awful for me because my mother is very mentally unwell and very uneducated so I would definitely prefer a shitty school to learning at home with her, but I guess that could be a good idea for people with stable parents but I haven't looked in to the benefits of home schooling so I don't really know",692,sounds awful mother mentally unwell uneducated would definitely prefer shitty school learning home guess could good idea people stable parents havent looked benefits home schooling dont really know,negative,0.9051318168640137,-1,"{'fear': 0.5491562485694885, 'sadness': 0.29743123054504395, 'disgust': 0.11694671213626862, 'surprise': 0.016195304691791534, 'anger': 0.009890375658869743, 'neutral': 0.007070519961416721, 'joy': 0.003309688763692975, 'fear_linguistic': 1.2, 'disgust_linguistic': 1.2, 'neutral_linguistic': 2.4, 'fear_sentence_count': 1, 'disgust_sentence_count': 1, 'neutral_sentence_count': 1}",0.007070519961416721,0.016195304691791534,0.003309688763692975,0.009890375658869743,0.29743123054504395,0.11694671213626862,0.5491562485694885,2.4,0.0,0.0,0.0,0.0,1.2,1.2,1.0,0.0,0.0,0.0,0.0,1.0,1.0,neutral
ssech that doesn’t mean anything you idiot,693,ssech doesnt mean anything idiot,negative,0.8905771374702454,0,"{'anger': 0.7872467041015625, 'neutral': 0.12003801017999649, 'disgust': 0.05251243710517883, 'sadness': 0.0205108430236578, 'surprise': 0.007325450889766216, 'fear': 0.006819217465817928, 'joy': 0.005547369364649057, 'anger_linguistic': 1.0, 'anger_sentence_count': 1}",0.12003801017999649,0.007325450889766216,0.005547369364649057,0.7872467041015625,0.0205108430236578,0.05251243710517883,0.006819217465817928,0.0,0.0,0.0,1.0,0.0,0.0,0.0,0.0,0.0,0.0,1.0,0.0,0.0,0.0,anger
Because he is a Young Turk ! ....,694,young turk,neutral,0.8259814381599426,-1,"{'neutral': 0.8958499431610107, 'surprise': 0.04044417291879654, 'sadness': 0.020792298018932343, 'anger': 0.01301902811974287, 'disgust': 0.011764735914766788, 'fear': 0.010998143814504147, 'joy': 0.007131699938327074}",0.8958499431610107,0.04044417291879654,0.007131699938327074,0.01301902811974287,0.020792298018932343,0.011764735914766788,0.010998143814504147,0.0,0.0,0.0,0.0,0.0,0.0,0.0,0.0,0.0,0.0,0.0,0.0,0.0,0.0,neutral
Indian education : isn't that cute??,697,indian education isnt cute,positive,0.5908079743385315,2,"{'sadness': 0.4777009189128876, 'surprise': 0.2918810248374939, 'neutral': 0.1703256070613861, 'joy': 0.04939639940857887, 'anger': 0.005063637159764767, 'disgust': 0.003268137574195862, 'fear': 0.0023642745800316334}",0.1703256070613861,0.2918810248374939,0.04939639940857887,0.005063637159764767,0.4777009189128876,0.003268137574195862,0.0023642745800316334,0.0,0.0,0.0,0.0,0.0,0.0,0.0,0.0,0.0,0.0,0.0,0.0,0.0,0.0,sadness
like sexually? wtf,698,like sexually wtf,negative,0.8185880780220032,-1,"{'anger': 0.5867587924003601, 'disgust': 0.3732133209705353, 'surprise': 0.01570114865899086, 'neutral': 0.008832745254039764, 'sadness': 0.007323042955249548, 'fear': 0.00681723328307271, 'joy': 0.0013536207843571901}",0.008832745254039764,0.01570114865899086,0.0013536207843571901,0.5867587924003601,0.007323042955249548,0.3732133209705353,0.00681723328307271,0.0,0.0,0.0,0.0,0.0,0.0,0.0,0.0,0.0,0.0,0.0,0.0,0.0,0.0,anger
"This is also like British education.

Here in England we prepare our primary school life for SATS ( age 11) and they mean nothing once you start secondary.

Most schools start at 8:30 and finish at 3:30

In secondary school we prepare for our GCSE'S (when we're 16 of age)
(Ahh and dont forget all those topic test that determine our sets and endless competition and stress when we dont meet our HIGH expectations)

Then we do A levels and thats when we're 18 in either a college or 6th form

(this is optional) but some of us then get a degree (roughly 21 or 22 of age)

British education system is ranked 15th in science and 17th in maths so compared to America (27th) it isnt as bad...

But it is very STRESSING and is difficult with the amount of content that we are expected to regurgitate.
As an example, ( secondary school ) for english literature alone we are expected to know quotes of 3 peices of text (each rougly 30 pages long),15poems and anylise them to a good extent.
Thats one subject and an average student has to learn 9 or more. Some subjects have even more content like history.

Korea and Japan are even harder but higher on the list.
But I'm not sure if its worth all this stress.",699,also like british education england prepare primary school life sats age mean nothing start secondary schools start finish secondary school prepare gcses age ahh dont forget topic test determine sets endless competition stress dont meet high expectations levels thats either college form optional get degree roughly age british education system ranked science maths compared america isnt bad stressing difficult amount content expected regurgitate example secondary school english literature alone expected know quotes peices text rougly pages longpoems anylise good extent thats one subject average student learn subjects even content like history korea japan even harder higher list sure worth stress,negative,0.5787412325541178,29,"{'fear': 0.5466046929359436, 'anger': 0.3137110471725464, 'joy': 0.6410951614379883, 'sadness': 0.053581979125738144, 'neutral': 0.1275361031293869, 'surprise': 0.11748712509870529, 'disgust': 0.0022936041932553053, 'neutral_linguistic': 0.5, 'anger_linguistic': 2.0, 'sadness_linguistic': 0.5, 'joy_sentence_count': 1, 'anger_sentence_count': 1, 'neutral_sentence_count': 1}",0.1275361031293869,0.11748712509870529,0.6410951614379883,0.3137110471725464,0.053581979125738144,0.0022936041932553053,0.5466046929359436,0.5,0.0,0.0,2.0,0.5,0.0,0.0,1.0,0.0,1.0,1.0,0.0,0.0,0.0,anger
Nice cz is third,700,nice third,positive,0.8444022536277771,-1,"{'neutral': 0.6103675365447998, 'joy': 0.28734514117240906, 'surprise': 0.05574259161949158, 'disgust': 0.023295380175113678, 'anger': 0.012980743311345577, 'sadness': 0.008340638130903244, 'fear': 0.001927997567690909}",0.6103675365447998,0.05574259161949158,0.28734514117240906,0.012980743311345577,0.008340638130903244,0.023295380175113678,0.001927997567690909,0.0,0.0,0.0,0.0,0.0,0.0,0.0,0.0,0.0,0.0,0.0,0.0,0.0,0.0,neutral
America is a continente.,701,america continente,neutral,0.566730260848999,5,"{'neutral': 0.645094633102417, 'surprise': 0.19156068563461304, 'sadness': 0.06796731799840927, 'fear': 0.03721475601196289, 'joy': 0.02704618312418461, 'anger': 0.020995451137423515, 'disgust': 0.010120940394699574}",0.645094633102417,0.19156068563461304,0.02704618312418461,0.020995451137423515,0.06796731799840927,0.010120940394699574,0.03721475601196289,0.0,0.0,0.0,0.0,0.0,0.0,0.0,0.0,0.0,0.0,0.0,0.0,0.0,0.0,neutral
@…  im from south america and its worst than america education Xd,702,south america worst america education,negative,0.9090675115585327,2,"{'sadness': 0.32463914155960083, 'disgust': 0.2986849248409271, 'neutral': 0.24613340198993683, 'fear': 0.046210598200559616, 'anger': 0.04474353790283203, 'surprise': 0.03195396438241005, 'joy': 0.0076343766413629055}",0.24613340198993683,0.03195396438241005,0.0076343766413629055,0.04474353790283203,0.32463914155960083,0.2986849248409271,0.046210598200559616,0.0,0.0,0.0,0.0,0.0,0.0,0.0,0.0,0.0,0.0,0.0,0.0,0.0,0.0,sadness
"@…  Yes, I agree. America definitely isn't the worst school system out there.",703,yes agree america definitely isnt worst school system,positive,0.42256635427474976,1,"{'disgust': 0.7293644547462463, 'sadness': 0.14080014824867249, 'anger': 0.05866784229874611, 'neutral': 0.04569967836141586, 'fear': 0.01393358875066042, 'surprise': 0.007204598281532526, 'joy': 0.004329646937549114, 'neutral_linguistic': 1.0, 'neutral_sentence_count': 1}",0.04569967836141586,0.007204598281532526,0.004329646937549114,0.05866784229874611,0.14080014824867249,0.7293644547462463,0.01393358875066042,1.0,0.0,0.0,0.0,0.0,0.0,0.0,1.0,0.0,0.0,0.0,0.0,0.0,0.0,disgust
"I remember going to England an thinking ""wow, the schooling here is so similar"" which made sense seeing as I'm irish and are practically next door neighbours with the Brits, but then my aunt in Florida showed me around the school and oh my god, it was so nice. Like maybe this was a special case but the state as a whole was just better and nicer than where I was from. Like I could take a walk to the main Street and not worry about being killed despite guns literally being legal, and the school was no different. It was run so much better overall and the building was bigger and cleaner than anything at home (aswell you didn't have to buy uniforms for far more than they're worth) so I get your point, but it's not so bad over there at least",704,remember going england thinking wow schooling similar made sense seeing irish practically next door neighbours brits aunt florida showed around school god nice like maybe special case state whole better nicer like could take walk main street worry killed despite guns literally legal school different run much better overall building bigger cleaner anything home aswell didnt buy uniforms far theyre worth get point bad least,positive,0.7592800259590149,11,"{'surprise': 0.6378238797187805, 'joy': 0.191445991396904, 'fear': 0.0874786376953125, 'sadness': 0.03899272531270981, 'neutral': 0.023577068001031876, 'anger': 0.020320404320955276, 'disgust': 0.0003613228618633002, 'anger_linguistic': 1.0, 'love_linguistic': 1.0, 'neutral_linguistic': 1.0, 'anger_sentence_count': 1, 'love_sentence_count': 1, 'neutral_sentence_count': 1}",0.023577068001031876,0.6378238797187805,0.191445991396904,0.020320404320955276,0.03899272531270981,0.0003613228618633002,0.0874786376953125,1.0,0.0,0.0,1.0,0.0,0.0,0.0,1.0,0.0,0.0,1.0,0.0,0.0,0.0,neutral
I live in UAE and studied here my whole life and tbh no,705,live uae studied whole life tbh,neutral,0.6980710625648499,2,"{'neutral': 0.5364074110984802, 'sadness': 0.29090777039527893, 'joy': 0.1154622733592987, 'surprise': 0.03504640609025955, 'fear': 0.00933804176747799, 'anger': 0.007738456130027771, 'disgust': 0.0050996472127735615}",0.5364074110984802,0.03504640609025955,0.1154622733592987,0.007738456130027771,0.29090777039527893,0.0050996472127735615,0.00933804176747799,0.0,0.0,0.0,0.0,0.0,0.0,0.0,0.0,0.0,0.0,0.0,0.0,0.0,0.0,neutral
@… Your taxes pay for healthcare so it is not really free. And the only problem with America is the liberal population.,706,taxes pay healthcare really free problem america liberal population,negative,0.8639628887176514,-1,"{'neutral': 0.44881147146224976, 'joy': 0.3700099587440491, 'surprise': 0.09670904278755188, 'anger': 0.046739362180233, 'sadness': 0.032031700015068054, 'disgust': 0.0035087198484688997, 'fear': 0.002189686754718423, 'love_linguistic': 1.2, 'neutral_linguistic': 1.2, 'love_sentence_count': 1, 'neutral_sentence_count': 1}",0.44881147146224976,0.09670904278755188,0.3700099587440491,0.046739362180233,0.032031700015068054,0.0035087198484688997,0.002189686754718423,1.2,0.0,0.0,0.0,0.0,0.0,0.0,1.0,0.0,0.0,0.0,0.0,0.0,0.0,neutral
@…  Here in America we have something called FREEDOM witch I bet your country does not have.,708,america something called freedom witch bet country,neutral,0.49188005924224854,5,"{'fear': 0.38535332679748535, 'neutral': 0.34052276611328125, 'surprise': 0.12986880540847778, 'anger': 0.06305114924907684, 'sadness': 0.04799884557723999, 'joy': 0.02266700565814972, 'disgust': 0.010538146831095219}",0.34052276611328125,0.12986880540847778,0.02266700565814972,0.06305114924907684,0.04799884557723999,0.010538146831095219,0.38535332679748535,0.0,0.0,0.0,0.0,0.0,0.0,0.0,0.0,0.0,0.0,0.0,0.0,0.0,0.0,fear
@… Our taxes do not go to healthcare.,709,taxes healthcare,negative,0.5116807818412781,-1,"{'neutral': 0.8080430030822754, 'sadness': 0.07792825996875763, 'surprise': 0.07175298780202866, 'anger': 0.018798941746354103, 'joy': 0.014974519610404968, 'disgust': 0.005199511535465717, 'fear': 0.0033027799800038338, 'love_linguistic': 1.0, 'love_sentence_count': 1}",0.8080430030822754,0.07175298780202866,0.014974519610404968,0.018798941746354103,0.07792825996875763,0.005199511535465717,0.0033027799800038338,0.0,0.0,0.0,0.0,0.0,0.0,0.0,0.0,0.0,0.0,0.0,0.0,0.0,0.0,neutral
@…  He is a troll and idiot. Just ignore.,710,troll idiot ignore,negative,0.8966122269630432,12,"{'anger': 0.7744510173797607, 'neutral': 0.11601387709379196, 'disgust': 0.07099176943302155, 'fear': 0.014333145692944527, 'sadness': 0.012424270622432232, 'joy': 0.006633162498474121, 'surprise': 0.005152725614607334}",0.11601387709379196,0.005152725614607334,0.006633162498474121,0.7744510173797607,0.012424270622432232,0.07099176943302155,0.014333145692944527,0.0,0.0,0.0,0.0,0.0,0.0,0.0,0.0,0.0,0.0,0.0,0.0,0.0,0.0,anger
wooba Dooba they should. But ok,712,wooba dooba,neutral,0.7162942290306091,-1,"{'neutral': 0.6070168614387512, 'surprise': 0.28845053911209106, 'sadness': 0.05611109733581543, 'joy': 0.03755003586411476, 'anger': 0.004416333045810461, 'disgust': 0.003360401839017868, 'fear': 0.003094708314165473}",0.6070168614387512,0.28845053911209106,0.03755003586411476,0.004416333045810461,0.05611109733581543,0.003360401839017868,0.003094708314165473,0.0,0.0,0.0,0.0,0.0,0.0,0.0,0.0,0.0,0.0,0.0,0.0,0.0,0.0,neutral
There are some more prepared for some stuff,713,prepared stuff,neutral,0.7758511304855347,36,"{'neutral': 0.943538248538971, 'surprise': 0.019072191789746284, 'anger': 0.01023182738572359, 'joy': 0.009009643457829952, 'fear': 0.008115986362099648, 'sadness': 0.0050928620621562, 'disgust': 0.004939212929457426}",0.943538248538971,0.019072191789746284,0.009009643457829952,0.01023182738572359,0.0050928620621562,0.004939212929457426,0.008115986362099648,0.0,0.0,0.0,0.0,0.0,0.0,0.0,0.0,0.0,0.0,0.0,0.0,0.0,0.0,neutral
@…  can't sleep earlier cuz I have homework I have to do,714,cant sleep earlier cuz homework,negative,0.6923472285270691,3,"{'neutral': 0.5220582485198975, 'sadness': 0.34588778018951416, 'surprise': 0.10608905553817749, 'joy': 0.012852842919528484, 'anger': 0.005488692782819271, 'disgust': 0.004304500296711922, 'fear': 0.0033188911620527506}",0.5220582485198975,0.10608905553817749,0.012852842919528484,0.005488692782819271,0.34588778018951416,0.004304500296711922,0.0033188911620527506,0.0,0.0,0.0,0.0,0.0,0.0,0.0,0.0,0.0,0.0,0.0,0.0,0.0,0.0,neutral
"Is that why Finland invented the internet, Facebook, flight, electric lights???
Or did Finland invent Nazi appeasement???",715,finland invented internet facebook flight electric lights finland invent nazi appeasement,neutral,0.5426720380783081,0,"{'neutral': 0.5452415347099304, 'joy': 0.2077416479587555, 'surprise': 0.20140340924263, 'anger': 0.024520574137568474, 'sadness': 0.012783943675458431, 'fear': 0.005218186881393194, 'disgust': 0.003090683137997985}",0.5452415347099304,0.20140340924263,0.2077416479587555,0.024520574137568474,0.012783943675458431,0.003090683137997985,0.005218186881393194,0.0,0.0,0.0,0.0,0.0,0.0,0.0,0.0,0.0,0.0,0.0,0.0,0.0,0.0,neutral
@…  Okay. Have fun living in a country where you are not free.,716,okay fun living country free,negative,0.6960309147834778,38,"{'joy': 0.9461055397987366, 'surprise': 0.024942338466644287, 'neutral': 0.01937219686806202, 'sadness': 0.006835624575614929, 'anger': 0.0015147073427215219, 'fear': 0.000638661440461874, 'disgust': 0.0005908708553761244, 'joy_linguistic': 1.0, 'joy_sentence_count': 1}",0.01937219686806202,0.024942338466644287,0.9461055397987366,0.0015147073427215219,0.006835624575614929,0.0005908708553761244,0.000638661440461874,0.0,0.0,1.0,0.0,0.0,0.0,0.0,0.0,0.0,1.0,0.0,0.0,0.0,0.0,joy
Finally someone speak my language,717,finally someone speak language,positive,0.5561884045600891,22,"{'neutral': 0.4441055357456207, 'anger': 0.24037623405456543, 'disgust': 0.20625187456607819, 'surprise': 0.050856295973062515, 'fear': 0.02871192805469036, 'joy': 0.014884530566632748, 'sadness': 0.014813699759542942}",0.4441055357456207,0.050856295973062515,0.014884530566632748,0.24037623405456543,0.014813699759542942,0.20625187456607819,0.02871192805469036,0.0,0.0,0.0,0.0,0.0,0.0,0.0,0.0,0.0,0.0,0.0,0.0,0.0,0.0,neutral
Lol US education system is luxury for us😂😂 our teachers always give examples of how good US education system is😂,720,lol education system luxury teachers always give examples good education system,positive,0.8762062788009644,1,"{'joy': 0.7112493515014648, 'surprise': 0.14313583076000214, 'neutral': 0.1278582066297531, 'sadness': 0.011137748137116432, 'anger': 0.004640650935471058, 'disgust': 0.0012052285019308329, 'fear': 0.0007728637428954244}",0.1278582066297531,0.14313583076000214,0.7112493515014648,0.004640650935471058,0.011137748137116432,0.0012052285019308329,0.0007728637428954244,0.0,0.0,0.0,0.0,0.0,0.0,0.0,0.0,0.0,0.0,0.0,0.0,0.0,0.0,joy
why did you have to talk like that?,721,talk like,negative,0.8604404926300049,-1,,,,,,,,,,,,,,,,,,,,,,,
"Thy Støufers Læsagne I guess when people have good educational systems, they lose their ability to realise humour








And btw r/wooooshhh",722,thy støufers læsagne guess people good educational systems lose ability realise humour btw rwooooshhh,neutral,0.493116170167923,-1,"{'sadness': 0.4357258081436157, 'surprise': 0.23112407326698303, 'joy': 0.16171060502529144, 'neutral': 0.13466502726078033, 'disgust': 0.014156931079924107, 'fear': 0.013327378779649734, 'anger': 0.00929020531475544, 'neutral_linguistic': 1.0, 'neutral_sentence_count': 1}",0.13466502726078033,0.23112407326698303,0.16171060502529144,0.00929020531475544,0.4357258081436157,0.014156931079924107,0.013327378779649734,1.0,0.0,0.0,0.0,0.0,0.0,0.0,1.0,0.0,0.0,0.0,0.0,0.0,0.0,neutral
@…  stop playing games I woke as a policeman in Stockholm Sweden 1975 to 1980 and there was so many drunk finish you're not such a nice people you know there was still million of your in Sweden shame on you,723,stop playing games woke policeman stockholm sweden many drunk finish youre nice people know still million sweden shame,negative,0.9407711625099182,-1,"{'sadness': 0.42576566338539124, 'neutral': 0.24805866181850433, 'surprise': 0.2181735783815384, 'joy': 0.07292568683624268, 'anger': 0.016774794086813927, 'fear': 0.011617698706686497, 'disgust': 0.006683918181806803}",0.24805866181850433,0.2181735783815384,0.07292568683624268,0.016774794086813927,0.42576566338539124,0.006683918181806803,0.011617698706686497,0.0,0.0,0.0,0.0,0.0,0.0,0.0,0.0,0.0,0.0,0.0,0.0,0.0,0.0,sadness
@… ingot nothing is over game is not over yet I'm not down with you,725,ingot nothing game yet,negative,0.5119153261184692,8,"{'neutral': 0.7909374237060547, 'surprise': 0.09566966444253922, 'sadness': 0.08575057983398438, 'joy': 0.01599927432835102, 'anger': 0.004851387348026037, 'disgust': 0.003890680382028222, 'fear': 0.00290103442966938}",0.7909374237060547,0.09566966444253922,0.01599927432835102,0.004851387348026037,0.08575057983398438,0.003890680382028222,0.00290103442966938,0.0,0.0,0.0,0.0,0.0,0.0,0.0,0.0,0.0,0.0,0.0,0.0,0.0,0.0,neutral
There are bullies tho,726,bullies tho,negative,0.495786190032959,39,"{'anger': 0.38391536474227905, 'disgust': 0.2404007762670517, 'neutral': 0.21745802462100983, 'sadness': 0.07208267599344254, 'fear': 0.04436812549829483, 'surprise': 0.02635067142546177, 'joy': 0.015424356795847416}",0.21745802462100983,0.02635067142546177,0.015424356795847416,0.38391536474227905,0.07208267599344254,0.2404007762670517,0.04436812549829483,0.0,0.0,0.0,0.0,0.0,0.0,0.0,0.0,0.0,0.0,0.0,0.0,0.0,0.0,anger
@…  your IQ is 160 below zero,727,zero,negative,0.8258333802223206,-1,,,,,,,,,,,,,,,,,,,,,,,
They do attack each other tho...,728,attack tho,negative,0.5182998776435852,-1,"{'neutral': 0.4040391445159912, 'fear': 0.30344197154045105, 'anger': 0.1674172282218933, 'surprise': 0.07981318235397339, 'sadness': 0.032944634556770325, 'disgust': 0.007663031108677387, 'joy': 0.00468083843588829}",0.4040391445159912,0.07981318235397339,0.00468083843588829,0.1674172282218933,0.032944634556770325,0.007663031108677387,0.30344197154045105,0.0,0.0,0.0,0.0,0.0,0.0,0.0,0.0,0.0,0.0,0.0,0.0,0.0,0.0,neutral
@…  actually In finlan we have much More freedom,729,actually finlan much freedom,positive,0.6081283092498779,38,"{'neutral': 0.7254141569137573, 'surprise': 0.17960478365421295, 'joy': 0.0435878187417984, 'anger': 0.026692552492022514, 'sadness': 0.01564284972846508, 'disgust': 0.006317415740340948, 'fear': 0.002740420401096344, 'neutral_linguistic': 1.0, 'neutral_sentence_count': 1}",0.7254141569137573,0.17960478365421295,0.0435878187417984,0.026692552492022514,0.01564284972846508,0.006317415740340948,0.002740420401096344,1.0,0.0,0.0,0.0,0.0,0.0,0.0,1.0,0.0,0.0,0.0,0.0,0.0,0.0,neutral
@…  The Finnish people get drunk when they step on a wine bottle Coke,731,finnish people get drunk step wine bottle coke,neutral,0.7860755324363708,0,"{'neutral': 0.6751181483268738, 'surprise': 0.09980765730142593, 'disgust': 0.08099671453237534, 'sadness': 0.07829029858112335, 'joy': 0.027345215901732445, 'fear': 0.023733660578727722, 'anger': 0.01470839325338602}",0.6751181483268738,0.09980765730142593,0.027345215901732445,0.01470839325338602,0.07829029858112335,0.08099671453237534,0.023733660578727722,0.0,0.0,0.0,0.0,0.0,0.0,0.0,0.0,0.0,0.0,0.0,0.0,0.0,0.0,neutral
@…  use commas and fullstops lol,732,use commas fullstops lol,neutral,0.7740339636802673,34,"{'neutral': 0.6902492642402649, 'joy': 0.14400076866149902, 'sadness': 0.07746133953332901, 'surprise': 0.060617730021476746, 'anger': 0.018176138401031494, 'disgust': 0.005710223689675331, 'fear': 0.0037845231126993895}",0.6902492642402649,0.060617730021476746,0.14400076866149902,0.018176138401031494,0.07746133953332901,0.005710223689675331,0.0037845231126993895,0.0,0.0,0.0,0.0,0.0,0.0,0.0,0.0,0.0,0.0,0.0,0.0,0.0,0.0,neutral
@…  I'm sorry that I'm not a world class decoder. oh and you can't assume how much money I make based on my ability to decipher a blob of text which lacks any fullstops commas and correct spelling for words.,733,sorry world class decoder cant assume much money make based ability decipher blob text lacks fullstops commas correct spelling words,negative,0.8985502123832703,34,"{'sadness': 0.9073897004127502, 'surprise': 0.05446552857756615, 'neutral': 0.02558603510260582, 'joy': 0.005316663067787886, 'disgust': 0.0027519084978848696, 'fear': 0.002541188383474946, 'anger': 0.001949066761881113, 'sadness_linguistic': 1.0, 'sadness_sentence_count': 1}",0.02558603510260582,0.05446552857756615,0.005316663067787886,0.001949066761881113,0.9073897004127502,0.0027519084978848696,0.002541188383474946,0.0,0.0,0.0,0.0,1.0,0.0,0.0,0.0,0.0,0.0,0.0,1.0,0.0,0.0,sadness
"@… grips Doesn't matter where you live,  your arguments are still bad.",735,grips doesnt matter live arguments still bad,negative,0.9207796454429626,23,"{'neutral': 0.30978429317474365, 'anger': 0.24747245013713837, 'disgust': 0.20864786207675934, 'sadness': 0.20772068202495575, 'surprise': 0.010144565254449844, 'fear': 0.009595735929906368, 'joy': 0.006634362507611513}",0.30978429317474365,0.010144565254449844,0.006634362507611513,0.24747245013713837,0.20772068202495575,0.20864786207675934,0.009595735929906368,0.0,0.0,0.0,0.0,0.0,0.0,0.0,0.0,0.0,0.0,0.0,0.0,0.0,0.0,neutral
Ricky911 It is on a different continent. Why learn a language from a different continent.,736,ricky different continent learn language different continent,neutral,0.5494014024734497,22,"{'neutral': 0.7071322202682495, 'surprise': 0.24498239159584045, 'joy': 0.02206849865615368, 'anger': 0.011845754459500313, 'sadness': 0.009153231047093868, 'fear': 0.0026021457742899656, 'disgust': 0.002215770771726966, 'disgust_linguistic': 1.0, 'disgust_sentence_count': 1}",0.7071322202682495,0.24498239159584045,0.02206849865615368,0.011845754459500313,0.009153231047093868,0.002215770771726966,0.0026021457742899656,0.0,0.0,0.0,0.0,0.0,1.0,0.0,0.0,0.0,0.0,0.0,0.0,1.0,0.0,neutral
"@…  I agree with'ya, not gonna lie though nowadays school education system is now like opposite I wanna be at",737,agree withya gonna lie though nowadays school education system like opposite wanna,neutral,0.5212357640266418,1,"{'anger': 0.31062647700309753, 'neutral': 0.26648440957069397, 'sadness': 0.2204466462135315, 'disgust': 0.15349413454532623, 'joy': 0.0200178325176239, 'fear': 0.014552720822393894, 'surprise': 0.014377770014107227}",0.26648440957069397,0.014377770014107227,0.0200178325176239,0.31062647700309753,0.2204466462135315,0.15349413454532623,0.014552720822393894,0.0,0.0,0.0,0.0,0.0,0.0,0.0,0.0,0.0,0.0,0.0,0.0,0.0,0.0,anger
@… Russell Fernandes that tells me nothing,738,russell fernandes tells nothing,negative,0.4905867874622345,-1,"{'neutral': 0.8360674381256104, 'surprise': 0.06391918659210205, 'sadness': 0.036113519221544266, 'anger': 0.030759869143366814, 'fear': 0.01416939590126276, 'joy': 0.00987237598747015, 'disgust': 0.009098225273191929}",0.8360674381256104,0.06391918659210205,0.00987237598747015,0.030759869143366814,0.036113519221544266,0.009098225273191929,0.01416939590126276,0.0,0.0,0.0,0.0,0.0,0.0,0.0,0.0,0.0,0.0,0.0,0.0,0.0,0.0,neutral
"@…  lmao, I'm still confused after reading the translation (maybe due to shitty Google translation). What do you think is the essence his comment..?",739,lmao still confused reading translation maybe due shitty google translation think essence comment,negative,0.7305020093917847,17,"{'neutral': 0.6177616119384766, 'sadness': 0.2018660604953766, 'surprise': 0.061365485191345215, 'anger': 0.05544748902320862, 'disgust': 0.03474171832203865, 'fear': 0.025403274223208427, 'joy': 0.0034143230877816677, 'surprise_linguistic': 1.0, 'neutral_linguistic': 1.0, 'surprise_sentence_count': 1, 'neutral_sentence_count': 1}",0.6177616119384766,0.061365485191345215,0.0034143230877816677,0.05544748902320862,0.2018660604953766,0.03474171832203865,0.025403274223208427,1.0,1.0,0.0,0.0,0.0,0.0,0.0,1.0,1.0,0.0,0.0,0.0,0.0,0.0,neutral
"shows how USA education system ruined ur thinking, great job for being an example",741,shows usa education system ruined thinking great job example,negative,0.7607957124710083,1,"{'sadness': 0.9489490389823914, 'anger': 0.018981866538524628, 'neutral': 0.01143347192555666, 'surprise': 0.009136010892689228, 'disgust': 0.00867439340800047, 'fear': 0.0014972965000197291, 'joy': 0.0013279062695801258, 'joy_linguistic': 1.0, 'joy_sentence_count': 1}",0.01143347192555666,0.009136010892689228,0.0013279062695801258,0.018981866538524628,0.9489490389823914,0.00867439340800047,0.0014972965000197291,0.0,0.0,1.0,0.0,0.0,0.0,0.0,0.0,0.0,1.0,0.0,0.0,0.0,0.0,sadness
"Haha ask any indian, Korean, american dp you like school: no

Do you have to go to school:yes

Do not go to school Go to Finland: no",742,haha ask indian korean american like school schoolyes school finland,neutral,0.6742300391197205,0,"{'neutral': 0.4791542589664459, 'joy': 0.32424166798591614, 'surprise': 0.1413019597530365, 'sadness': 0.043983157724142075, 'anger': 0.006073035299777985, 'fear': 0.0033262891229242086, 'disgust': 0.0019195957574993372}",0.4791542589664459,0.1413019597530365,0.32424166798591614,0.006073035299777985,0.043983157724142075,0.0019195957574993372,0.0033262891229242086,0.0,0.0,0.0,0.0,0.0,0.0,0.0,0.0,0.0,0.0,0.0,0.0,0.0,0.0,neutral
@…  i know what you mean.. but only that rat race is behind the innovation.. thats why country like US got innovative power..,743,know mean rat race behind innovation thats country like got innovative power,negative,0.475421667098999,9,"{'surprise': 0.46238240599632263, 'neutral': 0.2534026801586151, 'joy': 0.23569223284721375, 'anger': 0.025364937260746956, 'sadness': 0.01277821883559227, 'fear': 0.005353432148694992, 'disgust': 0.005026082508265972, 'anger_linguistic': 1.0, 'anger_sentence_count': 1}",0.2534026801586151,0.46238240599632263,0.23569223284721375,0.025364937260746956,0.01277821883559227,0.005026082508265972,0.005353432148694992,0.0,0.0,0.0,1.0,0.0,0.0,0.0,0.0,0.0,0.0,1.0,0.0,0.0,0.0,anger
"@…  if you're talking about achievement it's just a awesome rat race 😂😂
.

Finland ranks 1 in quality of life
Living standards, peacefulness
 #1 in education...


And#1 in worth living for 😂😂 

It's just out of the rat race where every
Kid's just has to live so that it has to win a Nobel and  Olympics gold medals
Get high salary and all'






Get Outta your dream 🙏",744,youre talking achievement awesome rat race finland ranks quality life living standards peacefulness education worth living rat race every kids live win nobel olympics gold medals get high salary get outta dream,neutral,0.41368433833122253,0,"{'joy': 0.9537304043769836, 'neutral': 0.02472546510398388, 'surprise': 0.013596639037132263, 'anger': 0.004093203227967024, 'sadness': 0.002710220869630575, 'disgust': 0.0008011087775230408, 'fear': 0.00034298698301427066, 'joy_linguistic': 1.0, 'joy_sentence_count': 1}",0.02472546510398388,0.013596639037132263,0.9537304043769836,0.004093203227967024,0.002710220869630575,0.0008011087775230408,0.00034298698301427066,0.0,0.0,1.0,0.0,0.0,0.0,0.0,0.0,0.0,1.0,0.0,0.0,0.0,0.0,joy
"@… AZ If your understanding of the best education system is that happy and relax class room, then what you say may be true. Europe education system is generally  more relax than the east. Or is it about producing best leader, scientist, doctors, philosopher and so on..",745,understanding best education system happy relax class room say may true europe education system generally relax east producing best leader scientist doctors philosopher,positive,0.4984208345413208,1,"{'joy': 0.9216249585151672, 'neutral': 0.03564499318599701, 'surprise': 0.03034532628953457, 'sadness': 0.008019489236176014, 'anger': 0.003464434063062072, 'fear': 0.0004519557405728847, 'disgust': 0.0004489796992857009, 'joy_linguistic': 1.0, 'neutral_linguistic': 2.0, 'joy_sentence_count': 1, 'neutral_sentence_count': 1}",0.03564499318599701,0.03034532628953457,0.9216249585151672,0.003464434063062072,0.008019489236176014,0.0004489796992857009,0.0004519557405728847,2.0,0.0,1.0,0.0,0.0,0.0,0.0,1.0,0.0,1.0,0.0,0.0,0.0,0.0,joy
@… blue whale Like what ? Just tell me 1 or 2 . Something well known in international level. Its very hard to find 'Made in Finland'.,746,blue whale like tell something well known international level hard find made finland,neutral,0.5433235764503479,0,"{'neutral': 0.8726959824562073, 'surprise': 0.09578485786914825, 'joy': 0.018976405262947083, 'anger': 0.00439520413056016, 'sadness': 0.0038577907253056765, 'fear': 0.0026972293853759766, 'disgust': 0.0015925305197015405, 'sadness_linguistic': 1.0, 'anger_linguistic': 1.0, 'sadness_sentence_count': 1, 'anger_sentence_count': 1}",0.8726959824562073,0.09578485786914825,0.018976405262947083,0.00439520413056016,0.0038577907253056765,0.0015925305197015405,0.0026972293853759766,0.0,0.0,0.0,1.0,1.0,0.0,0.0,0.0,0.0,0.0,1.0,1.0,0.0,0.0,neutral
@…  Where?,747,,neutral,0.9151162505149841,-1,,,,,,,,,,,,,,,,,,,,,,,
Uh Im so jealous now,748,jealous,negative,0.813073456287384,-1,,,,,,,,,,,,,,,,,,,,,,,
"Yoo hello neighbor,Indonesian same as well XD",749,yoo hello neighborindonesian well,positive,0.7618139982223511,25,"{'joy': 0.5664783716201782, 'neutral': 0.2442786693572998, 'surprise': 0.16178636252880096, 'sadness': 0.019132360816001892, 'anger': 0.004793072119355202, 'fear': 0.0019904091022908688, 'disgust': 0.0015406975289806724}",0.2442786693572998,0.16178636252880096,0.5664783716201782,0.004793072119355202,0.019132360816001892,0.0015406975289806724,0.0019904091022908688,0.0,0.0,0.0,0.0,0.0,0.0,0.0,0.0,0.0,0.0,0.0,0.0,0.0,0.0,joy
"@…  yep, and always                          ""Remember Who You Are""",750,yep always remember,neutral,0.568985104560852,44,"{'neutral': 0.6363380551338196, 'joy': 0.14952749013900757, 'surprise': 0.12168549001216888, 'sadness': 0.07372354716062546, 'anger': 0.007704982999712229, 'disgust': 0.007382927928119898, 'fear': 0.0036375478375703096}",0.6363380551338196,0.12168549001216888,0.14952749013900757,0.007704982999712229,0.07372354716062546,0.007382927928119898,0.0036375478375703096,0.0,0.0,0.0,0.0,0.0,0.0,0.0,0.0,0.0,0.0,0.0,0.0,0.0,0.0,neutral
@…  I agree with'ya. And the school education system nowadays is like YouTube nowadays and YouTube back then they were the good memories or even a golden days of the internet back then. And even a Chad YouTube back then and nowadays YouTube is like no more fun nowadays. And I don't know what happened to YouTube nowadays. But like at least you understand me and I do really appreciate after all.,751,agree withya school education system nowadays like youtube nowadays youtube back good memories even golden days internet back even chad youtube back nowadays youtube like fun nowadays dont know happened youtube nowadays like least understand really appreciate,neutral,0.45479992032051086,30,"{'joy': 0.3981347978115082, 'sadness': 0.23007555305957794, 'surprise': 0.13614706695079803, 'neutral': 0.12739352881908417, 'anger': 0.09434276819229126, 'disgust': 0.01205999031662941, 'fear': 0.0018462794832885265, 'joy_linguistic': 2.4, 'love_linguistic': 1.2, 'neutral_linguistic': 1.2, 'joy_sentence_count': 1, 'love_sentence_count': 1, 'neutral_sentence_count': 1}",0.12739352881908417,0.13614706695079803,0.3981347978115082,0.09434276819229126,0.23007555305957794,0.01205999031662941,0.0018462794832885265,1.2,0.0,2.4,0.0,0.0,0.0,0.0,1.0,0.0,1.0,0.0,0.0,0.0,0.0,joy
Now schoolwork is now being done at home. Lets ALL FLY TOGETHER THERE.,752,schoolwork done home lets fly together,neutral,0.6715575456619263,3,"{'neutral': 0.5294796228408813, 'joy': 0.3159458041191101, 'surprise': 0.12559033930301666, 'anger': 0.013291969895362854, 'sadness': 0.011188099160790443, 'fear': 0.002604898763820529, 'disgust': 0.001899305498227477}",0.5294796228408813,0.12559033930301666,0.3159458041191101,0.013291969895362854,0.011188099160790443,0.001899305498227477,0.002604898763820529,0.0,0.0,0.0,0.0,0.0,0.0,0.0,0.0,0.0,0.0,0.0,0.0,0.0,0.0,neutral
"@…  but since you brought it up, shouldn't it be basic grammar and sentence structure evade you, though, without an s, since the verb shouldn't be conjugated to third person singular but plural? So I guess the most basic imaginable grammar eludes you, above all.",753,since brought shouldnt basic grammar sentence structure evade though without since verb shouldnt conjugated third person singular plural guess basic imaginable grammar eludes,negative,0.5719928741455078,22,"{'neutral': 0.7407983541488647, 'fear': 0.0748329684138298, 'sadness': 0.0582822784781456, 'surprise': 0.056189849972724915, 'anger': 0.05492730438709259, 'joy': 0.007920170202851295, 'disgust': 0.007049109786748886}",0.7407983541488647,0.056189849972724915,0.007920170202851295,0.05492730438709259,0.0582822784781456,0.007049109786748886,0.0748329684138298,0.0,0.0,0.0,0.0,0.0,0.0,0.0,0.0,0.0,0.0,0.0,0.0,0.0,0.0,neutral
@…  In which grade were you at that time ??,754,grade time,neutral,0.9655898213386536,-1,"{'neutral': 0.781247079372406, 'sadness': 0.06263244897127151, 'fear': 0.05724048614501953, 'surprise': 0.0493033304810524, 'disgust': 0.025649242103099823, 'anger': 0.02115546353161335, 'joy': 0.002772003412246704}",0.781247079372406,0.0493033304810524,0.002772003412246704,0.02115546353161335,0.06263244897127151,0.025649242103099823,0.05724048614501953,0.0,0.0,0.0,0.0,0.0,0.0,0.0,0.0,0.0,0.0,0.0,0.0,0.0,0.0,neutral
What age are you?,756,age,neutral,0.896401047706604,-1,,,,,,,,,,,,,,,,,,,,,,,
"this is bullshit, the only way finland school system is better is because you dont have to pay for college",757,bullshit way finland school system better dont pay college,negative,0.8724657297134399,0,"{'anger': 0.6281428337097168, 'disgust': 0.2444005310535431, 'sadness': 0.04800447076559067, 'surprise': 0.03009168617427349, 'neutral': 0.027111439034342766, 'fear': 0.015904884785413742, 'joy': 0.006344195455312729}",0.027111439034342766,0.03009168617427349,0.006344195455312729,0.6281428337097168,0.04800447076559067,0.2444005310535431,0.015904884785413742,0.0,0.0,0.0,0.0,0.0,0.0,0.0,0.0,0.0,0.0,0.0,0.0,0.0,0.0,anger
@…  Finland does few things well !... for example?,758,finland things well example,neutral,0.7427493929862976,0,"{'neutral': 0.7251512408256531, 'joy': 0.16316255927085876, 'surprise': 0.08975768834352493, 'anger': 0.00963591132313013, 'sadness': 0.006840010639280081, 'disgust': 0.0035569551400840282, 'fear': 0.0018956736894324422}",0.7251512408256531,0.08975768834352493,0.16316255927085876,0.00963591132313013,0.006840010639280081,0.0035569551400840282,0.0018956736894324422,0.0,0.0,0.0,0.0,0.0,0.0,0.0,0.0,0.0,0.0,0.0,0.0,0.0,0.0,neutral
"@…  😂😂😂😂 Finland cares about it's people
They rank the happiest
They rank#1 in education



And talking about contribution
Your TOTAL country is built by immigrants right

Indian's, Chinese, Koreans, African.. 😂😂.          


If contribution is the reason then the world should also acknowledge india and Greece the cradle of every scientific achievement started in ancient India
The Basis of mathematical sciences started in Greece
.
Where's the country condition now 😂😂.",759,finland cares people rank happiest rank education talking contribution total country built immigrants right indians chinese koreans african contribution reason world also acknowledge india greece cradle every scientific achievement started ancient india basis mathematical sciences started greece wheres country condition,positive,0.5418995022773743,0,"{'joy': 0.9288722276687622, 'surprise': 0.0349554680287838, 'neutral': 0.02120377868413925, 'anger': 0.007860522717237473, 'sadness': 0.005582747049629688, 'disgust': 0.001183744054287672, 'fear': 0.00034155219327658415, 'love_linguistic': 1.0, 'neutral_linguistic': 1.0, 'love_sentence_count': 1, 'neutral_sentence_count': 1}",0.02120377868413925,0.0349554680287838,0.9288722276687622,0.007860522717237473,0.005582747049629688,0.001183744054287672,0.00034155219327658415,1.0,0.0,0.0,0.0,0.0,0.0,0.0,1.0,0.0,0.0,0.0,0.0,0.0,0.0,joy
and what do you then contribute to the world.   Socialism at its worst!,762,contribute world socialism worst,negative,0.9218593835830688,14,"{'disgust': 0.8920518755912781, 'anger': 0.08681188523769379, 'sadness': 0.010088385082781315, 'neutral': 0.006167205516248941, 'fear': 0.0032389156986027956, 'surprise': 0.0008513645734637976, 'joy': 0.0007903072983026505}",0.006167205516248941,0.0008513645734637976,0.0007903072983026505,0.08681188523769379,0.010088385082781315,0.8920518755912781,0.0032389156986027956,0.0,0.0,0.0,0.0,0.0,0.0,0.0,0.0,0.0,0.0,0.0,0.0,0.0,0.0,disgust
@…  Do you know nokia born from Finland😂😂😂😂😂??? It is established in 1879,763,know nokia born finland established,neutral,0.8580907583236694,9,"{'neutral': 0.6529209613800049, 'surprise': 0.26531222462654114, 'joy': 0.047659046947956085, 'sadness': 0.024810954928398132, 'anger': 0.004870849661529064, 'fear': 0.0034235003404319286, 'disgust': 0.001002417877316475}",0.6529209613800049,0.26531222462654114,0.047659046947956085,0.004870849661529064,0.024810954928398132,0.001002417877316475,0.0034235003404319286,0.0,0.0,0.0,0.0,0.0,0.0,0.0,0.0,0.0,0.0,0.0,0.0,0.0,0.0,neutral
@…  fortunately my school teachers are good and friendly and understanding but still education is bad here,764,fortunately school teachers good friendly understanding still education bad,negative,0.44175249338150024,4,"{'sadness': 0.7826151847839355, 'surprise': 0.09850829094648361, 'neutral': 0.06666913628578186, 'joy': 0.04019511118531227, 'anger': 0.004646899178624153, 'disgust': 0.004482033662497997, 'fear': 0.002883278764784336}",0.06666913628578186,0.09850829094648361,0.04019511118531227,0.004646899178624153,0.7826151847839355,0.004482033662497997,0.002883278764784336,0.0,0.0,0.0,0.0,0.0,0.0,0.0,0.0,0.0,0.0,0.0,0.0,0.0,0.0,sadness
@…  bro here is worst and my cousin is studying in usa and believe me it's also worst there...I thought maybe I could go to that country for higher studies if possible but situation is no good anywhere except few places... politics is the main role for the destruction of education in every country,765,bro worst cousin studying usa believe also worst therei thought maybe could country higher studies possible situation good anywhere except places politics main role destruction education every country,negative,0.9421090483665466,2,"{'anger': 0.662541389465332, 'sadness': 0.2262638658285141, 'disgust': 0.055876798927783966, 'joy': 0.033824123442173004, 'surprise': 0.012777833268046379, 'fear': 0.004587071482092142, 'neutral': 0.0041289604268968105, 'neutral_linguistic': 2.0, 'neutral_sentence_count': 1}",0.0041289604268968105,0.012777833268046379,0.033824123442173004,0.662541389465332,0.2262638658285141,0.055876798927783966,0.004587071482092142,2.0,0.0,0.0,0.0,0.0,0.0,0.0,1.0,0.0,0.0,0.0,0.0,0.0,0.0,neutral
@… Whimper you are right,766,whimper right,positive,0.5073330402374268,-1,"{'surprise': 0.40180712938308716, 'neutral': 0.3014834225177765, 'anger': 0.1500779092311859, 'disgust': 0.05832357332110405, 'fear': 0.03967699781060219, 'sadness': 0.025090444833040237, 'joy': 0.023540575057268143}",0.3014834225177765,0.40180712938308716,0.023540575057268143,0.1500779092311859,0.025090444833040237,0.05832357332110405,0.03967699781060219,0.0,0.0,0.0,0.0,0.0,0.0,0.0,0.0,0.0,0.0,0.0,0.0,0.0,0.0,surprise
No but from pakistan,767,pakistan,neutral,0.8494943380355835,-1,,,,,,,,,,,,,,,,,,,,,,,
Douglas Keen  u put I in ignorant.,770,douglas keen put ignorant,negative,0.710105299949646,-1,"{'neutral': 0.4890333414077759, 'disgust': 0.1771477907896042, 'sadness': 0.16243579983711243, 'anger': 0.13928188383579254, 'surprise': 0.01605466939508915, 'fear': 0.00945022702217102, 'joy': 0.00659630773589015}",0.4890333414077759,0.01605466939508915,0.00659630773589015,0.13928188383579254,0.16243579983711243,0.1771477907896042,0.00945022702217102,0.0,0.0,0.0,0.0,0.0,0.0,0.0,0.0,0.0,0.0,0.0,0.0,0.0,0.0,neutral
Douglas Keen  boy i needn't explain to brick walls.,771,douglas keen boy neednt explain brick walls,neutral,0.5741516947746277,-1,"{'neutral': 0.4484573304653168, 'surprise': 0.3371315896511078, 'sadness': 0.12413249909877777, 'anger': 0.03738662227988243, 'fear': 0.02609865553677082, 'disgust': 0.023055562749505043, 'joy': 0.003737687598913908}",0.4484573304653168,0.3371315896511078,0.003737687598913908,0.03738662227988243,0.12413249909877777,0.023055562749505043,0.02609865553677082,0.0,0.0,0.0,0.0,0.0,0.0,0.0,0.0,0.0,0.0,0.0,0.0,0.0,0.0,neutral
@…  your words are more pathetic 👁👄👁,772,words pathetic,negative,0.9345452189445496,-1,"{'sadness': 0.5217346549034119, 'disgust': 0.4003845155239105, 'neutral': 0.034270983189344406, 'anger': 0.01785614714026451, 'fear': 0.013431331142783165, 'surprise': 0.010557462461292744, 'joy': 0.0017649170476943254}",0.034270983189344406,0.010557462461292744,0.0017649170476943254,0.01785614714026451,0.5217346549034119,0.4003845155239105,0.013431331142783165,0.0,0.0,0.0,0.0,0.0,0.0,0.0,0.0,0.0,0.0,0.0,0.0,0.0,0.0,sadness
Nerdomatic248 who is?,773,nerdomatic,neutral,0.833369791507721,-1,"{'neutral': 0.6516979932785034, 'surprise': 0.17057369649410248, 'joy': 0.08978333324193954, 'sadness': 0.06372836977243423, 'fear': 0.01196514256298542, 'anger': 0.008355583995580673, 'disgust': 0.003895859234035015}",0.6516979932785034,0.17057369649410248,0.08978333324193954,0.008355583995580673,0.06372836977243423,0.003895859234035015,0.01196514256298542,0.0,0.0,0.0,0.0,0.0,0.0,0.0,0.0,0.0,0.0,0.0,0.0,0.0,0.0,neutral
"@…  this is what the presenter claims, when talking about the Finnish school system, and it just seems unlikely to me, that this is true, with this level of absoluteness. It probably just means that the presenter is a lazy thinker (like you :)), and sloppy speaker, who uses words wrongly, and doesn't mind making unsubstantiated claims in a public forum. Gross, and unbecoming, but  of course hardly the end of the world.",775,presenter claims talking finnish school system seems unlikely true level absoluteness probably means presenter lazy thinker like sloppy speaker uses words wrongly doesnt mind making unsubstantiated claims public forum gross unbecoming course hardly end world,negative,0.7722265124320984,-1,"{'anger': 0.7795776724815369, 'sadness': 0.1514999121427536, 'disgust': 0.03896758332848549, 'neutral': 0.014482701197266579, 'fear': 0.007911978289484978, 'joy': 0.004066207446157932, 'surprise': 0.0034941358026117086, 'anger_linguistic': 1.0, 'disgust_linguistic': 1.0, 'sadness_linguistic': 2.0, 'anger_sentence_count': 1, 'disgust_sentence_count': 1, 'neutral_sentence_count': 1}",0.014482701197266579,0.0034941358026117086,0.004066207446157932,0.7795776724815369,0.1514999121427536,0.03896758332848549,0.007911978289484978,0.0,0.0,0.0,1.0,2.0,1.0,0.0,1.0,0.0,0.0,1.0,0.0,1.0,0.0,sadness
"Here, throws water is this not dry enough for you?",777,throws water dry enough,neutral,0.6675851345062256,-1,"{'neutral': 0.8707375526428223, 'sadness': 0.04750465974211693, 'surprise': 0.03365146368741989, 'anger': 0.017778076231479645, 'disgust': 0.017454788088798523, 'joy': 0.01023369375616312, 'fear': 0.002639790065586567}",0.8707375526428223,0.03365146368741989,0.01023369375616312,0.017778076231479645,0.04750465974211693,0.017454788088798523,0.002639790065586567,0.0,0.0,0.0,0.0,0.0,0.0,0.0,0.0,0.0,0.0,0.0,0.0,0.0,0.0,neutral
"@…  replying to my comment, not many people take the time to do that",778,replying comment many people take time,neutral,0.7694107294082642,37,"{'neutral': 0.9481936097145081, 'surprise': 0.0239543654024601, 'sadness': 0.010455479845404625, 'disgust': 0.005658918060362339, 'anger': 0.005411892663687468, 'joy': 0.005379015579819679, 'fear': 0.0009467066265642643}",0.9481936097145081,0.0239543654024601,0.005379015579819679,0.005411892663687468,0.010455479845404625,0.005658918060362339,0.0009467066265642643,0.0,0.0,0.0,0.0,0.0,0.0,0.0,0.0,0.0,0.0,0.0,0.0,0.0,0.0,neutral
@…  Np ._. But what are you thanking me for again?,779,thanking,neutral,0.6893928647041321,-1,,,,,,,,,,,,,,,,,,,,,,,
You got the point. All of that are problems in my country education. Are you Finn btw?,783,got point problems country education finn btw,negative,0.7102289795875549,0,"{'sadness': 0.7540841698646545, 'neutral': 0.10552607476711273, 'surprise': 0.0784616768360138, 'joy': 0.021663937717676163, 'anger': 0.02123820222914219, 'fear': 0.013383578509092331, 'disgust': 0.00564233772456646}",0.10552607476711273,0.0784616768360138,0.021663937717676163,0.02123820222914219,0.7540841698646545,0.00564233772456646,0.013383578509092331,0.0,0.0,0.0,0.0,0.0,0.0,0.0,0.0,0.0,0.0,0.0,0.0,0.0,0.0,sadness
@…  alr XD suit urself buddy.. But.. One thing.. Don't judge without rlly trying with love lol,785,alr suit urself buddy one thing dont judge without rlly trying love lol,neutral,0.4818279445171356,-1,"{'neutral': 0.7934013605117798, 'anger': 0.07301439344882965, 'joy': 0.05508609861135483, 'sadness': 0.03497251495718956, 'surprise': 0.028751777485013008, 'disgust': 0.011297776363790035, 'fear': 0.0034760311245918274, 'neutral_linguistic': 0.5, 'joy_sentence_count': 1, 'love_sentence_count': 1}",0.7934013605117798,0.028751777485013008,0.05508609861135483,0.07301439344882965,0.03497251495718956,0.011297776363790035,0.0034760311245918274,0.5,0.0,0.0,0.0,0.0,0.0,0.0,0.0,0.0,1.0,0.0,0.0,0.0,0.0,neutral
I have much more details to help u but I have way much learning to do now xD,786,much details help way much learning,neutral,0.5143781304359436,3,"{'neutral': 0.8516284823417664, 'joy': 0.09720130264759064, 'surprise': 0.031438980251550674, 'sadness': 0.009289845824241638, 'anger': 0.00420403853058815, 'fear': 0.004028107970952988, 'disgust': 0.0022092582657933235}",0.8516284823417664,0.031438980251550674,0.09720130264759064,0.00420403853058815,0.009289845824241638,0.0022092582657933235,0.004028107970952988,0.0,0.0,0.0,0.0,0.0,0.0,0.0,0.0,0.0,0.0,0.0,0.0,0.0,0.0,neutral
@…  Oh I get it... I'll tell u an advice.. Considering I like homework and I see u don't.. Don't focuz on the homework more. Than learning itself.. Bcz when u learn the lesson itself.. It will rlly easy for u to do the homework and ull enjoy applying what u know.. So never get stressed out abt homework.. Just try to live the lesson.. Try comparing it with real life.. See when it is used.. And ull like it even if it's social studies xD. The point is.. Look for the magic within the subject itself and try to love it... And ur way of searching the internet for learning is actually rlly inspiring.. U can understand better.. And learn more than u do at school.. I learnt that from u :) all u have to do is.... Change ur attitude.. Try to like it.. And don't stress abt homework bcz when u learn the lesson.. And didn't do the homework.. It doesn't matter.. Bcz u know u can do the homework whenever u like.. Don't do it for teacher or school.. Do it for urself focuz on that,787,get ill tell advice considering like homework see dont dont focuz homework learning bcz learn lesson rlly easy homework ull enjoy applying know never get stressed abt homework try live lesson try comparing real life see used ull like even social studies point look magic within subject try love way searching internet learning actually rlly inspiring understand better learn school learnt change attitude try like dont stress abt homework bcz learn lesson didnt homework doesnt matter bcz know homework whenever like dont teacher school urself focuz,neutral,0.7122016251087189,3,"{'anger': 0.3190508484840393, 'joy': 0.317715048789978, 'fear': 0.17290037870407104, 'sadness': 0.6194010972976685, 'neutral': 0.20579665899276733, 'surprise': 0.026289960369467735, 'disgust': 0.006469331216067076, 'neutral_linguistic': 1.0, 'sadness_linguistic': 1.0, 'joy_sentence_count': 1, 'love_sentence_count': 1, 'neutral_sentence_count': 1}",0.20579665899276733,0.026289960369467735,0.317715048789978,0.3190508484840393,0.6194010972976685,0.006469331216067076,0.17290037870407104,1.0,0.0,0.0,0.0,1.0,0.0,0.0,1.0,0.0,1.0,0.0,0.0,0.0,0.0,sadness
That's 3 things,789,thats things,neutral,0.7587164044380188,-1,"{'neutral': 0.6507853865623474, 'disgust': 0.12734268605709076, 'surprise': 0.09935484081506729, 'anger': 0.07031618058681488, 'sadness': 0.03070063143968582, 'joy': 0.017639989033341408, 'fear': 0.0038602608256042004}",0.6507853865623474,0.09935484081506729,0.017639989033341408,0.07031618058681488,0.03070063143968582,0.12734268605709076,0.0038602608256042004,0.0,0.0,0.0,0.0,0.0,0.0,0.0,0.0,0.0,0.0,0.0,0.0,0.0,0.0,neutral
"@…  yeah, if America spent those 2 trillion dollars in education rather than in Afghanistan, both Afghanistan and America would have been better now",790,yeah america spent trillion dollars education rather afghanistan afghanistan america would better,neutral,0.4702996015548706,1,"{'neutral': 0.5829083323478699, 'sadness': 0.20719078183174133, 'surprise': 0.1356159895658493, 'joy': 0.05840601772069931, 'anger': 0.00668459665030241, 'disgust': 0.00568039808422327, 'fear': 0.0035138383973389864}",0.5829083323478699,0.1356159895658493,0.05840601772069931,0.00668459665030241,0.20719078183174133,0.00568039808422327,0.0035138383973389864,0.0,0.0,0.0,0.0,0.0,0.0,0.0,0.0,0.0,0.0,0.0,0.0,0.0,0.0,neutral
Well thank god i got effected by the corona virus,791,well thank god got effected corona virus,positive,0.40222713351249695,-1,"{'surprise': 0.6232343912124634, 'joy': 0.18009664118289948, 'neutral': 0.12929506599903107, 'sadness': 0.053553324192762375, 'anger': 0.008344177156686783, 'disgust': 0.00289697153493762, 'fear': 0.002579411491751671}",0.12929506599903107,0.6232343912124634,0.18009664118289948,0.008344177156686783,0.053553324192762375,0.00289697153493762,0.002579411491751671,0.0,0.0,0.0,0.0,0.0,0.0,0.0,0.0,0.0,0.0,0.0,0.0,0.0,0.0,surprise
"@…  Let them do whatever they want...
     ""Live a life with no regrets...""
               -Portgas D. Ace",792,let whatever want live life regrets portgas ace,neutral,0.6756839752197266,-1,"{'sadness': 0.9741747379302979, 'neutral': 0.014998096041381359, 'joy': 0.0031832025852054358, 'anger': 0.003063766285777092, 'surprise': 0.002966077998280525, 'disgust': 0.000954454590100795, 'fear': 0.0006596960010938346, 'sadness_linguistic': 1.0, 'sadness_sentence_count': 1}",0.014998096041381359,0.002966077998280525,0.0031832025852054358,0.003063766285777092,0.9741747379302979,0.000954454590100795,0.0006596960010938346,0.0,0.0,0.0,0.0,1.0,0.0,0.0,0.0,0.0,0.0,0.0,1.0,0.0,0.0,sadness
@…  Not sure what you're asking.  My comment was pretty straight forward.,797,sure youre asking comment pretty straight forward,neutral,0.7967042326927185,37,"{'neutral': 0.8972596526145935, 'surprise': 0.06783996522426605, 'joy': 0.015859011560678482, 'anger': 0.008213729597628117, 'sadness': 0.005531230941414833, 'fear': 0.0030509443022310734, 'disgust': 0.0022454862482845783}",0.8972596526145935,0.06783996522426605,0.015859011560678482,0.008213729597628117,0.005531230941414833,0.0022454862482845783,0.0030509443022310734,0.0,0.0,0.0,0.0,0.0,0.0,0.0,0.0,0.0,0.0,0.0,0.0,0.0,0.0,neutral
@…  And I bet you value education,799,bet value education,neutral,0.5310714244842529,-1,"{'neutral': 0.8490787744522095, 'anger': 0.05964713171124458, 'disgust': 0.03624720126390457, 'sadness': 0.02630937285721302, 'fear': 0.01286550983786583, 'surprise': 0.012675981968641281, 'joy': 0.0031759829726070166, 'love_linguistic': 1.0, 'love_sentence_count': 1}",0.8490787744522095,0.012675981968641281,0.0031759829726070166,0.05964713171124458,0.02630937285721302,0.03624720126390457,0.01286550983786583,0.0,0.0,0.0,0.0,0.0,0.0,0.0,0.0,0.0,0.0,0.0,0.0,0.0,0.0,neutral
Douglas Keen  well I never got that free laptop but it is necessary for high school and not everybody can afford it.,800,douglas keen well never got free laptop necessary high school everybody afford,neutral,0.5158448815345764,11,"{'sadness': 0.8646729588508606, 'surprise': 0.05307759344577789, 'neutral': 0.05212512984871864, 'joy': 0.01605970226228237, 'anger': 0.010904579423367977, 'fear': 0.001723236171528697, 'disgust': 0.001436810358427465}",0.05212512984871864,0.05307759344577789,0.01605970226228237,0.010904579423367977,0.8646729588508606,0.001436810358427465,0.001723236171528697,0.0,0.0,0.0,0.0,0.0,0.0,0.0,0.0,0.0,0.0,0.0,0.0,0.0,0.0,sadness
Came after watching brut video on teachers,801,came watching brut video teachers,neutral,0.8611910343170166,30,"{'anger': 0.45132771134376526, 'surprise': 0.27684485912323, 'neutral': 0.08877556025981903, 'fear': 0.05421040207147598, 'sadness': 0.05383854731917381, 'disgust': 0.044022779911756516, 'joy': 0.030980102717876434}",0.08877556025981903,0.27684485912323,0.030980102717876434,0.45132771134376526,0.05383854731917381,0.044022779911756516,0.05421040207147598,0.0,0.0,0.0,0.0,0.0,0.0,0.0,0.0,0.0,0.0,0.0,0.0,0.0,0.0,anger
"And Finland ranks#1 in the world in terms of quality of Life

And people want to get into Harvard 😂😂",802,finland ranks world terms quality life people want get harvard,neutral,0.4951036274433136,0,"{'neutral': 0.7039381861686707, 'joy': 0.1558370739221573, 'surprise': 0.11310789734125137, 'sadness': 0.013236013241112232, 'anger': 0.009498512372374535, 'fear': 0.0025289913173764944, 'disgust': 0.001853382564149797}",0.7039381861686707,0.11310789734125137,0.1558370739221573,0.009498512372374535,0.013236013241112232,0.001853382564149797,0.0025289913173764944,0.0,0.0,0.0,0.0,0.0,0.0,0.0,0.0,0.0,0.0,0.0,0.0,0.0,0.0,neutral
"Yeah, the last bit doesn't make sense. People SHOULD be running to study in a Finnish university.",803,yeah last bit doesnt make sense people running study finnish university,negative,0.8360509872436523,0,"{'surprise': 0.321412593126297, 'neutral': 0.2718086242675781, 'disgust': 0.182746022939682, 'sadness': 0.1379861831665039, 'anger': 0.06450844556093216, 'fear': 0.014602439478039742, 'joy': 0.0069357347674667835}",0.2718086242675781,0.321412593126297,0.0069357347674667835,0.06450844556093216,0.1379861831665039,0.182746022939682,0.014602439478039742,0.0,0.0,0.0,0.0,0.0,0.0,0.0,0.0,0.0,0.0,0.0,0.0,0.0,0.0,surprise
@…  in the information age the old capitalist school systems are bloated and have a huge C02 footprint .,805,information age old capitalist school systems bloated huge footprint,negative,0.6692489981651306,16,"{'neutral': 0.38475483655929565, 'disgust': 0.18142901360988617, 'anger': 0.1608833223581314, 'sadness': 0.12311971187591553, 'surprise': 0.11057555675506592, 'fear': 0.02655070275068283, 'joy': 0.012686941772699356}",0.38475483655929565,0.11057555675506592,0.012686941772699356,0.1608833223581314,0.12311971187591553,0.18142901360988617,0.02655070275068283,0.0,0.0,0.0,0.0,0.0,0.0,0.0,0.0,0.0,0.0,0.0,0.0,0.0,0.0,neutral
"NO! That would cost us much more money. We cant hire teachers to be there any time that parents and teachers decide its a good time to go learn. The one thing we can learn from all of the schools that do better then us( which is almost all, because we have the 37th worst students) is that kids need more discipline. Especially kids that come from single parent homes just have very little ability to follow rules. What we need is to actually start teaching, raise expectations, more standardized testing, more competition so kids stay engaged. School isnt day care.",806,would cost much money cant hire teachers time parents teachers decide good time learn one thing learn schools better almost worst students kids need discipline especially kids come single parent homes little ability follow rules need actually start teaching raise expectations standardized testing competition kids stay engaged school isnt day care,negative,0.7212306261062622,4,"{'sadness': 0.41510647535324097, 'anger': 0.18600964546203613, 'joy': 0.1791650503873825, 'neutral': 0.14800359308719635, 'surprise': 0.04009752348065376, 'disgust': 0.02767552062869072, 'fear': 0.0039421143010258675, 'sadness_linguistic': 1.0, 'love_linguistic': 2.0, 'neutral_linguistic': 1.0, 'sadness_sentence_count': 1, 'love_sentence_count': 1, 'neutral_sentence_count': 1}",0.14800359308719635,0.04009752348065376,0.1791650503873825,0.18600964546203613,0.41510647535324097,0.02767552062869072,0.0039421143010258675,1.0,0.0,0.0,0.0,1.0,0.0,0.0,1.0,0.0,0.0,0.0,1.0,0.0,0.0,sadness
"the school sytems in american began in a time where working in a factory was paramount. I/E, the physiology of the American education system revolved around pumping out workers",807,school sytems american began time working factory paramount physiology american education system revolved around pumping workers,neutral,0.7479040026664734,1,"{'neutral': 0.4710450768470764, 'surprise': 0.22033283114433289, 'fear': 0.13224811851978302, 'joy': 0.07133382558822632, 'anger': 0.06750765442848206, 'sadness': 0.024641379714012146, 'disgust': 0.012891190126538277}",0.4710450768470764,0.22033283114433289,0.07133382558822632,0.06750765442848206,0.024641379714012146,0.012891190126538277,0.13224811851978302,0.0,0.0,0.0,0.0,0.0,0.0,0.0,0.0,0.0,0.0,0.0,0.0,0.0,0.0,neutral
"True, and there’s also just genuinely shitty students that ruin it for everyone",808,true theres also genuinely shitty students ruin everyone,negative,0.9208986163139343,-1,"{'anger': 0.74326491355896, 'disgust': 0.15291911363601685, 'sadness': 0.075727678835392, 'neutral': 0.015045699663460255, 'fear': 0.005856947507709265, 'surprise': 0.0038915909826755524, 'joy': 0.0032941203098744154, 'neutral_linguistic': 2.0, 'neutral_sentence_count': 1}",0.015045699663460255,0.0038915909826755524,0.0032941203098744154,0.74326491355896,0.075727678835392,0.15291911363601685,0.005856947507709265,2.0,0.0,0.0,0.0,0.0,0.0,0.0,1.0,0.0,0.0,0.0,0.0,0.0,0.0,neutral
"Not always. America used to be rates no 2 best in the world in education in the 1970's. After Carter started the Dept of Education, and the Teachers Union started, we went down to no 37. We pay almost 10X more per student then most of these countries too.  Of course we have more single parent homes, and that means less discipline, but our teachers are still crap.",809,always america used rates best world education carter started dept education teachers union started went pay almost per student countries course single parent homes means less discipline teachers still crap,negative,0.7797154188156128,1,"{'surprise': 0.40726104378700256, 'anger': 0.19385115802288055, 'sadness': 0.15651081502437592, 'neutral': 0.1456717848777771, 'joy': 0.08359972387552261, 'fear': 0.006723223719745874, 'disgust': 0.006382309831678867, 'anger_linguistic': 1.0, 'anger_sentence_count': 1}",0.1456717848777771,0.40726104378700256,0.08359972387552261,0.19385115802288055,0.15651081502437592,0.006382309831678867,0.006723223719745874,0.0,0.0,0.0,1.0,0.0,0.0,0.0,0.0,0.0,0.0,1.0,0.0,0.0,0.0,anger
Whatever school you went to did not teach this stop making things up,810,whatever school went teach stop making things,negative,0.8112112879753113,4,"{'neutral': 0.7117273807525635, 'anger': 0.18333402276039124, 'sadness': 0.03388819098472595, 'disgust': 0.03260499984025955, 'surprise': 0.016141725704073906, 'fear': 0.015977071598172188, 'joy': 0.006326657719910145}",0.7117273807525635,0.016141725704073906,0.006326657719910145,0.18333402276039124,0.03388819098472595,0.03260499984025955,0.015977071598172188,0.0,0.0,0.0,0.0,0.0,0.0,0.0,0.0,0.0,0.0,0.0,0.0,0.0,0.0,neutral
@…  Where is the lie?,811,lie,neutral,0.5454077124595642,-1,,,,,,,,,,,,,,,,,,,,,,,
Lies again? Nashville Dallas Black Red,812,lies nashville dallas black red,negative,0.788055956363678,-1,"{'neutral': 0.3749662935733795, 'sadness': 0.32194480299949646, 'surprise': 0.2281390130519867, 'joy': 0.06206948682665825, 'anger': 0.007694395724684, 'fear': 0.0035252883099019527, 'disgust': 0.0016607281286269426}",0.3749662935733795,0.2281390130519867,0.06206948682665825,0.007694395724684,0.32194480299949646,0.0016607281286269426,0.0035252883099019527,0.0,0.0,0.0,0.0,0.0,0.0,0.0,0.0,0.0,0.0,0.0,0.0,0.0,0.0,neutral
"Finland's ranking is dropping at a breakneck pace. Education had been independent in schools. Now Politicians and senior officials make themselves important and, in their own opinion now, “invent” good new methods and projects to make the system more efficient. The teaching is now mixed up. The ranking will drop drastically.
Even officials sites block all commets.",813,finlands ranking dropping breakneck pace education independent schools politicians senior officials make important opinion invent good new methods projects make system efficient teaching mixed ranking drop drastically even officials sites block commets,negative,0.7956098318099976,0,"{'surprise': 0.5363895893096924, 'neutral': 0.18000566959381104, 'joy': 0.14469905197620392, 'anger': 0.08308124542236328, 'fear': 0.039763253182172775, 'sadness': 0.012599173001945019, 'disgust': 0.003462033811956644}",0.18000566959381104,0.5363895893096924,0.14469905197620392,0.08308124542236328,0.012599173001945019,0.003462033811956644,0.039763253182172775,0.0,0.0,0.0,0.0,0.0,0.0,0.0,0.0,0.0,0.0,0.0,0.0,0.0,0.0,surprise
@…  those statistical numbers simply dont exist,814,statistical numbers simply dont exist,negative,0.7426851987838745,6,"{'neutral': 0.8021609783172607, 'surprise': 0.10688882321119308, 'sadness': 0.06493125855922699, 'anger': 0.010643909685313702, 'disgust': 0.0093056196346879, 'fear': 0.0032107329461723566, 'joy': 0.0028587474953383207}",0.8021609783172607,0.10688882321119308,0.0028587474953383207,0.010643909685313702,0.06493125855922699,0.0093056196346879,0.0032107329461723566,0.0,0.0,0.0,0.0,0.0,0.0,0.0,0.0,0.0,0.0,0.0,0.0,0.0,0.0,neutral
@…  you're just wasting your energy on this,815,youre wasting energy,negative,0.8938666582107544,36,"{'anger': 0.6659067273139954, 'disgust': 0.13899843394756317, 'sadness': 0.10470130294561386, 'neutral': 0.05877792835235596, 'surprise': 0.019440870732069016, 'joy': 0.006501373369246721, 'fear': 0.005673276260495186}",0.05877792835235596,0.019440870732069016,0.006501373369246721,0.6659067273139954,0.10470130294561386,0.13899843394756317,0.005673276260495186,0.0,0.0,0.0,0.0,0.0,0.0,0.0,0.0,0.0,0.0,0.0,0.0,0.0,0.0,anger
"@…  literally not true, this hypothetical will never exist.",816,literally true hypothetical never exist,negative,0.8894345164299011,-1,"{'neutral': 0.6708694100379944, 'surprise': 0.11446890980005264, 'anger': 0.08900801092386246, 'fear': 0.04304073378443718, 'disgust': 0.040052372962236404, 'sadness': 0.031363293528556824, 'joy': 0.011197307147085667, 'sadness_linguistic': 0.5, 'neutral_sentence_count': 1}",0.6708694100379944,0.11446890980005264,0.011197307147085667,0.08900801092386246,0.031363293528556824,0.040052372962236404,0.04304073378443718,0.0,0.0,0.0,0.0,0.5,0.0,0.0,1.0,0.0,0.0,0.0,0.0,0.0,0.0,neutral
​ @…  you are a stupid worthelss racist. But atleast you are openly racist i guess,817,stupid worthelss racist atleast openly racist guess,negative,0.9169788956642151,6,"{'anger': 0.7757427096366882, 'disgust': 0.17152103781700134, 'neutral': 0.02386627160012722, 'sadness': 0.011182759888470173, 'fear': 0.008510831743478775, 'joy': 0.004599221050739288, 'surprise': 0.004577281419187784}",0.02386627160012722,0.004577281419187784,0.004599221050739288,0.7757427096366882,0.011182759888470173,0.17152103781700134,0.008510831743478775,0.0,0.0,0.0,0.0,0.0,0.0,0.0,0.0,0.0,0.0,0.0,0.0,0.0,0.0,anger
"@…  yeah, okay, it's the whites that are driving the average down.  Sure.",818,yeah okay whites driving average sure,negative,0.541313886642456,6,"{'neutral': 0.7838258147239685, 'joy': 0.07632050663232803, 'surprise': 0.049544818699359894, 'sadness': 0.027398500591516495, 'disgust': 0.02681158296763897, 'anger': 0.026326702907681465, 'fear': 0.009772122837603092, 'anger_linguistic': 1.0, 'anger_sentence_count': 1}",0.7838258147239685,0.049544818699359894,0.07632050663232803,0.026326702907681465,0.027398500591516495,0.02681158296763897,0.009772122837603092,0.0,0.0,0.0,1.0,0.0,0.0,0.0,0.0,0.0,0.0,1.0,0.0,0.0,0.0,neutral
"if we left just you out, we'd probably be top 10",819,left wed probably top,neutral,0.6137753129005432,-1,"{'neutral': 0.7975543737411499, 'surprise': 0.12439686059951782, 'sadness': 0.036785777658224106, 'joy': 0.01585601642727852, 'anger': 0.010742731392383575, 'disgust': 0.01010480523109436, 'fear': 0.004559445194900036, 'neutral_linguistic': 1.0, 'neutral_sentence_count': 1}",0.7975543737411499,0.12439686059951782,0.01585601642727852,0.010742731392383575,0.036785777658224106,0.01010480523109436,0.004559445194900036,1.0,0.0,0.0,0.0,0.0,0.0,0.0,1.0,0.0,0.0,0.0,0.0,0.0,0.0,neutral
@…  Lol no arguments? Jesus christ you mfs can't deal with the fact that your bullshit isn't adhered to by any reputable scientist anymore.,820,lol arguments jesus christ mfs cant deal fact bullshit isnt adhered reputable scientist anymore,negative,0.9248104691505432,18,"{'sadness': 0.4939174950122833, 'neutral': 0.3251393437385559, 'surprise': 0.08156520128250122, 'anger': 0.059051260352134705, 'joy': 0.030714163556694984, 'disgust': 0.00634340476244688, 'fear': 0.003269181353971362}",0.3251393437385559,0.08156520128250122,0.030714163556694984,0.059051260352134705,0.4939174950122833,0.00634340476244688,0.003269181353971362,0.0,0.0,0.0,0.0,0.0,0.0,0.0,0.0,0.0,0.0,0.0,0.0,0.0,0.0,sadness
"@…  IQ scores are heavily affected by the environment, racial IQ differences have been debunked time and time again. The racial IQ gap that does exist is due to socioeconomic differences, and is closing over time because of the Flynn effect. 

That's not even to mention how the idea of race as a biologically valid concept is also bunk, no modern reputable geneticist or human biologist uses race as a scientific category anymore, clines are hip now. The only actual significant differences between races are phenotypical. Otherwise, all purported racial differences in say, crime, behavior, intelligence, etc. have all been repeatedly demonstrated through decades of research to be environmental.",822,scores heavily affected environment racial differences debunked time time racial gap exist due socioeconomic differences closing time flynn effect thats even mention idea race biologically valid concept also bunk modern reputable geneticist human biologist uses race scientific category anymore clines hip actual significant differences races phenotypical otherwise purported racial differences say crime behavior intelligence etc repeatedly demonstrated decades research environmental,negative,0.6224550008773804,6,"{'neutral': 0.522834837436676, 'surprise': 0.2606583833694458, 'anger': 0.08487915992736816, 'joy': 0.0744287520647049, 'sadness': 0.04124782234430313, 'fear': 0.0098173338919878, 'disgust': 0.006133726332336664, 'fear_linguistic': 1.0, 'neutral_linguistic': 2.0, 'fear_sentence_count': 1, 'neutral_sentence_count': 1}",0.522834837436676,0.2606583833694458,0.0744287520647049,0.08487915992736816,0.04124782234430313,0.006133726332336664,0.0098173338919878,2.0,0.0,0.0,0.0,0.0,0.0,1.0,1.0,0.0,0.0,0.0,0.0,0.0,1.0,neutral
"@…  Haha, you literally just made up a bunch of statistics that state the exact opposite of what the real statistics state.  High income/highly educated blacks have about the same IQ and crime rates as low income/low IQ blacks.  Blacks raised since birth by white parents have no higher IQ than blacks raised in the ghetto and are just as likely to commit crime.",823,haha literally made bunch statistics state exact opposite real statistics state high incomehighly educated blacks crime rates low incomelow blacks blacks raised since birth white parents higher blacks raised ghetto likely commit crime,negative,0.8188707828521729,6,"{'anger': 0.5421476364135742, 'fear': 0.16717036068439484, 'neutral': 0.12806633114814758, 'sadness': 0.09189062565565109, 'surprise': 0.03893742337822914, 'joy': 0.024051906540989876, 'disgust': 0.007735699415206909, 'sadness_linguistic': 1.0, 'anger_linguistic': 1.0, 'neutral_linguistic': 2.0, 'sadness_sentence_count': 1, 'anger_sentence_count': 1, 'neutral_sentence_count': 1}",0.12806633114814758,0.03893742337822914,0.024051906540989876,0.5421476364135742,0.09189062565565109,0.007735699415206909,0.16717036068439484,2.0,0.0,0.0,1.0,1.0,0.0,0.0,1.0,0.0,0.0,1.0,1.0,0.0,0.0,neutral
@…  unless we can seperate the .0001% of the good ones then I just say we leave them out.,824,unless seperate good ones say leave,negative,0.611276388168335,38,"{'sadness': 0.5307034850120544, 'neutral': 0.23483498394489288, 'anger': 0.19595389068126678, 'surprise': 0.011216487735509872, 'disgust': 0.011060154996812344, 'joy': 0.0085624810308218, 'fear': 0.0076685212552547455}",0.23483498394489288,0.011216487735509872,0.0085624810308218,0.19595389068126678,0.5307034850120544,0.011060154996812344,0.0076685212552547455,0.0,0.0,0.0,0.0,0.0,0.0,0.0,0.0,0.0,0.0,0.0,0.0,0.0,0.0,sadness
"@…  yeah, like one ""genius"" black compensates for their average 85 IQ population.",825,yeah like one genius black compensates average population,neutral,0.7294321656227112,6,"{'neutral': 0.5780851244926453, 'joy': 0.24464008212089539, 'surprise': 0.10686546564102173, 'sadness': 0.025374311953783035, 'anger': 0.024610033258795738, 'disgust': 0.017202476039528847, 'fear': 0.0032225565519183874, 'anger_linguistic': 1.0, 'anger_sentence_count': 1}",0.5780851244926453,0.10686546564102173,0.24464008212089539,0.024610033258795738,0.025374311953783035,0.017202476039528847,0.0032225565519183874,0.0,0.0,0.0,1.0,0.0,0.0,0.0,0.0,0.0,0.0,1.0,0.0,0.0,0.0,anger
@… nope.  Just two eyes and a brain.,826,nope two eyes brain,neutral,0.6719465255737305,12,"{'neutral': 0.4575338065624237, 'sadness': 0.320345401763916, 'surprise': 0.15534110367298126, 'disgust': 0.02641736902296543, 'fear': 0.02127508632838726, 'anger': 0.012540987692773342, 'joy': 0.006546279415488243}",0.4575338065624237,0.15534110367298126,0.006546279415488243,0.012540987692773342,0.320345401763916,0.02641736902296543,0.02127508632838726,0.0,0.0,0.0,0.0,0.0,0.0,0.0,0.0,0.0,0.0,0.0,0.0,0.0,0.0,neutral
"Finland is best at everything: school system, happiest country, video games...",829,finland best everything school system happiest country video games,positive,0.9611335396766663,-1,"{'joy': 0.9194713234901428, 'surprise': 0.046209849417209625, 'neutral': 0.02156723104417324, 'sadness': 0.00663837231695652, 'anger': 0.004449356347322464, 'disgust': 0.0011025686981156468, 'fear': 0.0005612919921986759}",0.02156723104417324,0.046209849417209625,0.9194713234901428,0.004449356347322464,0.00663837231695652,0.0011025686981156468,0.0005612919921986759,0.0,0.0,0.0,0.0,0.0,0.0,0.0,0.0,0.0,0.0,0.0,0.0,0.0,0.0,joy
FINLAND HERE I COME!!!!!!!!!!🥶🥶🥶,832,finland come,positive,0.8470250964164734,0,"{'neutral': 0.7902776598930359, 'surprise': 0.1437261402606964, 'joy': 0.03552299737930298, 'sadness': 0.018728451803326607, 'fear': 0.006489484570920467, 'anger': 0.004189928062260151, 'disgust': 0.001065251650288701}",0.7902776598930359,0.1437261402606964,0.03552299737930298,0.004189928062260151,0.018728451803326607,0.001065251650288701,0.006489484570920467,0.0,0.0,0.0,0.0,0.0,0.0,0.0,0.0,0.0,0.0,0.0,0.0,0.0,0.0,neutral
@…  .In modern school you should focus on how to research not what you studied,834,modern school focus research studied,neutral,0.7401280999183655,1,"{'neutral': 0.8393335342407227, 'surprise': 0.06198197230696678, 'anger': 0.033873189240694046, 'fear': 0.022413816303014755, 'sadness': 0.0195576511323452, 'disgust': 0.014279577881097794, 'joy': 0.008560311049222946}",0.8393335342407227,0.06198197230696678,0.008560311049222946,0.033873189240694046,0.0195576511323452,0.014279577881097794,0.022413816303014755,0.0,0.0,0.0,0.0,0.0,0.0,0.0,0.0,0.0,0.0,0.0,0.0,0.0,0.0,neutral
"Do it Debra, pull the trigger",835,debra pull trigger,neutral,0.6762813925743103,20,"{'neutral': 0.6984383463859558, 'surprise': 0.11284178495407104, 'fear': 0.10533715784549713, 'anger': 0.0487443245947361, 'sadness': 0.019914358854293823, 'disgust': 0.00875877495855093, 'joy': 0.005965246353298426}",0.6984383463859558,0.11284178495407104,0.005965246353298426,0.0487443245947361,0.019914358854293823,0.00875877495855093,0.10533715784549713,0.0,0.0,0.0,0.0,0.0,0.0,0.0,0.0,0.0,0.0,0.0,0.0,0.0,0.0,neutral
As an Indonesian I know your feel,836,indonesian know feel,neutral,0.7259774804115295,24,"{'sadness': 0.3664616048336029, 'neutral': 0.32136738300323486, 'joy': 0.20516495406627655, 'surprise': 0.06892178952693939, 'fear': 0.02020530216395855, 'anger': 0.012910447083413601, 'disgust': 0.004968577064573765}",0.32136738300323486,0.06892178952693939,0.20516495406627655,0.012910447083413601,0.3664616048336029,0.004968577064573765,0.02020530216395855,0.0,0.0,0.0,0.0,0.0,0.0,0.0,0.0,0.0,0.0,0.0,0.0,0.0,0.0,sadness
What is Finland education administration system,837,finland education administration system,neutral,0.650273859500885,0,"{'neutral': 0.7991290092468262, 'surprise': 0.08520924299955368, 'sadness': 0.06124391406774521, 'joy': 0.01600496843457222, 'fear': 0.014897465705871582, 'anger': 0.01368175633251667, 'disgust': 0.009833588264882565}",0.7991290092468262,0.08520924299955368,0.01600496843457222,0.01368175633251667,0.06124391406774521,0.009833588264882565,0.014897465705871582,0.0,0.0,0.0,0.0,0.0,0.0,0.0,0.0,0.0,0.0,0.0,0.0,0.0,0.0,neutral
@…  how welcoming are the Finnish to foreigners (especially non-english speaking people).......?,840,welcoming finnish foreigners especially nonenglish speaking people,neutral,0.855241596698761,7,"{'joy': 0.7411169409751892, 'surprise': 0.10823868960142136, 'neutral': 0.10636531561613083, 'sadness': 0.02550417371094227, 'fear': 0.011773314327001572, 'disgust': 0.004091723822057247, 'anger': 0.00290989363566041, 'love_linguistic': 1.0, 'love_sentence_count': 1}",0.10636531561613083,0.10823868960142136,0.7411169409751892,0.00290989363566041,0.02550417371094227,0.004091723822057247,0.011773314327001572,0.0,0.0,0.0,0.0,0.0,0.0,0.0,0.0,0.0,0.0,0.0,0.0,0.0,0.0,joy
"@…  And, how good do you think it is for people whose first language isn't English.?",841,good think people whose first language isnt english,neutral,0.7839493155479431,22,"{'surprise': 0.7616865038871765, 'joy': 0.10535606741905212, 'neutral': 0.10509603470563889, 'sadness': 0.01692773774266243, 'anger': 0.005326713901013136, 'disgust': 0.004072892479598522, 'fear': 0.001534092123620212}",0.10509603470563889,0.7616865038871765,0.10535606741905212,0.005326713901013136,0.01692773774266243,0.004072892479598522,0.001534092123620212,0.0,0.0,0.0,0.0,0.0,0.0,0.0,0.0,0.0,0.0,0.0,0.0,0.0,0.0,surprise
"Lousy b/g music and BAD sense of humor. If the focus is on finland's  educational system, why does this bozo sell merchandise at the end of the video? Is he American?",842,lousy music bad sense humor focus finlands educational system bozo sell merchandise end video american,negative,0.9461248517036438,-1,"{'joy': 0.8890892863273621, 'neutral': 0.05509359762072563, 'sadness': 0.032399021089076996, 'surprise': 0.01639733649790287, 'anger': 0.0033698519691824913, 'disgust': 0.0027306319680064917, 'fear': 0.0009202718501910567}",0.05509359762072563,0.01639733649790287,0.8890892863273621,0.0033698519691824913,0.032399021089076996,0.0027306319680064917,0.0009202718501910567,0.0,0.0,0.0,0.0,0.0,0.0,0.0,0.0,0.0,0.0,0.0,0.0,0.0,0.0,joy
@…  in Finland we have Swedish and English then later on 8th grade you can choose to add Spanish French or German (at least that's how it is in my school),843,finland swedish english later grade choose add spanish french german least thats school,neutral,0.9097375273704529,7,"{'neutral': 0.8203226327896118, 'joy': 0.08187946677207947, 'surprise': 0.06270761042833328, 'sadness': 0.029469212517142296, 'anger': 0.002859145402908325, 'fear': 0.001843737787567079, 'disgust': 0.0009181246859952807}",0.8203226327896118,0.06270761042833328,0.08187946677207947,0.002859145402908325,0.029469212517142296,0.0009181246859952807,0.001843737787567079,0.0,0.0,0.0,0.0,0.0,0.0,0.0,0.0,0.0,0.0,0.0,0.0,0.0,0.0,neutral
"@…  ""all swede-finns speak Finnish aswell"" I am a swede-finn and speak both languages.. in my school only 2 out of 7 classes have people who talk fluent Finnish in my class it's 8 out of 21 who can speak Finnish and from the other class it's about 10 out of 20 so with that being said. You're wrong :D",844,swedefinns speak finnish aswell swedefinn speak languages school classes people talk fluent finnish class speak finnish class said youre wrong,neutral,0.6826254725456238,7,"{'neutral': 0.7545639276504517, 'surprise': 0.11239150911569595, 'sadness': 0.08172629028558731, 'joy': 0.028707031160593033, 'anger': 0.018332745879888535, 'fear': 0.0029460047371685505, 'disgust': 0.0013325171312317252}",0.7545639276504517,0.11239150911569595,0.028707031160593033,0.018332745879888535,0.08172629028558731,0.0013325171312317252,0.0029460047371685505,0.0,0.0,0.0,0.0,0.0,0.0,0.0,0.0,0.0,0.0,0.0,0.0,0.0,0.0,neutral
5% of the Finnish population is speaking Swedish as there native language. 95% of Finnish people speak Finnish i live in Finland and if i talk Swedish in a store nobody understands.,845,finnish population speaking swedish native language finnish people speak finnish live finland talk swedish store nobody understands,neutral,0.6380075216293335,7,"{'neutral': 0.7577034831047058, 'surprise': 0.1867174506187439, 'sadness': 0.0273403562605381, 'joy': 0.017173685133457184, 'fear': 0.005248961038887501, 'anger': 0.004137180745601654, 'disgust': 0.0016788115026429296}",0.7577034831047058,0.1867174506187439,0.017173685133457184,0.004137180745601654,0.0273403562605381,0.0016788115026429296,0.005248961038887501,0.0,0.0,0.0,0.0,0.0,0.0,0.0,0.0,0.0,0.0,0.0,0.0,0.0,0.0,neutral
"@…  you need Finnish for Swedish speaking in a Finnish country (Finns like me) and Swedish is actually dying out in Finland, more Finns don't want to learn other languages. like Swedish is slowly dying out bc of Finns that don't want to learn Swedish and trust me i dont need Finnish but it's a must in school",846,need finnish swedish speaking finnish country finns like swedish actually dying finland finns dont want learn languages like swedish slowly dying finns dont want learn swedish trust dont need finnish must school,negative,0.6921207904815674,7,"{'sadness': 0.5521716475486755, 'neutral': 0.17279595136642456, 'fear': 0.12852200865745544, 'joy': 0.08929000049829483, 'surprise': 0.0398244746029377, 'anger': 0.016187753528356552, 'disgust': 0.0012081171153113246, 'sadness_linguistic': 1.0, 'neutral_linguistic': 1.0, 'sadness_sentence_count': 1, 'neutral_sentence_count': 1}",0.17279595136642456,0.0398244746029377,0.08929000049829483,0.016187753528356552,0.5521716475486755,0.0012081171153113246,0.12852200865745544,1.0,0.0,0.0,0.0,1.0,0.0,0.0,1.0,0.0,0.0,0.0,1.0,0.0,0.0,sadness
but its still shit like any other education system in the world except finland,848,still shit like education system world except finland,negative,0.9310457706451416,0,"{'neutral': 0.3616384267807007, 'disgust': 0.27046260237693787, 'anger': 0.16889098286628723, 'surprise': 0.13303351402282715, 'sadness': 0.04221329465508461, 'fear': 0.017980413511395454, 'joy': 0.005780784413218498}",0.3616384267807007,0.13303351402282715,0.005780784413218498,0.16889098286628723,0.04221329465508461,0.27046260237693787,0.017980413511395454,0.0,0.0,0.0,0.0,0.0,0.0,0.0,0.0,0.0,0.0,0.0,0.0,0.0,0.0,neutral
"@…  what's the difference actually
Something' is averagely bad.and the other thing is fully bad
This education system rankings checks the best among the baddest 😂😂😉",849,whats difference actually something averagely badand thing fully bad education system rankings checks best among baddest,negative,0.6799295544624329,-1,"{'anger': 0.5940321087837219, 'disgust': 0.19245997071266174, 'sadness': 0.1554570198059082, 'surprise': 0.019889401271939278, 'neutral': 0.01700151339173317, 'fear': 0.011828380636870861, 'joy': 0.009331573732197285, 'anger_linguistic': 1.0, 'neutral_linguistic': 1.0, 'anger_sentence_count': 1, 'neutral_sentence_count': 1}",0.01700151339173317,0.019889401271939278,0.009331573732197285,0.5940321087837219,0.1554570198059082,0.19245997071266174,0.011828380636870861,1.0,0.0,0.0,1.0,0.0,0.0,0.0,1.0,0.0,0.0,1.0,0.0,0.0,0.0,anger
"lmao, india is so messed up.",851,lmao india messed,negative,0.9462742805480957,41,"{'neutral': 0.8844209313392639, 'sadness': 0.048666179180145264, 'surprise': 0.032262615859508514, 'anger': 0.01726272702217102, 'joy': 0.007950669154524803, 'fear': 0.004742296412587166, 'disgust': 0.004694544244557619}",0.8844209313392639,0.032262615859508514,0.007950669154524803,0.01726272702217102,0.048666179180145264,0.004694544244557619,0.004742296412587166,0.0,0.0,0.0,0.0,0.0,0.0,0.0,0.0,0.0,0.0,0.0,0.0,0.0,0.0,neutral
"Finland is capitalist country tho. With social safety net. So, it's bit of a mix but economic system is of course capitalism.",855,finland capitalist country tho social safety net bit mix economic system course capitalism,neutral,0.7195907831192017,14,"{'joy': 0.9568077325820923, 'neutral': 0.023877140134572983, 'sadness': 0.007754263933748007, 'surprise': 0.0060735540464520454, 'anger': 0.0036685217637568712, 'fear': 0.0009368711616843939, 'disgust': 0.0008817799971438944}",0.023877140134572983,0.0060735540464520454,0.9568077325820923,0.0036685217637568712,0.007754263933748007,0.0008817799971438944,0.0009368711616843939,0.0,0.0,0.0,0.0,0.0,0.0,0.0,0.0,0.0,0.0,0.0,0.0,0.0,0.0,joy
Finland is missing out on diversity 😂,857,finland missing diversity,negative,0.7128642201423645,0,"{'sadness': 0.6276910305023193, 'neutral': 0.26618248224258423, 'surprise': 0.0764080360531807, 'fear': 0.00850590318441391, 'anger': 0.00766788749024272, 'disgust': 0.007231513503938913, 'joy': 0.006313170772045851}",0.26618248224258423,0.0764080360531807,0.006313170772045851,0.00766788749024272,0.6276910305023193,0.007231513503938913,0.00850590318441391,0.0,0.0,0.0,0.0,0.0,0.0,0.0,0.0,0.0,0.0,0.0,0.0,0.0,0.0,sadness
"You’ll also need a lot of money to move counties, fill in some legal fees… etc…",858,youll also need lot money move counties fill legal fees etc,negative,0.5112449526786804,0,"{'neutral': 0.8497543931007385, 'surprise': 0.06155453622341156, 'sadness': 0.055818673223257065, 'anger': 0.012068642303347588, 'joy': 0.010945511981844902, 'disgust': 0.005062876269221306, 'fear': 0.004795408342033625, 'neutral_linguistic': 1.0, 'neutral_sentence_count': 1}",0.8497543931007385,0.06155453622341156,0.010945511981844902,0.012068642303347588,0.055818673223257065,0.005062876269221306,0.004795408342033625,1.0,0.0,0.0,0.0,0.0,0.0,0.0,1.0,0.0,0.0,0.0,0.0,0.0,0.0,neutral
@…  Dude I took 2 of the most difficult subjects in my school 😂😭 the stress levels exceed the empire state building's height,861,dude took difficult subjects school stress levels exceed empire state buildings height,negative,0.7808599472045898,-1,"{'anger': 0.3447977602481842, 'fear': 0.28559795022010803, 'sadness': 0.17072157561779022, 'neutral': 0.11375359445810318, 'joy': 0.05651390552520752, 'surprise': 0.022302886471152306, 'disgust': 0.006312445737421513}",0.11375359445810318,0.022302886471152306,0.05651390552520752,0.3447977602481842,0.17072157561779022,0.006312445737421513,0.28559795022010803,0.0,0.0,0.0,0.0,0.0,0.0,0.0,0.0,0.0,0.0,0.0,0.0,0.0,0.0,anger
"@…  Ok, but remember that Finland isn't mostly located in Scandinavia.",862,remember finland isnt mostly located scandinavia,neutral,0.8994855880737305,0,"{'neutral': 0.5616100430488586, 'surprise': 0.33713942766189575, 'sadness': 0.08149328827857971, 'joy': 0.0058379159308969975, 'fear': 0.005394114647060633, 'anger': 0.0048617711290717125, 'disgust': 0.003663409501314163}",0.5616100430488586,0.33713942766189575,0.0058379159308969975,0.0048617711290717125,0.08149328827857971,0.003663409501314163,0.005394114647060633,0.0,0.0,0.0,0.0,0.0,0.0,0.0,0.0,0.0,0.0,0.0,0.0,0.0,0.0,neutral
"While in America it’s F Joe Biden 
Seriously I want to move to Scandinavia",863,america joe biden seriously want move scandinavia,negative,0.824698805809021,0,"{'fear': 0.3281741142272949, 'sadness': 0.2023593783378601, 'neutral': 0.20104928314685822, 'surprise': 0.1559792160987854, 'joy': 0.08741258084774017, 'anger': 0.02377324551343918, 'disgust': 0.0012521673925220966}",0.20104928314685822,0.1559792160987854,0.08741258084774017,0.02377324551343918,0.2023593783378601,0.0012521673925220966,0.3281741142272949,0.0,0.0,0.0,0.0,0.0,0.0,0.0,0.0,0.0,0.0,0.0,0.0,0.0,0.0,fear
And then proceeded to create literal concentration camps for Mexican immigrants seeking asylum and forcing people who are literally as young as 18 months to represent themselves in court to justify why they “deserve” to come to America. (This is a violation of both basic human rights to seek asylum AND international law btw),864,proceeded create literal concentration camps mexican immigrants seeking asylum forcing people literally young months represent court justify deserve come america violation basic human rights seek asylum international law btw,negative,0.8807634711265564,-1,"{'anger': 0.9545795917510986, 'fear': 0.01990337297320366, 'neutral': 0.010902680456638336, 'sadness': 0.005946933291852474, 'joy': 0.005335203837603331, 'surprise': 0.0018109130905941129, 'disgust': 0.0015213045990094543}",0.010902680456638336,0.0018109130905941129,0.005335203837603331,0.9545795917510986,0.005946933291852474,0.0015213045990094543,0.01990337297320366,0.0,0.0,0.0,0.0,0.0,0.0,0.0,0.0,0.0,0.0,0.0,0.0,0.0,0.0,anger
"Yes and there are no exams and tests in Finland schools until the end of the academic year. This means you wouldn't have to study for exams and tests until the end of the academic year. Theres basically no competition, no rankings or punishment in finland schools. But if a student does something naughty they get sent home and let their parents deal with them.",865,yes exams tests finland schools end academic year means wouldnt study exams tests end academic year theres basically competition rankings punishment finland schools student something naughty get sent home let parents deal,neutral,0.7606379985809326,-1,"{'sadness': 0.901116132736206, 'anger': 0.07316915690898895, 'joy': 0.009724320843815804, 'neutral': 0.006502456031739712, 'surprise': 0.005192549433559179, 'disgust': 0.0024810570757836103, 'fear': 0.001814338262192905, 'anger_linguistic': 1.0, 'neutral_linguistic': 1.0, 'anger_sentence_count': 1, 'neutral_sentence_count': 1}",0.006502456031739712,0.005192549433559179,0.009724320843815804,0.07316915690898895,0.901116132736206,0.0024810570757836103,0.001814338262192905,1.0,0.0,0.0,1.0,0.0,0.0,0.0,1.0,0.0,0.0,1.0,0.0,0.0,0.0,sadness
"@…  if you have mastered YOUR third language to the point that I have mastered English, as an adult, I will for sure tell you ""hats off"", and not try and put you down if you happen to make some minor mistakes :)",867,mastered third language point mastered english adult sure tell hats try put happen make minor mistakes,positive,0.5342351198196411,-1,"{'neutral': 0.843755841255188, 'sadness': 0.059077274054288864, 'joy': 0.03348986804485321, 'surprise': 0.03277546167373657, 'anger': 0.016370190307497978, 'fear': 0.007880562916398048, 'disgust': 0.006650817580521107}",0.843755841255188,0.03277546167373657,0.03348986804485321,0.016370190307497978,0.059077274054288864,0.006650817580521107,0.007880562916398048,0.0,0.0,0.0,0.0,0.0,0.0,0.0,0.0,0.0,0.0,0.0,0.0,0.0,0.0,neutral
"@…  you must be referring to someone else, then. I am neither an expert in languages nor do I claim to be. If you have yet to master basic verb conjugation I don't think you should be attacking fellow language learners' proficiency though, that's all.",868,must referring someone else neither expert languages claim yet master basic verb conjugation dont think attacking fellow language learners proficiency though thats,negative,0.6895557641983032,22,"{'neutral': 0.626200795173645, 'anger': 0.25011634826660156, 'surprise': 0.047200411558151245, 'disgust': 0.04510175436735153, 'sadness': 0.01596750132739544, 'fear': 0.011426988989114761, 'joy': 0.003986195661127567, 'sadness_linguistic': 1.0, 'sadness_sentence_count': 1}",0.626200795173645,0.047200411558151245,0.003986195661127567,0.25011634826660156,0.01596750132739544,0.04510175436735153,0.011426988989114761,0.0,0.0,0.0,0.0,1.0,0.0,0.0,0.0,0.0,0.0,0.0,1.0,0.0,0.0,sadness
"School just doesnt care about victims on bullying :( your lucky to have that school
-no lazy teachers
-free lunch
-less bullying 
-good stuff from school
-strict about bullying too",869,school doesnt care victims bullying lucky school lazy teachers free lunch less bullying good stuff school strict bullying,negative,0.39861148595809937,39,"{'anger': 0.5412346720695496, 'joy': 0.2699282169342041, 'neutral': 0.09526670724153519, 'sadness': 0.046956051141023636, 'disgust': 0.02884206548333168, 'surprise': 0.00937545858323574, 'fear': 0.008396771736443043, 'love_linguistic': 1.0, 'love_sentence_count': 1}",0.09526670724153519,0.00937545858323574,0.2699282169342041,0.5412346720695496,0.046956051141023636,0.02884206548333168,0.008396771736443043,0.0,0.0,0.0,0.0,0.0,0.0,0.0,0.0,0.0,0.0,0.0,0.0,0.0,0.0,anger
"@…  even a blind squirrel, can find a nut once in a while! :)",870,even blind squirrel find nut,positive,0.855300784111023,-1,"{'anger': 0.3627411723136902, 'neutral': 0.1768748164176941, 'fear': 0.17366179823875427, 'disgust': 0.10643491894006729, 'sadness': 0.10585547238588333, 'surprise': 0.07000986486673355, 'joy': 0.00442188885062933}",0.1768748164176941,0.07000986486673355,0.00442188885062933,0.3627411723136902,0.10585547238588333,0.10643491894006729,0.17366179823875427,0.0,0.0,0.0,0.0,0.0,0.0,0.0,0.0,0.0,0.0,0.0,0.0,0.0,0.0,anger
"@…  See, now you proved your statement. Before you didn't.",871,see proved statement didnt,neutral,0.8153859972953796,18,"{'neutral': 0.6278325319290161, 'sadness': 0.1857050061225891, 'surprise': 0.13536210358142853, 'anger': 0.03308093175292015, 'joy': 0.0071764374151825905, 'fear': 0.005872251931577921, 'disgust': 0.004970705136656761}",0.6278325319290161,0.13536210358142853,0.0071764374151825905,0.03308093175292015,0.1857050061225891,0.004970705136656761,0.005872251931577921,0.0,0.0,0.0,0.0,0.0,0.0,0.0,0.0,0.0,0.0,0.0,0.0,0.0,0.0,neutral
"@…  uh... Not software, any job but mostly engineering and medicine. All Indians don't go for software.
And yeah, about masters degree, you are right...",872,software job mostly engineering medicine indians dont software yeah masters degree right,neutral,0.7621694207191467,2,"{'neutral': 0.625301718711853, 'surprise': 0.17813114821910858, 'sadness': 0.16994157433509827, 'anger': 0.009029940702021122, 'joy': 0.007817259058356285, 'disgust': 0.005501285661011934, 'fear': 0.004277069587260485}",0.625301718711853,0.17813114821910858,0.007817259058356285,0.009029940702021122,0.16994157433509827,0.005501285661011934,0.004277069587260485,0.0,0.0,0.0,0.0,0.0,0.0,0.0,0.0,0.0,0.0,0.0,0.0,0.0,0.0,neutral
"@…  well wait, maybe you are right... But dude, why is it that the US is super advanced in all of the fields, be it technology, be it finance, be it commerce or any other field, USA is always among the top! This definitely has something to do with its education system right? Better the edu system, better educated population and better the advancement. The fact that most of the top universities are in the USA supports this.",873,well wait maybe right dude super advanced fields technology finance commerce field usa always among top definitely something education system right better edu system better educated population better advancement fact top universities usa supports,positive,0.831082284450531,28,"{'neutral': 0.4474020302295685, 'joy': 0.3264923393726349, 'surprise': 0.20158018171787262, 'sadness': 0.013652204535901546, 'anger': 0.006657077465206385, 'fear': 0.002888541202992201, 'disgust': 0.0013276970712468028, 'neutral_linguistic': 2.0, 'neutral_sentence_count': 1}",0.4474020302295685,0.20158018171787262,0.3264923393726349,0.006657077465206385,0.013652204535901546,0.0013276970712468028,0.002888541202992201,2.0,0.0,0.0,0.0,0.0,0.0,0.0,1.0,0.0,0.0,0.0,0.0,0.0,0.0,neutral
"I don't think all Indians go to for top class education they go for jobs a masters degree is just an helpful in getting a job
I don't think they actually seriously study anything soemone told me that they just have a few classes in  a week rest of the time they do jobs 
Very few people are  serious about the subject they study rest all just get into whatever course they get in to get a software job
But yes it is still better than indian system",874,dont think indians top class education jobs masters degree helpful getting job dont think actually seriously study anything soemone told classes week rest time jobs people serious subject study rest get whatever course get get software job yes still better indian system,negative,0.6018548607826233,2,"{'surprise': 0.6008290648460388, 'anger': 0.14645543694496155, 'neutral': 0.0978747233748436, 'joy': 0.06856492906808853, 'sadness': 0.0646292120218277, 'fear': 0.01950303092598915, 'disgust': 0.0021436011884361506, 'neutral_linguistic': 1.0, 'neutral_sentence_count': 1}",0.0978747233748436,0.6008290648460388,0.06856492906808853,0.14645543694496155,0.0646292120218277,0.0021436011884361506,0.01950303092598915,1.0,0.0,0.0,0.0,0.0,0.0,0.0,1.0,0.0,0.0,0.0,0.0,0.0,0.0,neutral
@…  I did say EDUCATION not Self-education. Start thinking a little bit.,875,say education selfeducation start thinking little bit,neutral,0.6976089477539062,-1,"{'neutral': 0.8527788519859314, 'fear': 0.06224728003144264, 'surprise': 0.03008590079843998, 'joy': 0.02464071474969387, 'anger': 0.015503914095461369, 'sadness': 0.011174449697136879, 'disgust': 0.003568863496184349}",0.8527788519859314,0.03008590079843998,0.02464071474969387,0.015503914095461369,0.011174449697136879,0.003568863496184349,0.06224728003144264,0.0,0.0,0.0,0.0,0.0,0.0,0.0,0.0,0.0,0.0,0.0,0.0,0.0,0.0,neutral
@…  Self-education is still education. So I'm guessing you just made a typo in your first statement.,876,selfeducation still education guessing made typo first statement,negative,0.5804036855697632,1,"{'surprise': 0.544748067855835, 'neutral': 0.3897660970687866, 'anger': 0.027928980067372322, 'sadness': 0.024422798305749893, 'joy': 0.005891136359423399, 'fear': 0.005225976463407278, 'disgust': 0.0020169734489172697, 'anger_linguistic': 1.0, 'anger_sentence_count': 1}",0.3897660970687866,0.544748067855835,0.005891136359423399,0.027928980067372322,0.024422798305749893,0.0020169734489172697,0.005225976463407278,0.0,0.0,0.0,1.0,0.0,0.0,0.0,0.0,0.0,0.0,1.0,0.0,0.0,0.0,anger
"aastha tyagi  Haha, do what I love? Are you serious? My parents have already planned my future for me, and btw people from Asia and other immigrants have made America prosperous. 40% of the doctors in this country are Indian. We do still have to work hard, but the pressure to do well or their hard work is nothing is very, very high. My family has the ”American dream story,” and here I am, barely able to cope with the constant yelling and abuse from my parents. If I get a B, how is that fair? It's not; I am thankful I have enough money and excellent education, but people yelled at always isn't ok.",879,aastha tyagi haha love serious parents already planned future btw people asia immigrants made america prosperous doctors country indian still work hard pressure well hard work nothing high family american dream story barely able cope constant yelling abuse parents get fair thankful enough money excellent education people yelled always isnt,positive,0.6785273551940918,-1,"{'joy': 0.9119599461555481, 'surprise': 0.0522695854306221, 'sadness': 0.021279120817780495, 'neutral': 0.009250054135918617, 'anger': 0.0041860612109303474, 'fear': 0.0007281804573722184, 'disgust': 0.0003269558947067708, 'neutral_linguistic': 0.75, 'anger_linguistic': 1.0, 'joy_sentence_count': 1, 'anger_sentence_count': 1, 'love_sentence_count': 1}",0.009250054135918617,0.0522695854306221,0.9119599461555481,0.0041860612109303474,0.021279120817780495,0.0003269558947067708,0.0007281804573722184,0.75,0.0,0.0,1.0,0.0,0.0,0.0,0.0,0.0,1.0,1.0,0.0,0.0,0.0,joy
@…  How are you not a loser then when you have BARELY 10 views per video? Even my mothers facebook pictures have more then that...,880,loser barely views per video even mothers facebook pictures,negative,0.858013391494751,8,"{'neutral': 0.6585906147956848, 'surprise': 0.23101845383644104, 'sadness': 0.073957160115242, 'disgust': 0.01706576906144619, 'anger': 0.009675662033259869, 'joy': 0.007352001499384642, 'fear': 0.002340266713872552}",0.6585906147956848,0.23101845383644104,0.007352001499384642,0.009675662033259869,0.073957160115242,0.01706576906144619,0.002340266713872552,0.0,0.0,0.0,0.0,0.0,0.0,0.0,0.0,0.0,0.0,0.0,0.0,0.0,0.0,neutral
"@…  I know, about the population of South Carolina or Alabama!",881,know population south carolina alabama,neutral,0.884574830532074,6,"{'neutral': 0.7190972566604614, 'surprise': 0.2007034420967102, 'sadness': 0.044109150767326355, 'joy': 0.0260886512696743, 'anger': 0.0049349116161465645, 'fear': 0.003375414991751313, 'disgust': 0.0016912247519940138}",0.7190972566604614,0.2007034420967102,0.0260886512696743,0.0049349116161465645,0.044109150767326355,0.0016912247519940138,0.003375414991751313,0.0,0.0,0.0,0.0,0.0,0.0,0.0,0.0,0.0,0.0,0.0,0.0,0.0,0.0,neutral
"@…  i have proof of a life,you have no proof of a life..Ill type slow,YOUTUBE!:)",882,proof lifeyou proof lifeill type slowyoutube,positive,0.5258653163909912,-1,"{'neutral': 0.8590003252029419, 'surprise': 0.07837803661823273, 'joy': 0.03496166318655014, 'sadness': 0.01229739561676979, 'anger': 0.007942703552544117, 'fear': 0.006092403549700975, 'disgust': 0.0013275064993649721, 'sadness_linguistic': 1.0, 'sadness_sentence_count': 1}",0.8590003252029419,0.07837803661823273,0.03496166318655014,0.007942703552544117,0.01229739561676979,0.0013275064993649721,0.006092403549700975,0.0,0.0,0.0,0.0,1.0,0.0,0.0,0.0,0.0,0.0,0.0,1.0,0.0,0.0,neutral
@…  =This channel doesn't have any content=Loser!,883,channel doesnt contentloser,negative,0.9274130463600159,8,"{'neutral': 0.6629310846328735, 'sadness': 0.18776533007621765, 'surprise': 0.11857430636882782, 'anger': 0.010903524234890938, 'joy': 0.008367041125893593, 'disgust': 0.006089358124881983, 'fear': 0.005369296297430992, 'joy_linguistic': 1.0, 'joy_sentence_count': 1}",0.6629310846328735,0.11857430636882782,0.008367041125893593,0.010903524234890938,0.18776533007621765,0.006089358124881983,0.005369296297430992,0.0,0.0,1.0,0.0,0.0,0.0,0.0,0.0,0.0,1.0,0.0,0.0,0.0,0.0,neutral
"@…  I know 3 Germans from Rifenhauser that became US citizens,they keep much more of that $250,000 they make each year..They said they could not wait to pay American taxs ,because the were much lower!",884,know germans rifenhauser became citizensthey keep much make yearthey said could wait pay american taxs much lower,neutral,0.5618939995765686,15,"{'neutral': 0.3794613778591156, 'sadness': 0.28621357679367065, 'surprise': 0.2580542266368866, 'joy': 0.06495582312345505, 'anger': 0.0058923037722706795, 'fear': 0.004178145434707403, 'disgust': 0.0012445790925994515, 'sadness_linguistic': 1.0, 'sadness_sentence_count': 1}",0.3794613778591156,0.2580542266368866,0.06495582312345505,0.0058923037722706795,0.28621357679367065,0.0012445790925994515,0.004178145434707403,0.0,0.0,0.0,0.0,1.0,0.0,0.0,0.0,0.0,0.0,0.0,1.0,0.0,0.0,sadness
ClarksonsinUSA when did i ever start talking about exports. Context is useful!,885,clarksonsinusa ever start talking exports context useful,neutral,0.6545335650444031,10,"{'neutral': 0.8888950943946838, 'surprise': 0.03947678580880165, 'fear': 0.03272779658436775, 'anger': 0.018223082646727562, 'disgust': 0.00907481275498867, 'joy': 0.007068381179124117, 'sadness': 0.0045340475626289845}",0.8888950943946838,0.03947678580880165,0.007068381179124117,0.018223082646727562,0.0045340475626289845,0.00907481275498867,0.03272779658436775,0.0,0.0,0.0,0.0,0.0,0.0,0.0,0.0,0.0,0.0,0.0,0.0,0.0,0.0,neutral
"@…  top of the Heap/King of the Hill...Europe/east Asia /Russia /China are dying...Those places have the smallest millennial generation ever, America's millennials are Our Largest ever!  Who says this matters, Math Does!  America controls 80% of the global supply chain, and extracts 80% of the profits!  And that's a fact!",887,top heapking hilleuropeeast asia russia china dyingthose places smallest millennial generation ever americas millennials largest ever says matters math america controls global supply chain extracts profits thats fact,negative,0.6414098143577576,10,"{'surprise': 0.6366630792617798, 'sadness': 0.17566396296024323, 'neutral': 0.08799635618925095, 'joy': 0.08400987833738327, 'anger': 0.011442423798143864, 'fear': 0.003393331542611122, 'disgust': 0.0008309719851240516}",0.08799635618925095,0.6366630792617798,0.08400987833738327,0.011442423798143864,0.17566396296024323,0.0008309719851240516,0.003393331542611122,0.0,0.0,0.0,0.0,0.0,0.0,0.0,0.0,0.0,0.0,0.0,0.0,0.0,0.0,surprise
ClarksonsinUSA failed system? We what do you call your system then?,888,clarksonsinusa failed system call system,negative,0.8966861367225647,10,"{'sadness': 0.695369303226471, 'neutral': 0.1466628611087799, 'surprise': 0.07902279496192932, 'anger': 0.05887526646256447, 'fear': 0.009920286945998669, 'disgust': 0.007726576179265976, 'joy': 0.002422880847007036}",0.1466628611087799,0.07902279496192932,0.002422880847007036,0.05887526646256447,0.695369303226471,0.007726576179265976,0.009920286945998669,0.0,0.0,0.0,0.0,0.0,0.0,0.0,0.0,0.0,0.0,0.0,0.0,0.0,0.0,sadness
"​Whos mad???? I like to be direct and to the point! The European system is a failed system, that takes from its productive citizens and gives it to the unproductive citizens..Great example my 3 German friends/from Rifenhauser that left Germany, and became US citizens because they were tired of the Mafia/German government taxing them to death!

Do I enjoy poking our European Fremys in the Eye,I do..But I'm never mad when I do it, several of my friends do the same thing!",889,whos mad like direct point european system failed system takes productive citizens gives unproductive citizensgreat example german friendsfrom rifenhauser left germany became citizens tired mafiagerman government taxing death enjoy poking european fremys eyei dobut never mad several friends thing,negative,0.6338489651679993,15,"{'anger': 0.7289300560951233, 'sadness': 0.1737145185470581, 'surprise': 0.05314231663942337, 'neutral': 0.022916965186595917, 'joy': 0.01887451484799385, 'disgust': 0.0013330907095223665, 'fear': 0.001088563702069223, 'neutral_linguistic': 1.5, 'anger_linguistic': 1.0, 'joy_sentence_count': 1, 'anger_sentence_count': 1}",0.022916965186595917,0.05314231663942337,0.01887451484799385,0.7289300560951233,0.1737145185470581,0.0013330907095223665,0.001088563702069223,1.5,0.0,0.0,1.0,0.0,0.0,0.0,0.0,0.0,1.0,1.0,0.0,0.0,0.0,anger
"​ @…  in the time of Rome,do you think Romans sat around at night and asked each other??? Do you think the Barbarians like US!!I don't think so!",890,time romedo think romans sat around night asked think barbarians like usi dont think,negative,0.6966034173965454,-1,"{'surprise': 0.648690938949585, 'neutral': 0.2687644958496094, 'sadness': 0.05565856769680977, 'joy': 0.01460774801671505, 'anger': 0.006515354849398136, 'fear': 0.004921280313283205, 'disgust': 0.0008415733464062214}",0.2687644958496094,0.648690938949585,0.01460774801671505,0.006515354849398136,0.05565856769680977,0.0008415733464062214,0.004921280313283205,0.0,0.0,0.0,0.0,0.0,0.0,0.0,0.0,0.0,0.0,0.0,0.0,0.0,0.0,surprise
@…  why do not have self-made videos?,891,selfmade videos,neutral,0.5371463894844055,8,"{'neutral': 0.8372389674186707, 'joy': 0.08952804654836655, 'surprise': 0.04325767233967781, 'anger': 0.013231897726655006, 'sadness': 0.009462212212383747, 'disgust': 0.003976040985435247, 'fear': 0.0033051210921257734, 'anger_linguistic': 1.0, 'anger_sentence_count': 1}",0.8372389674186707,0.04325767233967781,0.08952804654836655,0.013231897726655006,0.009462212212383747,0.003976040985435247,0.0033051210921257734,0.0,0.0,0.0,1.0,0.0,0.0,0.0,0.0,0.0,0.0,1.0,0.0,0.0,0.0,neutral
@…  I'm multi-tasking while working! :),892,multitasking working,positive,0.8394284248352051,3,"{'neutral': 0.8074517846107483, 'surprise': 0.13157373666763306, 'sadness': 0.02488703653216362, 'joy': 0.018587399274110794, 'anger': 0.007445020135492086, 'disgust': 0.0063829137943685055, 'fear': 0.003672113409265876}",0.8074517846107483,0.13157373666763306,0.018587399274110794,0.007445020135492086,0.02488703653216362,0.0063829137943685055,0.003672113409265876,0.0,0.0,0.0,0.0,0.0,0.0,0.0,0.0,0.0,0.0,0.0,0.0,0.0,0.0,neutral
"@…  ""has-ben""  should be ""has-been""",893,hasben hasbeen,neutral,0.841397762298584,0,"{'neutral': 0.8417125344276428, 'surprise': 0.07952338457107544, 'sadness': 0.043439604341983795, 'joy': 0.025940628722310066, 'anger': 0.004795871675014496, 'disgust': 0.002483498305082321, 'fear': 0.0021044977474957705}",0.8417125344276428,0.07952338457107544,0.025940628722310066,0.004795871675014496,0.043439604341983795,0.002483498305082321,0.0021044977474957705,0.0,0.0,0.0,0.0,0.0,0.0,0.0,0.0,0.0,0.0,0.0,0.0,0.0,0.0,neutral
"@…  
Money is Freedom, to Do what you want /when you want!!!
Trump understands his Base, and that's why we Love Him So!
Would you prefer comparing GDP per capita!

1	 Luxembourg (EU)	113,196
 Micro economy.
2	  Switzerland	83,716
 Small economy
—	 Macau	81,151
 Micro economy!
3	 Norway	77,975
 Small economy!
4	 Ireland (EU)	77,771
 small economy!
5	 Qatar	69,687
 Micro economy!
6	 Iceland	67,037
 Micro economy!
7	 United States	65,111
  The American economy is a Macro Economy, as you said as big as a continent!  My wife and I for example made $101,000 last year!
8	 Singapore	63,987
9	 Denmark (EU)	59,795
10	 Australia	53,825
11	 Netherlands (EU)	52,367
12	 Sweden (EU)	51,241
13	 Austria (EU)	50,022
—	 Hong Kong	49,334
14	 Finland (EU)	48,868
  a superior educational system produces financial results!
15	 San Marino	47,279
16	 Germany (EU)	46,563
17	 Canada	46,212
18	 Belgium (EU)	45,175
19	 Israel	42,823
20	 France (EU)	41,760
21	 United Kingdom	41,030
22	 Japan	40,846
23	 New Zealand	40,634
24	 United Arab Emirates	37,749
25	 Bahamas, The	33,261
26	 Italy (EU)	32,946
—	 Puerto Rico	31,538
27	 Korea, South	31,430
28	 Malta (EU)	30,650
29	 Spain (EU)	29,961
30	 Kuwait	29,266
31	 Brunei	27,871
32	 Cyprus (EU)	27,719
33	 Slovenia (EU)	26,170
—	 Aruba	25,976
34	 Bahrain	25,273
—	 Taiwan	24,827
35	 Estonia (EU)	23,523
36	 Czech Republic (EU)	23,213
37	 Portugal (EU)	23,030
38	 Saudi Arabia	22,865
39	 Greece (EU)	19,974
40	 Slovakia (EU)	19,547
41	 Lithuania (EU)	19,266
42	 Saint Kitts and Nevis	18,245
43	 Latvia (EU)	18,171
44	 Antigua and Barbuda	18,109
45	 Barbados	18,069
46	 Oman	17,791
47	 Hungary (EU)	17,463
48	 Seychelles	17,052
49	 Uruguay	17,029
50	 Palau	16,736
51	 Trinidad and Tobago	16,365
52	 Panama	16,245
53	 Chile	15,399
54	 Maldives	15,562
55	 Croatia (EU)	14,949
56	 Poland (EU)	14,901
57	 Romania (EU)	12,482
58	 Costa Rica	12,014
59	 Grenada	11,381
60	 Mauritius	11,360
—	 World	11,355
61	 Russia	11,162
62	 Malaysia	11,136
63	 Saint Lucia	11,075
64	 Mexico	10,118
65	 China	10,098
66	 Argentina	9,887
67	 Lebanon	9,654
68	 Bulgaria (EU)	9,518
69	 Kazakhstan	9,139
70	 Turkey	8,957
71	 Equatorial Guinea	8,927
72	 Brazil	8,796
73	 Montenegro	8,703
74	 Dominican Republic	8,629
75	 Dominica	8,380
76	 Nauru	8,270
77	 Gabon	8,112
78	 Botswana	7,859
79	 Turkmenistan	7,816
80	 Thailand	7,791
81	 Saint Vincent and the Grenadines	7,750
82	 Serbia	7,397
83	 Peru	7,046
84	 Belarus	6,603
85	 Colombia	6,508
86	 Fiji	6,379
87	 Suriname	6,310
88	 Ecuador	6,249
89	 South Africa	6,100
90	 North Macedonia	6,096
91	 Namibia	5,842
92	 Bosnia and Herzegovina	5,741
93	 Iraq	5,738
94	 Paraguay	5,692
95	 Iran	5,506
96	 Jamaica	5,460
97	 Albania	5,372
98	 Guyana	5,252
99	 Libya	5,019
100	 Belize	4,925
101	 Tonga	4,862
102	 Azerbaijan	4,689
103	 Guatemala	4,616
104	 Armenia	4,527
105	 Samoa	4,500
—	 Kosovo	4,442
106	 Jordan	4,386
107	 Georgia	4,289
108	 Eswatini	4,176
109	 Indonesia	4,163
110	 Mongolia	4,132
111	 El Salvador	4,008
112	 Algeria	3,980
113	 Sri Lanka	3,946
114	 Marshall Islands	3,924
115	 Tuvalu	3,834
116	 Micronesia[6]	3,717
117	 Bolivia	3,670
118	 Cape Verde	3,598
119	 Ukraine	3,592
120	 Bhutan	3,423
121	 Morocco	3,345
122	 Moldova	3,300
123	 Philippines	3,294
124	 Tunisia	3,287
125	 Vanuatu	3,260
126	 Egypt	3,046
127	 Angola	3,037
128	 Djibouti	2,936
129	 Papua New Guinea	2,742
130	 Vietnam	2,740
131	 Laos	2,670
132	 Honduras	2,548
133	 Venezuela	2,547
134	 Congo, Republic of the	2,534
135	 East Timor	2,262
136	 Solomon Islands	2,246
137	 Ghana	2,223
138	 Nigeria	2,222
139	 India	2,171
140	 Kenya	1,997
141	 São Tomé and Príncipe	1,933
142	 Nicaragua	1,919
143	 Bangladesh	1,905
144	 Uzbekistan	1,831
145	 Côte d'Ivoire	1,691
146	 Cambodia	1,620
147	 Kiribati	1,574
148	 Cameroon	1,514
149	 Senegal	1,427
150	 Mauritania	1,392
151	 Pakistan	1,388
152	 Comoros	1,349
153	 Lesotho	1,338
154	 Zambia	1,307
155	 Kyrgyzstan	1,292
156	 Myanmar	1,244
157	 Benin	1,216
158	 Tanzania	1,104
159	   Nepal	1,047
160	 Guinea	981
161	 Ethiopia	953
162	 Yemen	943
163	 Mali	924
164	 Tajikistan	877
165	 Chad	861
166	 Zimbabwe	859
167	 Rwanda	824
168	 Guinea-Bissau	786
169	 Haiti	784
170	 Uganda	770
171	 Gambia, The	755
172	 Burkina Faso	717
173	 Sudan	714
174	 Liberia	703
175	 Togo	671
176	 Sierra Leone	546
177	 Afghanistan	513
178	 Congo, Democratic Republic of the	500
179	 Mozambique	484
180	 Madagascar	463
181	 Central African Republic	447
182	 Niger	405
183	 Malawi	370
184	 Eritrea	342
185	 Burundi	309
186	 South Sudan	275",894,money freedom want want trump understands base thats love would prefer comparing gdp per capita luxembourg micro economy switzerland small economy macau micro economy norway small economy ireland small economy qatar micro economy iceland micro economy united states american economy macro economy said big continent wife example made last year singapore denmark australia netherlands sweden austria hong kong finland superior educational system produces financial results san marino germany canada belgium israel france united kingdom japan new zealand united arab emirates bahamas italy puerto rico korea south malta spain kuwait brunei cyprus slovenia aruba bahrain taiwan estonia czech republic portugal saudi arabia greece slovakia lithuania saint kitts nevis latvia antigua barbuda barbados oman hungary seychelles uruguay palau trinidad tobago panama chile maldives croatia poland romania costa rica grenada mauritius world russia malaysia saint lucia mexico china argentina lebanon bulgaria kazakhstan turkey equatorial guinea brazil montenegro dominican republic dominica nauru gabon botswana turkmenistan thailand saint vincent grenadines serbia peru belarus colombia fiji suriname ecuador south africa north macedonia namibia bosnia herzegovina iraq paraguay iran jamaica albania guyana libya belize tonga azerbaijan guatemala armenia samoa kosovo jordan georgia eswatini indonesia mongolia salvador algeria sri lanka marshall islands tuvalu micronesia bolivia cape verde ukraine bhutan morocco moldova philippines tunisia vanuatu egypt angola djibouti papua new guinea vietnam laos honduras venezuela congo republic east timor solomon islands ghana nigeria india kenya são tomé príncipe nicaragua bangladesh uzbekistan côte divoire cambodia kiribati cameroon senegal mauritania pakistan comoros lesotho zambia kyrgyzstan myanmar benin tanzania nepal guinea ethiopia yemen mali tajikistan chad zimbabwe rwanda guineabissau haiti uganda gambia burkina faso sudan liberia togo sierra leone afghanistan congo democratic republic mozambique madagascar central african republic niger malawi eritrea burundi south sudan,neutral,0.759573499361674,15,"{'joy': 0.43103745579719543, 'neutral': 0.6070761680603027, 'surprise': 0.15767505764961243, 'sadness': 0.08065032958984375, 'anger': 0.09060235321521759, 'fear': 0.14041222631931305, 'disgust': 0.010885526426136494, 'joy_linguistic': 2.0, 'sadness_linguistic': 1.0, 'anger_linguistic': 2.0, 'love_linguistic': 1.0, 'joy_sentence_count': 1, 'sadness_sentence_count': 1, 'anger_sentence_count': 1, 'love_sentence_count': 1}",0.6070761680603027,0.15767505764961243,0.43103745579719543,0.09060235321521759,0.08065032958984375,0.010885526426136494,0.14041222631931305,0.0,0.0,2.0,2.0,1.0,0.0,0.0,0.0,0.0,1.0,1.0,1.0,0.0,0.0,joy
"@… molayal yet they are all American companies, why isn't there European equivalent facebook/intel/google/or amazon???  :)",895,molayal yet american companies isnt european equivalent facebookintelgoogleor amazon,neutral,0.5204982757568359,10,"{'surprise': 0.5549454689025879, 'neutral': 0.3609457314014435, 'sadness': 0.05505378171801567, 'joy': 0.02212214283645153, 'anger': 0.003816629061475396, 'fear': 0.0019946335814893246, 'disgust': 0.001121637993492186}",0.3609457314014435,0.5549454689025879,0.02212214283645153,0.003816629061475396,0.05505378171801567,0.001121637993492186,0.0019946335814893246,0.0,0.0,0.0,0.0,0.0,0.0,0.0,0.0,0.0,0.0,0.0,0.0,0.0,0.0,surprise
"@…  the golden age was during the Weimar republic, really..:)",896,golden age weimar republic really,positive,0.8392097353935242,15,"{'neutral': 0.40492141246795654, 'surprise': 0.38089150190353394, 'joy': 0.1489025056362152, 'sadness': 0.03999811038374901, 'anger': 0.012459561228752136, 'fear': 0.010104232467710972, 'disgust': 0.0027226777747273445, 'neutral_linguistic': 1.2, 'neutral_sentence_count': 1}",0.40492141246795654,0.38089150190353394,0.1489025056362152,0.012459561228752136,0.03999811038374901,0.0027226777747273445,0.010104232467710972,1.2,0.0,0.0,0.0,0.0,0.0,0.0,1.0,0.0,0.0,0.0,0.0,0.0,0.0,neutral
@… molayal could you name some?,897,molayal could name,neutral,0.911552369594574,27,"{'neutral': 0.8931446075439453, 'surprise': 0.06190267205238342, 'sadness': 0.015932679176330566, 'joy': 0.008444453589618206, 'fear': 0.008021044544875622, 'disgust': 0.006884312257170677, 'anger': 0.005670283921062946}",0.8931446075439453,0.06190267205238342,0.008444453589618206,0.005670283921062946,0.015932679176330566,0.006884312257170677,0.008021044544875622,0.0,0.0,0.0,0.0,0.0,0.0,0.0,0.0,0.0,0.0,0.0,0.0,0.0,0.0,neutral
"@…  Nokia is a has-ben , its owned first  by Micro-soft then owned by Foxconn!Silence!! I looked at your youtube account..:) No content= loser!",898,nokia hasben owned first microsoft owned foxconnsilence looked youtube account content loser,negative,0.9189136028289795,9,"{'sadness': 0.5918728709220886, 'neutral': 0.19768044352531433, 'surprise': 0.1505434215068817, 'anger': 0.03580299764871597, 'joy': 0.01678570546209812, 'disgust': 0.004619922488927841, 'fear': 0.0026946947909891605, 'joy_linguistic': 1.0, 'joy_sentence_count': 1}",0.19768044352531433,0.1505434215068817,0.01678570546209812,0.03580299764871597,0.5918728709220886,0.004619922488927841,0.0026946947909891605,0.0,0.0,1.0,0.0,0.0,0.0,0.0,0.0,0.0,1.0,0.0,0.0,0.0,0.0,joy
"@…  why do you speak so arrogantly plus in a condescending manner? Whatever education type you receive, whatever grades you get, the best gifts of life are happiness, love, and respect for all. Kudos to you for all of your achievements, but you shouldnt go around telling people that theyre stupid and privileged brats. Knowing a lot doesnt automatically make you the best person in the house. Its the attitude. Be kind pls 😁",899,speak arrogantly plus condescending manner whatever education type receive whatever grades get best gifts life happiness love respect kudos achievements shouldnt around telling people theyre stupid privileged brats knowing lot doesnt automatically make best person house attitude kind pls,positive,0.43525904417037964,13,"{'anger': 0.9858288764953613, 'joy': 0.0038937092758715153, 'disgust': 0.0038420441560447216, 'neutral': 0.002890798030421138, 'sadness': 0.001591011299751699, 'fear': 0.0012070739176124334, 'surprise': 0.0007466273382306099, 'joy_linguistic': 1.0, 'disgust_linguistic': 1.0, 'love_linguistic': 2.0, 'joy_sentence_count': 1, 'disgust_sentence_count': 1, 'love_sentence_count': 1}",0.002890798030421138,0.0007466273382306099,0.0038937092758715153,0.9858288764953613,0.001591011299751699,0.0038420441560447216,0.0012070739176124334,0.0,0.0,1.0,0.0,0.0,1.0,0.0,0.0,0.0,1.0,0.0,0.0,1.0,0.0,anger
@…  my last fact Fact had nothing to do with the argument I just wanted to point it out,900,last fact fact nothing argument wanted point,neutral,0.8187040090560913,18,"{'neutral': 0.8460153937339783, 'anger': 0.07318567484617233, 'surprise': 0.029634233564138412, 'disgust': 0.021358272060751915, 'sadness': 0.02111477218568325, 'joy': 0.0054903835989534855, 'fear': 0.00320129981264472}",0.8460153937339783,0.029634233564138412,0.0054903835989534855,0.07318567484617233,0.02111477218568325,0.021358272060751915,0.00320129981264472,0.0,0.0,0.0,0.0,0.0,0.0,0.0,0.0,0.0,0.0,0.0,0.0,0.0,0.0,neutral
@…  yupp maybe you're right! 😅,901,yupp maybe youre right,positive,0.6596565246582031,-1,"{'neutral': 0.7453072667121887, 'joy': 0.13879378139972687, 'surprise': 0.07631676644086838, 'anger': 0.01580706797540188, 'sadness': 0.012704925611615181, 'disgust': 0.008404076099395752, 'fear': 0.002666033338755369, 'neutral_linguistic': 1.0, 'neutral_sentence_count': 1}",0.7453072667121887,0.07631676644086838,0.13879378139972687,0.01580706797540188,0.012704925611615181,0.008404076099395752,0.002666033338755369,1.0,0.0,0.0,0.0,0.0,0.0,0.0,1.0,0.0,0.0,0.0,0.0,0.0,0.0,neutral
@…  why Finland is top placed among all countries in patent  rights,902,finland top placed among countries patent rights,neutral,0.6218441128730774,0,"{'neutral': 0.4995303452014923, 'surprise': 0.31785717606544495, 'joy': 0.14223584532737732, 'sadness': 0.01298364158719778, 'fear': 0.01171867921948433, 'anger': 0.010008362121880054, 'disgust': 0.005665936972945929}",0.4995303452014923,0.31785717606544495,0.14223584532737732,0.010008362121880054,0.01298364158719778,0.005665936972945929,0.01171867921948433,0.0,0.0,0.0,0.0,0.0,0.0,0.0,0.0,0.0,0.0,0.0,0.0,0.0,0.0,neutral
"Dra O  let me get this straight. You are saying measures to help poor black families ""spoilt them ""? Hilarious. What is far left ideology to you ? DO YOU MEAN SOCIALISM ? OH MY GOD ! YOU DO ! so funny to talk directly to a big right wing republican ? I'm assuming you're American ? You got a flag outside your house ? So funny !",903,dra let get straight saying measures help poor black families spoilt hilarious far left ideology mean socialism god funny talk directly big right wing republican assuming youre american got flag outside house funny,negative,0.6392530202865601,6,"{'joy': 0.8973009586334229, 'surprise': 0.04610223323106766, 'neutral': 0.029536204412579536, 'sadness': 0.01700599491596222, 'anger': 0.007530927192419767, 'disgust': 0.0012711427407339215, 'fear': 0.0012526296777650714, 'joy_linguistic': 1.0, 'anger_linguistic': 1.0, 'joy_sentence_count': 1, 'anger_sentence_count': 1}",0.029536204412579536,0.04610223323106766,0.8973009586334229,0.007530927192419767,0.01700599491596222,0.0012711427407339215,0.0012526296777650714,0.0,0.0,1.0,1.0,0.0,0.0,0.0,0.0,0.0,1.0,1.0,0.0,0.0,0.0,joy
"Gosh how I wish I was born in Finland, school is way harder here in the Netherlands. From what I've seen at least",905,gosh wish born finland school way harder netherlands ive seen least,negative,0.8237243890762329,0,"{'surprise': 0.6629888415336609, 'sadness': 0.21785412728786469, 'joy': 0.06646542251110077, 'neutral': 0.04561404138803482, 'fear': 0.003863747464492917, 'anger': 0.0019499568734318018, 'disgust': 0.0012638407060876489}",0.04561404138803482,0.6629888415336609,0.06646542251110077,0.0019499568734318018,0.21785412728786469,0.0012638407060876489,0.003863747464492917,0.0,0.0,0.0,0.0,0.0,0.0,0.0,0.0,0.0,0.0,0.0,0.0,0.0,0.0,surprise
So you have to take Swedish but you don't have to take English? Is that true?,906,take swedish dont take english true,neutral,0.7773762941360474,7,"{'neutral': 0.9526535272598267, 'sadness': 0.02041233330965042, 'surprise': 0.009223493747413158, 'anger': 0.008094612509012222, 'joy': 0.005120320711284876, 'fear': 0.0028624257538467646, 'disgust': 0.0016332458471879363, 'neutral_linguistic': 1.0, 'neutral_sentence_count': 1}",0.9526535272598267,0.009223493747413158,0.005120320711284876,0.008094612509012222,0.02041233330965042,0.0016332458471879363,0.0028624257538467646,1.0,0.0,0.0,0.0,0.0,0.0,0.0,1.0,0.0,0.0,0.0,0.0,0.0,0.0,neutral
"@…  Anime music videos, or you don't watch anime",908,anime music videos dont watch anime,neutral,0.7853066325187683,8,"{'neutral': 0.4275873005390167, 'sadness': 0.38989368081092834, 'surprise': 0.1436348557472229, 'joy': 0.013962305150926113, 'anger': 0.011257495731115341, 'disgust': 0.010634804144501686, 'fear': 0.003029501298442483}",0.4275873005390167,0.1436348557472229,0.013962305150926113,0.011257495731115341,0.38989368081092834,0.010634804144501686,0.003029501298442483,0.0,0.0,0.0,0.0,0.0,0.0,0.0,0.0,0.0,0.0,0.0,0.0,0.0,0.0,neutral
@…  what is amv s,909,amv,neutral,0.9010617136955261,-1,,,,,,,,,,,,,,,,,,,,,,,
"@…  I guess you're right, I am just comparing mine with the American system that's all, btw do u watch AMV's",910,guess youre right comparing mine american system thats btw watch amvs,neutral,0.8386160135269165,-1,"{'neutral': 0.5878323912620544, 'surprise': 0.3326682448387146, 'joy': 0.04535503685474396, 'sadness': 0.01777670346200466, 'anger': 0.010260453447699547, 'disgust': 0.004331659991294146, 'fear': 0.0017754851141944528}",0.5878323912620544,0.3326682448387146,0.04535503685474396,0.010260453447699547,0.01777670346200466,0.004331659991294146,0.0017754851141944528,0.0,0.0,0.0,0.0,0.0,0.0,0.0,0.0,0.0,0.0,0.0,0.0,0.0,0.0,neutral
@…  no. You dont know about turkey. You thğnk you system is the worst. But try to see the other countries other than america italy frace and england.,911,dont know turkey thğnk system worst try see countries america italy frace england,negative,0.892647922039032,0,"{'neutral': 0.36064356565475464, 'sadness': 0.22417806088924408, 'disgust': 0.22405828535556793, 'anger': 0.07553273439407349, 'surprise': 0.060882069170475006, 'fear': 0.04071564972400665, 'joy': 0.0139895835891366}",0.36064356565475464,0.060882069170475006,0.0139895835891366,0.07553273439407349,0.22417806088924408,0.22405828535556793,0.04071564972400665,0.0,0.0,0.0,0.0,0.0,0.0,0.0,0.0,0.0,0.0,0.0,0.0,0.0,0.0,neutral
Still better than British system tho,912,still better british system tho,positive,0.5329593420028687,16,"{'neutral': 0.8887308835983276, 'surprise': 0.0338924415409565, 'sadness': 0.029656657949090004, 'joy': 0.01931764744222164, 'disgust': 0.01788134127855301, 'anger': 0.006900737062096596, 'fear': 0.0036203062627464533}",0.8887308835983276,0.0338924415409565,0.01931764744222164,0.006900737062096596,0.029656657949090004,0.01788134127855301,0.0036203062627464533,0.0,0.0,0.0,0.0,0.0,0.0,0.0,0.0,0.0,0.0,0.0,0.0,0.0,0.0,neutral
"In Finland, we don't do any exams or tests until the end of the academic year",914,finland dont exams tests end academic year,neutral,0.8855782151222229,-1,"{'sadness': 0.7052674889564514, 'neutral': 0.15168088674545288, 'surprise': 0.052291929721832275, 'fear': 0.04950062185525894, 'anger': 0.0211957860738039, 'joy': 0.011397743597626686, 'disgust': 0.008665494620800018}",0.15168088674545288,0.052291929721832275,0.011397743597626686,0.0211957860738039,0.7052674889564514,0.008665494620800018,0.04950062185525894,0.0,0.0,0.0,0.0,0.0,0.0,0.0,0.0,0.0,0.0,0.0,0.0,0.0,0.0,sadness
@…  who is CEO of google idiot and he is from which country,915,ceo google idiot country,negative,0.893865704536438,10,"{'neutral': 0.34975743293762207, 'anger': 0.3390137255191803, 'surprise': 0.14824888110160828, 'joy': 0.05995509773492813, 'sadness': 0.0596754215657711, 'disgust': 0.03525093197822571, 'fear': 0.008098511025309563}",0.34975743293762207,0.14824888110160828,0.05995509773492813,0.3390137255191803,0.0596754215657711,0.03525093197822571,0.008098511025309563,0.0,0.0,0.0,0.0,0.0,0.0,0.0,0.0,0.0,0.0,0.0,0.0,0.0,0.0,neutral
@… Surana look at our education system and finnish,916,surana look education system finnish,negative,0.5662254095077515,0,"{'neutral': 0.6607092618942261, 'surprise': 0.16181109845638275, 'sadness': 0.07906602323055267, 'joy': 0.07514286041259766, 'fear': 0.016590004786849022, 'anger': 0.004554736893624067, 'disgust': 0.0021260117646306753}",0.6607092618942261,0.16181109845638275,0.07514286041259766,0.004554736893624067,0.07906602323055267,0.0021260117646306753,0.016590004786849022,0.0,0.0,0.0,0.0,0.0,0.0,0.0,0.0,0.0,0.0,0.0,0.0,0.0,0.0,neutral
@… Surana that's a fact bro India is the worst country.,917,surana thats fact bro india worst country,negative,0.9393633604049683,41,"{'disgust': 0.4485095739364624, 'sadness': 0.3507235050201416, 'anger': 0.08493131399154663, 'surprise': 0.0627187043428421, 'neutral': 0.03885100409388542, 'joy': 0.007604154292494059, 'fear': 0.006661716848611832}",0.03885100409388542,0.0627187043428421,0.007604154292494059,0.08493131399154663,0.3507235050201416,0.4485095739364624,0.006661716848611832,0.0,0.0,0.0,0.0,0.0,0.0,0.0,0.0,0.0,0.0,0.0,0.0,0.0,0.0,disgust
America sucks but India is a garbage country.,918,america sucks india garbage country,negative,0.9417259097099304,32,"{'disgust': 0.42322519421577454, 'anger': 0.35824835300445557, 'sadness': 0.16300813853740692, 'neutral': 0.03970716521143913, 'surprise': 0.0072072031907737255, 'joy': 0.004560649860650301, 'fear': 0.004043260123580694}",0.03970716521143913,0.0072072031907737255,0.004560649860650301,0.35824835300445557,0.16300813853740692,0.42322519421577454,0.004043260123580694,0.0,0.0,0.0,0.0,0.0,0.0,0.0,0.0,0.0,0.0,0.0,0.0,0.0,0.0,disgust
I was thinking the same.,920,thinking,neutral,0.6735899448394775,-1,,,,,,,,,,,,,,,,,,,,,,,
Dude this is torture,922,dude torture,negative,0.8960005640983582,-1,"{'disgust': 0.809069812297821, 'anger': 0.07878030091524124, 'fear': 0.05431121587753296, 'sadness': 0.03559309244155884, 'neutral': 0.01830412447452545, 'surprise': 0.0030913834925740957, 'joy': 0.000850072072353214}",0.01830412447452545,0.0030913834925740957,0.000850072072353214,0.07878030091524124,0.03559309244155884,0.809069812297821,0.05431121587753296,0.0,0.0,0.0,0.0,0.0,0.0,0.0,0.0,0.0,0.0,0.0,0.0,0.0,0.0,disgust
@…  ya think i dont know that?,923,think dont know,neutral,0.7822471261024475,20,"{'neutral': 0.7235706448554993, 'surprise': 0.22192519903182983, 'sadness': 0.016991818323731422, 'anger': 0.012130952440202236, 'fear': 0.009493798017501831, 'joy': 0.008858712390065193, 'disgust': 0.007028885185718536}",0.7235706448554993,0.22192519903182983,0.008858712390065193,0.012130952440202236,0.016991818323731422,0.007028885185718536,0.009493798017501831,0.0,0.0,0.0,0.0,0.0,0.0,0.0,0.0,0.0,0.0,0.0,0.0,0.0,0.0,neutral
cat on mars this is JACOB,924,cat mars jacob,neutral,0.819218099117279,42,"{'neutral': 0.909550130367279, 'surprise': 0.0478251688182354, 'sadness': 0.019025981426239014, 'joy': 0.01656174473464489, 'anger': 0.003607727587223053, 'disgust': 0.001973723992705345, 'fear': 0.0014555985108017921}",0.909550130367279,0.0478251688182354,0.01656174473464489,0.003607727587223053,0.019025981426239014,0.001973723992705345,0.0014555985108017921,0.0,0.0,0.0,0.0,0.0,0.0,0.0,0.0,0.0,0.0,0.0,0.0,0.0,0.0,neutral
Btw im an american student,926,btw american student,neutral,0.7587501406669617,28,"{'surprise': 0.48638594150543213, 'neutral': 0.39966249465942383, 'sadness': 0.06303150951862335, 'joy': 0.035392798483371735, 'anger': 0.006556996144354343, 'disgust': 0.005774232558906078, 'fear': 0.0031960466876626015}",0.39966249465942383,0.48638594150543213,0.035392798483371735,0.006556996144354343,0.06303150951862335,0.005774232558906078,0.0031960466876626015,0.0,0.0,0.0,0.0,0.0,0.0,0.0,0.0,0.0,0.0,0.0,0.0,0.0,0.0,surprise
What's it like there?,928,whats like,neutral,0.9113864898681641,-1,"{'neutral': 0.7063071727752686, 'surprise': 0.23403631150722504, 'joy': 0.02716650255024433, 'sadness': 0.020457427948713303, 'anger': 0.0076841628178954124, 'disgust': 0.0026111342012882233, 'fear': 0.001737338025122881}",0.7063071727752686,0.23403631150722504,0.02716650255024433,0.0076841628178954124,0.020457427948713303,0.0026111342012882233,0.001737338025122881,0.0,0.0,0.0,0.0,0.0,0.0,0.0,0.0,0.0,0.0,0.0,0.0,0.0,0.0,neutral
Why pepeLaugh i lack critical info,929,pepelaugh lack critical info,negative,0.8188098073005676,-1,"{'sadness': 0.5427003502845764, 'neutral': 0.387690931558609, 'surprise': 0.03235870227217674, 'anger': 0.017493536695837975, 'disgust': 0.009070189669728279, 'fear': 0.007096246350556612, 'joy': 0.003590055275708437, 'joy_linguistic': 1.0, 'joy_sentence_count': 1}",0.387690931558609,0.03235870227217674,0.003590055275708437,0.017493536695837975,0.5427003502845764,0.009070189669728279,0.007096246350556612,0.0,0.0,1.0,0.0,0.0,0.0,0.0,0.0,0.0,1.0,0.0,0.0,0.0,0.0,joy
She was black,930,black,neutral,0.7786973118782043,-1,,,,,,,,,,,,,,,,,,,,,,,
How did authors of video proved Finland has more patience in education?,932,authors video proved finland patience education,neutral,0.8287777900695801,0,"{'neutral': 0.7494893670082092, 'joy': 0.14445564150810242, 'surprise': 0.08359433710575104, 'anger': 0.00960345845669508, 'sadness': 0.007831890136003494, 'disgust': 0.002925533801317215, 'fear': 0.002099759643897414}",0.7494893670082092,0.08359433710575104,0.14445564150810242,0.00960345845669508,0.007831890136003494,0.002925533801317215,0.002099759643897414,0.0,0.0,0.0,0.0,0.0,0.0,0.0,0.0,0.0,0.0,0.0,0.0,0.0,0.0,neutral
There are a lot of Indian students living here in Finland. I live near to the university and like 80% of foreign people here are Indians.,933,lot indian students living finland live near university like foreign people indians,neutral,0.6979827284812927,0,"{'neutral': 0.8474083542823792, 'surprise': 0.07767678052186966, 'joy': 0.03056763857603073, 'sadness': 0.026351679116487503, 'anger': 0.012684840708971024, 'disgust': 0.002904196735471487, 'fear': 0.0024064606986939907}",0.8474083542823792,0.07767678052186966,0.03056763857603073,0.012684840708971024,0.026351679116487503,0.002904196735471487,0.0024064606986939907,0.0,0.0,0.0,0.0,0.0,0.0,0.0,0.0,0.0,0.0,0.0,0.0,0.0,0.0,neutral
"@…  i agree that that the finnish have no innovation , but their education system is working for them, because its helping them be succesfull or at least well off. The poverty rate in finland is 5% or about 700,000 compared  to the u.s which has a poverty rate of 12% or about 40,000,000 americans. Finnish people are also way happier overall than americans",934,agree finnish innovation education system working helping succesfull least well poverty rate finland compared poverty rate americans finnish people also way happier overall americans,positive,0.7673919200897217,0,"{'joy': 0.9511104822158813, 'surprise': 0.019315453246235847, 'sadness': 0.014019858092069626, 'neutral': 0.012515966780483723, 'anger': 0.0020962378475815058, 'disgust': 0.0006728043081238866, 'fear': 0.000269218347966671, 'neutral_linguistic': 1.0, 'neutral_sentence_count': 1}",0.012515966780483723,0.019315453246235847,0.9511104822158813,0.0020962378475815058,0.014019858092069626,0.0006728043081238866,0.000269218347966671,1.0,0.0,0.0,0.0,0.0,0.0,0.0,1.0,0.0,0.0,0.0,0.0,0.0,0.0,joy
"@…  There are no wrong facts, they're facts. wake up, pal. 
  Education leader that produces absolutely nothing.",935,wrong facts theyre facts wake pal education leader produces absolutely nothing,negative,0.829835832118988,18,"{'anger': 0.7773677706718445, 'fear': 0.11224958300590515, 'sadness': 0.039541177451610565, 'neutral': 0.03543546423316002, 'surprise': 0.026531100273132324, 'disgust': 0.0058191511780023575, 'joy': 0.0030556670390069485}",0.03543546423316002,0.026531100273132324,0.0030556670390069485,0.7773677706718445,0.039541177451610565,0.0058191511780023575,0.11224958300590515,0.0,0.0,0.0,0.0,0.0,0.0,0.0,0.0,0.0,0.0,0.0,0.0,0.0,0.0,anger
"@…  So where are these productive people in Finland?
  They're so productive that they achieved zero innovation, is that it?
  Pal, by any sane measure of education, Finland has no standing. What is the criteria here?
  Most average education? Least breakthroughs? Anything?
  I don't need all people, but at least there has to be some. Finland has zero, shocking.",936,productive people finland theyre productive achieved zero innovation pal sane measure education finland standing criteria average education least breakthroughs anything dont need people least finland zero shocking,negative,0.8167151808738708,0,"{'surprise': 0.9088224768638611, 'fear': 0.04970388859510422, 'sadness': 0.017051540315151215, 'anger': 0.010140973143279552, 'joy': 0.007240738719701767, 'neutral': 0.006105005741119385, 'disgust': 0.0009353845962323248, 'anger_linguistic': 1.0, 'disgust_linguistic': 1.0, 'anger_sentence_count': 1, 'disgust_sentence_count': 1}",0.006105005741119385,0.9088224768638611,0.007240738719701767,0.010140973143279552,0.017051540315151215,0.0009353845962323248,0.04970388859510422,0.0,0.0,0.0,1.0,0.0,1.0,0.0,0.0,0.0,0.0,1.0,0.0,1.0,0.0,surprise
"@…  Nice try, pal. Neste is the biggest Finland company. Calculate the profit, pal.
  Revenue of Nokia might be big, but because it's Nokia, the profit margin is no where near.
   It matters because somehow the best education in the world is relying solely on technology developed by countries that are ""inferior"" in education.
  Does that make sense?
  You don't have any innovation. And because you're small, your government works well. The technology we gave you and the needs of the Russians for you,  plus the xenophobic attitude you have to immigrants, those are the reasons where you little socialist paradise can come true. You're living parasitically
  You're not superior in education, if you're that superior, you wouldn't have had to live parasitically.
  Face the truth, pal. It's kind of weird where your education is the best but nothing good ever comes out of the country?",937,nice try pal neste biggest finland company calculate profit pal revenue nokia might big nokia profit margin near matters somehow best education world relying solely technology developed countries inferior education make sense dont innovation youre small government works well technology gave needs russians plus xenophobic attitude immigrants reasons little socialist paradise come true youre living parasitically youre superior education youre superior wouldnt live parasitically face truth pal kind weird education best nothing good ever comes country,neutral,0.6886470764875412,-1,"{'anger': 0.7349681258201599, 'joy': 0.134770467877388, 'surprise': 0.6179437041282654, 'neutral': 0.09228814393281937, 'fear': 0.023973489180207253, 'sadness': 0.06493627279996872, 'disgust': 0.008792060427367687, 'fear_linguistic': 1.0, 'surprise_linguistic': 1.0, 'sadness_linguistic': 0.5, 'fear_sentence_count': 1, 'surprise_sentence_count': 1, 'neutral_sentence_count': 1}",0.09228814393281937,0.6179437041282654,0.134770467877388,0.7349681258201599,0.06493627279996872,0.008792060427367687,0.023973489180207253,0.0,1.0,0.0,0.0,0.5,0.0,1.0,1.0,1.0,0.0,0.0,0.0,0.0,1.0,surprise
"@…  You're really bad at this huh?  Neste,  search it up.",938,youre really bad huh neste search,negative,0.8263751268386841,-1,"{'disgust': 0.35974743962287903, 'sadness': 0.2212154120206833, 'neutral': 0.15444262325763702, 'surprise': 0.13319294154644012, 'anger': 0.06842165440320969, 'fear': 0.04411555081605911, 'joy': 0.01886436901986599, 'neutral_linguistic': 1.2, 'neutral_sentence_count': 1}",0.15444262325763702,0.13319294154644012,0.01886436901986599,0.06842165440320969,0.2212154120206833,0.35974743962287903,0.04411555081605911,1.2,0.0,0.0,0.0,0.0,0.0,0.0,1.0,0.0,0.0,0.0,0.0,0.0,0.0,neutral
"@…  Neste,  kid. 
 Do some research.",939,neste kid research,neutral,0.6475459337234497,31,"{'neutral': 0.9157320261001587, 'surprise': 0.0343916118144989, 'disgust': 0.011828401125967503, 'joy': 0.011614883318543434, 'sadness': 0.01092301681637764, 'anger': 0.007788432762026787, 'fear': 0.007721615955233574}",0.9157320261001587,0.0343916118144989,0.011614883318543434,0.007788432762026787,0.01092301681637764,0.011828401125967503,0.007721615955233574,0.0,0.0,0.0,0.0,0.0,0.0,0.0,0.0,0.0,0.0,0.0,0.0,0.0,0.0,neutral
DriftRS lol but stop saying wtf,944,driftrs lol stop saying wtf,negative,0.7841799855232239,26,"{'anger': 0.5296772122383118, 'sadness': 0.13577033579349518, 'surprise': 0.12985128164291382, 'neutral': 0.1051790714263916, 'disgust': 0.059837184846401215, 'joy': 0.023803183808922768, 'fear': 0.015881694853305817}",0.1051790714263916,0.12985128164291382,0.023803183808922768,0.5296772122383118,0.13577033579349518,0.059837184846401215,0.015881694853305817,0.0,0.0,0.0,0.0,0.0,0.0,0.0,0.0,0.0,0.0,0.0,0.0,0.0,0.0,anger
"Ahh... Trump.. Someone said that, Great minds don't talk about people 🤔",945,ahh trump someone said great minds dont talk people,neutral,0.6819515824317932,12,"{'surprise': 0.685775101184845, 'neutral': 0.2515682876110077, 'joy': 0.02511805109679699, 'sadness': 0.020086059346795082, 'anger': 0.010505308397114277, 'disgust': 0.004094293806701899, 'fear': 0.002852886915206909, 'joy_linguistic': 1.0, 'joy_sentence_count': 1}",0.2515682876110077,0.685775101184845,0.02511805109679699,0.010505308397114277,0.020086059346795082,0.004094293806701899,0.002852886915206909,0.0,0.0,1.0,0.0,0.0,0.0,0.0,0.0,0.0,1.0,0.0,0.0,0.0,0.0,surprise
@…  wtf i just told you I'm against you and d trump,946,wtf told trump,negative,0.8174417614936829,12,"{'anger': 0.7781459093093872, 'disgust': 0.15755781531333923, 'surprise': 0.028672747313976288, 'neutral': 0.0135853486135602, 'sadness': 0.013489683158695698, 'fear': 0.006442208308726549, 'joy': 0.0021063433960080147}",0.0135853486135602,0.028672747313976288,0.0021063433960080147,0.7781459093093872,0.013489683158695698,0.15755781531333923,0.006442208308726549,0.0,0.0,0.0,0.0,0.0,0.0,0.0,0.0,0.0,0.0,0.0,0.0,0.0,0.0,anger
"DriftRS If you do not even know, what side you’re on; your not the sharpest pen yourself :D",947,driftrs even know side youre sharpest pen,negative,0.5102525949478149,26,"{'neutral': 0.7836944460868835, 'surprise': 0.15444742143154144, 'sadness': 0.018169643357396126, 'joy': 0.017038410529494286, 'anger': 0.01598465070128441, 'disgust': 0.006802215240895748, 'fear': 0.0038631830830127}",0.7836944460868835,0.15444742143154144,0.017038410529494286,0.01598465070128441,0.018169643357396126,0.006802215240895748,0.0038631830830127,0.0,0.0,0.0,0.0,0.0,0.0,0.0,0.0,0.0,0.0,0.0,0.0,0.0,0.0,neutral
@…  wtf u and d trump are so dumb,948,wtf trump dumb,negative,0.9422195553779602,12,"{'anger': 0.8513949513435364, 'disgust': 0.11867569386959076, 'neutral': 0.009114615619182587, 'sadness': 0.00888576079159975, 'surprise': 0.006667435634881258, 'fear': 0.0041814264841377735, 'joy': 0.001080133719369769}",0.009114615619182587,0.006667435634881258,0.001080133719369769,0.8513949513435364,0.00888576079159975,0.11867569386959076,0.0041814264841377735,0.0,0.0,0.0,0.0,0.0,0.0,0.0,0.0,0.0,0.0,0.0,0.0,0.0,0.0,anger
DriftRS Happy to help you!,949,driftrs happy help,positive,0.9708242416381836,26,"{'joy': 0.8704257607460022, 'surprise': 0.08386637270450592, 'neutral': 0.02838277630507946, 'sadness': 0.013170922175049782, 'anger': 0.003038165159523487, 'fear': 0.0006370785413309932, 'disgust': 0.0004789218364749104, 'joy_linguistic': 1.0, 'joy_sentence_count': 1}",0.02838277630507946,0.08386637270450592,0.8704257607460022,0.003038165159523487,0.013170922175049782,0.0004789218364749104,0.0006370785413309932,0.0,0.0,1.0,0.0,0.0,0.0,0.0,0.0,0.0,1.0,0.0,0.0,0.0,0.0,joy
@…  lol thats the dumbest thing I've heard but ok,950,lol thats dumbest thing ive heard,negative,0.9033231139183044,-1,"{'sadness': 0.7621135115623474, 'disgust': 0.12795788049697876, 'anger': 0.07187262177467346, 'surprise': 0.021522440016269684, 'neutral': 0.00923966895788908, 'joy': 0.005508840549737215, 'fear': 0.0017850532894954085}",0.00923966895788908,0.021522440016269684,0.005508840549737215,0.07187262177467346,0.7621135115623474,0.12795788049697876,0.0017850532894954085,0.0,0.0,0.0,0.0,0.0,0.0,0.0,0.0,0.0,0.0,0.0,0.0,0.0,0.0,sadness
I think he was joking.,951,think joking,neutral,0.7590124607086182,20,"{'neutral': 0.6284492015838623, 'joy': 0.2586420178413391, 'surprise': 0.03542932868003845, 'sadness': 0.034650932997465134, 'anger': 0.02008342184126377, 'disgust': 0.01917371153831482, 'fear': 0.0035714118275791407}",0.6284492015838623,0.03542932868003845,0.2586420178413391,0.02008342184126377,0.034650932997465134,0.01917371153831482,0.0035714118275791407,0.0,0.0,0.0,0.0,0.0,0.0,0.0,0.0,0.0,0.0,0.0,0.0,0.0,0.0,neutral
Your so lucky,952,lucky,positive,0.944258987903595,-1,,,,,,,,,,,,,,,,,,,,,,,
"I know school stopped being fun after like first grade. I’m a sophomore in high school now and it’s really boring, we won’t even use half this stuff later in life and the workload is insane",953,know school stopped fun like first grade sophomore high school really boring wont even use half stuff later life workload insane,negative,0.9190100431442261,3,"{'sadness': 0.624682605266571, 'anger': 0.22374415397644043, 'surprise': 0.06919819116592407, 'neutral': 0.039852749556303024, 'joy': 0.01756150647997856, 'disgust': 0.013139097020030022, 'fear': 0.011821708641946316, 'joy_linguistic': 1.2, 'neutral_linguistic': 1.2, 'joy_sentence_count': 1, 'neutral_sentence_count': 1}",0.039852749556303024,0.06919819116592407,0.01756150647997856,0.22374415397644043,0.624682605266571,0.013139097020030022,0.011821708641946316,1.2,0.0,1.2,0.0,0.0,0.0,0.0,1.0,0.0,1.0,0.0,0.0,0.0,0.0,neutral
It's not their fault.. It's just their job.. Other than that they wouldn't want..,954,fault job wouldnt want,negative,0.7075700759887695,13,"{'anger': 0.98830646276474, 'sadness': 0.002894621342420578, 'disgust': 0.0025067387614399195, 'fear': 0.002393907168880105, 'neutral': 0.0019545909017324448, 'surprise': 0.0011936431983485818, 'joy': 0.0007501080399379134}",0.0019545909017324448,0.0011936431983485818,0.0007501080399379134,0.98830646276474,0.002894621342420578,0.0025067387614399195,0.002393907168880105,0.0,0.0,0.0,0.0,0.0,0.0,0.0,0.0,0.0,0.0,0.0,0.0,0.0,0.0,anger
"It's not necessarily the teachers that fail. In general it's the system that fails for reasons mentioned in this video.
I'm Dutch and although our system is far less retarded it also suffers from bureaucratic nonsense and political correctness in stead of exploring students talents....
Even if we would change the system today, it would take a long time before profits arise... that's long after decision makers have change and are replaced with 'experts' that have new idea's that let them shine",955,necessarily teachers fail general system fails reasons mentioned video dutch although system far less retarded also suffers bureaucratic nonsense political correctness stead exploring students talents even would change system today would take long time profits arise thats long decision makers change replaced experts new ideas let shine,negative,0.8289005756378174,1,"{'sadness': 0.7516173720359802, 'neutral': 0.1019018366932869, 'anger': 0.06002310290932655, 'surprise': 0.059871647506952286, 'joy': 0.011567521840333939, 'disgust': 0.00871966127306223, 'fear': 0.006298873573541641, 'neutral_linguistic': 1.0, 'neutral_sentence_count': 1}",0.1019018366932869,0.059871647506952286,0.011567521840333939,0.06002310290932655,0.7516173720359802,0.00871966127306223,0.006298873573541641,1.0,0.0,0.0,0.0,0.0,0.0,0.0,1.0,0.0,0.0,0.0,0.0,0.0,0.0,sadness
@…  exactly,956,exactly,neutral,0.8323496580123901,-1,,,,,,,,,,,,,,,,,,,,,,,
And you feel like you want to go in the finland,957,feel like want finland,neutral,0.6831868886947632,0,"{'sadness': 0.9420451521873474, 'joy': 0.024364709854125977, 'neutral': 0.012880596332252026, 'anger': 0.00791401881724596, 'fear': 0.00616834219545126, 'surprise': 0.00616483436897397, 'disgust': 0.0004622774722520262}",0.012880596332252026,0.00616483436897397,0.024364709854125977,0.00791401881724596,0.9420451521873474,0.0004622774722520262,0.00616834219545126,0.0,0.0,0.0,0.0,0.0,0.0,0.0,0.0,0.0,0.0,0.0,0.0,0.0,0.0,sadness
@… its not a gif,958,gif,neutral,0.5261543393135071,-1,,,,,,,,,,,,,,,,,,,,,,,
@… maybe it's a regional thing,959,maybe regional thing,neutral,0.8335590958595276,0,"{'neutral': 0.918950080871582, 'surprise': 0.035252008587121964, 'disgust': 0.012405630201101303, 'anger': 0.012269563041627407, 'sadness': 0.008923262357711792, 'fear': 0.007533528376370668, 'joy': 0.004665898624807596, 'neutral_linguistic': 1.0, 'neutral_sentence_count': 1}",0.918950080871582,0.035252008587121964,0.004665898624807596,0.012269563041627407,0.008923262357711792,0.012405630201101303,0.007533528376370668,1.0,0.0,0.0,0.0,0.0,0.0,0.0,1.0,0.0,0.0,0.0,0.0,0.0,0.0,neutral
Wait for me,961,wait,neutral,0.5451792478561401,-1,,,,,,,,,,,,,,,,,,,,,,,
actually most of the people are left behind,964,actually people left behind,negative,0.8326148390769958,-1,"{'neutral': 0.8427781462669373, 'surprise': 0.09579190611839294, 'sadness': 0.028245901688933372, 'disgust': 0.01326079573482275, 'anger': 0.011290105059742928, 'joy': 0.00539812259376049, 'fear': 0.003234977601096034, 'neutral_linguistic': 1.0, 'neutral_sentence_count': 1}",0.8427781462669373,0.09579190611839294,0.00539812259376049,0.011290105059742928,0.028245901688933372,0.01326079573482275,0.003234977601096034,1.0,0.0,0.0,0.0,0.0,0.0,0.0,1.0,0.0,0.0,0.0,0.0,0.0,0.0,neutral
Its absolutely not true. I'm finnish.,965,absolutely true finnish,negative,0.8059234619140625,0,"{'neutral': 0.6813977360725403, 'surprise': 0.2557081878185272, 'anger': 0.027769215404987335, 'sadness': 0.01541084609925747, 'fear': 0.008277293294668198, 'disgust': 0.00822696927934885, 'joy': 0.003209721064195037, 'neutral_linguistic': 1.2, 'neutral_sentence_count': 1}",0.6813977360725403,0.2557081878185272,0.003209721064195037,0.027769215404987335,0.01541084609925747,0.00822696927934885,0.008277293294668198,1.2,0.0,0.0,0.0,0.0,0.0,0.0,1.0,0.0,0.0,0.0,0.0,0.0,0.0,neutral
"@…  I can smell that you have a complex related to your own intellectual abilities. Starting a pointless argument on the internet with desire to express your intellectual superiority over somebody you do not know at all is simply pathetic. It is even more laughable and pathetic since you stated you are an adult. Somebody who is aware of his intelligence does not have the need to express it publicly under a video not related to the topic at all. That makes a conclusion, that you are insecure about yourself. Could it possibly be compensating your bad physique or somebody in your life degrades your mental capacity (bad parents, older sibling) or just simply you are a bad person who does not have friends irl and tries to make others feel bad because you are the one who feels bad inside.",966,smell complex related intellectual abilities starting pointless argument internet desire express intellectual superiority somebody know simply pathetic even laughable pathetic since stated adult somebody aware intelligence need express publicly video related topic makes conclusion insecure could possibly compensating bad physique somebody life degrades mental capacity bad parents older sibling simply bad person friends irl tries make others feel bad one feels bad inside,negative,0.9031936824321747,13,"{'sadness': 0.9461410641670227, 'fear': 0.029215743765234947, 'joy': 0.012289698235690594, 'anger': 0.006729826796799898, 'surprise': 0.0027233220171183348, 'neutral': 0.0022382335737347603, 'disgust': 0.0006621271022595465, 'joy_linguistic': 2.0, 'neutral_linguistic': 1.0, 'joy_sentence_count': 1, 'neutral_sentence_count': 1}",0.0022382335737347603,0.0027233220171183348,0.012289698235690594,0.006729826796799898,0.9461410641670227,0.0006621271022595465,0.029215743765234947,1.0,0.0,2.0,0.0,0.0,0.0,0.0,1.0,0.0,1.0,0.0,0.0,0.0,0.0,joy
"@…  Yeah,  you happens to be ranked that by overly privileged dummies.
  Neste,  your main energy company, it doesn't export oil because the company has overseas branches. 
  It refines oil, using American technology given to you by Americans. So that's your innovation. So innovative that your biggest company is built on other people's innovation.
  And even more shocking, the only reason that company survives is due to the Russians,  the Russian are the main ones who provide you with raw oil, because the Americans won't give the technology to the Russians. 
  Life is harsh, huh?",967,yeah happens ranked overly privileged dummies neste main energy company doesnt export oil company overseas branches refines oil using american technology given americans thats innovation innovative biggest company built peoples innovation even shocking reason company survives due russians russian main ones provide raw oil americans wont give technology russians life harsh huh,neutral,0.6697764694690704,10,"{'surprise': 0.9250448346138, 'fear': 0.027411263436079025, 'anger': 0.018946820870041847, 'sadness': 0.013634889386594296, 'joy': 0.008468586951494217, 'neutral': 0.00582053791731596, 'disgust': 0.0006730887107551098, 'anger_linguistic': 1.0, 'disgust_linguistic': 2.0, 'anger_sentence_count': 1, 'disgust_sentence_count': 1}",0.00582053791731596,0.9250448346138,0.008468586951494217,0.018946820870041847,0.013634889386594296,0.0006730887107551098,0.027411263436079025,0.0,0.0,0.0,1.0,0.0,2.0,0.0,0.0,0.0,0.0,1.0,0.0,1.0,0.0,disgust
"@…  And that men decimated ISIS, you're welcome, put China back into place, stop them from cheating the world economy. 
  Got the lowest black unemployment, massive economic growth, remove Obamacare individual mandate.
  Guess that your education system isn't that good because you're immune to facts,huh?",968,men decimated isis youre welcome put china back place stop cheating world economy got lowest black unemployment massive economic growth remove obamacare individual mandate guess education system isnt good youre immune factshuh,negative,0.564972996711731,1,"{'surprise': 0.33355140686035156, 'joy': 0.2521950304508209, 'sadness': 0.18007352948188782, 'neutral': 0.1769464761018753, 'anger': 0.05304884538054466, 'disgust': 0.0022161793895065784, 'fear': 0.001968489959836006, 'sadness_linguistic': 1.0, 'love_linguistic': 1.0, 'sadness_sentence_count': 1, 'love_sentence_count': 1}",0.1769464761018753,0.33355140686035156,0.2521950304508209,0.05304884538054466,0.18007352948188782,0.0022161793895065784,0.001968489959836006,0.0,0.0,0.0,0.0,1.0,0.0,0.0,0.0,0.0,0.0,0.0,1.0,0.0,0.0,sadness
@…  even though your agressive and some points are wrong i accept my defeat in this argument,969,even though agressive points wrong accept defeat argument,negative,0.8177279233932495,18,"{'anger': 0.8637015223503113, 'neutral': 0.05474546179175377, 'disgust': 0.04962705448269844, 'sadness': 0.017917025834321976, 'joy': 0.006646791473031044, 'fear': 0.005806018598377705, 'surprise': 0.0015562624903395772}",0.05474546179175377,0.0015562624903395772,0.006646791473031044,0.8637015223503113,0.017917025834321976,0.04962705448269844,0.005806018598377705,0.0,0.0,0.0,0.0,0.0,0.0,0.0,0.0,0.0,0.0,0.0,0.0,0.0,0.0,anger
"Get Ass  Yes, and that's why their international academic medals are so vast that they barely have anything?
   And is it their education that led to how their economy has no innovation and their biggest company is based on American given technology and Russian oil?
  What is this? You're blind to facts?",970,get ass yes thats international academic medals vast barely anything education led economy innovation biggest company based american given technology russian oil youre blind facts,negative,0.871873140335083,10,"{'surprise': 0.6472040414810181, 'neutral': 0.15722952783107758, 'joy': 0.13638664782047272, 'sadness': 0.027121149003505707, 'anger': 0.026992572471499443, 'disgust': 0.002633350668475032, 'fear': 0.0024326681159436703}",0.15722952783107758,0.6472040414810181,0.13638664782047272,0.026992572471499443,0.027121149003505707,0.002633350668475032,0.0024326681159436703,0.0,0.0,0.0,0.0,0.0,0.0,0.0,0.0,0.0,0.0,0.0,0.0,0.0,0.0,surprise
"@…  American chip means the things inside a Nokia was developed by American companies, kid. 
 Not manufacturing, learn the difference. 
  If you best example of Finland result is a company that ""used to be big"",  that's just sad. 
  Nokia is a proof for Finland failure. 
  In case you haven't noticed,  Nokia is a failure.",971,american chip means things inside nokia developed american companies kid manufacturing learn difference best example finland result company used big thats sad nokia proof finland failure case havent noticed nokia failure,negative,0.8108658790588379,9,"{'sadness': 0.9306213855743408, 'surprise': 0.0506371445953846, 'joy': 0.008561821654438972, 'neutral': 0.007136555854231119, 'anger': 0.0016477167373523116, 'fear': 0.0008639788720756769, 'disgust': 0.0005313545698300004, 'sadness_linguistic': 1.0, 'anger_linguistic': 1.0, 'sadness_sentence_count': 1, 'anger_sentence_count': 1}",0.007136555854231119,0.0506371445953846,0.008561821654438972,0.0016477167373523116,0.9306213855743408,0.0005313545698300004,0.0008639788720756769,0.0,0.0,0.0,1.0,1.0,0.0,0.0,0.0,0.0,0.0,1.0,1.0,0.0,0.0,sadness
@…  I never said i was finnish,972,never said finnish,neutral,0.745207667350769,0,"{'neutral': 0.89686119556427, 'sadness': 0.05006210133433342, 'surprise': 0.02213120646774769, 'fear': 0.011421937495470047, 'disgust': 0.011053184047341347, 'anger': 0.0062332917004823685, 'joy': 0.0022370193619281054}",0.89686119556427,0.02213120646774769,0.0022370193619281054,0.0062332917004823685,0.05006210133433342,0.011053184047341347,0.011421937495470047,0.0,0.0,0.0,0.0,0.0,0.0,0.0,0.0,0.0,0.0,0.0,0.0,0.0,0.0,neutral
"@…  Unfortunately, Linux was written on C and Nokia,  plus the entire phone industry was built American chip technology. 
  So pal,  if you're done typing fictional achievements,  it's time to get back to reality. 
   Your superiority education produces nothing except for Nokia? 
  A failed brand that lost the market while at the top? 
  And of course, Linux,  something that wasn't even created in Finland? 
  Not sufficient products. 
  If you have superiority in high school education, that will lead to superiority of those students in college. Where are the results?  Or is it you're saying that the Finnish students only capability is high school level knowledge?",973,unfortunately linux written nokia plus entire phone industry built american chip technology pal youre done typing fictional achievements time get back reality superiority education produces nothing except nokia failed brand lost market top course linux something wasnt even created finland sufficient products superiority high school education lead superiority students college results youre saying finnish students capability high school level knowledge,negative,0.6832579970359802,9,"{'surprise': 0.5191877484321594, 'sadness': 0.43233534693717957, 'neutral': 0.027381621301174164, 'joy': 0.010386019945144653, 'anger': 0.005361780524253845, 'fear': 0.004169670399278402, 'disgust': 0.0011778161861002445, 'sadness_linguistic': 0.5, 'neutral_sentence_count': 1}",0.027381621301174164,0.5191877484321594,0.010386019945144653,0.005361780524253845,0.43233534693717957,0.0011778161861002445,0.004169670399278402,0.0,0.0,0.0,0.0,0.5,0.0,0.0,1.0,0.0,0.0,0.0,0.0,0.0,0.0,sadness
@…  Yeah and I am talking about pre 18 schools americas colleges are the best harvard itself is better than all the finnish colleges,974,yeah talking pre schools americas colleges best harvard better finnish colleges,positive,0.9165942072868347,0,"{'neutral': 0.384880393743515, 'joy': 0.31617796421051025, 'surprise': 0.23683390021324158, 'sadness': 0.050359081476926804, 'anger': 0.0060579231940209866, 'fear': 0.0028487301897257566, 'disgust': 0.002842107554897666}",0.384880393743515,0.23683390021324158,0.31617796421051025,0.0060579231940209866,0.050359081476926804,0.002842107554897666,0.0028487301897257566,0.0,0.0,0.0,0.0,0.0,0.0,0.0,0.0,0.0,0.0,0.0,0.0,0.0,0.0,neutral
@…  Also many american inventions are upgrades of ther. Nokia was finnish and it and linux is the groundwork of some of the best tech today,975,also many american inventions upgrades ther nokia finnish linux groundwork best tech today,positive,0.7956267595291138,9,"{'neutral': 0.5399951338768005, 'surprise': 0.3263935148715973, 'joy': 0.10959340631961823, 'sadness': 0.014849299564957619, 'anger': 0.0060943057760596275, 'fear': 0.002145485021173954, 'disgust': 0.0009289498557336628, 'neutral_linguistic': 1.0, 'neutral_sentence_count': 1}",0.5399951338768005,0.3263935148715973,0.10959340631961823,0.0060943057760596275,0.014849299564957619,0.0009289498557336628,0.002145485021173954,1.0,0.0,0.0,0.0,0.0,0.0,0.0,1.0,0.0,0.0,0.0,0.0,0.0,0.0,neutral
"@…  The Jewish population after WW2 is about 10 millions. 
  And what they have achieved, far exceed any Finland achievement, and the shocking thing is that those had nothing to do with Israel. 
  Pal,  one person in that country took part in the development of Linux,  but it has nothing to do with Finland. That person rejected Finland. Wake up. 
   Where are the results if you claim superiority in education? 
  Even Linux was written using C,  which is shockingly, another American invention. 
  It isn't about college, it's about students in those colleges, and of course, those students achieved nothing.",976,jewish population millions achieved far exceed finland achievement shocking thing nothing israel pal one person country took part development linux nothing finland person rejected finland wake results claim superiority education even linux written using shockingly another american invention isnt college students colleges course students achieved nothing,negative,0.7304709851741791,9,"{'surprise': 0.7111278772354126, 'fear': 0.2397584170103073, 'joy': 0.02616085112094879, 'anger': 0.010640131309628487, 'neutral': 0.007122198585420847, 'sadness': 0.004404856823384762, 'disgust': 0.0007856674492359161, 'disgust_linguistic': 1.0, 'disgust_sentence_count': 1}",0.007122198585420847,0.7111278772354126,0.02616085112094879,0.010640131309628487,0.004404856823384762,0.0007856674492359161,0.2397584170103073,0.0,0.0,0.0,0.0,0.0,1.0,0.0,0.0,0.0,0.0,0.0,0.0,1.0,0.0,surprise
@…  also they have a population of 5.5 million the fact that the person who created what might be the most influential operating system is from there itself is amazimg,977,also population million fact person created might influential operating system amazimg,positive,0.8479370474815369,-1,"{'surprise': 0.6986857652664185, 'neutral': 0.21377116441726685, 'joy': 0.06270836293697357, 'sadness': 0.014481419697403908, 'anger': 0.007537179160863161, 'fear': 0.0016639892710372806, 'disgust': 0.0011520945699885488, 'neutral_linguistic': 1.0, 'neutral_sentence_count': 1}",0.21377116441726685,0.6986857652664185,0.06270836293697357,0.007537179160863161,0.014481419697403908,0.0011520945699885488,0.0016639892710372806,1.0,0.0,0.0,0.0,0.0,0.0,0.0,1.0,0.0,0.0,0.0,0.0,0.0,0.0,neutral
@…  you know that this isnt about college,978,know isnt college,neutral,0.6461742520332336,11,"{'neutral': 0.3487985134124756, 'surprise': 0.34007301926612854, 'sadness': 0.27267783880233765, 'joy': 0.01384592056274414, 'fear': 0.009491657838225365, 'anger': 0.008218327537178993, 'disgust': 0.006894743535667658}",0.3487985134124756,0.34007301926612854,0.01384592056274414,0.008218327537178993,0.27267783880233765,0.006894743535667658,0.009491657838225365,0.0,0.0,0.0,0.0,0.0,0.0,0.0,0.0,0.0,0.0,0.0,0.0,0.0,0.0,neutral
"@…  Well,  then where are these Finland genius in highschool academics? 
  Pal,  look at the result itself. 
  No innovators,  the majority of the highschool students will go and study in Finland universities, and look at the results? 
  What's the point of high school education if your college education is bad? 
  A superior education that produces nothing. Get back to reality, pal.",979,well finland genius highschool academics pal look result innovators majority highschool students study finland universities look results whats point high school education college education bad superior education produces nothing get back reality pal,negative,0.6935891509056091,-1,"{'joy': 0.8290021419525146, 'surprise': 0.09628155082464218, 'neutral': 0.04802216216921806, 'sadness': 0.021320801228284836, 'anger': 0.004120565950870514, 'fear': 0.0006538808229379356, 'disgust': 0.0005987640470266342, 'sadness_linguistic': 0.5, 'neutral_sentence_count': 1}",0.04802216216921806,0.09628155082464218,0.8290021419525146,0.004120565950870514,0.021320801228284836,0.0005987640470266342,0.0006538808229379356,0.0,0.0,0.0,0.0,0.5,0.0,0.0,1.0,0.0,0.0,0.0,0.0,0.0,0.0,joy
"@…  Even the guy who created Linux left Finland for American Institution and completed his work in America. 
  Kid,  he rejected Finland. 
  Marie Curie is not a symbol of Poland superiority in science, it's a symbol of France superiority in science,  because only in France can she finish her research. 
  Linux is the proof that Finland is the worst place for innovation, because the Finnish who invented Linux abandoned Finland, kid.",980,even guy created linux left finland american institution completed work america kid rejected finland marie curie symbol poland superiority science symbol france superiority science france finish research linux proof finland worst place innovation finnish invented linux abandoned finland kid,negative,0.7122529745101929,9,"{'sadness': 0.5426499843597412, 'surprise': 0.1698933243751526, 'neutral': 0.14419788122177124, 'anger': 0.09291611611843109, 'joy': 0.041415031999349594, 'disgust': 0.006780573166906834, 'fear': 0.0021470871288329363}",0.14419788122177124,0.1698933243751526,0.041415031999349594,0.09291611611843109,0.5426499843597412,0.006780573166906834,0.0021470871288329363,0.0,0.0,0.0,0.0,0.0,0.0,0.0,0.0,0.0,0.0,0.0,0.0,0.0,0.0,sadness
"@… grips It has bad grades compared to the Asian educational system.
  What do you think they learn in Finland?
  High level mathematics that are taught in Asian high school are only taught in Western universities, and those math are incredibly difficult that in order to comprehend the problems, you'll have to study like  a college students to get high grades. And that is not pleasant at all.
  So the nonsense of Finland being on the same level, no chance.
  Wake up, pal. They don't know much, like I pointed out, their education system have achieved a big zero in academic success and economic success.
  Their biggest company is Neste, a parasitic company living off American technology.",982,grips bad grades compared asian educational system think learn finland high level mathematics taught asian high school taught western universities math incredibly difficult order comprehend problems youll study like college students get high grades pleasant nonsense finland level chance wake pal dont know much like pointed education system achieved big zero academic success economic success biggest company neste parasitic company living american technology,negative,0.8541011810302734,43,"{'joy': 0.43276482820510864, 'surprise': 0.18728770315647125, 'sadness': 0.18647409975528717, 'neutral': 0.131918802857399, 'anger': 0.05581033229827881, 'fear': 0.004244836512953043, 'disgust': 0.001499347505159676}",0.131918802857399,0.18728770315647125,0.43276482820510864,0.05581033229827881,0.18647409975528717,0.001499347505159676,0.004244836512953043,0.0,0.0,0.0,0.0,0.0,0.0,0.0,0.0,0.0,0.0,0.0,0.0,0.0,0.0,joy
"@… grips Yeah, you're in a bubble if you'tr not looking at facts.
  Having good grades mean that you're much more skilled than other people.
  The difference between an engineer and a beggar is that the engineer knows what an engineer knows.
  So think again, pal. You must be very young to come up with such ignorant points.
  The point of education isn't to make you smart, it's to prepare you for life.
  Having good grades mean you're capable of doing the math, capable of understanding it, and therefore capable of studying more advance stuff, such as engineering or programming. It has nothing to do with making people smart, that is genetic lottery.
  The Finland education surely doesn't make anybody smart, because you won't be anymore skilled than other people if you do nothing.",983,grips yeah youre bubble youtr looking facts good grades mean youre much skilled people difference engineer beggar engineer knows engineer knows think pal must young come ignorant points point education isnt make smart prepare life good grades mean youre capable math capable understanding therefore capable studying advance stuff engineering programming nothing making people smart genetic lottery finland education surely doesnt make anybody smart wont anymore skilled people nothing,negative,0.5531718879938126,0,"{'joy': 0.5953788757324219, 'surprise': 0.24187161028385162, 'neutral': 0.13149726390838623, 'sadness': 0.01413031853735447, 'anger': 0.013570086099207401, 'fear': 0.0021166882943361998, 'disgust': 0.001435060752555728, 'anger_linguistic': 1.0, 'sadness_linguistic': 1.0, 'anger_sentence_count': 1, 'neutral_sentence_count': 1}",0.13149726390838623,0.24187161028385162,0.5953788757324219,0.013570086099207401,0.01413031853735447,0.001435060752555728,0.0021166882943361998,0.0,0.0,0.0,1.0,1.0,0.0,0.0,1.0,0.0,0.0,1.0,0.0,0.0,0.0,sadness
"@… grips Well, you're arguing for Finland.
   I never aimed anything at you, I'm pointing out the fact of Finland bad education, that's all.",984,grips well youre arguing finland never aimed anything pointing fact finland bad education thats,negative,0.6522970795631409,0,"{'sadness': 0.3922402262687683, 'neutral': 0.3201673924922943, 'surprise': 0.1408224105834961, 'anger': 0.10212614387273788, 'disgust': 0.023229585960507393, 'joy': 0.017562655732035637, 'fear': 0.0038516640197485685}",0.3201673924922943,0.1408224105834961,0.017562655732035637,0.10212614387273788,0.3922402262687683,0.023229585960507393,0.0038516640197485685,0.0,0.0,0.0,0.0,0.0,0.0,0.0,0.0,0.0,0.0,0.0,0.0,0.0,0.0,sadness
"@… grips You are, the privileged children are the ones who think that they can be superior despite doing absolutely nothing.
  Education that doesn't produce any results, it's called bad education.
  The people in Finland seemingly living in a bubble where they think that as long as the child are happy then they're doing a good job.
  That is insane. The only reason this bubble stand is because Finland, like many other Scandinavian countries, are sustaining their social bubbles with parasitic companies they got from the US, and their country is not depended on the kids whom they educated.
  That is not good, it's an illusion and a bubble.",985,grips privileged children ones think superior despite absolutely nothing education doesnt produce results called bad education people finland seemingly living bubble think long child happy theyre good job insane reason bubble stand finland like many scandinavian countries sustaining social bubbles parasitic companies got country depended kids educated good illusion bubble,negative,0.8567718267440796,0,"{'joy': 0.8285674452781677, 'surprise': 0.07581688463687897, 'anger': 0.04605310410261154, 'neutral': 0.03642437607049942, 'sadness': 0.010216874070465565, 'disgust': 0.0014784953091293573, 'fear': 0.0014428197173401713, 'neutral_linguistic': 0.6, 'disgust_linguistic': 1.2, 'sadness_linguistic': 0.6, 'joy_sentence_count': 1, 'disgust_sentence_count': 1, 'neutral_sentence_count': 1}",0.03642437607049942,0.07581688463687897,0.8285674452781677,0.04605310410261154,0.010216874070465565,0.0014784953091293573,0.0014428197173401713,0.6,0.0,0.0,0.0,0.6,1.2,0.0,1.0,0.0,1.0,0.0,0.0,1.0,0.0,joy
Mark Armage it is what you think tho.,986,mark armage think tho,neutral,0.8761222958564758,23,"{'neutral': 0.919863224029541, 'surprise': 0.04746841639280319, 'sadness': 0.010259926319122314, 'joy': 0.008857321925461292, 'anger': 0.0062192101031541824, 'fear': 0.004835659172385931, 'disgust': 0.002496276283636689}",0.919863224029541,0.04746841639280319,0.008857321925461292,0.0062192101031541824,0.010259926319122314,0.002496276283636689,0.004835659172385931,0.0,0.0,0.0,0.0,0.0,0.0,0.0,0.0,0.0,0.0,0.0,0.0,0.0,0.0,neutral
"@…  If you have no argument, better to stay quiet pal, trolling is very bad.
  It's not what I think, it's actual fact.
  Finland produces absolutely nothing, zero academic achievements as well as medals, and Neste, Finland biggest company is a parasitic company.
  Where do you think they get the technology for oil refining? Santa Claus?",987,argument better stay quiet pal trolling bad think actual fact finland produces absolutely nothing zero academic achievements well medals neste finland biggest company parasitic company think get technology oil refining santa claus,negative,0.8928375840187073,10,"{'neutral': 0.4550384283065796, 'anger': 0.290401428937912, 'sadness': 0.1384492814540863, 'joy': 0.07886910438537598, 'surprise': 0.023273281753063202, 'disgust': 0.010860494337975979, 'fear': 0.0031079554464668036, 'sadness_linguistic': 0.6, 'neutral_sentence_count': 1}",0.4550384283065796,0.023273281753063202,0.07886910438537598,0.290401428937912,0.1384492814540863,0.010860494337975979,0.0031079554464668036,0.0,0.0,0.0,0.0,0.6,0.0,0.0,1.0,0.0,0.0,0.0,0.0,0.0,0.0,sadness
"@…  Putting time in studying and reading makes you like that. 
  Unlike the dummies in Finland, I can't afford to be dumb and nice.",988,putting time studying reading makes like unlike dummies finland cant afford dumb nice,negative,0.4737844169139862,0,"{'sadness': 0.7746335864067078, 'neutral': 0.12145765870809555, 'disgust': 0.03494076803326607, 'surprise': 0.023873185738921165, 'anger': 0.023227956146001816, 'joy': 0.016707537695765495, 'fear': 0.005159266293048859}",0.12145765870809555,0.023873185738921165,0.016707537695765495,0.023227956146001816,0.7746335864067078,0.03494076803326607,0.005159266293048859,0.0,0.0,0.0,0.0,0.0,0.0,0.0,0.0,0.0,0.0,0.0,0.0,0.0,0.0,sadness
"@…  Doesn't matter what you think,  because those are facts. 
  And most people think so as well, the proof is absolutely clear. You produces nothing. 
  
  You're just really stupid, pal.",989,doesnt matter think facts people think well proof absolutely clear produces nothing youre really stupid pal,negative,0.7994758486747742,18,"{'anger': 0.865979015827179, 'disgust': 0.040973976254463196, 'sadness': 0.031522128731012344, 'neutral': 0.030390743166208267, 'surprise': 0.01729913055896759, 'fear': 0.007227590307593346, 'joy': 0.006607302464544773, 'sadness_linguistic': 0.6, 'neutral_sentence_count': 1}",0.030390743166208267,0.01729913055896759,0.006607302464544773,0.865979015827179,0.031522128731012344,0.040973976254463196,0.007227590307593346,0.0,0.0,0.0,0.0,0.6,0.0,0.0,1.0,0.0,0.0,0.0,0.0,0.0,0.0,anger
"@…  If you have no argument, go back to school, kid. 
  Those are facts,  have nothing to do with what you believe.
  You can keep living in a bubble but that's just pitiful.",990,argument back school kid facts nothing believe keep living bubble thats pitiful,negative,0.8398879170417786,18,"{'sadness': 0.9830383062362671, 'neutral': 0.00736982049420476, 'joy': 0.0026524015702307224, 'fear': 0.0023267893120646477, 'surprise': 0.0019328587222844362, 'anger': 0.0015069033252075315, 'disgust': 0.0011729312827810645}",0.00736982049420476,0.0019328587222844362,0.0026524015702307224,0.0015069033252075315,0.9830383062362671,0.0011729312827810645,0.0023267893120646477,0.0,0.0,0.0,0.0,0.0,0.0,0.0,0.0,0.0,0.0,0.0,0.0,0.0,0.0,sadness
"Mark Armage I’m not trolling, and I’m pretty sure i know my country better than you. Also how is it that only Americans think so about Finland?",991,mark armage trolling pretty sure know country better also americans think finland,neutral,0.547284722328186,0,"{'neutral': 0.9064632654190063, 'joy': 0.03797316551208496, 'surprise': 0.03751399740576744, 'sadness': 0.008190996944904327, 'anger': 0.007114165462553501, 'disgust': 0.0015407236060127616, 'fear': 0.0012036771513521671, 'neutral_linguistic': 1.0, 'neutral_sentence_count': 1}",0.9064632654190063,0.03751399740576744,0.03797316551208496,0.007114165462553501,0.008190996944904327,0.0015407236060127616,0.0012036771513521671,1.0,0.0,0.0,0.0,0.0,0.0,0.0,1.0,0.0,0.0,0.0,0.0,0.0,0.0,neutral
"@…  Taken from my SAT scores and my alma mater, MIT, I'm pretty sure I'm among the top. 
  But keep living in your bubble. 
  Your biggest company Neste,  lives off American oil refining technology and Russian oil sources, it's pretty parasitic to me. 
  Pal,  if you have no argument, I suggest you stop trolling. 
  You're the superior education that produces absolutely nothing. 
  Bravo.
  And even worse, you took out United Nations,  a dummy organization that also like Finland, does absolutely nothing. 
  Way to go pal,",992,taken sat scores alma mater mit pretty sure among top keep living bubble biggest company neste lives american oil refining technology russian oil sources pretty parasitic pal argument suggest stop trolling youre superior education produces absolutely nothing bravo even worse took united nations dummy organization also like finland absolutely nothing way pal,neutral,0.7097353339195251,10,"{'anger': 0.9018758535385132, 'joy': 0.03032117336988449, 'sadness': 0.02578216791152954, 'disgust': 0.02422073855996132, 'neutral': 0.011494102887809277, 'surprise': 0.0039262957870960236, 'fear': 0.0023796446621418, 'sadness_linguistic': 0.6, 'neutral_sentence_count': 1}",0.011494102887809277,0.0039262957870960236,0.03032117336988449,0.9018758535385132,0.02578216791152954,0.02422073855996132,0.0023796446621418,0.0,0.0,0.0,0.0,0.6,0.0,0.0,1.0,0.0,0.0,0.0,0.0,0.0,0.0,anger
"Wrong,  Japanese have Toyotas,  Hondas,  Mitsubishi, Nuclear Energy,  they're leading in railroads and Mag-lev
  Finland has Neste, a parasite company that relies on American intellectual resources and Russian oil.",993,wrong japanese toyotas hondas mitsubishi nuclear energy theyre leading railroads maglev finland neste parasite company relies american intellectual resources russian oil,negative,0.7103580832481384,10,"{'neutral': 0.36684650182724, 'sadness': 0.1911318153142929, 'anger': 0.16475337743759155, 'joy': 0.13814882934093475, 'surprise': 0.1298251450061798, 'fear': 0.006085574626922607, 'disgust': 0.0032087310682982206}",0.36684650182724,0.1298251450061798,0.13814882934093475,0.16475337743759155,0.1911318153142929,0.0032087310682982206,0.006085574626922607,0.0,0.0,0.0,0.0,0.0,0.0,0.0,0.0,0.0,0.0,0.0,0.0,0.0,0.0,neutral
"@… grips It had gone up,  but that's natural selection. If it's not for those exceptional people who went through hardship to achieve excellence and develop the technology which your country uses to live,  for example, Neste,  then your country would be much worse. 
  People with weak immune system gets killed by common cold,  people with weak mental health, even though they're unfortunate, that is life. 
  Like I pointed out, life is not easy,  is the point of education not to get the children suicidal or is the point of education to produce a better generation than the ones before to advance human life? 
  Like I pointed out, your superior education produces nothing.",994,grips gone thats natural selection exceptional people went hardship achieve excellence develop technology country uses live example neste country would much worse people weak immune system gets killed common cold people weak mental health even though theyre unfortunate life like pointed life easy point education get children suicidal point education produce better generation ones advance human life like pointed superior education produces nothing,negative,0.6610767543315887,0,"{'sadness': 0.9490617513656616, 'surprise': 0.02253337949514389, 'joy': 0.015310192480683327, 'neutral': 0.005902689881622791, 'anger': 0.005298107396811247, 'fear': 0.0013692586217075586, 'disgust': 0.0005246300133876503}",0.005902689881622791,0.02253337949514389,0.015310192480683327,0.005298107396811247,0.9490617513656616,0.0005246300133876503,0.0013692586217075586,0.0,0.0,0.0,0.0,0.0,0.0,0.0,0.0,0.0,0.0,0.0,0.0,0.0,0.0,sadness
"@… grips You learn the same thing?  Oh, that's adorable.
 Get out of the bubble, kid. 
  Whatever you teach in Western highschool, the Asians studied it in middle school. 
  And their basic high school program have went up to college second year. 
  Wake up, kid. 
  The superior education that produces absolutely nothing. 
  Who told you that?  CNN?",995,grips learn thing thats adorable get bubble kid whatever teach western highschool asians studied middle school basic high school program went college second year wake kid superior education produces absolutely nothing told cnn,positive,0.685814380645752,43,"{'joy': 0.788794755935669, 'surprise': 0.120110422372818, 'neutral': 0.06813100725412369, 'sadness': 0.016146574169397354, 'anger': 0.005172143690288067, 'disgust': 0.0008823383832350373, 'fear': 0.0007627996383234859}",0.06813100725412369,0.120110422372818,0.788794755935669,0.005172143690288067,0.016146574169397354,0.0008823383832350373,0.0007627996383234859,0.0,0.0,0.0,0.0,0.0,0.0,0.0,0.0,0.0,0.0,0.0,0.0,0.0,0.0,joy
"@…  Because the US students are free to fail. 
 That's what liberty is.  
  The average score shows nothing, because the average in the US is the combination of a very very small percentage of excellence and a massive chunk of pathetic. 
  They're free to fail. But that kind of educational system brings out the best of the best. 
  So it's your choice, having 100% average or 1% of excellence  and 99% of incompetent. 
  But compare yourselves to the Asians,  you're a joke.
  I'm not the average American students, I'm the top of the American students. 
  I've seen your top Finnish students, like I pointed out, they're surprisingly average.",996,students free fail thats liberty average score shows nothing average combination small percentage excellence massive chunk pathetic theyre free fail kind educational system brings best best choice average excellence incompetent compare asians youre joke average american students top american students ive seen top finnish students like pointed theyre surprisingly average,negative,0.6163328886032104,43,"{'surprise': 0.7003037333488464, 'sadness': 0.21288906037807465, 'joy': 0.053975023329257965, 'neutral': 0.014426549896597862, 'anger': 0.012802209705114365, 'fear': 0.0048814560286700726, 'disgust': 0.0007219389081001282, 'anger_linguistic': 1.0, 'surprise_linguistic': 1.0, 'anger_sentence_count': 1, 'surprise_sentence_count': 1}",0.014426549896597862,0.7003037333488464,0.053975023329257965,0.012802209705114365,0.21288906037807465,0.0007219389081001282,0.0048814560286700726,0.0,1.0,0.0,1.0,0.0,0.0,0.0,0.0,1.0,0.0,1.0,0.0,0.0,0.0,surprise
"@…  Oh, poor pal. Why is it harder if the people there are so superior in education?
   Nice joke, pal.
   There isn't even any big Finnish Entrepreneur, so stop with the nonsense of you having the best education in the world.
  Because you have one of the most average outcome in economics terms in the world.
  And of course, your educational system are so good that you produces zero notable academic leaders ever since 1945.
  Your most famous person, is Linus Torvalds, but of course, that  person also neglect Finland superior educational system and went to America.
  By common sense, if the Finland educational system is the best, it has to produce the best students, going on to be the best leaders, the best academics, and then those people would create the best companies.
  So if your educational system produces zero outcome, why do you think that you're the best? It makes people happy? 
  What kind of bubble you're living in to think that life is full off ""sugar, spice and everything nice""?
  Why is it your superior educational system produces highly average human beings? Shocking.",997,poor pal harder people superior education nice joke pal isnt even big finnish entrepreneur stop nonsense best education world one average outcome economics terms world course educational system good produces zero notable academic leaders ever since famous person linus torvalds course person also neglect finland superior educational system went america common sense finland educational system best produce best students going best leaders best academics people would create best companies educational system produces zero outcome think youre best makes people happy kind bubble youre living think life full sugar spice everything nice superior educational system produces highly average human beings shocking,negative,0.7216846942901611,0,"{'joy': 0.7315486669540405, 'surprise': 0.8178862929344177, 'neutral': 0.08900096267461777, 'sadness': 0.042639195919036865, 'anger': 0.01579473540186882, 'disgust': 0.0018271177541464567, 'fear': 0.13691560924053192, 'joy_linguistic': 1.2, 'anger_linguistic': 1.2, 'disgust_linguistic': 1.2, 'neutral_linguistic': 1.2, 'joy_sentence_count': 1, 'anger_sentence_count': 1, 'disgust_sentence_count': 1, 'neutral_sentence_count': 1}",0.08900096267461777,0.8178862929344177,0.7315486669540405,0.01579473540186882,0.042639195919036865,0.0018271177541464567,0.13691560924053192,1.2,0.0,1.2,1.2,0.0,1.2,0.0,1.0,0.0,1.0,1.0,0.0,1.0,0.0,joy
Mark Armage it’s significantly harder to start a business in finland than in the u.s. That’s why there isn’t that many big companies coming from Finland.,998,mark armage significantly harder start business finland thats isnt many big companies coming finland,negative,0.5511689186096191,0,"{'surprise': 0.5467748045921326, 'sadness': 0.21420493721961975, 'neutral': 0.20529870688915253, 'anger': 0.013111041858792305, 'joy': 0.010472876019775867, 'fear': 0.008243201300501823, 'disgust': 0.0018944767070934176}",0.20529870688915253,0.5467748045921326,0.010472876019775867,0.013111041858792305,0.21420493721961975,0.0018944767070934176,0.008243201300501823,0.0,0.0,0.0,0.0,0.0,0.0,0.0,0.0,0.0,0.0,0.0,0.0,0.0,0.0,surprise
"@… grips No,  I pointed out the true statistics. 
  Your ""best"" education produces next to zero innovation and next to zero academic medals. 
  Pal, I don't know how you privileged brats think,  but making people feel happy is not the point of education, life is not happy, kid.",999,grips pointed true statistics best education produces next zero innovation next zero academic medals pal dont know privileged brats think making people feel happy point education life happy kid,negative,0.7575644254684448,0,"{'joy': 0.9518119692802429, 'surprise': 0.025695258751511574, 'neutral': 0.013251076452434063, 'sadness': 0.006335139274597168, 'anger': 0.0021788531448692083, 'disgust': 0.0005147446063347161, 'fear': 0.00021293250028975308, 'joy_linguistic': 1.0, 'disgust_linguistic': 1.0, 'neutral_linguistic': 1.0, 'joy_sentence_count': 1, 'disgust_sentence_count': 1, 'neutral_sentence_count': 1}",0.013251076452434063,0.025695258751511574,0.9518119692802429,0.0021788531448692083,0.006335139274597168,0.0005147446063347161,0.00021293250028975308,1.0,0.0,1.0,0.0,0.0,1.0,0.0,1.0,0.0,1.0,0.0,0.0,1.0,0.0,joy
@…  ok now im confused.,1000,confused,neutral,0.5064699649810791,-1,,,,,,,,,,,,,,,,,,,,,,,
